<?xml version="1.0" encoding="UTF-8"?>
<document id="487" link="http://mexico.cnn.com/mundo/2014/03/12/pasaportes-falsos-el-camino-de-la-migracion-en-el-sureste-asiatico" category="Mundo" author="Mariano Castillo" highlights_mapped="false">
  <title>Pasaportes falsos: el camino de la migraci&amp;oacuten en el sureste asi&amp;aacute;tico - Mundo - CNNMexico.com</title>
  <keywords>pasaportes robados, malaysia airlines, vuelo 370, malasia, iran, migracion, trafico de personas, tailandia, falsificacion, documentos, esclavitud</keywords>
  <summaries>
    <highlights>
      <sentence id="1" ids_sentences_article="">Malasia es el destino predilecto de quienes huyen de Ir&amp;aacute;n.</sentence>
      <sentence id="2" ids_sentences_article="">Es un destino que no pide visa a la mayor&amp;iacute;a de la gente de Medio Oriente.</sentence>
      <sentence id="3" ids_sentences_article="">Un funcionario de Human Rights Watch dice que es relativamente f&amp;aacute;cil conseguir un pasaporte falso.</sentence>
      <sentence id="4" ids_sentences_article="">Los pasaportes se robaron en Tailandia, lugar en el que se consiguen documentos falsos de alta calidad.</sentence>
    </highlights>
  </summaries>
  <article>
    <paragraph id="1">
      <sentences>
        <sentence id="1">
          <content>Pasaportes falsos: el camino de la migraci&amp;oacuten en el sureste asi&amp;aacute;tico.</content>
        </sentence>
        <sentence id="2">
          <content>Conseguir pasaportes robados es com&amp;uacute;n en la regi&amp;oacuten, como lo evidenci&amp;oacute el caso de los iran&amp;iacute;es que abordaron el vuelo malasio desaparecido.</content>
        </sentence>
        <sentence id="3">
          <content>(CNN) -- Uno de los misterios que se han esclarecido con la b&amp;uacute;squeda del avi&amp;oacuten perdido de Malaysia Airlines es el caso de los dos pasajeros que abordaron el vuelo con pasaportes falsos .</content>
        </sentence>
        <sentence id="4">
          <content>La noticia de que dos de los pasajeros del vuelo 370 no eran quienes dec&amp;iacute;an ser y usaron documentos falsos desat&amp;oacute de inmediato las especulaciones sobre un acto il&amp;iacute;cito .</content>
        </sentence>
        <sentence id="5">
          <content>Las autoridades no han descartado un acto terrorista, pero al menos en lo que concierne a estos dos pasajeros, las primeras pruebas indican que antes que nada eran migrantes iran&amp;iacute;es .</content>
        </sentence>
        <sentence id="6">
          <content>El secretario general de la Interpol, Ronald Noble, identific&amp;oacute a los sujetos como Pouri Nourmohammadi, de 18 a&amp;ntilde;os, y Delavar Syed Mohammad Reza, de 29 .</content>
        </sentence>
        <sentence id="7">
          <content>Dijo que entraron a Malasia con pasaportes iran&amp;iacute;es v&amp;aacute;lidos pero usaron los pasaportes robados para abordar el vuelo 370 .</content>
        </sentence>
        <sentence id="8">
          <content>No es raro que los iran&amp;iacute;es vayan al sureste asi&amp;aacute;tico, particularmente a Malasia, dijo a CNN Phil Robertson, subdirector de la Divisi&amp;oacuten Asia de Human Rights Watch .</content>
        </sentence>
        <sentence id="9">
          <content>Tras las violentas protestas por las elecciones de 2009 y 2010 en Ir&amp;aacute;n, muchos iran&amp;iacute;es huyeron a Malasia, pa&amp;iacute;s al que la gente de Medio Oriente puede viajar sin visa en la mayor&amp;iacute;a de los casos .</content>
        </sentence>
        <sentence id="10">
          <content>"Una cantidad considerable de iran&amp;iacute;es que buscaban asilo terminaron en Malasia", dijo .</content>
        </sentence>
        <sentence id="11">
          <content>Conseguir pasaportes robados o alterados "desafortunadamente es mucho m&amp;aacute;s f&amp;aacute;cil de lo que la mayor&amp;iacute;a de la gente creer&amp;iacute;a" y es bastante com&amp;uacute;n, explic&amp;oacute Robertson .</content>
        </sentence>
        <sentence id="12">
          <content>Un pasaporte europeo ser&amp;iacute;a una gran ventaja para un inmigrante que quiera salir del sureste asi&amp;aacute;tico .</content>
        </sentence>
        <sentence id="13">
          <content>Las autoridades se&amp;ntilde;alan que los pasaportes --uno austriaco y el otro italiano-- se robaron en Tailandia, pa&amp;iacute;s conocido por ser el centro del negocio de los pasaportes robados .</content>
        </sentence>
        <sentence id="14">
          <content>"Tailandia sigue siendo una sede s&amp;oacutelida para la venta de pasaportes falsos de alta calidad (incluidos los pasaportes robados y alterados) y otros documentos de apoyo", explic&amp;oacute Paul Qaglia, quien ha trabajado en la regi&amp;oacuten como analista de seguridad y riesgos desde hace 14 a&amp;ntilde;os .</content>
        </sentence>
        <sentence id="15">
          <content>Seg&amp;uacute;n la polic&amp;iacute;a tailandesa, un hombre iran&amp;iacute; de nombre Kazem Ali compr&amp;oacute boletos sencillos para ambos hombres, a los que describi&amp;oacute como amigos que quer&amp;iacute;an regresar a su hogar en Europa .</content>
        </sentence>
        <sentence id="16">
          <content>Aunque Ali los reserv&amp;oacute v&amp;iacute;a telef&amp;oacutenica, &amp;eacute;l o alguien que actu&amp;oacute en su nombre pag&amp;oacute en efectivo los boletos, seg&amp;uacute;n la polic&amp;iacute;a .</content>
        </sentence>
        <sentence id="17">
          <content>Noble, de la Interpol, dijo que las pruebas del caso de los pasaportes robados indican que hay que preocuparse por algo muy diferente al terrorismo: "si lees lo que el jefe de la polic&amp;iacute;a de Malasia dijo recientemente sobre (Nourmohammadi)&amp;hellip; que quer&amp;iacute;a viajar a Frankfurt, Alemania, para estar con su madre, (esto) es parte de un asunto de tr&amp;aacute;fico de personas y no de terrorismo", dijo Noble .</content>
        </sentence>
        <sentence id="18">
          <content>El tr&amp;aacute;fico de personas usualmente se relaciona con abusos como esclavitud laboral o sexual y es un problema en Malasia y otros pa&amp;iacute;ses del sureste asi&amp;aacute;tico .</content>
        </sentence>
        <sentence id="19">
          <content>No se insin&amp;uacute;a que Reza y Nourmohammadi hayan sido objeto de explotaci&amp;oacuten, sino que en Malasia existe una infraestructura criminal para el contrabando de personas .</content>
        </sentence>
      </sentences>
    </paragraph>
  </article>
</document>
