<?xml version="1.0" encoding="UTF-8"?>
<document id="894" link="http://mexico.cnn.com/mundo/2014/03/24/ucrania-ordena-la-retirada-de-sus-militares-de-la-peninsula-de-crimea" category="Mundo" author="Boriana Milanova y Victoria Butenko" highlights_mapped="false">
  <title>Ucrania ordena la retirada de sus militares de la pen&amp;iacute;nsula de Crimea - Mundo - CNNMexico.com</title>
  <keywords>crimea, ucrania, rusia, militares, retirada, orden, presidente, reunion, holanda, obama</keywords>
  <summaries>
    <highlights>
      <sentence id="1" ids_sentences_article="">El presidente interino de Ucrania orden&amp;oacute; la retirada de sus fuerzas militares de Crimea.</sentence>
      <sentence id="2" ids_sentences_article="">Tropas rusas se han apoderado de la mayor&amp;iacute;a de las bases militares de la pen&amp;iacute;nsula, seg&amp;uacute;n el Ministerio de Defensa ucraniano.</sentence>
      <sentence id="3" ids_sentences_article="">El presidente Barack Obama lleg&amp;oacute; a Holanda para una reuni&amp;oacute;n de l&amp;iacute;deres del G-7 donde se discutir&amp;aacute; la situaci&amp;oacute;n de Crimea.</sentence>
    </highlights>
  </summaries>
  <article>
    <paragraph id="1">
      <sentences>
        <sentence id="1">
          <content>Ucrania ordena la retirada de sus militares de la pen&amp;iacute;nsula de Crimea.</content>
        </sentence>
        <sentence id="2">
          <content>Rusia mantiene el control militar de la regi&amp;oacute;n, mientras que l&amp;iacute;deres de Occidente llegan a Holanda para analizar qu&amp;eacute; movimientos seguir&amp;aacute;n.</content>
        </sentence>
        <sentence id="3">
          <content>(CNN) -- El presidente interino de Ucrania, Oleksandr Turchynov, orden&amp;oacute; este lunes la retirada de sus fuerzas armadas en Crimea, pues dijo que hay amenazas rusas en contra de la vida del personal militar y sus familias .</content>
        </sentence>
        <sentence id="4">
          <content>Las tropas rusas se han apoderado de la mayor&amp;iacute;a de las bases de la pen&amp;iacute;nsula, incluyendo un centro naval en Feodosia este lunes .</content>
        </sentence>
        <sentence id="5">
          <content>Rusia anex&amp;oacute; a Crimea la semana pasada despu&amp;eacute;s de un controvertido refer&amp;eacute;ndum que Ucrania y pa&amp;iacute;ses de Occidente dicen que es ilegal .</content>
        </sentence>
        <sentence id="6">
          <content>"El presidente interino de Ucrania ha dado una orden al Ministerio de Defensa de Ucrania para la retirada de todas las fuerzas ucranianas en Crimea", dijo un vocero de Turchynov a CNN .</content>
        </sentence>
        <sentence id="7">
          <content>Las familias de los soldados ser&amp;aacute;n evacuadas tambi&amp;eacute;n .</content>
        </sentence>
        <sentence id="8">
          <content>Anteriormente, las tropas rusas irrumpieron y se apoderaron de la base naval ucraniana en Feodosia, un puerto de Crimea, dijo un vocero del Ministerio de Defensa de ese pa&amp;iacute;s .</content>
        </sentence>
        <sentence id="9">
          <content>Testigos dijeron que varios helic&amp;oacute;pteros Mi-24 y Mi-8 participaron en la movilizaci&amp;oacute;n .</content>
        </sentence>
        <sentence id="10">
          <content>Entre 60 y 80 miembros de las tropas ucranianas quedaron capturados, la base fue tomada, dijo el vocero Vladislav Seleznev .</content>
        </sentence>
        <sentence id="11">
          <content>Hab&amp;iacute;an dicho que saldr&amp;iacute;an de la base si se les permit&amp;iacute;a tomar sus armas .</content>
        </sentence>
        <sentence id="12">
          <content>Las fuerzas rusas consolidaron su control de la pen&amp;iacute;nsula del Mar Negro durante el fin de semana .</content>
        </sentence>
        <sentence id="13">
          <content>El s&amp;aacute;bado, seis veh&amp;iacute;culos blindados de fuerzas especiales rusas irrumpieron en las puertas de la base a&amp;eacute;rea Belbek, disparando tiros de advertencia al aire .</content>
        </sentence>
        <sentence id="14">
          <content>En incidentes separados, las fuerzas de autodefensa prorrusas irrumpieron en la base militar Novofederoskoe, as&amp;iacute; como un barco ucraniano, el Slavutych .</content>
        </sentence>
        <sentence id="15">
          <content>En un viaje a Crimea, este lunes el ministro de Defensa ruso, Sergey Shoigu, nombr&amp;oacute; al contralmirante Denis Berezovsky como comandante adjunto de la Flota del Mar Negro de Rusia, inform&amp;oacute; la agencia rusa ITAR-Tass .</content>
        </sentence>
        <sentence id="16">
          <content>Esa flota tiene su base en la ciudad de Crimea de Sebastopol, por lo que es de importancia estrat&amp;eacute;gica para Mosc&amp;uacute; .</content>
        </sentence>
        <sentence id="17">
          <content>Shoigu tambi&amp;eacute;n se reuni&amp;oacute; con exmilitares de Ucrania que ahora est&amp;aacute;n dispuestos a servir en el ej&amp;eacute;rcito ruso, inform&amp;oacute; la agencia estatal de noticias Ria Novosti .</content>
        </sentence>
        <sentence id="18">
          <content>Preocupaciones de la OTANEl m&amp;aacute;ximo comandante militar de la OTAN, el general Philip Breedlove, expres&amp;oacute; su preocupaci&amp;oacute;n el domingo sobre la acumulaci&amp;oacute;n de las fuerzas rusas en la frontera oriental de Ucrania, y dijo que estaba preocupado por una amenaza a la regi&amp;oacute;n separatista de Transnistria, en Moldavia .</content>
        </sentence>
        <sentence id="19">
          <content>Rusia dijo que la presencia de sus fuerzas cumple con los acuerdos internacionales .</content>
        </sentence>
        <sentence id="20">
          <content>"Rusia est&amp;aacute; actuando m&amp;aacute;s como un adversario que un socio", dijo Breedlove, hablando en un evento que tuvo lugar en Bruselas, B&amp;eacute;lgica, por el grupo German Marshall Fund .</content>
        </sentence>
        <sentence id="21">
          <content>El presidente Barack Obama lleg&amp;oacute; a Holanda este lunes para una reuni&amp;oacute;n del G-7, que est&amp;aacute; considerando la posibilidad de una respuesta colectiva a la crisis .</content>
        </sentence>
        <sentence id="22">
          <content>Los jefes de Estado se re&amp;uacute;nen en el marco de una cumbre planificada hace tiempo sobre las amenazas mundiales a la seguridad nuclear .</content>
        </sentence>
        <sentence id="23">
          <content>Una cumbre de la Uni&amp;oacute;n Europea con Rusia que estaba prevista ha sido cancelada, mientras Occidente busca aumentar el aislamiento de Mosc&amp;uacute; a consecuencia de sus acciones en Ucrania .</content>
        </sentence>
        <sentence id="24">
          <content>L&amp;iacute;deres de la Uni&amp;oacute;n Europea impusieron una nueva ronda de sanciones contra 12 personas la semana pasada, con lo que el n&amp;uacute;mero total de quienes enfrentan congelaci&amp;oacute;n de activos de la Uni&amp;oacute;n Europea y la prohibici&amp;oacute;n de viaje ascendi&amp;oacute; a 33 .</content>
        </sentence>
        <sentence id="25">
          <content>Estados Unidos anunci&amp;oacute; su propia nueva ronda de sanciones contra 20 personas y un banco que funcionarios de Estados Unidos dicen que est&amp;aacute; vinculado al presidente ruso Vladimir Putin y altos funcionarios rusos .</content>
        </sentence>
        <sentence id="26">
          <content>Washington ya hab&amp;iacute;a anunciado sanciones a 11 personas .</content>
        </sentence>
        <sentence id="27">
          <content>Marie-Louise Gumuchian y Azad Safarov colaboraron en este reporte .</content>
        </sentence>
      </sentences>
    </paragraph>
  </article>
</document>
