<?xml version="1.0" encoding="UTF-8"?>
<document id="865" link="http://mexico.cnn.com/mundo/2014/03/09/putin-justifica-las-acciones-en-crimea-en-llamadas-a-merkel-y-cameron" category="Mundo" author="Marie-Louise Gumuchian y Kellie Morgan" highlights_mapped="false">
  <title>Putin justifica las acciones en Crimea en llamadas a Merkel y Cameron - Mundo - CNNMexico.com</title>
  <keywords>mundo, primer ministro de ucrania, crimea, rusia, estados unidos, crisis diplomatica, estados unidos, washington</keywords>
  <summaries>
    <highlights>
      <sentence id="1" ids_sentences_article="">El presidente de Rusia, Vladimir Putin, defendi&amp;oacute los movimientos de ruptura de los l&amp;iacute;deres pro-Rusia en Crimea.</sentence>
      <sentence id="2" ids_sentences_article="">El primer ministro interino de Ucrania, Arseniy Yatsenyuk, volar&amp;aacute; a EU esta semana para discutir la crisis.</sentence>
      <sentence id="3" ids_sentences_article="">Rusia ha dicho que est&amp;aacute; defendiendo los intereses leg&amp;iacute;timos de los rusos que viven en Crimea.</sentence>
    </highlights>
  </summaries>
  <article>
    <paragraph id="1">
      <sentences>
        <sentence id="1">
          <content>Putin justifica las acciones en Crimea en llamadas a Merkel y Cameron.</content>
        </sentence>
        <sentence id="2">
          <content>El presidente ruso dice que las autoridades no hacen nada para prevenir las atrocidades en Kiev; el ministro interino de Ucrania volar&amp;aacute; a EU.</content>
        </sentence>
        <sentence id="3">
          <content>SIMFEROPOL, Ucrania (CNN) -- El presidente de Rusia, Vladimir Putin, defendi&amp;oacute los movimientos de ruptura de los l&amp;iacute;deres pro-Rusia en Crimea durante las conversaciones entre los dos l&amp;iacute;deres mundiales este domingo, mientras que la regi&amp;oacuten aut&amp;oacutenoma de Ucrania fue testigo de manifestaciones emocionales de ambos bandos .</content>
        </sentence>
        <sentence id="4">
          <content>En llamadas telef&amp;oacutenicas por separado con la canciller de Alemania, Angela Merkel, y el primer ministro de Gran Breta&amp;ntilde;a, David Cameron, Putin resalt&amp;oacute "las medidas que se tomaron en Crimea por parte de las autoridades leg&amp;iacute;timas&amp;hellip; basadas en la ley internacional para cumplir con los intereses de la poblaci&amp;oacuten en el lugar", se refiri&amp;oacute en un comunicado del Kremlin .</content>
        </sentence>
        <sentence id="5">
          <content>Putin tambi&amp;eacute;n dijo que las nuevas autoridades ucranianas no estaban haciendo nada "para prevenir que las fuerzas ultranacionalistas y radicales cometan atrocidades" en Kiev y en otras regiones .</content>
        </sentence>
        <sentence id="6">
          <content>Los tres l&amp;iacute;deres hablaron en medio de tensiones en la pen&amp;iacute;nsula del Mar Negro que ha escalado desde que el parlamento regional respaldado por Mosc&amp;uacute; vot&amp;oacute por abandonar a Rusia y anunci&amp;oacute que el pr&amp;oacuteximo 16 de marzo se realizar&amp;aacute; un refer&amp;eacute;ndum para darle a la gente de Crimea una oportunidad para votar la idea .</content>
        </sentence>
        <sentence id="7">
          <content>A pesar de sus diferencias de opini&amp;oacuten sobre lo que est&amp;aacute; ocurriendo en el lugar, el comunicado del Kremlin dijo que hab&amp;iacute;a consenso en la necesidad para desacelerar las tensiones y normalizar la situaci&amp;oacuten .</content>
        </sentence>
        <sentence id="8">
          <content>Mosc&amp;uacute; ha denunciado que los eventos que llevaron al derrocamiento del presidente de Ucrania Viktor Yanukovych fueron un golpe de estado ileg&amp;iacute;timo y se ha negado a reconocer a las nuevas autoridades ucranianas, poniendo a los dos pa&amp;iacute;ses en la ruta de la confrontaci&amp;oacuten sobre el control de Crimea, que ha dejado lazos de largo plazo con Rusia y tiene a miles de tropas rusas en el lugar .</content>
        </sentence>
        <sentence id="9">
          <content>Putin ha dicho que Rusia tiene el derecho de proteger a los rusos viviendo en la ex rep&amp;uacute;blica sovi&amp;eacute;tica .</content>
        </sentence>
        <sentence id="10">
          <content>Las fuerzas pro-rusas est&amp;aacute;n ahora controlando de facto en la regi&amp;oacuten previo al refer&amp;eacute;ndum, acto ilegal seg&amp;uacute;n Kiev .</content>
        </sentence>
        <sentence id="11">
          <content>Washington ha advertido a Mosc&amp;uacute; que cualquier movimiento para anexar Crimea cerrar&amp;iacute;an la puerta a la diplomacia .</content>
        </sentence>
        <sentence id="12">
          <content>El s&amp;aacute;bado, el presidente de Estados Unidos, Barack Obama, le pidi&amp;oacute a los l&amp;iacute;deres mundiales que le demanden a Rusia "desacelerar la situaci&amp;oacuten" .</content>
        </sentence>
        <sentence id="13">
          <content>El primer ministro interino de Ucrania, Arseniy Yatsenyuk, volar&amp;aacute; a Estados Unidos esta semana para discutir la crisis en Crimea, mientras las hostilidades en el pa&amp;iacute;s al este de Europea se intensificaron .</content>
        </sentence>
        <sentence id="14">
          <content>Se espera que Yatsenyuk llegue a Estados Unidos el mi&amp;eacute;rcoles, dijo una vocera de la oficina de prensa a CNN .</content>
        </sentence>
        <sentence id="15">
          <content>La Casa Blanca confirm&amp;oacute la visita y dijo que los dos l&amp;iacute;deres hablar&amp;aacute;n sobre la incursi&amp;oacuten militar rusa y el apoyo econ&amp;oacutemico para Ucrania .</content>
        </sentence>
        <sentence id="16">
          <content>Ucrania es un pa&amp;iacute;s de 45 millones de habitantes, est&amp;aacute; ubicado entre Europa y la frontera suroeste de Rusia .</content>
        </sentence>
        <sentence id="17">
          <content>La naci&amp;oacuten ha estado en un caos pol&amp;iacute;tico desde la destituci&amp;oacuten del presidente Viktor Yanukovych, el 22 de febrero pasado, tras varios meses de manifestaciones violentas .</content>
        </sentence>
        <sentence id="18">
          <content>La poblaci&amp;oacuten est&amp;aacute; dividida entre quienes apoyan un acercamiento con occidente y los que est&amp;aacute;n a favor de la influencia rusa .</content>
        </sentence>
        <sentence id="19">
          <content>Crimea es el &amp;uacute;ltimo gran basti&amp;oacuten de la oposici&amp;oacuten al nuevo liderazgo en Ucrania, que sospecha que Rusia est&amp;aacute; fomentando la tensi&amp;oacuten en la pen&amp;iacute;nsula .</content>
        </sentence>
      </sentences>
    </paragraph>
  </article>
</document>
