<?xml version="1.0" encoding="UTF-8"?>
<document id="903" link="http://mexico.cnn.com/mundo/2014/03/04/washington-dc-aprueba-aligerar-las-leyes-sobre-el-consumo-de-marihuana" category="Mundo" author="Dan Merica" highlights_mapped="false">
  <title>Washington DC aprueba 'aligerar' las leyes sobre el consumo de marihuana  - Mundo - CNNMexico.com</title>
  <keywords>mundo, marihuana, distrito de columbia, cannabis, washington, d.c., reforma, colorado, consumo publico de alcohol</keywords>
  <summaries>
    <highlights>
      <sentence id="1" ids_sentences_article="">El Distrito de Columbia aprob&amp;oacute una reforma para aligerar las penalidades por el consumo p&amp;uacute;blico de marihuana.</sentence>
      <sentence id="2" ids_sentences_article="">Se reducir&amp;aacute; la penalidad por fumar marihuana en p&amp;uacute;blico de una multa de 13,275 pesos o seis meses en prisi&amp;oacuten a una multa de 6,638 pesos o 60 d&amp;iacute;as en prisi&amp;oacuten.</sentence>
    </highlights>
  </summaries>
  <article>
    <paragraph id="1">
      <sentences>
        <sentence id="1">
          <content>Washington DC aprueba 'aligerar' las leyes sobre el consumo de marihuana.</content>
        </sentence>
        <sentence id="2">
          <content>Una votaci&amp;oacuten del Consejo del Distrito determin&amp;oacute aligerar las penalidades respecto al consumo p&amp;uacute;blico y privado de marihuana.</content>
        </sentence>
        <sentence id="3">
          <content>WASHINGTON (CNN) -- El Consejo del Distrito de Columbia aprob&amp;oacute este martes relajar significativamente las leyes relacionadas con el consumo y la posesi&amp;oacuten de la marihuana en la capital de la naci&amp;oacuten estadounidense .</content>
        </sentence>
        <sentence id="4">
          <content>Con una votaci&amp;oacuten casi un&amp;aacute;nime, el Consejo decidi&amp;oacute aligerar las penalidades respecto al consumo p&amp;uacute;blico y privado de marihuana y despenalizar la posesi&amp;oacuten de peque&amp;ntilde;as cantidades dela droga .</content>
        </sentence>
        <sentence id="5">
          <content>Si bien el hecho pone a las leyes de la marihuana de Washington DC entre las m&amp;aacute;s indulgentes de la naci&amp;oacuten, quienes propusieron la reforma no obtuvieron todo lo que quer&amp;iacute;an .</content>
        </sentence>
        <sentence id="6">
          <content>Este martes, la Junta Internacional de Fiscalizaci&amp;oacuten y Estupefacientes (JIFE) critic&amp;oacute la legalizaci&amp;oacuten de la marihuanaen Uruguay y en los estados de Colorado y Washington en Estados Unidos, al tiempo que constat&amp;oacute una reducci&amp;oacuten de los cultivos de coca en Am&amp;eacute;rica Latina .</content>
        </sentence>
        <sentence id="7">
          <content>La JIFE, un organismo de laONUcon sede en Viena, considera en su informe anual que la legalizaci&amp;oacuten del cannabis en Uruguay en 2013 "marca una tendencia peligrosa" .</content>
        </sentence>
        <sentence id="8">
          <content>Originalmente, los partidarios hab&amp;iacute;an cabildeado una reforma que hubiera aligerado significativamentelas leyes para el consumo p&amp;uacute;blico de marihuanay aligeraba las penalidades a&amp;uacute;n m&amp;aacute;s .</content>
        </sentence>
        <sentence id="9">
          <content>Pero cuando el Consejo se reuni&amp;oacute en febrero pasado para considerar la propuesta, se a&amp;ntilde;adi&amp;oacute una enmienda que se deriv&amp;oacute en la reforma final .</content>
        </sentence>
        <sentence id="10">
          <content>La ley aprobada cambia la posesi&amp;oacuten de una onza o menos de marihuana de un delito criminal --y cuya penalidad es de seis meses en prisi&amp;oacuten o una multa de 13,275 pesos-- a un delito civil acompa&amp;ntilde;ado de una multa de 331 pesos .</content>
        </sentence>
        <sentence id="11">
          <content>Y si bien la reforma todav&amp;iacute;a considera el consumo p&amp;uacute;blico de la marihuana como un delito menor, reduce la penalidad por fumar la cannabis en p&amp;uacute;blico de una multa de 13,275 pesos o seis meses en prisi&amp;oacuten a una multa de 6,638 pesos o 60 d&amp;iacute;as en prisi&amp;oacuten .</content>
        </sentence>
        <sentence id="12">
          <content>El texto de la reforma equipara la penalidad por fumar marihuana en p&amp;uacute;blico con el consumo p&amp;uacute;blico de alcohol .</content>
        </sentence>
        <sentence id="13">
          <content>Los simpatizantes de la propuesta como el miembro del Consejo, Tommy Wells, mencionaron que el cambio se debi&amp;oacute primordialmente a que las leyes eran usadas casi siempre para arrestar a personas negras en el distrito de Columbia .</content>
        </sentence>
        <sentence id="14">
          <content>Quienes apoyaron la reforma han dicho que un estudio de 2013 del Comit&amp;eacute; de Abogados de Washington encontr&amp;oacute que "cerca de nueve de cada 10 arrestos por posesi&amp;oacuten de marihuana involucraban arrestos de personas negras" .</content>
        </sentence>
        <sentence id="15">
          <content>El estudio argumenta que las leyes del Distrito promov&amp;iacute;an "la disparidad racial que levanta preguntas importantes de pol&amp;iacute;tica p&amp;uacute;blica y preocupaciones de derechos civiles" .</content>
        </sentence>
        <sentence id="16">
          <content>En Estados Unidos 21 de los 50 estados del pa&amp;iacute;s, adem&amp;aacute;s de la capital, Washington D .</content>
        </sentence>
        <sentence id="17">
          <content>, permiten con diversos grados el uso de la marihuana con fines m&amp;eacute;dicos .</content>
        </sentence>
        <sentence id="18">
          <content>El primer estado en autorizarlo fue California en 1996 .</content>
        </sentence>
        <sentence id="19">
          <content>Colorado permite el consumo recreativo de cannabis para los consumidores mayores de 21 a&amp;ntilde;os desde el pasado 1 de enero .</content>
        </sentence>
        <sentence id="20">
          <content>En tanto, el estado de Washington vot&amp;oacute una medida similar que entrar&amp;aacute; en vigor en la primavera .</content>
        </sentence>
        <sentence id="21">
          <content>En octubre, por primera vez en un sondeo de Gallup, una mayor&amp;iacute;a de estadounidenses (un 58%) se declar&amp;oacute a favor de la legalizaci&amp;oacuten de la marihuana .</content>
        </sentence>
      </sentences>
    </paragraph>
  </article>
</document>
