<?xml version="1.0" encoding="UTF-8"?>
<document id="819" link="http://mexico.cnn.com/mundo/2014/03/20/obama-aprueba-sanciones-de-eu-a-sectores-clave-de-la-economia-rusa" category="Mundo" highlights_mapped="false">
  <title>Obama aprueba sanciones de EU a "sectores clave" de la econom&amp;iacute;a rusa - Mundo - CNNMexico.com</title>
  <keywords>obama, sanciones, rusia, funcionarios, economia, crimea, rusia, estados unidos</keywords>
  <summaries>
    <highlights>
      <sentence id="1" ids_sentences_article="">El presidente firm&amp;oacute; una orden que permitir&amp;iacute;a ejecutar sanciones a "sectores clave" de la econom&amp;iacute;a rusa.</sentence>
      <sentence id="2" ids_sentences_article="">La medida responde a la anexi&amp;oacute;n de Rusia de la pen&amp;iacute;nsula de Crimea, la cual forma parte del territorio ucraniano desde 1954.</sentence>
      <sentence id="3" ids_sentences_article="">Unos 20 funcionarios rusos, as&amp;iacute; como un banco que ofrece apoyo a Rusia, fueron sancionados por Estados Unidos.</sentence>
    </highlights>
  </summaries>
  <article>
    <paragraph id="1">
      <sentences>
        <sentence id="1">
          <content>Obama aprueba sanciones de EU a "sectores clave" de la econom&amp;iacute;a rusa.</content>
        </sentence>
        <sentence id="2">
          <content>El presidente estadounidense anunci&amp;oacute; que m&amp;aacute;s funcionarios rusos y un banco ya son sancionados por la anexi&amp;oacute;n de Crimea a Rusia.</content>
        </sentence>
        <sentence id="3">
          <content>(CNN) -- El presidente de Estados Unidos, Barack Obama, anunci&amp;oacute; este jueves que firm&amp;oacute; una orden que autorizar&amp;iacute;a posibles sanciones futuras en contra de lo que dijo son "sectores clave" de la econom&amp;iacute;a rusa por la anexi&amp;oacute;n que est&amp;aacute; realizando ese pa&amp;iacute;s de la pen&amp;iacute;nsula ucraniana de Crimea .</content>
        </sentence>
        <sentence id="4">
          <content>En una conferencia de prensa, el presidente anunci&amp;oacute; nuevas sanciones en contra de funcionarios rusos y varios bancos que han ofrecido apoyo "significativo" a las acciones gubernamentales y militares rusas en la regi&amp;oacute;n del Mar Negro, la cual tuvo un refer&amp;eacute;ndum separatista de Ucrania que no es reconocido por Occidente .</content>
        </sentence>
        <sentence id="5">
          <content>"Hemos visto un refer&amp;eacute;ndum ilegal en Crimea, movimientos militares rusos en Crimea y riesgos sobre esta intervenci&amp;oacute;n, que incluyen amenazas contra el personal ucraniano en Crimea y amenazas contra los ucranianos tambi&amp;eacute;n", dijo Obama en su mensaje a la prensa .</content>
        </sentence>
        <sentence id="6">
          <content>Entre las personas sancionadas, lo que incluye cancelaciones de visas, est&amp;aacute;n 20 funcionarios, varios de alto rango, adem&amp;aacute;s de los "c&amp;oacute;mplices" que ofrecen un soporte significativo en el sistema ruso, inform&amp;oacute; un alto funcionario de Estados Unidos a periodistas .</content>
        </sentence>
        <sentence id="7">
          <content>Una escalada en el conflicto de Ucrania por parte de Rusia traer&amp;iacute;a "severas consecuencias" bajo la nueva orden que firm&amp;oacute; Obama este jueves, lo cual generar&amp;iacute;a un "impacto significativo", dijo el funcionario .</content>
        </sentence>
        <sentence id="8">
          <content>Ello incluir&amp;iacute;a vetos a sectores de las finanzas rusas de servicios, energ&amp;iacute;a, metales y miner&amp;iacute;a, defensa y energ&amp;iacute;a, lo cual podr&amp;iacute;a limitar la capacidad de Rusia para futuras acciones, seg&amp;uacute;n la fuente .</content>
        </sentence>
        <sentence id="9">
          <content>Tambi&amp;eacute;n 17 grandes bancos que han ofrecido apoyo monetario a algunos de los altos funcionarios rusos .</content>
        </sentence>
        <sentence id="10">
          <content>La medida impide que esas instituciones financieras hagan negocios con compa&amp;ntilde;&amp;iacute;as estadounidenses e individuos, y congela cualquier cuenta que tengan en Estados Unidos, seg&amp;uacute;n el funcionario .</content>
        </sentence>
        <sentence id="11">
          <content>Las sanciones contra funcionarios rusos se suman a las que ya hab&amp;iacute;a impuesto Estados Unidos desde hace casi tres semanas, cuando Rusia anunci&amp;oacute; su disposici&amp;oacute;n para anexar a su territorio la pen&amp;iacute;nsula de Crimea, donde existe una mayor&amp;iacute;a &amp;eacute;tnica rusa que desconoci&amp;oacute; al gobierno de Kiev .</content>
        </sentence>
        <sentence id="12">
          <content>"Queremos que la gente de Ucrania determine su propio destino y tenga buenas relaciones con Estados Unidos, Rusia, Europa, y cualquier otro", dijo el presidente, quien mencion&amp;oacute; que los esfuerzos diplom&amp;aacute;ticos entre Estados Unidos y Rusia por la situaci&amp;oacute;n est&amp;aacute;n activos .</content>
        </sentence>
        <sentence id="13">
          <content>El presidente confirm&amp;oacute; que la pr&amp;oacute;xima semana viajar&amp;aacute; a Europa en donde sostendr&amp;aacute; reuniones con l&amp;iacute;deres del G7 y mandatarios europeos con los que analizar&amp;aacute; los posibles movimientos de los socios de Estados Unidos ante la situaci&amp;oacute;n en Ucrania .</content>
        </sentence>
      </sentences>
    </paragraph>
  </article>
</document>
