<?xml version="1.0" encoding="UTF-8"?>
<document id="179" link="http://mexico.cnn.com/mundo/2014/03/09/malasia-malaysia-avion-desaparecido-busqueda-investigacion" category="Mundo" author="Jim Clancy y Mark Morgenstein" highlights_mapped="false">
  <title>&amp;iquestQu&amp;eacute; pas&amp;oacute con el avi&amp;oacuten malasio desaparecido en el mar de China? - Mundo - CNNMexico.com</title>
  <keywords>malasia, malaysia, avion, desaparecido, terrorismo, pasaportes robados, vuelo 370</keywords>
  <summaries>
    <highlights>
      <sentence id="1" ids_sentences_article="">NUEVO: Interpol investiga otros pasaportes sospechosos, en conexi&amp;oacuten con el vuelo desaparecido.</sentence>
      <sentence id="2" ids_sentences_article="">Buques de Vietnam descubrieron un objeto cerca de la zona donde se cree desapareci&amp;oacute el avi&amp;oacuten malasio.</sentence>
      <sentence id="3" ids_sentences_article="">Dos pasaportes robados aparecieron en la lista de pasajeros desaparecidos.</sentence>
      <sentence id="4" ids_sentences_article="">Un dato del radar aparentemente demuestra que el avi&amp;oacuten dio vuelta.</sentence>
      <sentence id="5" ids_sentences_article="">Sin embargo, el piloto no parece haber dado se&amp;ntilde;ales de la maniobra.</sentence>
    </highlights>
  </summaries>
  <article>
    <paragraph id="1">
      <sentences>
        <sentence id="1">
          <content>&amp;iquestQu&amp;eacute; pas&amp;oacute con el avi&amp;oacuten malasio desaparecido en el mar de China?</content>
        </sentence>
        <sentence id="2">
          <content>Los esfuerzos internacionales por hallar la aeronave con 239 personas a bordo sigue estancada, mientras las pistas se desvanecen.</content>
        </sentence>
        <sentence id="3">
          <content>KUALA LUMPUR , Malasia (CNN) -- Los misterios que rodean la desaparici&amp;oacuten del vuelo 370 de Malaysia Airlines, y la verdadera identidad de algunos de sus pasajeros, son tan profundos como el Mar del Sur de China donde un equipo de b&amp;uacute;squeda multinacional revisa la zona .</content>
        </sentence>
        <sentence id="4">
          <content>La marina vietnamita detect&amp;oacute este domingo un objeto a unos 80 kil&amp;oacutemetros al sureste de la isla Tho Chu en el golfo de Tailandia .</content>
        </sentence>
        <sentence id="5">
          <content>Debido a la oscuridad, la nave de rescate no pudo acercarse m&amp;aacute;s para identifcar el objeto flotante .</content>
        </sentence>
        <sentence id="6">
          <content>Tres botes de b&amp;uacute;squeda y rescate han sido enviados al lugar .</content>
        </sentence>
        <sentence id="7">
          <content>Otro "objeto extra&amp;ntilde;o" ya hab&amp;iacute;a sido descartado como parte de la aeronave desaparecida, de acuerdo con un funcionario de EU familiarizado con la investigaci&amp;oacuten, que habl&amp;oacute con CNN este domingo .</content>
        </sentence>
        <sentence id="8">
          <content>Un avi&amp;oacuten de reconocimiento de EU "pens&amp;oacute que vio algo como escombros, pero fue una falsa alarma", dijo el funcionario , que habl&amp;oacute bajo condici&amp;oacuten de anonimato .</content>
        </sentence>
        <sentence id="9">
          <content>Para el final de este domingo, m&amp;aacute;s de 40 aviones y m&amp;aacute;s de dos docenas de buques de varios pa&amp;iacute;ses participaron en la b&amp;uacute;squeda .</content>
        </sentence>
        <sentence id="10">
          <content>Dos aviones de reconocimiento de Australia, y un avi&amp;oacuten y cinco buques de Indonesia fueron las &amp;uacute;ltimas incorporaciones, dijo Azharuddin Abdul Rahman, director general de aviaci&amp;oacuten civil en Malasia .</content>
        </sentence>
        <sentence id="11">
          <content>Adem&amp;aacute;s, la Marina china envi&amp;oacute una fragata y un buque anfibio de desembarco, de acuerdo con un mensaje en l&amp;iacute;nea por la armada de China .</content>
        </sentence>
        <sentence id="12">
          <content>Se espera que esas naves lleguen a la zona de investigaci&amp;oacuten la ma&amp;ntilde;ana del lunes (domingo por la noche hora del este) .</content>
        </sentence>
        <sentence id="13">
          <content>Estos refuerzos se unen a los equipos de rescate en el Mar del Sur de China, cerca del Golfo de Tailandia, que se encuentran este domingo tratando de encontrar cualquier signo del vuelo, operado por la aerol&amp;iacute;nea de bandera malaya, que ayude a encontrar si fue a pique, seg&amp;uacute;n las autoridades de Malasia .</content>
        </sentence>
        <sentence id="14">
          <content>El &amp;aacute;rea de b&amp;uacute;squeda, a unos 145 kil&amp;oacutemetros al sur de la isla vietnamita Tho Chu, es el lugar donde un avi&amp;oacuten de b&amp;uacute;squeda vietnamita inform&amp;oacute sobre unas manchas de aceite que se extend&amp;iacute;an entre 9 y 14 kil&amp;oacutemetros .</content>
        </sentence>
        <sentence id="15">
          <content>Las autoridades de Malasia a&amp;uacute;n no han confirmado el informe de estas manchas, que vino de la agencia oficial de noticias de Vietnam .</content>
        </sentence>
        <sentence id="16">
          <content>Las grandes preguntas con la poca informaci&amp;oacuten siguen surgiendo: &amp;iquest;qu&amp;eacute; pas&amp;oacute con el avi&amp;oacuten?</content>
        </sentence>
        <sentence id="17">
          <content>&amp;iquest;Por qu&amp;eacute; no se emiti&amp;oacute una se&amp;ntilde;al de socorro?</content>
        </sentence>
        <sentence id="18">
          <content>&amp;iquest;Qui&amp;eacute;nes exactamente estaban a bordo?El vuelo pudo haber cambiado de rumbo y volver de nuevo hacia Kuala Lumpur, seg&amp;uacute;n algunos funcionarios militares de Malasia, en una conferencia de prensa este domingo .</content>
        </sentence>
        <sentence id="19">
          <content>Pero el piloto no parece haber dado ninguna se&amp;ntilde;al de haber dado la vuelta, seg&amp;uacute;n los funcionarios, de acuerdo con los datos del radar .</content>
        </sentence>
        <sentence id="20">
          <content>Mientras la b&amp;uacute;squeda contin&amp;uacute;a, la angustiosa espera se prolonga para los familiares de los 227 pasajeros y 12 miembros de la tripulaci&amp;oacuten a bordo del avi&amp;oacuten .</content>
        </sentence>
        <sentence id="21">
          <content>Entre los pasajeros hab&amp;iacute;a 154 personas procedentes de China o Taiw&amp;aacute;n, 38 malasios, y tres ciudadanos estadounidenses .</content>
        </sentence>
        <sentence id="22">
          <content>Cinco de los pasajeros eran menores de 5 a&amp;ntilde;os de edad .</content>
        </sentence>
        <sentence id="23">
          <content>El Boeing 777-200 sali&amp;oacute del Aeropuerto Internacional de Kuala Lumpur a las 00:41 horas del viernes y aterrizar&amp;iacute;a en Beijing a las 06:30 horas, tras un viaje de 3,700 kil&amp;oacutemetros .</content>
        </sentence>
        <sentence id="24">
          <content>Llevaba 227 pasajeros, dos de ellos ni&amp;ntilde;os y 12 miembros de la tripulaci&amp;oacuten, inform&amp;oacute la aerol&amp;iacute;nea .</content>
        </sentence>
        <sentence id="25">
          <content>Al momento de desaparecer de los radares, el avi&amp;oacuten ten&amp;iacute;a a&amp;uacute;n 7 .</content>
        </sentence>
        <sentence id="26">
          <content>5 horas de combustible disponible, inform&amp;oacute un funcionario de la aerol&amp;iacute;nea .</content>
        </sentence>
        <sentence id="27">
          <content>Adem&amp;aacute;s, las dudas sobre el paradero del vuelo MH370 de Malaysia Airlines cambiaron este s&amp;aacute;bado, tras conocerse que dos pasaportes incluidos en la lista de pasajeros hab&amp;iacute;an sido reportados como robados .</content>
        </sentence>
        <sentence id="28">
          <content>Interpol tuite&amp;oacute este domingo que "revisa informaci&amp;oacuten adicional de pasaportes sospechosos, en conexi&amp;oacuten", con el vuelo desaparecido .</content>
        </sentence>
        <sentence id="29">
          <content>Las autoridades de Malasia han estado en contacto con organizaciones antiterrorismo para tratar el tema de los pasaportes expedidos para los pasajeros del vuelo 370, seg&amp;uacute;n el ministerio de transportaci&amp;oacuten de ese pa&amp;iacute;s .</content>
        </sentence>
        <sentence id="30">
          <content>Despu&amp;eacute;s de que la aerol&amp;iacute;nea dio a conocer la lista de las 239 personas que viajaban en el avi&amp;oacuten, Austria neg&amp;oacute que uno de sus ciudadanos estuviera en el vuelo .</content>
        </sentence>
        <sentence id="31">
          <content>El ciudadano austriaco se encuentra sano y salvo, su pasaporte fue robado hace dos a&amp;ntilde;os, inform&amp;oacute el vocero del Ministerio de Relaciones Exteriores, Martin Weiss, a CNN .</content>
        </sentence>
        <sentence id="32">
          <content>El ministerio del Exterior de Italia tambi&amp;eacute;n descart&amp;oacute la presencia de italianos en el vuelo, aunque un ciudadano estaba en la lista .</content>
        </sentence>
        <sentence id="33">
          <content>Funcionarios de Malasia confirmaron que estaban al tanto de ese reporte, pero no lo confirmaron .</content>
        </sentence>
        <sentence id="34">
          <content>Jim Clancy report&amp;oacute desde Kuala Lumpur y Mark Morgenstein escribi&amp;oacute desde Atlanta .</content>
        </sentence>
        <sentence id="35">
          <content>Jethro Mullen, Barbara Starr, Steven Jiang, Ben Brumfield, Khushbu Shah y Kevin Wang contribuyeron con este reporte .</content>
        </sentence>
      </sentences>
    </paragraph>
  </article>
</document>
