<?xml version="1.0" encoding="UTF-8"?>
<document id="587" link="http://mexico.cnn.com/mundo/2014/01/29/obama-y-sus-planes-clave-para-2014" category="Mundo" highlights_mapped="false">
  <title>Obama y sus promesas clave para 2014 - Mundo - CNNMexico.com</title>
  <keywords>obama, state, union, congreso, estado, guatanamo,</keywords>
  <summaries>
    <highlights>
      <sentence id="1" ids_sentences_article="">Obama pidi&amp;oacute la cooperaci&amp;oacuten con un Congreso al que llam&amp;oacute "dividido" y "recalcitrante".</sentence>
      <sentence id="2" ids_sentences_article="">El lider estadounidense prometi&amp;oacute igualar los salarios de las mujeres, quienes actualmente ganan 77 centavos por cada d&amp;oacutelar que gana un hombre.</sentence>
      <sentence id="3" ids_sentences_article="">El mandatario reiter&amp;oacute que no permitir&amp;aacute; cualquier moci&amp;oacuten del Congreso que implique un retroceso en las relaciones con Ir&amp;aacute;n, que podr&amp;iacute;a frenar el desarrollo de armas nucleares . .</sentence>
    </highlights>
  </summaries>
  <article>
    <paragraph id="1">
      <sentences>
        <sentence id="1">
          <content>Obama y sus promesas clave para 2014.</content>
        </sentence>
        <sentence id="2">
          <content>El presidente de EU reclam&amp;oacute cooperaci&amp;oacuten al Congreso para sacar adelante pol&amp;iacute;ticas para acelerar el crecimiento y fortalecer la clase media.</content>
        </sentence>
        <sentence id="3">
          <content>(CNNM&amp;eacute;xico) -- Los analistas aseguraban que el discurso del Estado de la Uni&amp;oacuten de este martes del presidente de Estados Unidos, Barack Obama, era el inicio de la prueba definitiva para demostrar autoridad, llevar a cabo en 2014 planes pendientes e intentar elevar una baja tasa de popularidad .</content>
        </sentence>
        <sentence id="4">
          <content>Obama prometi&amp;oacute un a&amp;ntilde;o de acci&amp;oacuten y reiter&amp;oacute su inter&amp;eacute;s por asuntos comunes desde el inicio de su mandato como la reforma inmigratoria, el cierre de Guant&amp;aacute;namo o la recuperaci&amp;oacuten econ&amp;oacutemica .</content>
        </sentence>
        <sentence id="5">
          <content>Durante el mensaje de m&amp;aacute;s de una hora, el presidente de EU recalc&amp;oacute punto por punto la necesidad de la cooperaci&amp;oacuten con el Congreso, al que calific&amp;oacute como "dividido" y "recalcitrante" .</content>
        </sentence>
        <sentence id="6">
          <content>La divisi&amp;oacuten legislativa, con la oposici&amp;oacuten republicana, provoc&amp;oacute el bloqueo del gobierno federal ante la falta de acuerdo sobre el presupuesto .</content>
        </sentence>
        <sentence id="7">
          <content>Obama advirti&amp;oacute que continuar&amp;iacute;a con algunos de sus planes a&amp;uacute;n sin el apoyo legislativo .</content>
        </sentence>
        <sentence id="8">
          <content>"Actuar&amp;eacute; por m&amp;iacute; mismo para acabar con la burocracia y crear v&amp;iacute;as para permitir el proceso para los proyectos clave", a&amp;ntilde;adi&amp;oacute .</content>
        </sentence>
        <sentence id="9">
          <content>"Algunas veces tropezamos, cometemos errores, nos frustramos o desanimamos . . . Sin embargo, por m&amp;aacute;s de 200 a&amp;ntilde;os, hemos podido superar esos obst&amp;aacute;culos y lograr el progreso",dijo Obama, en una de las constantes alusiones a los republicanos .</content>
        </sentence>
        <sentence id="10">
          <content>"Lo que ofrezco hoy es una serie de propuestas concretas y pr&amp;aacute;cticas para acelerar el crecimiento, fortalecer la clase media y crear nuevas escaleras de oportunidad para que la clase media ascienda", dijo el mandatario .</content>
        </sentence>
        <sentence id="11">
          <content>Reforma inmigratoriaObama recibi&amp;oacute una gran ovaci&amp;oacuten cuando pidi&amp;oacute a los republicanos en la C&amp;aacute;mara de representantes que se unan a los dem&amp;oacutecratas y que aprueben el plan bipartidista avalado por el Senado .</content>
        </sentence>
        <sentence id="12">
          <content>"Si hablamos en serio sobre el crecimiento econ&amp;oacutemico, es el momento de arreglar un sistema de inmigraci&amp;oacuten que no funciona", dijo .</content>
        </sentence>
        <sentence id="13">
          <content>El presidente apel&amp;oacute a los legisladores a que respondan al llamado de los "l&amp;iacute;deres empresariales, laborales, espirituales" y a las autoridades locales para aprobar la nueva legislaci&amp;oacuten .</content>
        </sentence>
        <sentence id="14">
          <content>"S&amp;eacute; que miembros de ambos partidos en la C&amp;aacute;mara de Representantes quieren hacer lo mismo .</content>
        </sentence>
        <sentence id="15">
          <content>Consigamos aprobar la reforma este a&amp;ntilde;o", concluy&amp;oacute .</content>
        </sentence>
        <sentence id="16">
          <content>El cierre de Guant&amp;aacute;namoEn el orden internacional, el presidente pidi&amp;oacute al Congreso levantar las restricciones que limitan la transferencia de los presos de Guant&amp;aacute;namo, para que la prisi&amp;oacuten pueda cerrarse en 2014 .</content>
        </sentence>
        <sentence id="17">
          <content>Relaciones con Ir&amp;aacute;nObama asegur&amp;oacute que no permitir&amp;aacute; cualquier moci&amp;oacuten del Congreso que implique un retroceso en el acuerdo nuclear por el que Ir&amp;aacute;n se comprometi&amp;oacute a dejar de enriquecer uranio a cambio de relajar las sanciones internacionales .</content>
        </sentence>
        <sentence id="18">
          <content>"Por el bien de nuestra seguridad nacional, debemos dejar que la diplomacia act&amp;uacute;e y tenga &amp;eacute;xito", dijo Obama .</content>
        </sentence>
        <sentence id="19">
          <content>Elevar el salario m&amp;iacute;nimoEl mandatario de EU dijo que promover&amp;iacute;a una orden ejecutiva para elevar el salario m&amp;iacute;nimo para algunos empleados de gobierno .</content>
        </sentence>
        <sentence id="20">
          <content>Y aunque esta medida es relativamente sutil y afecta a menos de medio mill&amp;oacuten de personas, Obama sugiri&amp;oacute que el Congreso impulse la misma medida para todos los trabajadores con bajos salarios en EU .</content>
        </sentence>
        <sentence id="21">
          <content>Obama prometi&amp;oacute igualar los salarios de las mujeres, quienes actualmente ganan 77 centavos por cada d&amp;oacutelar que gana un hombre, lo que calific&amp;oacute como "incorrecto" y "una verg&amp;uuml;enza" .</content>
        </sentence>
        <sentence id="22">
          <content>El mandatario lament&amp;oacute que la buena marcha del crecimiento econ&amp;oacutemico y los beneficios para los m&amp;aacute;s ricos tambi&amp;eacute;n haya implicado el incremento de la desigualdad .</content>
        </sentence>
        <sentence id="23">
          <content>"Demasiados estadounidenses est&amp;aacute;n trabajando m&amp;aacute;s que nunca, pero solo consiguen sobrevivir" .</content>
        </sentence>
        <sentence id="24">
          <content>Muchos ni siquiera tienen trabajo", a&amp;ntilde;adi&amp;oacute .</content>
        </sentence>
        <sentence id="25">
          <content>Seguridad socialObama reclam&amp;oacute a los republicamos por haber tratado de deshacerse de su ley de sanidad, aprobada sin apoyo republicano en 2010 .</content>
        </sentence>
        <sentence id="26">
          <content>El mandatario dijo que millones de personas se beneficiaron de la cobertura m&amp;eacute;dica .</content>
        </sentence>
        <sentence id="27">
          <content>"Los estadounidenses no est&amp;aacute;n interesados en volver a pelear batallas del pasado", dijo Obama .</content>
        </sentence>
        <sentence id="28">
          <content>"Tratemos de no pasar otros cuarenta y tantos votos para evitar una ley que ya est&amp;aacute; ayudando a millones de estadounidenses, los primeros 40 fueron suficientes, se lo debemos a los estadounidenses", agreg&amp;oacute el mandatario .</content>
        </sentence>
        <sentence id="29">
          <content>El l&amp;iacute;der estadounidense anunci&amp;oacute la creaci&amp;oacuten de una nueva cuenta de retiro llamado MyRA, que garantizar&amp;aacute; que todo lo que los empleados ahorren les ser&amp;aacute; entregado sin riesgo alguno cuando dejen de trabajar .</content>
        </sentence>
        <sentence id="30">
          <content>"Estar&amp;aacute; disponible para aquellos a quienes sus trabajos no les ofrecen planes de retiro", agreg&amp;oacute .</content>
        </sentence>
        <sentence id="31">
          <content>Energ&amp;eacute;ticosEl presidente de EU dijo que intentar&amp;iacute;a eliminar subsidios equivalentes a 4,000 millones de d&amp;oacutelares que se destinan a las industrias energ&amp;eacute;ticas, "que no lo necesitan", e invertirlos en "los hidrocarburos del futuro" .</content>
        </sentence>
        <sentence id="32">
          <content>Obama plante&amp;oacute establecer nuevos requisitos para los transportes estadounidenses para reducir las importaciones de petr&amp;oacuteleo .</content>
        </sentence>
        <sentence id="33">
          <content>ImpuestosEl presidente prometi&amp;oacute reformular el c&amp;oacutedigo de pago de impuestos y pidi&amp;oacute al Congreso trabajar con &amp;eacute;l para cerrar cualquier "desperdiciado y complicado vac&amp;iacute;o que castigue a los negocios que invierten" en EU, y en lugar de eso "disminuir las tasas de impuestos para los negocios que crean empleos aqu&amp;iacute; en casa", a&amp;ntilde;adi&amp;oacute .</content>
        </sentence>
        <sentence id="34">
          <content>De acuerdo con una encuesta breve de hecha por CNN/ORC International poll, el 44% de los encuestados dijo que el discurso de Obama los dej&amp;oacute con una imagen "muy positiva", mientras 32% dijo que esta fue "positiva del alguna forma" y el 22% dijo que el mensaje no les gust&amp;oacute en absoluto .</content>
        </sentence>
        <sentence id="35">
          <content>Hace un a&amp;ntilde;o, el 53% de los encuestados encontr&amp;oacute el discurso "muy positivo" .</content>
        </sentence>
      </sentences>
    </paragraph>
  </article>
</document>
