<?xml version="1.0" encoding="UTF-8"?>
<document id="814" link="http://mexico.cnn.com/mundo/2014/03/19/estados-unidos-amenaza-a-rusia-con-mayores-sanciones-por-crisis-ucraniana" category="Mundo" author="Tom Cohen y Tom Watkins" highlights_mapped="false">
  <title>Estados Unidos amenaza a Rusia con mayores sanciones por crisis ucraniana - Mundo - CNNMexico.com</title>
  <keywords>rusia, crimea, ucrania, sanciones, estados unidos, obama, casa blanca, jay carney, john kerry, john mccain, putin</keywords>
  <summaries>
    <highlights>
      <sentence id="1" ids_sentences_article="">Barack Obama busca que el G-7 se re&amp;uacute;na la semana pr&amp;oacute;xima para hablar de Ucrania.</sentence>
      <sentence id="2" ids_sentences_article="">El vicepresidente de Estados Unidos, Joe Biden, dice que la situaci&amp;oacute;n en Crimea es un "apoderamiento de tierras".</sentence>
      <sentence id="3" ids_sentences_article="">El aislamiento de Mosc&amp;uacute; se profundizar&amp;aacute; a menos que Putin cambie el rumbo, dice Biden.</sentence>
    </highlights>
  </summaries>
  <article>
    <paragraph id="1">
      <sentences>
        <sentence id="1">
          <content>Estados Unidos amenaza a Rusia con mayores sanciones por crisis ucraniana.</content>
        </sentence>
        <sentence id="2">
          <content>Estados Unidos y la Uni&amp;oacute;n Europea desconocen el refer&amp;eacute;ndum que se celebr&amp;oacute; en Crimea y amenazan a Rusia con arreciar las sanciones.</content>
        </sentence>
        <sentence id="3">
          <content>(CNN) -- Es hora de que Estados Unidos y sus aliados europeos aumenten las apuestas o se retiren del juego .</content>
        </sentence>
        <sentence id="4">
          <content>El presidente de Rusia, Vladimir Putin, los desafi&amp;oacute; el martes al anunciar las medidas para que su pa&amp;iacute;s se anexione la pen&amp;iacute;nsula de Crimea de su vecino, Ucrania .</content>
        </sentence>
        <sentence id="5">
          <content>El presidente de Estados Unidos, Barack Obama, y sus aliados europeos advirtieron que tal maniobra provocar&amp;iacute;a sanciones m&amp;aacute;s severas y aislamiento diplom&amp;aacute;tico, pero hubo poca respuesta inmediata al audaz pronunciamiento de Putin en el Parlamento ruso .</content>
        </sentence>
        <sentence id="6">
          <content>La Casa Blanca anunci&amp;oacute; que Obama invit&amp;oacute; a los l&amp;iacute;deres de las potencias industriales del G-7 a reunirse la semana pr&amp;oacute;xima, al margen de una cumbre de seguridad nuclear que se celebrar&amp;aacute; en Holanda, para discutir la crisis en Ucrania .</content>
        </sentence>
        <sentence id="7">
          <content>Se cree que en esa reuni&amp;oacute;n, Obama y sus hom&amp;oacute;logos de Gran Breta&amp;ntilde;a, Francia, Alemania, Jap&amp;oacute;n, Italia y Canad&amp;aacute; considerar&amp;iacute;an cancelar la cumbre anual con Rusia que est&amp;aacute; planeada para julio en Sochi y tal vez expulsar a Putin del G-8 .</content>
        </sentence>
        <sentence id="8">
          <content>Se ha amenazado con tomar ambas medidas y los pa&amp;iacute;ses del G-7 ya suspendieron los preparativos para la reuni&amp;oacute;n en Sochi .</content>
        </sentence>
        <sentence id="9">
          <content>La cumbre del G-8 en dudaEl vocero de la Casa Blanca, Jay Carney, dijo el martes a reporteros que "se han suspendido los preparativos para esa cumbre, las cumbres no ocurren sin preparativos" y "no parece que esos preparativos se reanudar&amp;aacute;n pronto" .</content>
        </sentence>
        <sentence id="10">
          <content>Obama y la Uni&amp;oacute;n Europea impusieron sanciones a funcionarios rusos y crimeos el lunes como parte de unas medidas que se pueden expandir f&amp;aacute;cilmente si fuera necesario .</content>
        </sentence>
        <sentence id="11">
          <content>Carney dijo que las medidas ya lesionan a la econom&amp;iacute;a rusa y al rublo e indic&amp;oacute; que hab&amp;iacute;a m&amp;aacute;s medidas por aplicarse .</content>
        </sentence>
        <sentence id="12">
          <content>"Ya vieron que se han hecho algunas designaciones y habr&amp;aacute; m&amp;aacute;s", dijo sobre los individuos a los que se sancionar&amp;aacute; .</content>
        </sentence>
        <sentence id="13">
          <content>"Si fuera ustedes, no invertir&amp;iacute;a en acciones rusas en este momento a menos que estuvieran perdiendo", aconsej&amp;oacute; Carney haciendo referencia a los inversionistas que especulan en empresas con p&amp;eacute;rdidas .</content>
        </sentence>
        <sentence id="14">
          <content>Sin embargo, Carney dej&amp;oacute; en claro que el enfoque de Estados Unidos se concentra por ahora en aislar a Rusia diplom&amp;aacute;tica y econ&amp;oacute;micamente .</content>
        </sentence>
        <sentence id="15">
          <content>"Estas acciones --los resultados del refer&amp;eacute;ndum y los intentos por anexionarse ilegalmente una regi&amp;oacute;n de Ucrania-- nunca recibir&amp;aacute;n reconocimiento de Estados Unidos" ni de la comunidad internacional; las "acciones posteriores y las provocaciones posteriores" de Rusia provocar&amp;aacute;n "costos m&amp;aacute;s elevados", dijo .</content>
        </sentence>
        <sentence id="16">
          <content>El secretario de Estado de Estados Unidos, John Kerry, ten&amp;iacute;a una postura m&amp;aacute;s reflexiva y dijo en una reuni&amp;oacute;n que la presidencia todav&amp;iacute;a ten&amp;iacute;a esperanzas de llegar a una soluci&amp;oacute;n diplom&amp;aacute;tica, "pero hoy se mostr&amp;oacute; muy desafiante y muy triunfalista sobre una violaci&amp;oacute;n al derecho internacional y creo que el pueblo est&amp;aacute; profundamente preocupado por eso" .</content>
        </sentence>
        <sentence id="17">
          <content>Biden: Crimea fue un "apoderamiento de tierras"Mientras tanto, el vicepresidente de Estados Unidos, Joe Biden, inici&amp;oacute; una gira por los pa&amp;iacute;ses del antiguo bloque sovi&amp;eacute;tico que ahora son aliados de la OTAN y prometi&amp;oacute; apoyo absoluto a la alianza estrat&amp;eacute;gica contra cualquier agresi&amp;oacute;n rusa similar a la que ha tenido lugar en Ucrania .</content>
        </sentence>
        <sentence id="18">
          <content>"Nuestra intenci&amp;oacute;n es que la OTAN salga fortalecida de esta crisis y m&amp;aacute;s unida que nunca", dijo Biden en su primera parada en Varsovia, Polonia .</content>
        </sentence>
        <sentence id="19">
          <content>"Nuestro compromiso es absolutamente decidido e inamovible" .</content>
        </sentence>
        <sentence id="20">
          <content>Se&amp;ntilde;al&amp;oacute; que Estados Unidos despleg&amp;oacute; m&amp;aacute;s aviones de combate en la regi&amp;oacute;n para fortalecer la vigilancia a&amp;eacute;rea de la OTAN y dijo que las maniobras de Putin para agregar a Crimea a la Federaci&amp;oacute;n Rusa eran una " flagrante, flagrante violaci&amp;oacute;n al derecho internacional" y "no es otra cosa que un apoderamiento de tierras" .</content>
        </sentence>
        <sentence id="21">
          <content>Durante una conferencia de prensa con Donald Tusk, el primer ministro de Polonia, Biden dijo que Rusia respondi&amp;oacute; a los esfuerzos de Ucrania por realizar un futuro m&amp;aacute;s democr&amp;aacute;tico "con una temeraria incursi&amp;oacute;n militar con la intensi&amp;oacute;n de agravar las tensiones &amp;eacute;tnicas en Ucrania, con un refer&amp;eacute;ndum apresurado e ilegal en Crimea que, como era de esperarse, se rechaz&amp;oacute; en virtualmente todo el mundo" .</content>
        </sentence>
        <sentence id="22">
          <content>Biden tambi&amp;eacute;n advirti&amp;oacute; al gobierno ruso que su aislamiento pol&amp;iacute;tico y econ&amp;oacute;mico crecer&amp;aacute; si contin&amp;uacute;a con esas agresiones y reiter&amp;oacute; su apoyo a Ucrania en forma de una promesa de pr&amp;eacute;stamo por 1,000 millones de d&amp;oacute;lares (13,000 millones de pesos), adem&amp;aacute;s de asistencia t&amp;eacute;cnica para preparar las elecciones y apoyo para las reformas que permitir&amp;aacute;n que el Fondo Monetario Internacional ofrezca un paquete de estabilizaci&amp;oacute;n al pa&amp;iacute;s que se encuentra corto de efectivo .</content>
        </sentence>
        <sentence id="23">
          <content>La visita del vicepresidente estadounidense ocurri&amp;oacute; dos d&amp;iacute;as antes de que los l&amp;iacute;deres de la Uni&amp;oacute;n Europea se re&amp;uacute;nan en Bruselas para dialogar sobre temas que ciertamente incluir&amp;aacute;n a la crisis en Ucrania .</content>
        </sentence>
        <sentence id="24">
          <content>Putin sigue inmutablePutin parec&amp;iacute;a inmutable por las medidas iniciales de Estados Unidos y la Uni&amp;oacute;n Europea y dijo el martes al Parlamento que Rusia lidia con unas sanciones que datan de la Guerra Fr&amp;iacute;a y que siguen en vigor .</content>
        </sentence>
        <sentence id="25">
          <content>El mandatario ruso dijo que los acontecimientos que desembocaron en el derrocamiento del presidente de Ucrania, V&amp;iacute;ktor Yanukovych, en febrero eran un "golpe de Estado" ejecutado por medio del "terror, asesinatos y genocidio" por parte de "quienes tienen fobia a Rusia y los antisemitas" .</content>
        </sentence>
        <sentence id="26">
          <content>Estados Unidos rechaz&amp;oacute; la versi&amp;oacute;n de Putin sobre el levantamiento pol&amp;iacute;tico de Ucrania y lo calific&amp;oacute; de demostraci&amp;oacute;n de anhelos democr&amp;aacute;ticos del pueblo ucraniano .</content>
        </sentence>
        <sentence id="27">
          <content>El conflicto surgi&amp;oacute; de las maniobras que Yanukovych ejecut&amp;oacute; antes de su derrocamiento para alinearse m&amp;aacute;s con el gobierno ruso en vez de seguir adelante con un acercamiento con la Uni&amp;oacute;n Europea .</content>
        </sentence>
      </sentences>
    </paragraph>
  </article>
</document>
