<?xml version="1.0" encoding="UTF-8"?>
<document id="872" link="http://mexico.cnn.com/mundo/2014/03/21/sin-problema-aparente-los-ultimos-minutos-del-vuelo-370-segun-revelacion" category="Mundo" author="Tom Cohen" highlights_mapped="false">
  <title>Sin problema aparente, los &amp;uacute;ltimos minutos del vuelo 370, seg&amp;uacute;n revelaci&amp;oacute;n - Mundo - CNNMexico.com</title>
  <keywords>vuelo 370 de Malaysia Airlines, avion, transcripcion, ultimos minutos,</keywords>
  <summaries>
    <highlights>
      <sentence id="1" ids_sentences_article="">CNN no puede confirmar la autenticidad de la transcripci&amp;oacute;n.</sentence>
      <sentence id="2" ids_sentences_article="">En ella no se revela algo extra&amp;ntilde;o.</sentence>
    </highlights>
  </summaries>
  <article>
    <paragraph id="1">
      <sentences>
        <sentence id="1">
          <content>Sin problema aparente, los &amp;uacute;ltimos minutos del vuelo 370, seg&amp;uacute;n revelaci&amp;oacute;n.</content>
        </sentence>
        <sentence id="2">
          <content>El diario 'The Telegraph' public&amp;oacute; los &amp;uacute;ltimos 54 minutos de comunicaci&amp;oacute;n entre el copiloto del avi&amp;oacute;n y el controlador a&amp;eacute;reo.</content>
        </sentence>
        <sentence id="3">
          <content>(CNN) -- Una supuesta transcripci&amp;oacute;n de los 54 minutos finales de comunicaci&amp;oacute;n con el vuelo 370 de Malaysia Airlines no revela nada que sugiera un problema, ya sea mec&amp;aacute;nico o causado por una persona .</content>
        </sentence>
        <sentence id="4">
          <content>El diario brit&amp;aacute;nico The Telegraph obtuvo lo que report&amp;oacute; como la transcripci&amp;oacute;n de las comunicaciones entre el copiloto Fariq Abdul Hamid y los controladores de tr&amp;aacute;fico antes de que el avi&amp;oacute;n despegara hasta la transmisi&amp;oacute;n final de "bueno, buenas noches" .</content>
        </sentence>
        <sentence id="5">
          <content>CNN no pudo verificar de forma inmediata la autenticidad de la transcripci&amp;oacute;n .</content>
        </sentence>
        <sentence id="6">
          <content>The Telegraph report&amp;oacute; que que el gobierno malasio se neg&amp;oacute; a revelarla .</content>
        </sentence>
        <sentence id="7">
          <content>No hay nada en la transcripci&amp;oacute;n que sugiera que algo inusual o adverso sucedi&amp;oacute; antes de que terminara la comunicaci&amp;oacute;n con el Boeing 777, seg&amp;uacute;n el reporte .</content>
        </sentence>
        <sentence id="8">
          <content>Hamid se report&amp;oacute; a las 12:36 a .</content>
        </sentence>
        <sentence id="9">
          <content>hora local en el vuelo de Kuala Lumpur a Beijing .</content>
        </sentence>
        <sentence id="10">
          <content>CNN report&amp;oacute; que la &amp;uacute;ltima transmisi&amp;oacute;n del avi&amp;oacute;n fue a la 1:19 a .</content>
        </sentence>
        <sentence id="11">
          <content>A la 1:07 a .</content>
        </sentence>
        <sentence id="12">
          <content>m (tiempo local), Hamid dijo que el avi&amp;oacute;n estaba volando a una altitud crucero de 35,000 pies (unos 10,668 metros), la misma informaci&amp;oacute;n que provey&amp;oacute; seis minutos antes .</content>
        </sentence>
        <sentence id="13">
          <content>Un expiloto de la aerol&amp;iacute;nea British Airways, quien vol&amp;oacute; el mismo tipo de avi&amp;oacute;n, no encontr&amp;oacute; nada sospechoso sobre el intercambio .</content>
        </sentence>
        <sentence id="14">
          <content>"Podr&amp;iacute;a ser tan simple como que el piloto olvid&amp;oacute; o no estaba seguro de haberle dicho al controlador de tr&amp;aacute;fico que hab&amp;iacute;a alcanzado la altitud", dijo el expiloto Steve Landells al Telegraph .</content>
        </sentence>
        <sentence id="15">
          <content>"Pudo haber reconfirmado que estaba a 35,000 pies .</content>
        </sentence>
        <sentence id="16">
          <content>No es inusual" .</content>
        </sentence>
        <sentence id="17">
          <content>La transcripci&amp;oacute;n no muestra nada inusual en la transmisi&amp;oacute;n final del vuelo, que se hizo dos minutos antes de que el transpondedor dejara de funcionar, seg&amp;uacute;n The Telegraph.</content>
        </sentence>
      </sentences>
    </paragraph>
  </article>
</document>
