<?xml version="1.0" encoding="UTF-8"?>
<document id="540" link="http://mexico.cnn.com/mundo/2014/02/13/mexico-ocupa-el-lugar-152-de-180-paises-en-un-conteo-de-libertad-de-prensa" category="Mundo" highlights_mapped="false">
  <title>M&amp;eacute;xico ocupa el lugar 152 de 180 pa&amp;iacute;ses en un conteo de libertad de prensa - Mundo - CNNMexico.com</title>
  <keywords>libertad de prensa, reporteros sin fronteras, reporte, mexico, gregorio jimenez, asesinato</keywords>
  <summaries>
    <highlights>
      <sentence id="1" ids_sentences_article="">M&amp;eacute;xico se ubica en los mismos niveles que pa&amp;iacute;ses como el Congo e Iraq.</sentence>
      <sentence id="2" ids_sentences_article="">Estados Unidos se ubica en el lugar 46, debido a persecuciones a informantes como Edward Snowden, seg&amp;uacute;n RSF.</sentence>
      <sentence id="3" ids_sentences_article="">Turmekist&amp;aacute;n, Corea del Norte y Eritrea ocupan los tres &amp;uacute;ltimos lugares de la clasificaci&amp;oacuten.</sentence>
    </highlights>
  </summaries>
  <article>
    <paragraph id="1">
      <sentences>
        <sentence id="1">
          <content>M&amp;eacute;xico ocupa el lugar 152 de 180 pa&amp;iacute;ses en un conteo de libertad de prensa.</content>
        </sentence>
        <sentence id="2">
          <content>(CNNM&amp;eacute;xico) -- M&amp;eacute;xico ocupa el lugar 152 de 180 pa&amp;iacute;ses en cuanto a libertad de prensa, un nivel similar al de naciones como el Congo o Iraq, seg&amp;uacute;n la Clasificaci&amp;oacuten Mundial elaborada por la organizaci&amp;oacuten Reporteros sin Fronteras .</content>
        </sentence>
        <sentence id="3">
          <content>Entre otras variables, esta clasificaci&amp;oacuten sobre la libertad de prensa estudia principalmente el impacto que tienen los conflictos armados en la libertad de informaci&amp;oacuten .</content>
        </sentence>
        <sentence id="4">
          <content>"En un contexto de inestabilidad los medios de comunicaci&amp;oacuten son objetivos y blancos estrat&amp;eacute;gicos para los grupos o los individuos que intentan controlar la informaci&amp;oacuten", indic&amp;oacute el reporte que se dio a conocer este jueves .</content>
        </sentence>
        <sentence id="5">
          <content>En todo el mundo los grupos "infraestatales" y el crimen organizado son las principales causas de inseguridad para los periodistas .</content>
        </sentence>
        <sentence id="6">
          <content>Espec&amp;iacute;ficamente, en Am&amp;eacute;rica Latina, los mayores riegos para los periodistas provienen de la cobertura del narcotr&amp;aacute;fico, corrupci&amp;oacuten y conflictos territoriales o mineros .</content>
        </sentence>
        <sentence id="7">
          <content>"EnM&amp;eacute;xicoestos predadores se llamanZetas, aunque existen otras organizaciones criminales que act&amp;uacute;an con la complicidad de las autoridades locales &amp;ndash;y a veces federales&amp;ndash; corruptas", se&amp;ntilde;ala el reporte de la clasificaci&amp;oacuten .</content>
        </sentence>
        <sentence id="8">
          <content>"Las amenazas principales que enfrentan los periodistas en M&amp;eacute;xico son: la impunidad que hay en torno a las investigaciones sobre agresiones, asesinatos, desapariciones, amenazas y las agresiones f&amp;iacute;sicas",dijo Balbina Flores, corresponsal de Reporteros sin fronteras en M&amp;eacute;xico .</content>
        </sentence>
        <sentence id="9">
          <content>"Tambi&amp;eacute;n est&amp;aacute; la inseguridad en la que se ejerce el trabajo period&amp;iacute;stico y la autocensura que sigue siendo un problema grave en M&amp;eacute;xico y que a Reporteros sin Fronteras le preocupa .</content>
        </sentence>
        <sentence id="10">
          <content>Pareciera que esta pr&amp;aacute;ctica se ha instalado como una cuesti&amp;oacuten normal y esto tendr&amp;iacute;a que estar preocup&amp;aacute;ndonos a los medios y a la sociedad, porque se est&amp;aacute; quedando sin informaci&amp;oacuten", agreg&amp;oacute .</content>
        </sentence>
        <sentence id="11">
          <content>En mayo del 2013, el gobierno federal anunci&amp;oacute un decreto para modificar el C&amp;oacutedigo Federal de Procedimientos Penales para dar mayor protecci&amp;oacuten a los periodistas .</content>
        </sentence>
        <sentence id="12">
          <content>"Reconozco el trabajo responsble y libre de aquellos que contribuyen a la construcci&amp;oacuten de una sociedad m&amp;aacute;s informada y m&amp;aacute;s democr&amp;aacute;tica", dijo entonces el presidente Enrique Pe&amp;ntilde;a Nieto .</content>
        </sentence>
        <sentence id="13">
          <content>La clasificaci&amp;oacuten se basa en siete indicadores: pluralismo, independencia de los medios de comunicaci&amp;oacuten, autocensura, marco legal, transparencia, infraestructura y la imposici&amp;oacuten de multas .</content>
        </sentence>
        <sentence id="14">
          <content>Del 2000 al 2013 han sido asesinados 88 periodistas y otros 18 se encuentran desaparecidos en M&amp;eacute;xico, seg&amp;uacute;n la organizaci&amp;oacuten .</content>
        </sentence>
        <sentence id="15">
          <content>Este martes el reporteroGregorio Jim&amp;eacute;nez, quien fue secuestrado en Veracruz, fue encontrado muertoen una fosa clandestina .</content>
        </sentence>
        <sentence id="16">
          <content>Los pa&amp;iacute;ses con mayor libertad de prensa son: Finlandia, que ocupa el primer lugar por cuarto a&amp;ntilde;o consecutivo, Pa&amp;iacute;ses Bajos y Noruega .</content>
        </sentence>
        <sentence id="17">
          <content>Al final de la clasificaci&amp;oacuten se encuentran: Turmekist&amp;aacute;n, Corea del Norte y Eritrea .</content>
        </sentence>
        <sentence id="18">
          <content>Estados Unidos (lugar 46) cay&amp;oacute 13 posiciones debido a la "caza de informantes" como el excontratista de la Agencia de Seguridad Nacional Edward Snowden y la condena al soldado Bradley Manning .</content>
        </sentence>
        <sentence id="19">
          <content>En &amp;Aacute;frica, pa&amp;iacute;ses como Egipto (que ocupa el lugar 159) enfrentan el control de medios por parte de la Hermandad Musulmana, otros pa&amp;iacute;ses como Somalia (176) y el Congo (lugar 151) enfrentan operaciones de guerrilla y grupos terroristas .</content>
        </sentence>
        <sentence id="20">
          <content>En tanto, Siria es el pa&amp;iacute;s m&amp;aacute;s peligroso del mundo para los periodistas .</content>
        </sentence>
        <sentence id="21">
          <content>Desde 2011, han sido asesinados 110 periodistas .</content>
        </sentence>
        <sentence id="22">
          <content>Estos profesionales se enfrentan al r&amp;eacute;gimen de Bashar Al Asad y por otra parte a grupos islamistas, seg&amp;uacute;n el reporte .</content>
        </sentence>
        <sentence id="23">
          <content>El informe se publica cada a&amp;ntilde;o y se hace con los resultados obtenidos de un cuestionario enviados a 18 organizaciones no gubernamentales en cinco continentes y a una red de 150 corresponsales,seg&amp;uacute;n la organizaci&amp;oacuten .</content>
        </sentence>
      </sentences>
    </paragraph>
  </article>
</document>
