<?xml version="1.0" encoding="UTF-8"?>
<document id="660" link="http://mexico.cnn.com/mundo/2014/03/14/la-teoria-del-secuestro-del-avion-malasio-improbable-o-esperanzadora" category="Mundo" author="Mariano Castillo" highlights_mapped="false">
  <title>La teor&amp;iacute;a del secuestro del avi&amp;oacuten malasio, &amp;iquestimprobable o esperanzadora? - Mundo - CNNMexico.com</title>
  <keywords>Malaysia  airlines, avion, malasio, desaparecido, vuelo,</keywords>
  <summaries>
    <highlights>
      <sentence id="1" ids_sentences_article="">Una teor&amp;iacute;a sobre la desaparici&amp;oacuten del vuelo 370 es que aterriz&amp;oacute en alg&amp;uacute;n lugar.</sentence>
      <sentence id="2" ids_sentences_article="">Para algunos es una teor&amp;iacute;a demasiado elaborada, para otros, una esperanza.</sentence>
    </highlights>
  </summaries>
  <article>
    <paragraph id="1">
      <sentences>
        <sentence id="1">
          <content>La teor&amp;iacute;a del secuestro del avi&amp;oacuten malasio, &amp;iquestimprobable o esperanzadora?</content>
        </sentence>
        <sentence id="2">
          <content>Los familiares de pasajeros esperan que el avi&amp;oacuten haya sido conducido a otro lugar por secuestradores y aterrizado de forma segura.</content>
        </sentence>
        <sentence id="3">
          <content>(CNN) -- En un incidente en el que nada puede ser descartado, &amp;iquest;es una sorpresa que algunos familiares de los pasajeros del avi&amp;oacuten de la aerol&amp;iacute;nea Malaysia Airlines esperen que se trate de un secuestro?Para algunos es una compleja teor&amp;iacute;a de conspiraci&amp;oacuten, y para otros representa el &amp;uacute;nico escenario que deja abierta la posibilidad de ver a sus seres queridos vivos .</content>
        </sentence>
        <sentence id="4">
          <content>As&amp;iacute; es como se sienten algunos familiares de pasajeros del avi&amp;oacuten perdido .</content>
        </sentence>
        <sentence id="5">
          <content>Las conclusiones preliminares de las autoridades muestran que un acto terrorista no est&amp;aacute; detr&amp;aacute;s de la desaparici&amp;oacuten del avi&amp;oacuten .</content>
        </sentence>
        <sentence id="6">
          <content>Pero nadie puede descartarlo .</content>
        </sentence>
        <sentence id="7">
          <content>"No puedo confirmar que no se trate de un secuestro", dijo Hishammuddin bin Hussein, ministro de Transporte de Malasia en una conferencia este viernes .</content>
        </sentence>
        <sentence id="8">
          <content>"Como dije desde el principio, y he sido muy consistente, estamos buscando todas las posibilidades" .</content>
        </sentence>
        <sentence id="9">
          <content>A medida que los d&amp;iacute;as pasan, sin avistamientos en el Oc&amp;eacute;ano, una teor&amp;iacute;a que empieza a tomar forma es que el avi&amp;oacuten pudo haber aterrizado en alg&amp;uacute;n lugar, ya sea por secuestradores o pilotos .</content>
        </sentence>
        <sentence id="10">
          <content>Una de las pistas que ha complicado la b&amp;uacute;squeda es la evidencia de que el avi&amp;oacuten desaparecido podr&amp;iacute;a haber cambiado dr&amp;aacute;sticamente de curso despu&amp;eacute;s de que su transpondedor dejara de enviar se&amp;ntilde;ales .</content>
        </sentence>
        <sentence id="11">
          <content>Si el avi&amp;oacuten efectivamente gir&amp;oacute al oeste, habr&amp;iacute;a tenido suficiente combustible para llegar a India o Pakist&amp;aacute;n, dijo a CNN el analista Tom Fuentes .</content>
        </sentence>
        <sentence id="12">
          <content>"Ten&amp;iacute;a suficiente combustible para hacerlo (&amp;hellip;) Eso dir&amp;iacute;a que alguien estaba volando el avi&amp;oacuten en esa direcci&amp;oacuten a prop&amp;oacutesito .</content>
        </sentence>
        <sentence id="13">
          <content>Ya sea que fuere un secuestrador o los mismos pilotos, alguien estaba en control del avi&amp;oacuten mientras estaba volando en el aire" .</content>
        </sentence>
        <sentence id="14">
          <content>James Kallstrom, un ex director analista del FBI, dijo que es posible que el avi&amp;oacuten aterrizara, aunque a&amp;ntilde;adi&amp;oacute que se necesita mayor informaci&amp;oacuten para llegar a una conclusi&amp;oacuten definitiva .</content>
        </sentence>
        <sentence id="15">
          <content>"Estamos obteniendo muchos datos contradictorios (&amp;hellip;) Giras hacia un lado y luego giras hacia el otro .</content>
        </sentence>
        <sentence id="16">
          <content>Los investigadores necesitan datos definitivos y correctos" .</content>
        </sentence>
        <sentence id="17">
          <content>John Nance, un analista de aviaci&amp;oacuten de ABC World News, dijo a Erin Burnett de CNN, que cualquier teor&amp;iacute;a debe ser tomada con escepticismo hasta que se encuentren restos o alguien informe que los mantiene como rehenes .</content>
        </sentence>
        <sentence id="18">
          <content>&amp;iquest;Existe a&amp;uacute;n esperanza de que los pasajeros se encuentren vivos en alg&amp;uacute;n lugar?</content>
        </sentence>
        <sentence id="19">
          <content>"Es posible, pero no es probable, pero otra vez todo esto es improbable", dijo Nance .</content>
        </sentence>
        <sentence id="20">
          <content>Esto es lo que ha causado la falta de respuestas: una lluvia infinita de posibilidades que no pueden ser descartadas, sin importar lo poco probable que suenen .</content>
        </sentence>
        <sentence id="21">
          <content>Billie Vincent, un exdirector de seguridad de la FAA, dijo que piensa que es improbable que el avi&amp;oacuten volara por tantas horas y despu&amp;eacute;s cayera al oc&amp;eacute;ano, dijo .</content>
        </sentence>
        <sentence id="22">
          <content>"Eso simplemente no tiene sentido, lo que nos lleva al punto de la posibilidad e incluso la probabilidad es que el avi&amp;oacuten fuese secuestrado y dirigido", dijo Vincent .</content>
        </sentence>
        <sentence id="23">
          <content>Pero despu&amp;eacute;s tienes que preguntarte, &amp;iquest;con qu&amp;eacute; prop&amp;oacutesito?</content>
        </sentence>
        <sentence id="24">
          <content>"Aunque las autoridades no tengan indicio de un secuestro, este es el escenario m&amp;aacute;s esperanzador para algunos .</content>
        </sentence>
      </sentences>
    </paragraph>
  </article>
</document>
