<?xml version="1.0" encoding="UTF-8"?>
<document id="674" link="http://mexico.cnn.com/mundo/2013/11/28/suspenden-nueva-audiencia-contra-el-expresidente-alberto-fujimori" category="Mundo" highlights_mapped="false">
  <title>Suspenden nueva audiencia contra el expresidente Alberto Fujimori - Mundo - CNNMexico.com</title>
  <keywords>peru, fujimori, derechos humanos, aiza mendoza, juicio, keiko, kenji, leucoplacia, c&amp;aacute;ncer bucal, lengua</keywords>
  <summaries>
    <highlights>
      <sentence id="1" ids_sentences_article="">Una audiencia previa en donde deb&amp;iacute;a comparecer el expresidente Alberto Fujimori fue suspendida este jueves.</sentence>
      <sentence id="2" ids_sentences_article="">La suspensi&amp;oacuten fue porque los jueces del circuito deb&amp;iacute;an acudir a una sesi&amp;oacuten para analizar la homologaci&amp;oacuten de sueldos.</sentence>
      <sentence id="3" ids_sentences_article="">Fujimori ser&amp;iacute;a juzgado por su participaci&amp;oacuten en la compra en 2000 de unos peri&amp;oacutedicos sensacionalistas.</sentence>
      <sentence id="4" ids_sentences_article="">El abogado del expresidente anunci&amp;oacute que este viernes Fujimori ser&amp;aacute; trasladado a un hospital para evaluar una lesi&amp;oacuten bucal precancerosa.</sentence>
    </highlights>
  </summaries>
  <article>
    <paragraph id="1">
      <sentences>
        <sentence id="1">
          <content>Suspenden nueva audiencia contra el expresidente Alberto Fujimori.</content>
        </sentence>
        <sentence id="2">
          <content>El exmandatario ser&amp;aacute; trasladado este viernes a un hospital para evaluar una nueva lesi&amp;oacuten bucal precancerosa.</content>
        </sentence>
        <sentence id="3">
          <content>(CNNM&amp;eacute;xico) -- La audiencia previa en donde deb&amp;iacute;a comparecer el expresidente Alberto Fujimori fue suspendida este jueves .</content>
        </sentence>
        <sentence id="4">
          <content>La presidenta de la Cuarta Sala Penal Liquiradora, jueza Aiza Mendoza, inform&amp;oacute que los jueces del circu&amp;iacute;to deb&amp;iacute;an acudir a una sesi&amp;oacuten de Sala Plena en el que analizan la homologaci&amp;oacutende sus sueldos .</content>
        </sentence>
        <sentence id="5">
          <content>Fujimori, sentenciado a 25 a&amp;ntilde;os de c&amp;aacute;rcel por violaci&amp;oacuten de derechos humanos, es juzgado por su presunta participaci&amp;oacuten en la compra de la l&amp;iacute;nea editorial de peri&amp;oacutedicos sensasionalistas en 2000 .</content>
        </sentence>
        <sentence id="6">
          <content>El exmandatario se mostr&amp;oacute molesto por la decisi&amp;oacuten del magistrado .</content>
        </sentence>
        <sentence id="7">
          <content>Fujimori pidi&amp;oacute derecho a palabra, pero al ser negado por la jueza Mendoza, el expresidente mostr&amp;oacute un mensaje a periodistas con una libreta en donde se quej&amp;oacute por estar incomunicado, report&amp;oacute EFE .</content>
        </sentence>
        <sentence id="8">
          <content>La agencia indic&amp;oacute que el Instituto Penitenciario orden&amp;oacute que se le corte el tel&amp;eacute;fono p&amp;uacute;blico de la prisi&amp;oacuten en la que Fujimori cumple condena, esto despu&amp;eacute;s que el expresidente realizara declaraciones a medios de comunicaci&amp;oacuten .</content>
        </sentence>
        <sentence id="9">
          <content>Por otra parte, el abogado del expresidente William Castillo anunci&amp;oacute a los medios peruanos que Fujimori ser&amp;aacute; trasladado este viernes a un hospital para ser examinado por una nueva lesi&amp;oacuten precancerosa en la lengua .</content>
        </sentence>
        <sentence id="10">
          <content>Kenji Fujimori, hijo del expresidente y congresista peruano, indic&amp;oacute que la lesi&amp;oacuten volvi&amp;oacute a aparecer este mi&amp;eacute;rcoles .</content>
        </sentence>
        <sentence id="11">
          <content>"Ayer (mi&amp;eacute;rcoles) se present&amp;oacute un rebrote de la leucoplacia, de la lesi&amp;oacuten cancerosa, en la misma zona anteriormente operada, por eso ma&amp;ntilde;ana ser&amp;aacute; llevado al (Hospital de) Neopl&amp;aacute;sicas, para ser sometido a los diferentes ex&amp;aacute;menes y ser&amp;aacute;n los m&amp;eacute;dicos los que decidir&amp;aacute;n la fecha de la pr&amp;oacutexima operaci&amp;oacuten", se&amp;ntilde;al&amp;oacute .</content>
        </sentence>
        <sentence id="12">
          <content>En octubre de 2012 se dio a conocer que Alberto Fujimori padec&amp;iacute;a de un c&amp;aacute;ncer bucal localizado no terminal .</content>
        </sentence>
        <sentence id="13">
          <content>"Para nosotros es muy claro, el paciente es portador de c&amp;aacute;ncer epidermoide de la cavidad oral, que presenta reca&amp;iacute;das y est&amp;aacute; dentro del curso de esta enfermedad cr&amp;oacutenica", se&amp;ntilde;al&amp;oacute en ese entonces Pedro S&amp;aacute;nchez, jefe de Cirug&amp;iacute;a de Cabeza y Cuello del Instituto Nacional de Enfermedades Neopl&amp;aacute;sicas de Lima .</content>
        </sentence>
        <sentence id="14">
          <content>En octubre de 2012, familiares de Fujimori presentaron una petici&amp;oacuten de indulto por el c&amp;aacute;ncer que padece el exmandatario en la lengua .</content>
        </sentence>
        <sentence id="15">
          <content>La petici&amp;oacuten fue rechazada en junio por el presidente peruano Ollanta Humala .</content>
        </sentence>
        <sentence id="16">
          <content>En marzo, un informe m&amp;eacute;dico indic&amp;oacute que no hab&amp;iacute;a evidencia de que Fujimori padeciera de dicha enfermedad .</content>
        </sentence>
        <sentence id="17">
          <content>Con informaci&amp;oacuten de EFE .</content>
        </sentence>
      </sentences>
    </paragraph>
  </article>
</document>
