<?xml version="1.0" encoding="UTF-8"?>
<document id="210" link="http://mexico.cnn.com/mundo/2014/03/07/el-salvador-se-prepara-para-elegir-un-nuevo-presidente-este-domingo" category="Mundo" highlights_mapped="false">
  <title>El Salvador se prepara para elegir un nuevo presidente este domingo - Mundo - CNNMexico.com</title>
  <keywords>el salvador, elecciones, presidente, san, salvador, arena, norman, quijano, salvador, sanchez, ceren,</keywords>
  <summaries>
    <highlights>
      <sentence id="1" ids_sentences_article="">Norman Quijano dijo estar confiado de ganar las elecciones para corregir los errores del primer gobierno de izquierda en el pa&amp;iacute;s.</sentence>
      <sentence id="2" ids_sentences_article="">Salvador S&amp;aacute;nchez Cer&amp;eacute;n afirm&amp;oacute que su partido se ha ganado la oportunidad de seguir al frente del Ejecutivo.</sentence>
    </highlights>
  </summaries>
  <article>
    <paragraph id="1">
      <sentences>
        <sentence id="1">
          <content>El Salvador se prepara para elegir un nuevo presidente este domingo.</content>
        </sentence>
        <sentence id="2">
          <content>La presidencia del pa&amp;iacute;s centroamericano estar&amp;aacute; en manos del ahora opositor Norman Quijano o de Salvador S&amp;aacute;nchez Cer&amp;eacute;n, candidato oficialista.</content>
        </sentence>
        <sentence id="3">
          <content>(CNN Espa&amp;ntilde;ol) -- Los candidatos a la presidencia en El Salvador cerraron su campa&amp;ntilde;a con multitudinarias concentraciones .</content>
        </sentence>
        <sentence id="4">
          <content>En ellas reiteraron el compromiso de fortalecer &amp;aacute;reas como la seguridad y la econom&amp;iacute;a .</content>
        </sentence>
        <sentence id="5">
          <content>El candidato del derechista partido de oposici&amp;oacuten, Alianza Republicana Nacionalista (Arena), Norman Quijano, cerr&amp;oacute su campa&amp;ntilde;a con una multitudinaria concentraci&amp;oacuten y dijo estar confiado de ganar las elecciones para corregir, seg&amp;uacute;n &amp;eacute;l, los errores del primer gobierno de izquierda en el pa&amp;iacute;s .</content>
        </sentence>
        <sentence id="6">
          <content>Por su parte, Salvador S&amp;aacute;nchez Cer&amp;eacute;n,candidato del partido en el Gobierno, elFrente Farabundo Mart&amp;iacute; para la Liberaci&amp;oacuten Nacional (FMLN),recorri&amp;oacute todo el pa&amp;iacute;s .</content>
        </sentence>
        <sentence id="7">
          <content>El oficialista afirma que su partido se ha ganado la oportunidad de seguir al frente del Ejecutivo .</content>
        </sentence>
        <sentence id="8">
          <content>En la primera vuelta, celebrada el pasado 2 de febrero, S&amp;aacute;nchez Cer&amp;eacute;n logr&amp;oacute el 48,96% y Norman Quijano, el 38,96 %, seg&amp;uacute;n datos del Tribunal Supremo Electoral (TSE) .</content>
        </sentence>
        <sentence id="9">
          <content>Tanto Quijano como S&amp;aacute;nchez dicen tener el mejor plan de gobierno para reducir los &amp;iacute;ndices de criminalidad y mejorar el desarrollo econ&amp;oacutemico, dos de los principales temas que, seg&amp;uacute;n sondeos, preocupan en mayor medida a la poblaci&amp;oacuten .</content>
        </sentence>
      </sentences>
    </paragraph>
  </article>
</document>
