<?xml version="1.0" encoding="UTF-8"?>
<document id="698" link="http://mexico.cnn.com/mundo/2014/03/10/nicolas-maduro-nombra-a-sean-penn-vocero-para-el-dialogo-con-eu" category="Mundo" highlights_mapped="false">
  <title>Nicol&amp;aacute;s Maduro nombra a Sean Penn 'vocero' para el di&amp;aacute;logo con EU - Mundo - CNNMexico.com</title>
  <keywords>venezuela, nicol&amp;aacute;s maduro, sean penn, selfie, hugo ch&amp;aacute;vez</keywords>
  <summaries>
    <highlights>
      <sentence id="1" ids_sentences_article="">Sean Penn se ha considerado un amigo del gobierno venezolano.</sentence>
      <sentence id="2" ids_sentences_article="">El actor participa en los actos conmemorativos por el primer aniversario luctuoso de Hugo Ch&amp;aacute;vez.</sentence>
    </highlights>
  </summaries>
  <article>
    <paragraph id="1">
      <sentences>
        <sentence id="1">
          <content>Nicol&amp;aacute;s Maduro nombra a Sean Penn 'vocero' para el di&amp;aacute;logo con EU.</content>
        </sentence>
        <sentence id="2">
          <content>El presidente de Venezuela nombr&amp;oacute al actor como su interlocutor para el inicio del di&amp;aacute;logo "con quien deba transmitirse".</content>
        </sentence>
        <sentence id="3">
          <content>(CNNM&amp;eacute;xico) -- El presidente de Venezuela, Nicol&amp;aacute;s Maduro, se reuni&amp;oacute este domingo con el actor estadounidense Sean Penn, y despu&amp;eacute;s de tomarse la ya casi tradicional selfie, le pidi&amp;oacute ser su portavoz ante las autoridades de Estados Unidos para el di&amp;aacute;logo y la paz .</content>
        </sentence>
        <sentence id="4">
          <content>"Hemos conversado del buen inter&amp;eacute;s que tenemos, yo le he pedido a Sean Penn que transmita a donde pueda transmitir el mayor inter&amp;eacute;s que tenemos, que yo tengo como presidente, de con el nuevo embajador Maximilien Arvel&amp;aacute;iz en Washington avanzar hacia las relaciones de di&amp;aacute;logo primero", dijo Maduro, citado por la agencia espa&amp;ntilde;ola EFE .</content>
        </sentence>
        <sentence id="5">
          <content>El encuentro en el palacio de Miraflores --donde tambi&amp;eacute;n estuvo el primer ministro de Hait&amp;iacute;, Laurent Lamothe--, el presidente venezolano Maduro dijo que Venezuela tiene "las mejores relaciones con el pueblo de Estados Unidos, sus artistas, sus intelectuales, sus l&amp;iacute;deres sociales, sindicales, afroamericanos, latinos", y asegur&amp;oacute que "nunca antes" ha habido las relaciones de ahora .</content>
        </sentence>
        <sentence id="6">
          <content>"Antes no ten&amp;iacute;amos relaciones con Estados Unidos, solamente las pel&amp;iacute;culas que ve&amp;iacute;amos y los seriales, nada m&amp;aacute;s, y la m&amp;uacute;sica, a los que nos gustaba el rock Jimmy Hendrix y Janis Joplin", seg&amp;uacute;n lo citado por EFE .</content>
        </sentence>
        <sentence id="7">
          <content>Penn y Lamothe se encuentran en Venezuela para participar en los actos conmemorativos a un a&amp;ntilde;o de la muerte de Hugo Ch&amp;aacute;vez .</content>
        </sentence>
        <sentence id="8">
          <content>En el mismo palacio de Miraflores, el primer ministro de Hait&amp;iacute; le regal&amp;oacute al mandatario una tableta de producci&amp;oacuten local .</content>
        </sentence>
        <sentence id="9">
          <content>ESTA NOCHE .</content>
        </sentence>
        <sentence id="10">
          <content>El Pdte @NicolasMaduro decide estrenar su obsequio con sus visitantes Lamothe y Sean Penn http://t .</content>
        </sentence>
        <sentence id="11">
          <content>co/Poehi3JKX1-- Teresa Maniglia (@tmaniglia) marzo 10, 2014El actor demostr&amp;oacute su amistad por el fallecido mandatario desde antes de que este enfermara .</content>
        </sentence>
        <sentence id="12">
          <content>Durante su convalecencia, particip&amp;oacute en una jornada de oraci&amp;oacuten en su honor en Bolivia a finales de 2012 y en varias ocasiones expres&amp;oacute que compart&amp;iacute;a las ideas del l&amp;iacute;der sudamericano .</content>
        </sentence>
        <sentence id="13">
          <content>La empat&amp;iacute;a entre ambas personalidades era tal que Ch&amp;aacute;vez lo llamaba el amigo americano .</content>
        </sentence>
      </sentences>
    </paragraph>
  </article>
</document>
