<?xml version="1.0" encoding="UTF-8"?>
<document id="176" link="http://mexico.cnn.com/mundo/2013/05/12/un-grupo-de-trabajo-recomienda-la-demolicion-de-sandy-hook" category="Mundo" author="Ben Brumfield" highlights_mapped="false">
  <title>Un grupo de trabajo recomienda la demolici&amp;oacuten de Sandy Hook - Mundo - CNNMexico.com</title>
  <keywords>escuela primaria sandy hook, newton, connecticut, 14 de diciembre de 2012, adam lanza, control de armas, tiroteo, rectricciones legales,</keywords>
  <summaries>
    <highlights>
      <sentence id="1" ids_sentences_article="">Todos los 28 miembros del Grupo de Trabajo de Sandy Hook apoyaron la recomendaci&amp;oacuten.</sentence>
      <sentence id="2" ids_sentences_article="">Adam Lanza irrumpi&amp;oacute en la escuela primaria Sandy Hook el 14 de diciembre.</sentence>
      <sentence id="3" ids_sentences_article="">&amp;Eacute;l es acusado por disparar al menos a 26 personas en la escuela antes de suicidarse.</sentence>
    </highlights>
  </summaries>
  <article>
    <paragraph id="1">
      <sentences>
        <sentence id="1">
          <content>Un grupo de trabajo recomienda la demolici&amp;oacuten de Sandy Hook.</content>
        </sentence>
        <sentence id="2">
          <content>Para borrar algunas de las cicatrices emocionales de los disparos, un consejo asesor propuso que el edificio sea demolido y reemplazado.</content>
        </sentence>
        <sentence id="3">
          <content>(CNN) -- El Grupo de Trabajo de Sandy Hook vot&amp;oacute un&amp;aacute;nimemente el viernes para recomendar a la junta de educaci&amp;oacuten de Newtown, Connecticut, la construcci&amp;oacuten de una nueva escuela en el sitio de la edificaci&amp;oacuten existente .</content>
        </sentence>
        <sentence id="4">
          <content>Adam Lanza irrumpi&amp;oacute en la escuela primaria Sandy Hook el 14 de diciembre 2012 armado con un rifle semiautom&amp;aacute;tico Bushmaster calibre .</content>
        </sentence>
        <sentence id="5">
          <content>223 y dos pistolas, con las que abri&amp;oacute fuego matando a 26 personas, 20 de ellos ni&amp;ntilde;os, antes de quitarse la vida .</content>
        </sentence>
        <sentence id="6">
          <content>&amp;Eacute;l hab&amp;iacute;a disparado anteriormente a su madre, Nancy Lanza, dijo la polic&amp;iacute;a .</content>
        </sentence>
        <sentence id="7">
          <content>Era un entusiasta de las armas, dado a que ten&amp;iacute;a una colecci&amp;oacuten de armas de fuego en su casa, incluyendo rifles de asalto, en una caja de seguridad en su s&amp;oacutetano, revel&amp;oacute una investigaci&amp;oacuten .</content>
        </sentence>
        <sentence id="8">
          <content>El tiroteo reaviv&amp;oacute el debate nacional sobre el control de armas y la posibilidad de restricciones legales a los rifles de asalto .</content>
        </sentence>
        <sentence id="9">
          <content>Los estudiantes de Sandy Hook ahora asisten a la Chalk Hill Middle School en la cercana ciudad de Monroe .</content>
        </sentence>
        <sentence id="10">
          <content>Parte del edificio fue transformado para parecerse a a su escuela primaria, y la seguridad se increment&amp;oacute a&amp;ntilde;adiendo nuevas c&amp;aacute;maras de vigilancia, inform&amp;oacute un funcionario de la escuela .</content>
        </sentence>
        <sentence id="11">
          <content>El grupo de trabajo de Sandy Hook hab&amp;iacute;a considerado otras alternativas, tales como la renovaci&amp;oacuten de la edificaci&amp;oacuten existente o la construcci&amp;oacuten de una nueva escuela en un sitio diferente .</content>
        </sentence>
        <sentence id="12">
          <content>Su recomendaci&amp;oacuten deber&amp;aacute; ser aprobada por el consejo escolar y luego de una votaci&amp;oacuten en un refer&amp;eacute;ndum popular, antes de que los planes se lleven a cabo .</content>
        </sentence>
        <sentence id="13">
          <content>Anneclaire Stapleton contribuy&amp;oacute con este reportaje.</content>
        </sentence>
      </sentences>
    </paragraph>
  </article>
</document>
