<?xml version="1.0" encoding="UTF-8"?>
<document id="862" link="http://mexico.cnn.com/mundo/2014/03/21/un-juez-federal-desecha-la-prohibicion-de-michigan-a-matrimonios-gay" category="Mundo" author="Greg Botelho" highlights_mapped="false">
  <title>Un juez federal desecha la prohibici&amp;oacute;n de Michigan a matrimonios gay - Mundo - CNNMexico.com</title>
  <keywords>matrimonios, personas del mismo sexo, Estados Unidos, Michigan,</keywords>
  <summaries>
    <highlights>
      <sentence id="1" ids_sentences_article="">&amp;Oacute;rdenes similares se han hecho en Texas, Virginia, Kentucky, Oklahoma y Utah.</sentence>
      <sentence id="2" ids_sentences_article="">En 2004 Michigan vot&amp;oacute; una enmienda que restringe los casamientos a parejas heterosexuales.</sentence>
    </highlights>
  </summaries>
  <article>
    <paragraph id="1">
      <sentences>
        <sentence id="1">
          <content>Un juez federal desecha la prohibici&amp;oacute;n de Michigan a matrimonios gay.</content>
        </sentence>
        <sentence id="2">
          <content>La autoridad determin&amp;oacute; que la prohibici&amp;oacute;n es ilegal por discriminar a las parejas del mismo sexo y orden&amp;oacute; dejar de aplicarla.</content>
        </sentence>
        <sentence id="3">
          <content>(CNN) -- Un juez federal determin&amp;oacute; este viernes que la prohibici&amp;oacute;n del estado de Michigan a los matrimonios del mismo sexo viola la Constituci&amp;oacute;n de Estados Unidos y orden&amp;oacute; que el estado dej&amp;eacute; de cumplirla .</content>
        </sentence>
        <sentence id="4">
          <content>"La decisi&amp;oacute;n de hoy&amp;hellip; afirma el duradero principio de que sin importar qui&amp;eacute;n sea favorecido a los ojos de la reciente mayor&amp;iacute;a, la garant&amp;iacute;a de la protecci&amp;oacute;n igualitaria debe prevalecer", escribi&amp;oacute; el juez de distrito de Estados Unidos, Briedman Friedman .</content>
        </sentence>
        <sentence id="5">
          <content>Michigan es el &amp;uacute;ltimo estado en el que los jueces federales desecharon las prohibiciones estatales constitucionales sobre los matrimonios entre personas del mismo sexo .</content>
        </sentence>
        <sentence id="6">
          <content>&amp;Oacute;rdenes similares se han hecho en Texas, Virginia, Kentucky, Oklahoma y Utah, aunque en estos casos los jueces han pospuesto las decisiones hasta que cortes mayores pueden opinar .</content>
        </sentence>
        <sentence id="7">
          <content>La decisi&amp;oacute;n del viernes es diferente en el sentido de que abre la puerta para que las parejas del mismo sexo obtengan licencias de Matrimonio en Michigan muy pronto .</content>
        </sentence>
        <sentence id="8">
          <content>La dem&amp;oacute;crata Barbara Byrum, secretaria del condado de Ingham en Michigan, dijo que est&amp;aacute; deseosa y dispuesta a hacerlo cuando su oficina abra a las 8:00 del lunes .</content>
        </sentence>
        <sentence id="9">
          <content>"Esta es una decisi&amp;oacute;n fabulosa", dijo Byrum .</content>
        </sentence>
        <sentence id="10">
          <content>"Muchos en Michigan han estado esperando la oportunidad por igualdad en nuestro gran estado y yo espero la oportunidad de emitir licencias a todas las amorosas parejas" .</content>
        </sentence>
        <sentence id="11">
          <content>Aunque el camino a la igualdad puede tener algunos baches .</content>
        </sentence>
        <sentence id="12">
          <content>El fiscal general de Michigan, Bill Schuette, un republicano cuyo t&amp;eacute;rmino expira a finales de este a&amp;ntilde;o, anunci&amp;oacute; el viernes que emiti&amp;oacute; una petici&amp;oacute;n de emergencia para apelar la orden del juez Friedman .</content>
        </sentence>
        <sentence id="13">
          <content>En 2004, los ciudadanos de Michigan reconocieron que la diversidad en la crianza de los hijos es mejor para los ni&amp;ntilde;os y familias porque las madres y padres no son intercambiables", dijo Schuette .</content>
        </sentence>
        <sentence id="14">
          <content>"Los votantes de Michigan consagran esta decisi&amp;oacute;n en nuestra constituci&amp;oacute;n estatal y su voluntad deber&amp;aacute; ser respetada" .</content>
        </sentence>
        <sentence id="15">
          <content>Se refer&amp;iacute;a al a&amp;ntilde;o en que los votantes de Michigan, junto con otros en 10 estados, aprobaron una enmienda constitucional que restringe el "casamiento o uni&amp;oacute;n similar" exclusivamente a un hombre y una mujer .</content>
        </sentence>
        <sentence id="16">
          <content>El matrimonio entre parejas del mismo sexo fue un tema candente desde entonces y las encuestas muestran que la mayor&amp;iacute;a de los estadounidenses favorecen las restricciones .</content>
        </sentence>
        <sentence id="17">
          <content>Pero la opini&amp;oacute;n p&amp;uacute;blica cambi&amp;oacute; a trav&amp;eacute;s del tiempo .</content>
        </sentence>
        <sentence id="18">
          <content>Una encuesta realizada por la cadena ABC News y el Washington Post publicada a principios de este mes encontr&amp;oacute; que el 59% de los estadounidenses est&amp;aacute;n a favor de permitir que las parejas gay o lesbianas se casen legalmente .</content>
        </sentence>
        <sentence id="19">
          <content>La enmienda de Michigan especifica que la justificaci&amp;oacute;n de sus restricciones es "asegurar y preservar los beneficios del matrimonio para nuestra sociedad y para las futuras generaciones de ni&amp;ntilde;os"Friedman, como otros jueces en casos similares, determin&amp;oacute; que la prohibici&amp;oacute;n de Michigan viola la Cl&amp;aacute;usula de Protecci&amp;oacute;n Igualitaria en la enmienda 14 de la Constituci&amp;oacute;n de Estados Unidos .</content>
        </sentence>
        <sentence id="20">
          <content>La orden del viernes, entonces pareciera abrir la puerta a las parejas del mismo sexo que adoptan ni&amp;ntilde;os en conjunto, ya que ahora pueden estar casados legalmente .</content>
        </sentence>
        <sentence id="21">
          <content>En la orden, Friedman cit&amp;oacute; a la Corte Suprema de Justicia en junio pasado que rechazan partes de la Ley de Defensa del Matrimonio mientras ordena que los c&amp;oacute;nyuges del mismo sexo casados legalmente en un Estado puedan recibir beneficios federales .</content>
        </sentence>
        <sentence id="22">
          <content>La justicia no fue tan lejos como para decir que todos los estados deben permitir que esos casamientos se hagan en sus fronteras, pero varias cortes federales m&amp;aacute;s bajas tambi&amp;eacute;n han entrado a la disputa .</content>
        </sentence>
        <sentence id="23">
          <content>Carma Hassan contribuy&amp;oacute; con este reporte.</content>
        </sentence>
      </sentences>
    </paragraph>
  </article>
</document>
