<?xml version="1.0" encoding="UTF-8"?>
<document id="31" link="http://mexico.cnn.com/mundo/2014/03/18/obama-occidente-rusia-putin-crimea-ucrania-g7-sanciones-referendum" category="Mundo" highlights_mapped="false">
  <title>Obama convoca a l&amp;iacute;deres del G-7 para discutir la situaci&amp;oacuten de Crimea - Mundo - CNNMexico.com</title>
  <keywords>crimea, ucrania, putin, vladimir putin, estados unidos, rusia, sanciones, g7, obama, refer&amp;eacute;ndum, guerra fr&amp;iacute;a</keywords>
  <summaries>
    <highlights>
      <sentence id="1" ids_sentences_article="">Obama convoc&amp;oacute a los l&amp;iacute;deres del G-7 a reunirse la pr&amp;oacutexima discusi&amp;oacuten para discutir el conflicto entre Rusia y Ucrania.</sentence>
      <sentence id="2" ids_sentences_article="">La reuni&amp;oacuten se llevar&amp;aacute; a cabo entre especulaci&amp;oacuten de que Rusia ser&amp;aacute; expulsado del G8.</sentence>
    </highlights>
  </summaries>
  <article>
    <paragraph id="1">
      <sentences>
        <sentence id="1">
          <content>Obama convoca a l&amp;iacute;deres del G-7 para discutir la situaci&amp;oacuten de Crimea.</content>
        </sentence>
        <sentence id="2">
          <content>La reuni&amp;oacuten tendr&amp;aacute; lugar la pr&amp;oacutexima semana, entre especulaciones de que Rusia ser&amp;aacute; expulsado del G-8 por anunciar la anexi&amp;oacuten de Crimea.</content>
        </sentence>
        <sentence id="3">
          <content>(CNNM&amp;eacute;xico) -- El presidente de Estados Unidos, Barack Obama, invit&amp;oacute este martes a los l&amp;iacute;deres del G-7 a reunirse la pr&amp;oacutexima semana en el marco de una junta de seguridad nuclear en Pa&amp;iacute;ses Bajos para discutir la crisis en Ucrania, anunci&amp;oacute la Casa Blanca este martes .</content>
        </sentence>
        <sentence id="4">
          <content>La reuni&amp;oacuten ocurre entre especulaciones de que Rusia ser&amp;aacute; expulsado del G-8 por anunciar que la pen&amp;iacute;nsula ucraniana de Crimea es oficialmente parte de la Federaci&amp;oacuten Rusa tras un refer&amp;eacute;ndum que realiz&amp;oacute el gobierno local .</content>
        </sentence>
        <sentence id="5">
          <content>Obama convoc&amp;oacute a los l&amp;iacute;deres del G-7, grupo en el que se incluyen Estados Unidos, Reino Unido, Francia, Alemania, Italia, Jap&amp;oacuten y Canad&amp;aacute; .</content>
        </sentence>
        <sentence id="6">
          <content>El G-8 re&amp;uacute;ne a esas naciones m&amp;aacute;s Rusia .</content>
        </sentence>
        <sentence id="7">
          <content>La reuni&amp;oacuten de la pr&amp;oacutexima semana "se enfocar&amp;aacute; en la situaci&amp;oacuten en Ucrania y en los futuros pasos que el G-7 podr&amp;iacute;a tomar para responder a los acontecimientos y dar apoyo a Ucrania", seg&amp;uacute;n un mensaje de la vocera del Consejo Nacional de Seguridad de Estados Unidos, Caitlin Hayden .</content>
        </sentence>
        <sentence id="8">
          <content>Previamente, el presidente de Rusia, Vladimir Putin, anunci&amp;oacute este martes que Crimea oficialmente es parte de Rusia, en una ceremonia en que particip&amp;oacute el primer ministro de la pen&amp;iacute;nsula y el alcalde de la capital, Sebastopol .</content>
        </sentence>
        <sentence id="9">
          <content>El gobierno de la regi&amp;oacuten aut&amp;oacutenoma realiz&amp;oacute un refer&amp;eacute;ndum este domingo, donde el 96 .</content>
        </sentence>
        <sentence id="10">
          <content>7% de los electores votaron a favor de separarse de Ucrania y convertirse en parte de Rusia .</content>
        </sentence>
        <sentence id="11">
          <content>El presidente Obama consider&amp;oacute la votaci&amp;oacuten como ilegal, as&amp;iacute; como otros gobiernos occidentale, que impusieron sanciones a m&amp;aacute;s de dos docenas de funcionarios rusos y a sus aliados en la regi&amp;oacuten de Crimea de Ucrania .</content>
        </sentence>
        <sentence id="12">
          <content>"Rusia ha ofrecido una variedad de argumentos para justificar lo que no es nada m&amp;aacute;s que apropiarse una tierra", dijo el vicepresidente de Estados Unidos, Joe Biden, este martes .</content>
        </sentence>
        <sentence id="13">
          <content>Por su parte, el Secretario de Asuntos Exteriores brit&amp;aacute;nico, William Hague, dijo este martes ante la c&amp;aacute;mara de los Comunes que Rusia "estaba escogiendo la ruta del aislamiento, negando a los ciudadanos de su propio pa&amp;iacute;s y a los de Crimea ante la comunidad internacional" .</content>
        </sentence>
        <sentence id="14">
          <content>Alla Eshchenko, Laura Smith-Spark, Frederik Pleitgen, Becky Brittain, Jason Hanna, Yon Pomrenze, Matt Smith y Marie-Louise Gumuchian contribuyeron con este reporte .</content>
        </sentence>
      </sentences>
    </paragraph>
  </article>
</document>
