<?xml version="1.0" encoding="UTF-8"?>
<document id="420" link="http://mexico.cnn.com/nacional/2014/03/10/rusia-acusa-al-gobierno-de-ucrania-de-permitir-anarquia-en-el-pais" category="Mundo" author="Marie-Louise Gumuchian, Jason Hanna y Kellie Morgan" highlights_mapped="false">
  <title>Rusia acusa al gobierno de Ucrania de permitir "anarqu&amp;iacute;a" en el pa&amp;iacute;s - Mundo - CNNMexico.com</title>
  <keywords>rusia, ucrania, crimea, tensiones, occidente, eu, ue</keywords>
  <summaries>
    <highlights>
      <sentence id="1" ids_sentences_article="">Rusia acus&amp;oacute a las autoridades de Ucrania de permitir la "anarqu&amp;iacute;a" en el pa&amp;iacute;s.</sentence>
      <sentence id="2" ids_sentences_article="">Pa&amp;iacute;ses de Occidente, en tanto, exigen un freno al refer&amp;eacute;ndum sobre Crimea.</sentence>
      <sentence id="3" ids_sentences_article="">El primer ministro ucraniano interino viajar&amp;aacute; esta semana a EU para discutir el tema.</sentence>
    </highlights>
  </summaries>
  <article>
    <paragraph id="1">
      <sentences>
        <sentence id="1">
          <content>Rusia acusa al gobierno de Ucrania de permitir "anarqu&amp;iacute;a" en el pa&amp;iacute;s.</content>
        </sentence>
        <sentence id="2">
          <content>Las autoridades interinas tienen nexos con grupos de extrema derecha y hay agresiones contra ciudadanos rusos, seg&amp;uacute;n Mosc&amp;uacute;.</content>
        </sentence>
        <sentence id="3">
          <content>SIMFER&amp;Oacute;POL, Ucrania (CNN) -- El gobierno de Rusia acus&amp;oacute este lunes a grupos de extrema derecha de "apoyar" a las nuevas autoridades de Ucrania, mientras fuerzas pro rusas consolidaron sus posiciones en la pen&amp;iacute;nsula del Mar Negro .</content>
        </sentence>
        <sentence id="4">
          <content>En un comunicado, el Ministerio de Relaciones Exteriores ruso conden&amp;oacute la "anarqu&amp;iacute;a" en el este de Ucrania y acus&amp;oacute a Occidente de guardar silencio en torno a la violencia y las detenciones contra ciudadanos rusos .</content>
        </sentence>
        <sentence id="5">
          <content>El mensaje se produce un d&amp;iacute;a despu&amp;eacute;s de que la canciller alemana, Angela Merkel, dijera al presidente ruso, Vladimir Putin, que el refer&amp;eacute;ndum respaldado por Mosc&amp;uacute; sobre si Crimea debe unirse o no a Rusa es ilegal y violar&amp;iacute;a la Constituci&amp;oacuten ucraniana si se lleva a cabo, lo que se prev&amp;eacute; que ocurra el 16 de marzo .</content>
        </sentence>
        <sentence id="6">
          <content>Putin defiende las acciones de l&amp;iacute;deres pro rusos en Crimea, donde las fuerzas rusas han ampliado su vigilancia sobre una regi&amp;oacuten que se ha convertido en el epicentro de una batalla pol&amp;iacute;tica entre Mosc&amp;uacute;, Kiev y Occidente, desde que el presidente ucraniano Viktor Yanukovych fue depuesto el mes pasado .</content>
        </sentence>
        <sentence id="7">
          <content>Mosc&amp;uacute; considera que los hechos que llevaron a la salida de Yanukovych fueron ileg&amp;iacute;timos y por ello se niega a reconocer a las nuevas autoridades ucranianas, lo que ha generado tensiones entre los dos pa&amp;iacute;ses por el control de Crimea, una zona con estrechos lazos hacia Rusia y en la que hay miles de soldados rusos .</content>
        </sentence>
        <sentence id="8">
          <content>En ese contexto, el Ministerio de Defensa de Ucrania report&amp;oacute este lunes que unos 20 activistas pro rusos, de los autodenominados escuadrones de autodefensa, irrumpieron en un hospital de Simfer&amp;oacutepol, la principal ciudad de Crimea, y echaron al jefe del centro m&amp;eacute;dico .</content>
        </sentence>
        <sentence id="9">
          <content>Episodios de ese tipo han causado preocupaci&amp;oacuten en Occidente .</content>
        </sentence>
        <sentence id="10">
          <content>El secretario general de la Organizaci&amp;oacuten de las Naciones Unidas (ONU), Ban Ki-moon, dijo este lunes que est&amp;aacute; "crecientemente alarmado" por la situaci&amp;oacuten en Ucrania .</content>
        </sentence>
        <sentence id="11">
          <content>"Los hechos recientes en Crimea en particular no han hecho m&amp;aacute;s que profundizar la crisis .</content>
        </sentence>
        <sentence id="12">
          <content>Mientras las tensiones y la desconfianza crecen, urjo a todas las partes a dejar de lado las acciones y la ret&amp;oacuterica provocativa", se&amp;ntilde;al&amp;oacute .</content>
        </sentence>
        <sentence id="13">
          <content>El gobierno de Estados Unidos, en tanto, ha advertido a Mosc&amp;uacute; que cualquier movimiento suyo para anexar Crimea a su territorio bloquear&amp;aacute; las v&amp;iacute;as diplom&amp;aacute;ticas .</content>
        </sentence>
        <sentence id="14">
          <content>El s&amp;aacute;bado, el presidente Barack Obama llam&amp;oacute a otros l&amp;iacute;deres mundiales a que exijan a Rusia que "tranquilice la situaci&amp;oacuten" .</content>
        </sentence>
        <sentence id="15">
          <content>El primer ministro ucraniano interino, Arseniy Yatsenyuk, viajar&amp;aacute; a Estados Unidos esta semana para discutir la crisis en Crimea .</content>
        </sentence>
        <sentence id="16">
          <content>Mientras, Yanukovych dar&amp;aacute; un mensaje el martes desde el pueblo ruso de Rostov, report&amp;oacute la agencia rusa Itar-Tass citando fuentes cercanas al mandatario depuesto .</content>
        </sentence>
      </sentences>
    </paragraph>
  </article>
</document>
