<?xml version="1.0" encoding="UTF-8"?>
<document id="805" link="http://mexico.cnn.com/mundo/2014/03/19/simpatizantes-prorrusos-irrumpen-en-una-base-naval-en-crimea" category="Mundo" author="Laura Smith-Spark, Nick Paton Walsh y Alla Eshchenko" highlights_mapped="false">
  <title>Simpatizantes prorrusos irrumpen en una base naval en Crimea - Mundo - CNNMexico.com</title>
  <keywords>crimea, rusia, ucrania, soldados, simferopol</keywords>
  <summaries>
    <highlights>
      <sentence id="1" ids_sentences_article="">El jefe naval ucraniano en Crimea fue sacado de su oficina por un grupo de personas armadas.</sentence>
      <sentence id="2" ids_sentences_article="">El enfrentamiento de simpatizantes prorusos y soldados ucranianos se da un d&amp;iacute;a despu&amp;eacute;s de la adhesi&amp;oacuten de Crimea a Rusia.</sentence>
      <sentence id="3" ids_sentences_article="">Dos ministros ucranianos viajan a la regi&amp;oacuten semiaut&amp;oacutenoma para evitar m&amp;aacute;s escalada de violencia.</sentence>
    </highlights>
  </summaries>
  <article>
    <paragraph id="1">
      <sentences>
        <sentence id="1">
          <content>Simpatizantes prorrusos irrumpen en una base naval en Crimea.</content>
        </sentence>
        <sentence id="2">
          <content>Unas 300 personas rodearon las oficinas ucranianas y obligaron al jefe naval a dejarla, en medio de algunos enfrentamientos.</content>
        </sentence>
        <sentence id="3">
          <content>SIMFER&amp;Oacute;POL, Crimea (CNN) -- Un d&amp;iacute;a despu&amp;eacute;s de que Rusia integr&amp;oacute a Crimea,hay se&amp;ntilde;ales de incomodidad entre las fuerzas prorrusas y ucranianas, que podr&amp;iacute;an iniciar un enfrentamiento .</content>
        </sentence>
        <sentence id="4">
          <content>Cerca de 300 simpatizantes prorrusos armados tomaron la sede de la Armada ucraniana en el puerto crimeo de Sebastopol, dijo Marina Kanalyuk, ayudante del comandante de la flota de la marina de guerra de Ucrania .</content>
        </sentence>
        <sentence id="5">
          <content>"Est&amp;aacute;n por todas partes, nos rodean, nos amenazan", dijo, y a&amp;ntilde;adi&amp;oacute que estaba segura de que las fuerzas de seguridad rusas estaban involucradas .</content>
        </sentence>
        <sentence id="6">
          <content>Kanalyuk agreg&amp;oacute que unos 70 oficiales navales de Ucrania trataron de detener el ingreso de los hombres armados a la sede y que ahora negociaban con ellos .</content>
        </sentence>
        <sentence id="7">
          <content>Hasta el momento, no se ha habido disparos, dijo .</content>
        </sentence>
        <sentence id="8">
          <content>Un poco despu&amp;eacute;s, Vladislav Seleznyov, vocero del Ministerio de Defensa en Crimea, dijo que el jefe naval ucraniano Sergey Gaiduk fue sacado de la oficina naval central por un grupo de personas .</content>
        </sentence>
        <sentence id="9">
          <content>Los hombres reemplazaron en los m&amp;aacute;stiles las banderas ucranias con la rusa y la de San Andr&amp;eacute;s, la bandera naval de la Federaci&amp;oacuten de Rusia, seg&amp;uacute;n la agencia de noticias oficial Itar-Tass .</content>
        </sentence>
        <sentence id="10">
          <content>La agencia neg&amp;oacute cualquier implicaci&amp;oacuten de los militares rusos .</content>
        </sentence>
        <sentence id="11">
          <content>El incidente ocurre un d&amp;iacute;a despu&amp;eacute;s de que un miembro de las fuerzas armadas de Ucrania fue asesinado, otro herido y uno m&amp;aacute;s capturado cuando hombres armados enmascarados se apoderaron de su base cerca de la capital de la regi&amp;oacuten de Crimea, Simfer&amp;oacutepol .</content>
        </sentence>
        <sentence id="12">
          <content>A ra&amp;iacute;z de esta muerte --la primera de un militar ucraniano desde que estall&amp;oacute la crisis en Crimea hace dos semanas--, el Ministerio de Defensa de Ucrania autoriz&amp;oacute a sus fuerzas abrir fuego .</content>
        </sentence>
        <sentence id="13">
          <content>El primer ministro, Arseniy Yatsenyuk, advirti&amp;oacute que la crisis estaba cambiando "de la pol&amp;iacute;tica a la forma militar, y la culpa es de los militares rusos" .</content>
        </sentence>
        <sentence id="14">
          <content>El viceprimer ministro de Ucrania, Vitaly Yarema, y el ministro de Defensa interino, Ihor Tenyukh, viajan este mi&amp;eacute;rcoles desde Kiev a Crimea "para evitar una escalada en el conflicto", dijo Sergiy Nahoryanski, jefe del centro de prensa del gobierno ucraniano .</content>
        </sentence>
        <sentence id="15">
          <content>No est&amp;aacute; claro si ser&amp;aacute;n capaces de acceder a la regi&amp;oacuten .</content>
        </sentence>
        <sentence id="16">
          <content>Los observadores internacionales han sido devueltos de Crimea en los &amp;uacute;ltimos d&amp;iacute;as y los vuelos tambi&amp;eacute;n se han limitado .</content>
        </sentence>
        <sentence id="17">
          <content>Este martes el presidente ruso Vladimir Putin anunci&amp;oacute la anexi&amp;oacuten de Crimea, despu&amp;eacute;s que los votantes en ese territorio semiaut&amp;oacutenomo aprobaron un refer&amp;eacute;ndum el fin de semana para la separaci&amp;oacuten de Ucrania .</content>
        </sentence>
        <sentence id="18">
          <content>"En nuestros corazones, sabemos que Crimea siempre ha sido una parte inalienable de Rusia", dijo el presidente ruso, Vladimir Putin, en una ceremonia para firmar la independencia .</content>
        </sentence>
        <sentence id="19">
          <content>El gobierno con sede en Kiev, Estados Unidos y la Uni&amp;oacuten Europea han condenado el refer&amp;eacute;ndum .</content>
        </sentence>
        <sentence id="20">
          <content>Horas despu&amp;eacute;s, el primer ministro interino de Ucrania, Arseniy Yatsenyuk, calific&amp;oacute la integraci&amp;oacuten como un "robo a escala internacional", mientras que el presidente Oleksandr Turchynov se&amp;ntilde;al&amp;oacute que la regi&amp;oacuten "ha sido y ser&amp;aacute; parte de nuestro pa&amp;iacute;s" .</content>
        </sentence>
      </sentences>
    </paragraph>
  </article>
</document>
