<?xml version="1.0" encoding="UTF-8"?>
<document id="264" link="http://mexico.cnn.com/mundo/2014/01/09/un-expresidente-de-el-salvador-admite-que-recibio-dinero-de-taiwan" category="Mundo" highlights_mapped="false">
  <title>Un expresidente de El Salvador admite que recibi&amp;oacute dinero de Taiw&amp;aacute;n - Mundo - CNNMexico.com</title>
  <keywords>expresidente salvadoreno, francisco flores, gobierno de taiwan, mauricio funes, desviacion de recursos, 10 millones de dolares, terremoto, pandillas</keywords>
  <summaries>
    <highlights>
      <sentence id="1" ids_sentences_article="">El expresidente salvadore&amp;ntilde;o Francisco Flores dijo que acept&amp;oacute dinero del gobierno de Taiw&amp;aacute;n.</sentence>
      <sentence id="2" ids_sentences_article="">Flores indic&amp;oacute que solo recibi&amp;oacute cheques y los canaliz&amp;oacute hacia donde deb&amp;iacute;an ser donados.</sentence>
      <sentence id="3" ids_sentences_article="">El exmandatario es investigado por el desv&amp;iacute;o de 10 millones de d&amp;oacutelares.</sentence>
      <sentence id="4" ids_sentences_article="">El caso ha sido denunciado en varias ocasiones por el actual presidente, Mauricio Funes.</sentence>
    </highlights>
  </summaries>
  <article>
    <paragraph id="1">
      <sentences>
        <sentence id="1">
          <content>Un expresidente de El Salvador admite que recibi&amp;oacute dinero de Taiw&amp;aacute;n.</content>
        </sentence>
        <sentence id="2">
          <content>Francisco Flores reconoci&amp;oacute que en "numerosas ocasiones" recibi&amp;oacute donaciones del gobierno taiwan&amp;eacute;s, en medio de una investigaci&amp;oacuten por desv&amp;iacute;o.</content>
        </sentence>
        <sentence id="3">
          <content>(EFE) -- El expresidente salvadore&amp;ntilde;o Francisco Flores admiti&amp;oacute este jueves que durante su administraci&amp;oacuten (1999-2004) recibi&amp;oacute en "numerosas ocasiones" donaciones a su nombre por parte del gobierno de Taiw&amp;aacute;n, pero asegur&amp;oacute que toda esa ayuda fue canalizada para atender diversos problemas del pa&amp;iacute;s .</content>
        </sentence>
        <sentence id="4">
          <content>El exmandatario dijo esto ante la comisi&amp;oacuten especial del Parlamento salvadore&amp;ntilde;o que investiga la presunta desviaci&amp;oacuten de 10 millones de d&amp;oacutelares donados por Taiw&amp;aacute;n durante su administraci&amp;oacuten, de los que no dio detalles .</content>
        </sentence>
        <sentence id="5">
          <content>El actual presidente salvadore&amp;ntilde;o, Mauricio Funes, hizo p&amp;uacute;blico el caso, bas&amp;aacute;ndose en un informe confidencial del Departamento del Tesoro de Estados Unidos y ha denunciado en reiteradas ocasiones, que Flores recibi&amp;oacute los 10 millones de d&amp;oacutelares de Taiw&amp;aacute;n entre octubre del 2003 y abril del 2004, del cual se desconoce su paradero .</content>
        </sentence>
        <sentence id="6">
          <content>"Yo recib&amp;iacute; a trav&amp;eacute;s de mi mandato apoyo de esta forma directa a mi persona del gobierno de Taiw&amp;aacute;n en numerosas ocasiones, que sobre lo que dice Funes ( . . . ) no s&amp;eacute; a qu&amp;eacute; cheque se refiere", argument&amp;oacute Flores ante la comisi&amp;oacuten parlamentaria que lo cit&amp;oacute para dar su versi&amp;oacuten sobre el caso .</content>
        </sentence>
        <sentence id="7">
          <content>Flores reconoci&amp;oacute que "nunca" gestion&amp;oacute ni recibi&amp;oacute "fondos del gobierno de Taiw&amp;aacute;n para ninguna cuenta p&amp;uacute;blica, no los recib&amp;iacute; adentro de ning&amp;uacute;n convenio de cooperaci&amp;oacuten ( . . . ) simple y sencillamente los recib&amp;iacute; de parte de una persona que era el presidente de Taiw&amp;aacute;n y me los entregaba a m&amp;iacute;", dijo sin identificar al mandatario taiwan&amp;eacute;s .</content>
        </sentence>
        <sentence id="8">
          <content>A&amp;ntilde;adi&amp;oacute que entreg&amp;oacute todos los "cheques para sus prop&amp;oacutesitos" y que "nunca" deposit&amp;oacute "un cheque del gobierno de Taiw&amp;aacute;n en ninguna cuenta" personal .</content>
        </sentence>
        <sentence id="9">
          <content>"Lo &amp;uacute;nico que hice, que era mi papel, era entregar esos fondos a su destinatario", dijo sin detallar el monto total de las donaciones recibidas bajo esa modalidad .</content>
        </sentence>
        <sentence id="10">
          <content>Flores dijo que en 2001, para ayudar a las v&amp;iacute;ctimas de un terremoto, recibi&amp;oacute de Taiw&amp;aacute;n entre 15 y 20 millones de d&amp;oacutelares y que en 2002 admiti&amp;oacute otra ayuda para combatir el narcotr&amp;aacute;fico, aunque no detall&amp;oacute la cantidad .</content>
        </sentence>
        <sentence id="11">
          <content>Tambi&amp;eacute;n recibi&amp;oacute, al final de su gesti&amp;oacuten, otro donativopara combatir las pandillas, indic&amp;oacute sin dar el monto .</content>
        </sentence>
        <sentence id="12">
          <content>Seg&amp;uacute;n Funes, el Departamento del Tesoro de Estados Unidos ha investigado el caso de los 10 millones de d&amp;oacutelares porque los cheques fueron emitidos por un banco de Nueva York, de donde pasaron a bancos de Costa Rica, Miami y Bahamas .</content>
        </sentence>
        <sentence id="13">
          <content>El pasado 9 de diciembre, la embajadora de Estados Unidos en El Salvador, Mari Carmen Aponte, indic&amp;oacute que el Departamento del Tesoro de su pa&amp;iacute;s est&amp;aacute; investigando la "alegada fuga de informaci&amp;oacuten confidencial a la prensa y al pueblo salvadore&amp;ntilde;o" sobre el caso .</content>
        </sentence>
        <sentence id="14">
          <content>Flores asegur&amp;oacute este jueves que las acusaciones de Funes son falsas y que nadie lo est&amp;aacute; investigando, ni el Departamento del Tesoro ni la Fiscal&amp;iacute;a salvadore&amp;ntilde;a, por ese supuesto hecho .</content>
        </sentence>
      </sentences>
    </paragraph>
  </article>
</document>
