<?xml version="1.0" encoding="UTF-8"?>
<document id="904" link="http://mexico.cnn.com/mundo/2014/03/24/ucrania-crimea-rusia-obama-cumbre-g7-sanciones" category="Mundo" highlights_mapped="false">
  <title>Obama y Europa imponen un "costo" a Rusia por la anexi&amp;oacute;n de Crimea - Mundo - CNNMexico.com</title>
  <keywords>barack obama, estados unidos, europa, holanda, encuentro de seguridad nuclear, putin, rusia, ucrania,</keywords>
  <summaries>
    <highlights>
      <sentence id="1" ids_sentences_article="">NUEVO: EU y seis pa&amp;iacute;ses votan para expulsar a Rusia del G8, por Crimea, anunci&amp;oacute; la Casa Blanca.</sentence>
      <sentence id="2" ids_sentences_article="">Barack Obama se encuentra en una gira por Europa, en medio de la tensi&amp;oacute;n pol&amp;iacute;tica con Rusia por la anexi&amp;oacute;n de Crimea.</sentence>
      <sentence id="3" ids_sentences_article="">Estados Unidos y Europa impusieron sanciones econ&amp;oacute;micas para Mosc&amp;uacute; por sus acciones militares.</sentence>
    </highlights>
  </summaries>
  <article>
    <paragraph id="1">
      <sentences>
        <sentence id="1">
          <content>Obama y Europa imponen un "costo" a Rusia por la anexi&amp;oacute;n de Crimea.</content>
        </sentence>
        <sentence id="2">
          <content>El presidente estadounidense se&amp;ntilde;al&amp;oacute; que Europa y Estados Unidos est&amp;aacute;n unidos para apoyar al pueblo ucraniano.</content>
        </sentence>
        <sentence id="3">
          <content>(CNNM&amp;eacute;xico) -- Estados Unidos y otras seis naciones de Occidente votaron este lunes a favor de expulsar a Rusia del grupo de l&amp;iacute;deres econ&amp;oacute;micos mundiales G-8, una medida que responde a la anexi&amp;oacute;n de Crimea hecha por Mosc&amp;uacute;, inform&amp;oacute; este lunes la Casa Blanca en un comunicado .</content>
        </sentence>
        <sentence id="4">
          <content>Horas antes, el presidente de EU, Barack Obama, puso en aviso a su hom&amp;oacute;logo ruso, Vladimir Putin, de que sus aliados en Europa est&amp;aacute;n "unidos para imponer un costo a Rusia por sus acciones" en Ucrania .</content>
        </sentence>
        <sentence id="5">
          <content>En el inicio de su gira por Europa --donde Obama participa en el encuentro de seguridad nuclear en Holanda-- el mandatario estadounidense reiter&amp;oacute; la posici&amp;oacute;n de su pa&amp;iacute;s sobre la intervenci&amp;oacute;n de Rusia en Crimea .</content>
        </sentence>
        <sentence id="6">
          <content>En Europa, Obama se encuentra en una posici&amp;oacute;n parecida a la de su viaje a la reuni&amp;oacute;n del G-20 en San Petersburgo en septiembre pasado, dominado por preguntas sobre si tomar&amp;iacute;a una acci&amp;oacute;n militar sobre Siria, el fuerte aliado de Putin en Medio Oriente .</content>
        </sentence>
        <sentence id="7">
          <content>La semana pasada, Rusia anunci&amp;oacute; la anexi&amp;oacute;n de Crimea despu&amp;eacute;s de que los habitantes de la pen&amp;iacute;nsula del Mar Negro votaran por su independencia de Ucrania en un controvertido refer&amp;eacute;ndum, que Estados Unidos y la Uni&amp;oacute;n Europea calificaron como "ileg&amp;iacute;tima" .</content>
        </sentence>
        <sentence id="8">
          <content>Hasta ahora, Estados Unidos y la Uni&amp;oacute;n Europea implementaron sancionesque afectaran directamente a sectores claves de la econom&amp;iacute;a rusa, buscando aislar a Mosc&amp;uacute; .</content>
        </sentence>
        <sentence id="9">
          <content>y otros castigos contra personas concretas en Rusia cercas al presidente Vladimir Putin, Obama ha advertido que Estados Unidos tendr&amp;iacute;a como objetivo sectores clave de la econom&amp;iacute;a rusa si Mosc&amp;uacute; intensifica la crisis ucraniana .</content>
        </sentence>
        <sentence id="10">
          <content>Pero Obama ha dicho que una incursi&amp;oacute;n militar en Ucrania est&amp;aacute; fuera de la mesa, y sus asesores no se atreven a enmarcar el momento como lo hubiera sido en los a&amp;ntilde;os 80: Obama en una esquina, Putin en la otra .</content>
        </sentence>
        <sentence id="11">
          <content>Cuando se le pregunt&amp;oacute; a laconsejera de Seguridad Nacional, Susan Rice, sobresi Estados Unidos proporcionar&amp;aacute; asistencia militar a las fuerzas armadas de Ucrania, los funcionarios del gobierno advirtieron que esa asistencia podr&amp;iacute;a traer m&amp;aacute;s tensiones .</content>
        </sentence>
        <sentence id="12">
          <content>"Nuestro objetivo han sido y siguen siendo los instrumentos econ&amp;oacute;micos y diplom&amp;aacute;ticos en este momento", dijo Rice .</content>
        </sentence>
        <sentence id="13">
          <content>"Nuestro inter&amp;eacute;s no est&amp;aacute; en ver que la situaci&amp;oacute;n escale y delegar un conflicto caliente" .</content>
        </sentence>
        <sentence id="14">
          <content>Con un estimado de 20,000 tropas rusas en la frontera de Ucrania, la pregunta es si el uso de Obama del poder blando disuadir&amp;aacute; a Putin .</content>
        </sentence>
        <sentence id="15">
          <content>Con poca resistencia, el presidente ruso podr&amp;iacute;a moverse con facilidad en el este de Ucrania, incluso mientras Obama trata de aislar a Mosc&amp;uacute; en reuniones con los aliados europeos .</content>
        </sentence>
        <sentence id="16">
          <content>Es una posibilidad que no pierden de vista los altos funcionarios del gobierno .</content>
        </sentence>
        <sentence id="17">
          <content>Para la Casa Blanca, la gira de Obama por Europa --que incluye la visita al papa Francisco-- y Arabia Saudita supone una muestra del liderazgo del presidente Barack Obama en el escenario mundial .</content>
        </sentence>
        <sentence id="18">
          <content>Rusia, &amp;iquest;fuera del G-8?</content>
        </sentence>
        <sentence id="19">
          <content>La decisi&amp;oacute;n de suspender la membres&amp;iacute;a en el G-8 ser&amp;iacute;a la &amp;uacute;ltima respuesta directa de los principales pa&amp;iacute;ses aliados contra la anexi&amp;oacute;n rusa de Crimea, hasta este mes parte de Ucrania .</content>
        </sentence>
        <sentence id="20">
          <content>Funcionarios del gobierno dijeron que no hay raz&amp;oacute;n para que Rusia permanezca en el grupo en este momento .</content>
        </sentence>
        <sentence id="21">
          <content>"Nuestro punto de vista es simplemente que si Rusia est&amp;aacute; violando flagrantemente el derecho internacional y el orden que el G-7 ha tenido la esperanza de construir desde el fin de la Guerra Fr&amp;iacute;a, no hay necesidad de colaborar con Rusia", dijo Ben Rhodes, asesor adjunto de seguridad nacional de Obama, en una declaraci&amp;oacute;n en Holanda a donde el presidente lleg&amp;oacute; este lunes .</content>
        </sentence>
        <sentence id="22">
          <content>En un gesto en respuesta a sus reformas pol&amp;iacute;ticas y econ&amp;oacute;micas, Estados Unidos, Gran Breta&amp;ntilde;a, Canad&amp;aacute;, Francia, Alemania, Jap&amp;oacute;n e Italia adhirieron a Rusia a su grupo en 1998, lo que transform&amp;oacute; al G-7 en el G-8 .</content>
        </sentence>
        <sentence id="23">
          <content>Un vocero del primer ministro brit&amp;aacute;nico, David Cameron, confirm&amp;oacute; a CNN que una cumbre del grupo inicialmente prevista para junio en Sochi, Rusia, donde se acaban de celebrar los Juegos Ol&amp;iacute;mpicos de Invierno, ahora est&amp;aacute; suspendida .</content>
        </sentence>
      </sentences>
    </paragraph>
  </article>
</document>
