<?xml version="1.0" encoding="UTF-8"?>
<document id="477" link="http://mexico.cnn.com/mundo/2014/03/18/por-que-estamos-tan-pendientes-del-vuelo-370-de-malaysia-airlines" category="Mundo" author="Dana Ford" highlights_mapped="false">
  <title>&amp;iquestPor qu&amp;eacute; estamos tan pendientes del vuelo 370 de Malaysia Airlines? - Mundo - CNNMexico.com</title>
  <keywords>mundo, vuelo 370 malaysia airlines, piers morgan live, twitter, estados unidos, malasia, india, #mh370</keywords>
  <summaries>
    <highlights>
      <sentence id="1" ids_sentences_article="">&amp;iquestPor qu&amp;eacute; seguimos hambrientos de noticias sobre el vuelo 370 del Malaysia Airlines?.</sentence>
      <sentence id="2" ids_sentences_article="">La historia ha dominado los titulares y medios sociales desde que surgi&amp;oacute.</sentence>
      <sentence id="3" ids_sentences_article="">Miles de personas ofrecieron su tiempo para recorrer parte de la zona de b&amp;uacute;squeda del avi&amp;oacuten, utilizando im&amp;aacute;genes satelitales detalladas.</sentence>
    </highlights>
  </summaries>
  <article>
    <paragraph id="1">
      <sentences>
        <sentence id="1">
          <content>&amp;iquestPor qu&amp;eacute; estamos tan pendientes del vuelo 370 de Malaysia Airlines?</content>
        </sentence>
        <sentence id="2">
          <content>Miles de personas ofrecieron su tiempo para recorrer parte de la zona de b&amp;uacute;squeda del avi&amp;oacuten desaparecido.</content>
        </sentence>
        <sentence id="3">
          <content>(CNN) -- Ha pasado m&amp;aacute;s de una semana desde que el vuelo 370 de Malaysia Airlines aparentemente se desvaneci&amp;oacute en el aire .</content>
        </sentence>
        <sentence id="4">
          <content>Las pistas son pocas y distantes entre s&amp;iacute; .</content>
        </sentence>
        <sentence id="5">
          <content>Sin embargo, seguimos pegados a la historia; hambrientos, algunos casi desesperados por conocer aunque sea la m&amp;aacute;s m&amp;iacute;nima noticia .</content>
        </sentence>
        <sentence id="6">
          <content>&amp;iquest;Por qu&amp;eacute;?</content>
        </sentence>
        <sentence id="7">
          <content>"Creo que el aspecto m&amp;aacute;s fascinante de esta historia ahora es que se ha convertido en trascendente .</content>
        </sentence>
        <sentence id="8">
          <content>Y con eso me refiero a que ya no es una historia de un accidente de avi&amp;oacuten; es una historia de un misterio", dijo Patrick Smith, un piloto de avi&amp;oacuten, bloguero y escritor, al programa Piers Morgan Live, de CNN .</content>
        </sentence>
        <sentence id="9">
          <content>La historia del vuelo 370 de Malaysia Airlines ha dominado los titulares y medios sociales desde que surgi&amp;oacute .</content>
        </sentence>
        <sentence id="10">
          <content>Para la noche del domingo, dej&amp;oacute de ser tendencia en Twitter en Estados Unidos, pero sigui&amp;oacute siendo una de las historias principales en Malasia e India .</content>
        </sentence>
        <sentence id="11">
          <content>La gente est&amp;aacute; usando la etiqueta #MH370 para conectarse .</content>
        </sentence>
        <sentence id="12">
          <content>Y las personas est&amp;aacute;n haciendo mucho m&amp;aacute;s que solo ver o leer las noticias .</content>
        </sentence>
        <sentence id="13">
          <content>Se est&amp;aacute;n involucrando .</content>
        </sentence>
        <sentence id="14">
          <content>Miles de aspirantes a buenos samaritanos ofrecieron su tiempo para recorrer parte de la zona de b&amp;uacute;squeda del avi&amp;oacuten, utilizando im&amp;aacute;genes satelitales detalladas publicadas en l&amp;iacute;nea por DigitalGlobe, una firma de Colorado que posee una de las redes de sat&amp;eacute;lites comerciales m&amp;aacute;s avanzadas del mundo .</content>
        </sentence>
        <sentence id="15">
          <content>De hecho, tantas personas se unieron al esfuerzo que el sitio web de la firma -con sus im&amp;aacute;genes para ubicar con exactitud todo lo que flota en el oc&amp;eacute;ano- colaps&amp;oacute .</content>
        </sentence>
        <sentence id="16">
          <content>Un voluntario, Mike Seberger, de 43 a&amp;ntilde;os, encontr&amp;oacute una imagen fascinante en cuesti&amp;oacuten de minutos: la silueta en el oc&amp;eacute;ano tiene la escala de un Boeing 777-200, el mismo modelo del vuelo 370 de Malaysia Airlines .</content>
        </sentence>
        <sentence id="17">
          <content>Su descubrimiento puede verse en su p&amp;aacute;gina de CNN iReport .</content>
        </sentence>
        <sentence id="18">
          <content>Es a la vez lo ordinario del vuelo y su singularidad lo que se podr&amp;iacute;a haber apoderado de nosotros .</content>
        </sentence>
        <sentence id="19">
          <content>Por un lado, muchas personas viajan en avi&amp;oacuten y pueden relacionarse f&amp;aacute;cilmente a la experiencia de volar .</content>
        </sentence>
        <sentence id="20">
          <content>Hasta que el misterio se resuelva, &amp;iquest;qui&amp;eacute;n de nosotros no va a saltar la pr&amp;oacuteximas vez que estemos en un avi&amp;oacuten y haya un poco de turbulencia?</content>
        </sentence>
        <sentence id="21">
          <content>Eso es lo que le ocurri&amp;oacute a Brian Stelter, presentador de "Reliable Sources" de CNN .</content>
        </sentence>
        <sentence id="22">
          <content>"Tendemos a identificarnos con ese tipo de desastres, as&amp;iacute; que el miedo a volar puede aumentar para mucha gente", dijo la psiquiatra Gail Saltz en ese programa .</content>
        </sentence>
        <sentence id="23">
          <content>Por otro lado, casos como la desaparici&amp;oacuten del vuelo 370 de Malaysia Airlines son sumamente inusuales . "</content>
        </sentence>
        <sentence id="24">
          <content>&amp;Eacute;ste es una acontecimiento muy extra&amp;ntilde;o", dijo Carroll Gray, un historiador de aviaci&amp;oacuten .</content>
        </sentence>
        <sentence id="25">
          <content>"No se presta a los conjuntos normales de explicaciones" .</content>
        </sentence>
        <sentence id="26">
          <content>Tales misterios son "incre&amp;iacute;blemente fascinantes", dijo Gray .</content>
        </sentence>
        <sentence id="27">
          <content>"Las cosas que est&amp;aacute;n sin resolver en cierta manera captan la atenci&amp;oacuten de la gente, especialmente cuando tienes la experiencia com&amp;uacute;n de volar" .</content>
        </sentence>
        <sentence id="28">
          <content>Saltz estuvo de acuerdo .</content>
        </sentence>
        <sentence id="29">
          <content>"Quieren hacer a alguien responsable .</content>
        </sentence>
        <sentence id="30">
          <content>Es una idea muy inquietante, y ahora mismo, no podemos culpar a nadie", dijo .</content>
        </sentence>
        <sentence id="31">
          <content>La psiquiatra resumi&amp;oacute nuestra fascinaci&amp;oacuten: "Creo que este misterio lo que ha captado nuestra atenci&amp;oacuten" .</content>
        </sentence>
      </sentences>
    </paragraph>
  </article>
</document>
