<?xml version="1.0" encoding="UTF-8"?>
<document id="261" link="http://mexico.cnn.com/mundo/2014/03/11/la-espera-por-noticias-del-vuelo-malasio-entre-lagrimas-y-demandas" category="Mundo" author="Yuli Yang y Steven Jiang" highlights_mapped="false">
  <title>La espera por noticias del vuelo malasio, entre l&amp;aacute;grimas y demandas - Mundo - CNNMexico.com</title>
  <keywords>malaysia airlines, vuelo, avion, vuelo 370, beijing, kuala lumpur, desaparecido, perdido, terrorismo</keywords>
  <summaries>
    <highlights>
      <sentence id="1" ids_sentences_article="">El vuelo 370 de Malaysia Airlines con destino a Beijing desapareci&amp;oacute de los radares el 8 de marzo.</sentence>
      <sentence id="2" ids_sentences_article="">De los 227 pasajeros a bordo del avi&amp;oacuten, 153 son de China.</sentence>
      <sentence id="3" ids_sentences_article="">Malaysia Airlines estableci&amp;oacute un centro de apoyo para los familiares en Beijing.</sentence>
    </highlights>
  </summaries>
  <article>
    <paragraph id="1">
      <sentences>
        <sentence id="1">
          <content>La espera por noticias del vuelo malasio, entre l&amp;aacute;grimas y demandas.</content>
        </sentence>
        <sentence id="2">
          <content>En el sal&amp;oacuten de un hotel que Malaysia Airlines acondicion&amp;oacute como un centro de apoyo, los familiares pasan de la calma a la desesperaci&amp;oacuten.</content>
        </sentence>
        <sentence id="3">
          <content>BEIJING, China (CNN) -- Mientras tres ejecutivos de Malysia Airlines y su int&amp;eacute;rprete miraban estoicos, un hombre chino de unos 50 a&amp;ntilde;os grit&amp;oacute: "&amp;iexcl;El tiempo vuela y ustedes necesitan buscar a la gente!"</content>
        </sentence>
        <sentence id="4">
          <content>Luego empez&amp;oacute a llorar .</content>
        </sentence>
        <sentence id="5">
          <content>El hijo del hombre viajaba en el vuelo MH370 .</content>
        </sentence>
        <sentence id="6">
          <content>El Boeing 777-200 est&amp;aacute; perdido desde la ma&amp;ntilde;ana del 8 de marzo, cuando desapareci&amp;oacute de los radares poco despu&amp;eacute;s de despegar del Aeropuerto Internacional de Kuala Lumpur .</content>
        </sentence>
        <sentence id="7">
          <content>A medida que pasa el cuarto d&amp;iacute;a de espera, familiares y amigos de los 227 pasajeros a bordo --de los cuales 153 eran chinos-- acumulan frustraci&amp;oacuten y enojo, en especial quienes permanecen en el hotel Lido, cerca del Aeropuerto Internacional Capital de Beijing .</content>
        </sentence>
        <sentence id="8">
          <content>El hombre, que empez&amp;oacute a llorar en medio de un informe de Malaysia Airlines a las familias de los pasajeros, pidi&amp;oacute saber por qu&amp;eacute; pod&amp;iacute;a escuchar el timbre del celular de su hijo cuando marcaba su n&amp;uacute;mero .</content>
        </sentence>
        <sentence id="9">
          <content>Mientras, los equipos de b&amp;uacute;squeda y rescate regresan con las manos vac&amp;iacute;as .</content>
        </sentence>
        <sentence id="10">
          <content>Los tel&amp;eacute;fonos celulares de otros pasajeros chinos tambi&amp;eacute;n conectaban, pero no hab&amp;iacute;a respuesta, seg&amp;uacute;n familiares citados por medios estatales .</content>
        </sentence>
        <sentence id="11">
          <content>Algunos expertos atribuyen esto a la configuraci&amp;oacuten de desv&amp;iacute;o de llamadas de ciertos servidores, aunque su opini&amp;oacuten tiene poca importancia entre la multitud en Lido .</content>
        </sentence>
        <sentence id="12">
          <content>Cobertura continuaMuchos familiares de los pasajeros se pasan horas caminando en el sal&amp;oacuten de baile del hotel, donde Malaysia Airlines estableci&amp;oacute un centro de apoyo .</content>
        </sentence>
        <sentence id="13">
          <content>Oficialmente, los periodistas no tienen autorizaci&amp;oacuten para entrar, pero algunos han logrado entrar de manera callada .</content>
        </sentence>
        <sentence id="14">
          <content>Diferentes dialectos chinos resuenan en el sal&amp;oacuten, donde la gente intercambia informaci&amp;oacuten y planes .</content>
        </sentence>
        <sentence id="15">
          <content>Otras personas permanecen frente a las pantallas de televisi&amp;oacuten para seguir la cobertura continua de la desaparici&amp;oacuten en los canales locales .</content>
        </sentence>
        <sentence id="16">
          <content>Leer: &amp;iquest;Qu&amp;eacute; sabemos y qu&amp;eacute; no del avi&amp;oacuten desparecido?En las mesas hay comida y agua embotellada, y los voluntarios budistas de Taiw&amp;aacute;n entregan fruta y le recuerdan a la gente comer apropiadamente, adem&amp;aacute;s de que les ofrecen abrazos .</content>
        </sentence>
        <sentence id="17">
          <content>El personal detr&amp;aacute;s de los escritorios ayuda a quienes solicitan pasaportes chinos y visas de Malasia; en una esquina hay una cabina de fotos .</content>
        </sentence>
        <sentence id="18">
          <content>El ambiente aparentemente en calma fue interrumpido por el llano y la desesperaci&amp;oacuten este martes por la tarde .</content>
        </sentence>
        <sentence id="19">
          <content>Una mujer grit&amp;oacute de repente y su familia se acerc&amp;oacute a consolarla .</content>
        </sentence>
        <sentence id="20">
          <content>"Necesitas estar sana; no es bueno si regresa y te ve as&amp;iacute;, &amp;iquest;verdad?"</content>
        </sentence>
        <sentence id="21">
          <content>, dijo un hombre joven a la mujer, mientras su esposo lloraba a su lado .</content>
        </sentence>
        <sentence id="22">
          <content>"Tienes raz&amp;oacuten", dijo la mujer, limpi&amp;aacute;ndose las lagrimas y asintiendo .</content>
        </sentence>
        <sentence id="23">
          <content>&amp;lsquo;Actitud sincera&amp;rsquo;La atm&amp;oacutesfera en el cuarto deriv&amp;oacute en un ambiente de pol&amp;eacute;mica luego de que las familias regresaron del informe de Malaysia Airlines .</content>
        </sentence>
        <sentence id="24">
          <content>La oferta de 5,000 d&amp;oacutelares en apoyo a cada miembro de la familia fue recibida con rechiflas por la audiencia .</content>
        </sentence>
        <sentence id="25">
          <content>Muchos expresaron su insatisfacci&amp;oacuten con la aerol&amp;iacute;nea, calificando sus reportes y asistencia de inadecuados .</content>
        </sentence>
        <sentence id="26">
          <content>Hablaron de su frustraci&amp;oacuten por no obtener informaci&amp;oacuten y sus sospechas acerca de la oferta de la aerol&amp;iacute;nea . "</content>
        </sentence>
        <sentence id="27">
          <content>&amp;iexcl;Espero que nos traten con una actitud sincera, de otra manera habr&amp;aacute; consecuencias graves!"</content>
        </sentence>
        <sentence id="28">
          <content>, dijo uno de los familiares, vestido de negro . "</content>
        </sentence>
        <sentence id="29">
          <content>, gritaron otros al un&amp;iacute;sono .</content>
        </sentence>
        <sentence id="30">
          <content>El hombre vestido de negro puso sobre la mesa cinco demandas para la aerol&amp;iacute;nea, incluido un coordinador para las familias de los pasajeros durante las 24 horas del d&amp;iacute;a, m&amp;aacute;s flexibilidad para que los familiares viajen a Kuala Lumpur y una reuni&amp;oacuten con las autoridades de Malasia .</content>
        </sentence>
        <sentence id="31">
          <content>"Intentamos cumplirles con recursos limitados", dijo Ignatius Ong, un ejecutivo de la aerol&amp;iacute;nea, quien pidi&amp;oacute revisar las demandas de las familias .</content>
        </sentence>
        <sentence id="32">
          <content>"Mis disculpas personales a todos aqu&amp;iacute;, pero pido nos apoyen, por favor", a&amp;ntilde;adi&amp;oacute .</content>
        </sentence>
      </sentences>
    </paragraph>
  </article>
</document>
