<?xml version="1.0" encoding="UTF-8"?>
<document id="696" link="http://mexico.cnn.com/mundo/2014/03/08/malasia-pasaportes-malaysia-airlines-avion-desaparecido-terrorismo" category="Mundo" author="Ray Sanchez" highlights_mapped="false">
  <title>La desaparici&amp;oacuten del avi&amp;oacuten malasio desata una b&amp;uacute;squeda multinacional - Mundo - CNNMexico.com</title>
  <keywords>vuelo, avion, desaparecido, perdido, malasia, pasajeros, malaysia airlines, pasaportes, robados, italia, austria</keywords>
  <summaries>
    <highlights>
      <sentence id="1" ids_sentences_article="">Varias naciones participan en la b&amp;uacute;squeda del vuelo 370 de Malaysia Airlines.</sentence>
      <sentence id="2" ids_sentences_article="">Reportes de pasaportes robados en la lista de pasajeros del vuelo generan dudas.</sentence>
      <sentence id="3" ids_sentences_article="">Austria e Italia rechazaron que dos ciudadanos, uno de cada pa&amp;iacute;s, viajaran en ese avi&amp;oacuten.</sentence>
    </highlights>
  </summaries>
  <article>
    <paragraph id="1">
      <sentences>
        <sentence id="1">
          <content>La desaparici&amp;oacuten del avi&amp;oacuten malasio desata una b&amp;uacute;squeda multinacional.</content>
        </sentence>
        <sentence id="2">
          <content>Autoridades de China, Vietnam, Malasia y EU realizan labores de b&amp;uacute;squeda en el Mar del Sur de China, donde se perdi&amp;oacute contacto con el avi&amp;oacuten.</content>
        </sentence>
        <sentence id="3">
          <content>(CNN) -- El paradero del vuelo 370 de Malaysia Airlines Vuelo 370 es a&amp;uacute;n un misterio que iniciado una b&amp;uacute;squeda multinacional en el Mar de China del Sur, donde se perdi&amp;oacute todo contacto con el vuelo que viajaba de Kuala Lumpur a Beijing .</content>
        </sentence>
        <sentence id="4">
          <content>En las primeras horas de este domingo se reanud&amp;oacute la b&amp;uacute;squeda a&amp;eacute;rea con aviones patrullando el &amp;aacute;rea en la que el vuelo podr&amp;iacute;a haber bajado el s&amp;aacute;bado, dijo Azharuddin Abdul Rahman , el director general de la aviaci&amp;oacuten civil en Malasia .</content>
        </sentence>
        <sentence id="5">
          <content>El ministro de Transporte de Malasia dijo que se ampli&amp;oacute el &amp;aacute;rea de b&amp;uacute;squeda del avi&amp;oacuten ya que existe la posibilidad de que el avi&amp;oacuten haya intentado regresar antes de desaparecer .</content>
        </sentence>
        <sentence id="6">
          <content>Por ahora las &amp;uacute;nicas pistas en la b&amp;uacute;squeda del avi&amp;oacuten desaparecido son las manchas de petr&amp;oacuteleo en el Golfo de Tailandia, donde el vuelo desapareci&amp;oacute del radar, seg&amp;uacute;n los informes .</content>
        </sentence>
        <sentence id="7">
          <content>Un avi&amp;oacuten de b&amp;uacute;squeda vietnamita, que participa en la b&amp;uacute;squeda multinacional , vio las manchas de petr&amp;oacuteleo que se extienden entre seis y nueve millas sobre el mar, inform&amp;oacute la agencia oficial de noticias del gobierno de Vietnam .</content>
        </sentence>
        <sentence id="8">
          <content>Los restos de aceite se encuentran a unos 90 kil&amp;oacutemetros al sur de Tho Chu Island, dijo el informe, en la misma zona donde el vuelo desapareci&amp;oacute del radar la madrugada del s&amp;aacute;bado .</content>
        </sentence>
        <sentence id="9">
          <content>Pero Rahman dijo que las autoridades a&amp;uacute;n no han confirmado el informe vietnamita de las manchas de petr&amp;oacuteleo .</content>
        </sentence>
        <sentence id="10">
          <content>Un grupo de agentes del FBI viajaron a Malasia para colaborar en la investigaci&amp;oacuten de la desaparici&amp;oacuten del avi&amp;oacuten .</content>
        </sentence>
        <sentence id="11">
          <content>El descubrimiento de petr&amp;oacuteleo se suma a una creciente lista de preguntas sobre el destino del avi&amp;oacuten que transportaba a 227 pasajeros y 12 miembros de la tripulaci&amp;oacuten : &amp;iquest;Por qu&amp;eacute; no hay ninguna se&amp;ntilde;al de socorro fue emitida, y quien exactamente iba a bordo?Pasaportes robados generan dudasLas dudas sobre el paradero del vuelo MH370 de Malaysia Airlines cambiaron este s&amp;aacute;bado, tras conocerse que dos pasaportes incluidos en la lista de pasajeros hab&amp;iacute;an sido reportados como robados .</content>
        </sentence>
        <sentence id="12">
          <content>Las autoridades de Malasia han estado en contacto con organizaciones antiterrorismo para tratar el tema de los pasaportes expedidos para los pasajeros del vuelo 370, seg&amp;uacute;n el ministerio de transportaci&amp;oacuten de ese pa&amp;iacute;s .</content>
        </sentence>
        <sentence id="13">
          <content>Despu&amp;eacute;s de que la aerol&amp;iacute;nea dio a conocer la lista de las 239 personas que viajaban en el avi&amp;oacuten, Austria neg&amp;oacute que uno de sus ciudadanos estuviera en el vuelo .</content>
        </sentence>
        <sentence id="14">
          <content>El ciudadano austriaco se encuentra sano y salvo, su pasaporte fue robado hace dos a&amp;ntilde;os, inform&amp;oacute el vocero del Ministerio de Relaciones Exteriores, Martin Weiss, a CNN .</content>
        </sentence>
        <sentence id="15">
          <content>El ministerio del Exterior de Italia tambi&amp;eacute;n descart&amp;oacute la presencia de italianos en el vuelo, aunque un ciudadano estaba en la lista .</content>
        </sentence>
        <sentence id="16">
          <content>Funcionarios de Malasia confirmaron que estaban al tanto de ese reporte, pero no lo confirmaron .</content>
        </sentence>
        <sentence id="17">
          <content>Este s&amp;aacute;bado, la polic&amp;iacute;a italiana visit&amp;oacute la casa de los padres de Luigi Maraldi --el hombre italiano cuyo nombre aparece en la lista-- para informarle sobre el vuelo desaparecido, inform&amp;oacute un funcionario de la polic&amp;iacute;a en Cesena, en el norte de Italia .</content>
        </sentence>
        <sentence id="18">
          <content>El padre de Miraldi, Walter, dijo a la polic&amp;iacute;a que acababa de hablar con su hijo, que estaba bien y no en el vuelo desaparecido, inform&amp;oacute el funcionario que no est&amp;aacute; autorizado para hablar con los medios de comunicaci&amp;oacuten .</content>
        </sentence>
        <sentence id="19">
          <content>Maraldi estaba vacacionando en Tailandia, dijo su padre .</content>
        </sentence>
        <sentence id="20">
          <content>El funcionario de la polic&amp;iacute;a confirm&amp;oacute que el italiano report&amp;oacute que su pasaporte fue robado en Malasia en agosto y que obtuvo uno nuevo .</content>
        </sentence>
        <sentence id="21">
          <content>Los pasaportes generaron dudas sobre un posible acto de terrorismo .</content>
        </sentence>
        <sentence id="22">
          <content>"Es una pista importante a la que debe darse seguimiento", dijo Tom Fuentes, exasistente del director del FBI y analista de seguridad .</content>
        </sentence>
        <sentence id="23">
          <content>"Si los individuos que ten&amp;iacute;an esos pasaportes no eran pasajeros, &amp;iquest;qui&amp;eacute;nes eran?</content>
        </sentence>
        <sentence id="24">
          <content>Eso ser&amp;aacute; una parte importante de la investigaci&amp;oacuten" .</content>
        </sentence>
        <sentence id="25">
          <content>Un funcionario de inteligencia de Estados Unidos dijo que estaba al tanto de los reportes de los pasaportes perdidos .</content>
        </sentence>
        <sentence id="26">
          <content>"A&amp;uacute;n no hay un nexo con el terrorismo", dijo el funcionario, "aunque eso no es definitivo, a&amp;uacute;n seguimos al pendiente" .</content>
        </sentence>
        <sentence id="27">
          <content>Autoridades de Malasia reiteraron en una conferencia de prensa que no est&amp;aacute;n descartando ning&amp;uacute;n dato respecto a lo ocurrido con el avi&amp;oacuten .</content>
        </sentence>
        <sentence id="28">
          <content>Fuentes dijo que la Interpol mantiene una extensa base de datos sobre pasaportes perdidos y robados .</content>
        </sentence>
        <sentence id="29">
          <content>El uso de estos por pasajeros del vuelo de Malaysia Airlines debi&amp;oacute ser revisado contra esa base de datos por cualquier funcionario de la aerol&amp;iacute;nea, se&amp;ntilde;al&amp;oacute .</content>
        </sentence>
        <sentence id="30">
          <content>Estados Unidos hace este tipo de revisiones en sus vuelos, agreg&amp;oacute .</content>
        </sentence>
        <sentence id="31">
          <content>Hada Messia, en Roma, y Jim Sciutto, en Washington, contribuyeron con este reporte .</content>
        </sentence>
      </sentences>
    </paragraph>
  </article>
</document>
