<?xml version="1.0" encoding="UTF-8"?>
<document id="896" link="http://mexico.cnn.com/mundo/2014/03/04/sospechosos-del-ataque-con-cuchillos-arrestados-o-muertos-dice-policia" category="Mundo" author="Kevin Wang" highlights_mapped="false">
  <title>Sospechosos del ataque con cuchillos, 'arrestados o muertos', dice polic&amp;iacute;a - Mundo - CNNMexico.com</title>
  <keywords>china, ataque con cuchillos, estacion, trenes, heridos, muertos</keywords>
  <summaries>
    <highlights>
      <sentence id="1" ids_sentences_article="">28 personas murieron y 113 resultaron heridas el 1 de marzo.</sentence>
      <sentence id="2" ids_sentences_article="">Atacantes con cuchillos largos irrumpieron en una estaci&amp;oacuten de trenes.</sentence>
    </highlights>
  </summaries>
  <article>
    <paragraph id="1">
      <sentences>
        <sentence id="1">
          <content>Sospechosos del ataque con cuchillos, 'arrestados o muertos', dice polic&amp;iacute;a.</content>
        </sentence>
        <sentence id="2">
          <content>La polic&amp;iacute;a cree eran ocho presuntos atacantes, de los cuales cuatro recibieron disparos y cuatro est&amp;aacute;n detenidos.</content>
        </sentence>
        <sentence id="3">
          <content>(CNN) -- La polic&amp;iacute;a ha arrestado a otros tres sospechosos del ataque con cuchillos que dej&amp;oacute decenas de muertos en una estaci&amp;oacuten de trenes en la ciudad de Kunming, al suroeste de China, el 1 de marzo, report&amp;oacute la agencia de noticias Xinhua este lunes, citando al Ministerio de Seguridad P&amp;uacute;blica .</content>
        </sentence>
        <sentence id="4">
          <content>Las autoridades creen que los ocho presuntos atacantes arrestados o asesinados son todos los responsables, se&amp;ntilde;al&amp;oacute la agencia .</content>
        </sentence>
        <sentence id="5">
          <content>Cuatro de ellos est&amp;aacute;n detenidos y el resto recibi&amp;oacute disparos de la polic&amp;iacute;a en la escena este s&amp;aacute;bado, de acuerdo con la agencia de noticias .</content>
        </sentence>
        <sentence id="6">
          <content>Personas que portaban cuchillos largos irrumpieron en la estaci&amp;oacuten, mataron a unas 28 personas y dejaron heridas a 113, seg&amp;uacute;n Xinhua .</content>
        </sentence>
        <sentence id="7">
          <content>Autoridades creen que miembros de un grupo separatista de Xinjian, en el noroeste de China, llevaron a cabo el ataque .</content>
        </sentence>
        <sentence id="8">
          <content>El reporte de la agencia Xinhua se refiere a ellos como terroristas .</content>
        </sentence>
      </sentences>
    </paragraph>
  </article>
</document>
