<?xml version="1.0" encoding="UTF-8"?>
<document id="889" link="http://mexico.cnn.com/mundo/2014/03/23/rusia-extiende-sus-fuerzas-sobre-la-frontera-este-de-ucrania" category="Mundo" highlights_mapped="false">
  <title>Rusia extiende sus fuerzas sobre la frontera este de Ucrania - Mundo - CNNMexico.com</title>
  <keywords>rusia, ucrania, crimea, militar, ej&amp;eacute;rcito, europa, sanciones</keywords>
  <summaries>
    <highlights>
      <sentence id="1" ids_sentences_article="">Un jefe de la OTAN dijo que Rusia ha desplegado m&amp;aacute;s de sus fuerzas en el este de Ucrania.</sentence>
      <sentence id="2" ids_sentences_article="">Manifestaciones a favor de Rusia ocurrieron en ciudades ucranianas al sur y al este.</sentence>
      <sentence id="3" ids_sentences_article="">Rusia se reserva el derecho de dar una respuesta adecuada a las sanciones de la Uni&amp;oacute;n Europea.</sentence>
    </highlights>
  </summaries>
  <article>
    <paragraph id="1">
      <sentences>
        <sentence id="1">
          <content>Rusia extiende sus fuerzas sobre la frontera este de Ucrania.</content>
        </sentence>
        <sentence id="2">
          <content>Tras la anexi&amp;oacute;n de Crimea a Rusia, las muestras de simpat&amp;iacute;a por Mosc&amp;uacute; toman lugar fuera de la pen&amp;iacute;nsula del Mar Negro.</content>
        </sentence>
        <sentence id="3">
          <content>(CNN) -- El m&amp;aacute;ximo comandante militar de la OTAN expres&amp;oacute; su preocupaci&amp;oacute;n este domingo por la acumulaci&amp;oacute;n de las fuerzas rusas en la frontera de Ucrania, mientras las fuerzas de Mosc&amp;uacute; consolidaron su control de Crimea este fin de semana .</content>
        </sentence>
        <sentence id="4">
          <content>El comandante supremo, el general Philip Breedlove, dijo que Rusia despleg&amp;oacute; una gran fuerza en la frontera este de Ucrania, lo que podr&amp;iacute;a representar una amenaza para la regi&amp;oacute;n separtaista de Transnistria, en lafrontera oriental de la Rep&amp;uacute;blica de Moldavia con Ucrania .</content>
        </sentence>
        <sentence id="5">
          <content>"Las fuerzas (de Rusia) en la frontera ucraniana que se extienden hacia el este son muy, muy grandes y muy, muy listas", dijo Breedlove, a un general de la Fuerza A&amp;eacute;rea de EU .</content>
        </sentence>
        <sentence id="6">
          <content>"Hay efectivos m&amp;aacute;s que suficientes en la frontera oriental de Ucrania hacia Transnistria, si la decisi&amp;oacute;n fue hacer eso, y eso es muy preocupante" .</content>
        </sentence>
        <sentence id="7">
          <content>Rusia dijo que sus fuerzas respeten los acuerdos internacionales .</content>
        </sentence>
        <sentence id="8">
          <content>Mosc&amp;uacute; anex&amp;oacute; Crimea tras un refer&amp;eacute;ndumcontrovertido en la regi&amp;oacute;n aut&amp;oacute;noma la semana pasada, que produjo una abrumadora mayor&amp;iacute;a de votos a favor de dejar a Ucrania y de unirse a Rusia .</content>
        </sentence>
        <sentence id="9">
          <content>"Rusia est&amp;aacute; actuando m&amp;aacute;s como un adversario que un socio", dijo Breedlove en un acto que tuvo lugar en Bruselas, B&amp;eacute;lgica, en la German Marshall Fund .</content>
        </sentence>
        <sentence id="10">
          <content>Este domingo se planearon manifestaciones a favor de Rusia en ciudades ucranianas, mientras fuerzas rusas consolidan su control sobre Crimea este fin de semana .</content>
        </sentence>
        <sentence id="11">
          <content>Pero las muestras de simpat&amp;iacute;a por Mosc&amp;uacute; toman lugar fuera de la pen&amp;iacute;nsula, en ciudades al sur y este de Ucrania, donde hay muchos rusos &amp;eacute;tnicos .</content>
        </sentence>
        <sentence id="12">
          <content>Este s&amp;aacute;bado, seis veh&amp;iacute;culos blindados de fuerzas especiales rusas irrumpieron en las puertas de la base a&amp;eacute;rea de Belbek, con disparos de advertencia al aire, dijo a CNN un vocero del Ministerio de Defensa de Ucrania .</content>
        </sentence>
        <sentence id="13">
          <content>Un periodista fue herido en un ataque, dijo Vladislav Seleznev .</content>
        </sentence>
        <sentence id="14">
          <content>Una vez adentro, los rusos alinearon a los ucranianos en un lugar, agreg&amp;oacute; .</content>
        </sentence>
        <sentence id="15">
          <content>En un incidente separado, fuerzas de auto defensa prorrusos invadieron la base militar de Novofederoskoe, tambi&amp;eacute;n en Crimea, tomando el control, apunt&amp;oacute; este s&amp;aacute;bado un ministro de defensa de Ucrania .</content>
        </sentence>
        <sentence id="16">
          <content>Seleznev tambi&amp;eacute;n acus&amp;oacute; que esas fuerzas de autodefensa crimeas y fuerzas especiales rusas tomaron otro barco ucraniano, el Slavutych .</content>
        </sentence>
        <sentence id="17">
          <content>La embarcaci&amp;oacute;n fue capturada "despu&amp;eacute;s de un asalto de dos horas", dijo, aunque la tripulaci&amp;oacute;n del barco se resguard&amp;oacute; y no sufri&amp;oacute; herida alguna .</content>
        </sentence>
        <sentence id="18">
          <content>Las fuerzas ucranianas lanzaron bombas de humo durante el incidente y retrocedieron al cuartel principal de la base, seg&amp;uacute;n apunt&amp;oacute; Seleznev en una publicaci&amp;oacute;n de Facebook .</content>
        </sentence>
        <sentence id="19">
          <content>La brigada de aviaci&amp;oacute;n de la base cant&amp;oacute; despu&amp;eacute;s el himno nacional ucraniano, baj&amp;oacute; la bandera y aband&amp;oacute; la base, dijo .</content>
        </sentence>
        <sentence id="20">
          <content>La Casa Blanca reaccion&amp;oacute;, urgiendo a Rusia a abrirse a pl&amp;aacute;ticas con el gobierno ucraniano .</content>
        </sentence>
        <sentence id="21">
          <content>Pero en un comunicado, responsabiliz&amp;oacute; directamente tambi&amp;eacute;n al ej&amp;eacute;rcito ruso en cualquier baja inflingida a los miembros del ej&amp;eacute;rcito ucraniano --ya sea de las tropas regulares rusas o las que no portan insignias .</content>
        </sentence>
        <sentence id="22">
          <content>Los incidentes ocurrieron a la vez que observadores internacionales llegaran a Ucrania para monitorear la seguridad y los derechos humanos en un trabajo se espere dure al menos seis meses .</content>
        </sentence>
        <sentence id="23">
          <content>Ucrania, Estados Unidos y otras potencias de occidente sostienen que Crimea sigue siendo parte de Ucrania .</content>
        </sentence>
        <sentence id="24">
          <content>El presidente de Estados UnidosBarack Obama planea una reuni&amp;oacute;n con los l&amp;iacute;deres del G7 la semana pr&amp;oacute;xima para discutir la situaci&amp;oacute;n en aquella regi&amp;oacute;n del este de Europa .</content>
        </sentence>
        <sentence id="25">
          <content>La semana pasada los l&amp;iacute;deres de la Uni&amp;oacute;n Europea impusieron una nueva ronda de sanciones contra 12 personas, llegando a 33 el total que enfrentan el congelamiento de activos y de viaje de Europa .</content>
        </sentence>
        <sentence id="26">
          <content>Azad Safarov, Tom Watkins, Ivan Watson, Frederik Pleitgen, Laura Smith-Spark, Matt Smith y Ben Brumfield contribuyeron con este reporte .</content>
        </sentence>
      </sentences>
    </paragraph>
  </article>
</document>
