<?xml version="1.0" encoding="UTF-8"?>
<document id="796" link="http://mexico.cnn.com/mundo/2014/03/19/seguire-siendo-diputada-hasta-que-venezuela-lo-desee-maria-corina-machado" category="Mundo" highlights_mapped="false">
  <title>Seguir&amp;eacute; siendo diputada hasta que Venezuela lo desee: Mar&amp;iacute;a Corina Machado - Mundo - CNNMexico.com</title>
  <keywords>mundo, venezuela, asamblea nacional de venezuela, maria corina machado, leopoldo lopez, oposicion venezolana, protestas, manifestaciones</keywords>
  <summaries>
    <highlights>
      <sentence id="1" ids_sentences_article="">La legisladora opositora venezolana Mar&amp;iacute;a Corina Machado dijo que no renunciar&amp;aacute; a su cargo pese a proceso en su contra.</sentence>
      <sentence id="2" ids_sentences_article="">Machado parti&amp;oacute de Venezuela hacia Washington para hablar el viernes nte la OEA sobre las protestas que vive su pa&amp;iacute;s.</sentence>
      <sentence id="3" ids_sentences_article="">Legisladores de la Asamblea Nacional de Venezuela buscan quitar la inmunidad a la diputada.</sentence>
    </highlights>
  </summaries>
  <article>
    <paragraph id="1">
      <sentences>
        <sentence id="1">
          <content>Seguir&amp;eacute; siendo diputada hasta que Venezuela lo desee: Mar&amp;iacute;a Corina Machado.</content>
        </sentence>
        <sentence id="2">
          <content>La legisladora dijo que el oficialismo busca aniquilar la oposici&amp;oacuten y culp&amp;oacute a Cuba de idear el plan para quitarle su inmunidad parlamentaria.</content>
        </sentence>
        <sentence id="3">
          <content>(CNNM&amp;eacute;xico) -- La legisladora opositora venezolana Mar&amp;iacute;a Corina Machado dijo este mi&amp;eacute;rcoles que continuar&amp;aacute; ocupando el cargo en la Asamblea venezolana y acus&amp;oacute a su suplente de estar del lado del r&amp;eacute;gimen .</content>
        </sentence>
        <sentence id="4">
          <content>"Mi suplente oficial apoya al r&amp;eacute;gimen, ahora yo seguir&amp;eacute; ocupando mi cargo y seguir&amp;eacute; siendo diputada haga lo que haga el se&amp;ntilde;or (Diosdado) Cabello (presidente de la Asamblea Nacional de Venezuela), a m&amp;iacute; me eligi&amp;oacute diputada el pueblo de Venezuela y seguir&amp;eacute; siendo hasta que el pueblo de Venezuela as&amp;iacute; lo desee", dijo Machado en entrevista telef&amp;oacutenica con CNN en Espa&amp;ntilde;ol .</content>
        </sentence>
        <sentence id="5">
          <content>El martes,legisladores de la Asamblea Nacional de Venezuelapidieron a la Fiscal&amp;iacute;a General de ese pa&amp;iacute;s que se investigue a la diputada con el fin de retirarle su inmunidad parlamentaria y juzgarla por varios hechos violentos en d&amp;iacute;as recientes .</content>
        </sentence>
        <sentence id="6">
          <content>Machado consider&amp;oacute que si los diputados oficialistas buscan doblegar y aniquilar el movimiento de oposici&amp;oacuten en el pa&amp;iacute;s sudamericano, "se equivocan, vendr&amp;aacute;n muchos a ocupar este lugar, porque no vivimos en una democracia, no hay separaci&amp;oacuten de poderes" .</content>
        </sentence>
        <sentence id="7">
          <content>La legisladora opositora venezolana afirm&amp;oacute que el proceso que pretende quitarle su inmunidad parlamentaria es orquestado por el r&amp;eacute;gimen cubano .</content>
        </sentence>
        <sentence id="8">
          <content>"Son instrucciones que vienen de La Habana, fueron los hermanos Castro los que est&amp;aacute;n ordenando que me metan presa", dijo .</content>
        </sentence>
        <sentence id="9">
          <content>Este mi&amp;eacute;rcoles, Machado parti&amp;oacute de Venezuela hacia Washington para hablar el viernes ante la Organizaci&amp;oacuten de Estados Americanos (OEA) sobre las protestas que vive su pa&amp;iacute;s, tras aceptar un ofrecimiento de Panam&amp;aacute; de cederle su asiento en el organismo regional .</content>
        </sentence>
        <sentence id="10">
          <content>Ya voy saliendo de Venezuela para atender la valiente y solidaria oportunidad que nos brinda a los venezolanos el gobierno de Panam&amp;aacute;-- Mar&amp;iacute;a Corina Machado (@MariaCorinaYA) marzo 19, 2014El presidente venezolano, Nicol&amp;aacute;s Maduro, rompi&amp;oacute relaciones diplom&amp;aacute;ticas el pasado 5 de marzo con Panam&amp;aacute;, al acusar al mandatario Ricardo Martinelli de ser un "lacayo" y de no ser "digno de su pueblo", luego de que ese pa&amp;iacute;s solicitara convocar una reuni&amp;oacuten de consulta de cancilleres para tratar el caso venezolano .</content>
        </sentence>
        <sentence id="11">
          <content>Mar&amp;iacute;a Corina Machado fue una de las dirigentes opositoras, junto al ahora encarcelado Leopoldo L&amp;oacutepez y al alcalde de Caracas, Antonio Ledezma, que llamaron a los venezolanos el 12 de febrero a pedir "la salida" del Gobierno de forma pac&amp;iacute;fica y por v&amp;iacute;a constitucional en una marcha que tuvo lugar ese d&amp;iacute;a .</content>
        </sentence>
        <sentence id="12">
          <content>La marcha, que coincidi&amp;oacute con otra de estudiantes, se desarroll&amp;oacute de forma pac&amp;iacute;fica pero a su t&amp;eacute;rmino degener&amp;oacute en incidentes de violencia contra organismos y bienes p&amp;uacute;blicos .</content>
        </sentence>
        <sentence id="13">
          <content>Tres personas perdieron la vida y por sus muertes est&amp;aacute;n detenidos agentes de inteligencia, adem&amp;aacute;s del opositor Leopoldo L&amp;oacutepez .</content>
        </sentence>
        <sentence id="14">
          <content>Tras esa jornada se desencadenaron las protestas contra las pol&amp;iacute;ticas del presidente Maduro en todo el pa&amp;iacute;s, que desde entonces vive manifestaciones todos los d&amp;iacute;as, con un saldo de al menos 29 muertos, centenares de heridos y m&amp;aacute;s de un millar de detenidos .</content>
        </sentence>
        <sentence id="15">
          <content>Leopoldo L&amp;oacutepez convoca a m&amp;aacute;s marchasPor su parte, el opositor detenido Leopoldo L&amp;oacutepezrealiz&amp;oacute una convocatoria a marchas el s&amp;aacute;bado a las 11:00 hora local, a trav&amp;eacute;s de una carta que ley&amp;oacute su esposa Lilian Tintori en CNN en Espa&amp;ntilde;ol .</content>
        </sentence>
        <sentence id="16">
          <content>"La salida de esta crisis requiere como paso fundamental que demostremos claramente cuantos somos los que estamos dispuestos a luchar hasta conseguir un cambio de gobierno pronto, pac&amp;iacute;fico y constitucional, debemos de demostrar cuanto somos los que queremos un cambio para contagiar as&amp;iacute; de valent&amp;iacute;a y solidaridad a todos los que est&amp;aacute;n descontentos", refiri&amp;oacute el dirigente en la carta .</content>
        </sentence>
        <sentence id="17">
          <content>"Debemos enviar un mensaje claro y contundente a quienes los que est&amp;aacute;n en el poder y demostrar con orgullo cuantos somos los que estamos dispuestos a avanzar en la lucha popular y en la calle, la lucha no violenta hasta alcanzar la libertad, estamos del lado correcto de la historia, fuerza y fe", concluy&amp;oacute L&amp;oacutepez en su carta .</content>
        </sentence>
      </sentences>
    </paragraph>
  </article>
</document>
