<?xml version="1.0" encoding="UTF-8"?>
<document id="872" link="http://mexico.cnn.com/mundo/2014/03/21/sexoservidoras-de-tunez-piden-que-se-reabra-un-burdel-en-ciudad-turistica" category="Mundo" author="Ammar Benaziz, Laura Smith-Spark y Saad Abedine" highlights_mapped="false">
  <title>Sexoservidoras de T&amp;uacute;nez piden que se reabra un burdel en ciudad tur&amp;iacute;stica - Mundo - CNNMexico.com</title>
  <keywords>tunez, prostitucion, legal, burdel, sexoservidoras, peticion, islamistas</keywords>
  <summaries>
    <highlights>
      <sentence id="1" ids_sentences_article="">Las prostitutas entregaron una petici&amp;oacute;n para que se reabra el burdel de Sousse.</sentence>
      <sentence id="2" ids_sentences_article="">El burdel se cerr&amp;oacute; hace unos 16 meses por orden judicial.</sentence>
      <sentence id="3" ids_sentences_article="">Una funcionaria cubierta con un velo dijo que har&amp;aacute; lo posible para ayudar a las sexoservidoras.</sentence>
      <sentence id="4" ids_sentences_article="">Las prostitutas dicen que est&amp;aacute;n pasando por graves dificultades econ&amp;oacute;micas porque no pueden trabajar.</sentence>
    </highlights>
  </summaries>
  <article>
    <paragraph id="1">
      <sentences>
        <sentence id="1">
          <content>Sexoservidoras de T&amp;uacute;nez piden que se reabra un burdel en ciudad tur&amp;iacute;stica.</content>
        </sentence>
        <sentence id="2">
          <content>A pesar de que T&amp;uacute;nez es un pa&amp;iacute;s isl&amp;aacute;mico existen burdeles autorizados, particularmente en las zonas tur&amp;iacute;sticas del pa&amp;iacute;s.</content>
        </sentence>
        <sentence id="3">
          <content>(CNN) -- Un grupo de prostitutas pidi&amp;oacute; al gobierno de T&amp;uacute;nez que reabra un burdel en la ciudad tur&amp;iacute;stica costera de Soussa luego de que se cerrara hace m&amp;aacute;s de un a&amp;ntilde;o por orden judicial .</content>
        </sentence>
        <sentence id="4">
          <content>Aunque es un pa&amp;iacute;s musulm&amp;aacute;n conservador, T&amp;uacute;nez permite la prostituci&amp;oacute;n en burdeles autorizados .</content>
        </sentence>
        <sentence id="5">
          <content>El comprar sexo en otras partes es ilegal .</content>
        </sentence>
        <sentence id="6">
          <content>Sin embargo, un tribunal orden&amp;oacute; el cierre del burdel de Soussa en noviembre de 2012, en una etapa en la que los islamistas radicales hab&amp;iacute;an emprendido una campa&amp;ntilde;a contra estos establecimientos en varias partes del pa&amp;iacute;s .</content>
        </sentence>
        <sentence id="7">
          <content>El juez que orden&amp;oacute; cerrar el burdel lo hizo luego que un abogado hablara en nombre de los vecinos de la zona .</content>
        </sentence>
        <sentence id="8">
          <content>Sin embargo, una de las sexoservidoras dijo que no exist&amp;iacute;a ning&amp;uacute;n problema con los vecinos .</content>
        </sentence>
        <sentence id="9">
          <content>"No hay problema alguno&amp;hellip; Nos atacaron los salafistas, los islamistas radicales, nos atacaron y cerraron el establecimiento por la fuerza", dijo la l&amp;iacute;der de la delegaci&amp;oacute;n, que entreg&amp;oacute; una petici&amp;oacute;n con las firmas de m&amp;aacute;s de 120 mujeres a Meherzia Labidi vicepresidenta de la Asamblea Constituyente de T&amp;uacute;nez .</content>
        </sentence>
        <sentence id="10">
          <content>"Los vecinos no ten&amp;iacute;an problemas con nosotras y nos informaron que no les molestar&amp;iacute;a que reabri&amp;eacute;ramos el burdel", dijo otra de las mujeres del grupo .</content>
        </sentence>
        <sentence id="11">
          <content>"Tenemos que regresar a nuestro trabajo porque nos enfrentamos a grandes cat&amp;aacute;strofes financieras", agreg&amp;oacute; .</content>
        </sentence>
        <sentence id="12">
          <content>Labidi, del partido islamista tunecino Ennahda --que ostenta la mayor&amp;iacute;a en la Asamblea-- dijo a las sexoservidoras que la decisi&amp;oacute;n de reabrir el burdel depend&amp;iacute;a del Ministerio del Interior pero que har&amp;iacute;a lo posible para ayudarles .</content>
        </sentence>
        <sentence id="13">
          <content>La funcionaria, que llevaba la cabeza cubierta, agreg&amp;oacute;: "Sin embargo, debemos reconocer que cualquier establecimiento en el que tenga lugar la prostituci&amp;oacute;n regularmente, aqu&amp;iacute; o en cualquier lugar del mundo, es un problema en s&amp;iacute;" .</content>
        </sentence>
        <sentence id="14">
          <content>Las trabajadoras de un burdel a menudo est&amp;aacute;n bajo la supervisi&amp;oacute;n de una mujer y se someten a revisiones m&amp;eacute;dicas frecuentes .</content>
        </sentence>
        <sentence id="15">
          <content>Su registro y regulaci&amp;oacute;n es competencia del Ministerio del Interior, aunque no se encarga de su administraci&amp;oacute;n .</content>
        </sentence>
        <sentence id="16">
          <content>"Estas mujeres son tunecinas y tienen derechos, nuestro deber es servirles .</content>
        </sentence>
        <sentence id="17">
          <content>Estoy lista para escuchar a todas con la condici&amp;oacute;n de que tenga tiempo, de que sus peticiones sean posibles y que puedan atenderse en tales circunstancias; tienen el derecho de que todos las escuchen", dijo Labidi a Mosaique FMLos burdeles autorizados del pa&amp;iacute;s datan de hace casi un siglo y su existencia se document&amp;oacute; por primera vez durante el periodo colonial franc&amp;eacute;s .</content>
        </sentence>
        <sentence id="18">
          <content>Tras la independencia, el gobierno tunecino reorganiz&amp;oacute; el sector .</content>
        </sentence>
        <sentence id="19">
          <content>Hab&amp;iacute;a burdeles en muchas provincias del pa&amp;iacute;s, especialmente en las zonas populares entre los turistas de la regi&amp;oacute;n .</content>
        </sentence>
      </sentences>
    </paragraph>
  </article>
</document>
