<?xml version="1.0" encoding="UTF-8"?>
<document id="823" link="http://mexico.cnn.com/mundo/2014/03/07/una-imagen-del-venezolano-leopoldo-lopez-desde-prision-circula-en-internet" category="Mundo" highlights_mapped="false">
  <title>Una imagen del venezolano Leopoldo L&amp;oacutepez desde prisi&amp;oacuten circula en internet - Mundo - CNNMexico.com</title>
  <keywords>venezuela, conflicto, leopoldo, lopez, lider, opositor, detenido, carcel, fotos, ineditas, run run</keywords>
  <summaries>
    <highlights>
      <sentence id="1" ids_sentences_article="">L&amp;oacutepez cumple este viernes 18 d&amp;iacute;as detenido en la c&amp;aacute;rcel militar de Ramo Verde.</sentence>
    </highlights>
  </summaries>
  <article>
    <paragraph id="1">
      <sentences>
        <sentence id="1">
          <content>Una imagen del venezolano Leopoldo L&amp;oacutepez desde prisi&amp;oacuten circula en internet.</content>
        </sentence>
        <sentence id="2">
          <content>Im&amp;aacute;genes del l&amp;iacute;der opositor comenzaron a circular en internet; son las primeras fotos desde que se entreg&amp;oacute el 18 de febrero.</content>
        </sentence>
        <sentence id="3">
          <content>(CNN en Espa&amp;ntilde;ol) -- Im&amp;aacute;genes in&amp;eacute;ditas del que afirman es el coordinador nacional venezolano del partido Voluntad Popular, Leopoldo L&amp;oacutepez, trascendieron el jueves a trav&amp;eacute;s del sitio runrun .</content>
        </sentence>
        <sentence id="4">
          <content>esL&amp;oacutepez cumple este viernes 18 d&amp;iacute;as detenido en la c&amp;aacute;rcel militar de Ramo Verde, luego de que el presidente Nicol&amp;aacute;s Maduro ordenara su arresto .</content>
        </sentence>
        <sentence id="5">
          <content>En estas im&amp;aacute;genes se aprecia a L&amp;oacutepez a trav&amp;eacute;s de los cercos de seguridad visiblemente barbudo, con una franela color verde .</content>
        </sentence>
        <sentence id="6">
          <content>Esta es la primera foto del l&amp;iacute;der opositor desde que se entreg&amp;oacute el 18 de febrero, usando una franela con el mensaje #ElQueSeCansaPierde .</content>
        </sentence>
        <sentence id="7">
          <content>Antonieta M .</content>
        </sentence>
        <sentence id="8">
          <content>L&amp;oacutepez, madre de Leopoldo, escribi&amp;oacute un mensaje para su hijo tras conocerse la imagen .</content>
        </sentence>
        <sentence id="9">
          <content>No hay barrotes que puedan arrancar del coraz&amp;oacuten de mi hijo su sue&amp;ntilde;o por la mejor #VenezueIa &amp;iexcl;Leo, querido, aqu&amp;iacute; seguimos por ti!</content>
        </sentence>
        <sentence id="10">
          <content>-- Antonieta M .</content>
        </sentence>
        <sentence id="11">
          <content>L&amp;oacutepez (@antonietamlopez) marzo 7, 2014La Fiscal&amp;iacute;a General de Venezuela emiti&amp;oacute una orden de captura contra L&amp;oacutepez el pasado 13 de febrero por homicidio y terrorismo, tras las manifestaciones antigubernamentales que convoc&amp;oacute y en las que se registraron enfrentamientos .</content>
        </sentence>
        <sentence id="12">
          <content>Venezuela se encuentra dividida por protestas a favor y en contra del gobierno de Nicol&amp;aacute;s Maduro, en las que han fallecido al menos 20 personas .</content>
        </sentence>
      </sentences>
    </paragraph>
  </article>
</document>
