<?xml version="1.0" encoding="UTF-8"?>
<document id="860" link="http://mexico.cnn.com/mundo/2014/02/26/un-juez-revoca-la-prohibicion-de-los-matrimonios-del-mismo-sexo-en-texas" category="Mundo" author="Bill Mears" highlights_mapped="false">
  <title>Un juez revoca la prohibici&amp;oacute;n de los matrimonios del mismo sexo en Texas - Mundo - CNNMexico.com</title>
  <keywords>juez, revoca, prihibicion, matrimonios, mismo sexo, texas, matrimonio gay, Orlando garcia, corte, apelaciones, nueva orleans, Cleopatra De Leon, Nicole Dimetman, Mark Phariss, victor Holmes, Greg Abbott</keywords>
  <summaries>
    <highlights>
      <sentence id="1" ids_sentences_article="">Un juez dice que la prohibici&amp;oacute;n de los matrimonios del mismo sexo no tiene relaci&amp;oacute;n racional con legitimar el gobierno.</sentence>
      <sentence id="2" ids_sentences_article="">La decisi&amp;oacute;n es la &amp;uacute;ltima de una serie de fallos contra leyes que proh&amp;iacute;ben a parejas de homosexuales y lesbianas casarse.</sentence>
      <sentence id="3" ids_sentences_article="">El caso de Texas es probable que ahora sea analizado por una corte de apelaciones en Nueva Orleans.</sentence>
    </highlights>
  </summaries>
  <article>
    <paragraph id="1">
      <sentences>
        <sentence id="1">
          <content>Un juez revoca la prohibici&amp;oacute;n de los matrimonios del mismo sexo en Texas.</content>
        </sentence>
        <sentence id="2">
          <content>La medida no implica que se puedan celebrar enlaces en el estado, a la espera de que el caso sea presentado en una corte de apelaciones.</content>
        </sentence>
        <sentence id="3">
          <content>(CNN) -- Un juez federal revoc&amp;oacute; la prohibici&amp;oacute;n de los matrimonios de personas del mismo sexo en Texas, en un fallo dado a conocer este mi&amp;eacute;rcoles en el cual se afirma que "no hay relaci&amp;oacute;n racional con un prop&amp;oacute;sito leg&amp;iacute;timo del gobierno" .</content>
        </sentence>
        <sentence id="4">
          <content>La decisi&amp;oacute;n es la &amp;uacute;ltima de una serie de fallos de cortes estatales y federales contra leyes que proh&amp;iacute;ben el matrimonio de parejas de homosexuales y lesbianas .</content>
        </sentence>
        <sentence id="5">
          <content>El juez Orlando Garc&amp;iacute;a, de San Antonio, mantuvo la prohibici&amp;oacute;n de los matrimonios mientras se apela el fallo, lo que significa que las parejas homosexuales en Texas, por lo pronto, no se podr&amp;aacute;n casar .</content>
        </sentence>
        <sentence id="6">
          <content>"Una de las principales responsabilidades de la corte es asegurar que los individuos sean tratados igualitariamente bajo la ley .</content>
        </sentence>
        <sentence id="7">
          <content>El trato igualitario de todos los individuos al amparo de la ley no es meramente una aspiraci&amp;oacute;n, es un mandato constitucional", afirm&amp;oacute; Garc&amp;iacute;a .</content>
        </sentence>
        <sentence id="8">
          <content>"El precedente de la Corte Suprema proh&amp;iacute;be a los estados aprobar legislaci&amp;oacute;n nacida de aversi&amp;oacute;n contra los homosexuales, tiene protecci&amp;oacute;n constitucional extendida a las opciones morales y sexuales de los homosexuales y proh&amp;iacute;be que el gobierno federal trate de forma diferente a los matrimonios entre personas de diferente sexo aprobados por los estados y a los de personas del mismo sexo", dijo .</content>
        </sentence>
        <sentence id="9">
          <content>Dos parejas conformadas por personas del mismo sexo presentaron la demanda original, Cleopatra De Leon y Nicole Dimetman de Austin; y Mark Phariss y V&amp;iacute;ctor Holmes de Plano .</content>
        </sentence>
        <sentence id="10">
          <content>Entre los que defienden la prohibici&amp;oacute;n de Texas est&amp;aacute; el fiscal estatal Greg Abbott, que es el principal candidato republicano a gobernador .</content>
        </sentence>
        <sentence id="11">
          <content>Se espera ahora que funcionarios estatales lleven el caso a una corte de apelaciones en Nueva Orleans .</content>
        </sentence>
        <sentence id="12">
          <content>La decisi&amp;oacute;n de Garc&amp;iacute;a es igual que otras en recientes semanas de cortes federales en Utah, Oklahoma, Kentuckyy Virginia .</content>
        </sentence>
        <sentence id="13">
          <content>El renovado momento legal, pol&amp;iacute;tico y social sobre el caso ocurre seis meses despu&amp;eacute;s de que la Corte Suprema de Estados Unidosinvalid&amp;oacute; partes de la Ley de Defensa del Matrimonioque no reconoc&amp;iacute;an el matrimonio de personas del mismo sexo en cuestiones federales .</content>
        </sentence>
        <sentence id="14">
          <content>Un total de 17 estados aprueban ahora ese tipo de uniones legales .</content>
        </sentence>
      </sentences>
    </paragraph>
  </article>
</document>
