<?xml version="1.0" encoding="UTF-8"?>
<document id="728" link="http://mexico.cnn.com/mundo/2013/07/29/por-que-deberia-juzgar-a-los-gays-cuestiona-el-papa-francisco" category="Mundo" highlights_mapped="false">
  <title>"&amp;iquestQui&amp;eacute;n soy yo para juzgar a los gays?", cuestiona el papa Francisco - Francisco, el primer papa latinoamericano - Mundo - CNNMexico.com</title>
  <keywords>francisco, lobby gay, mujeres, ordenacion, sacerdotizas, homosexuales, juzgar, banco, vaticano,</keywords>
  <summaries>
    <highlights>
      <sentence id="1" ids_sentences_article="">El Papa dijo que no hay problema con que alguien sea gay, pero que no deben existir grupos de presi&amp;oacuten.</sentence>
      <sentence id="2" ids_sentences_article="">La puerta "est&amp;aacute; cerrada" para la ordenaci&amp;oacuten de las mujeres, dijo Francisco.</sentence>
      <sentence id="3" ids_sentences_article="">Francisco insisti&amp;oacute en que la participaci&amp;oacuten de la mujer en la iglesia debe de ser m&amp;aacute;s activa.</sentence>
    </highlights>
  </summaries>
  <article>
    <paragraph id="1">
      <sentences>
        <sentence id="1">
          <content>"&amp;iquestQui&amp;eacute;n soy yo para juzgar a los gays?"</content>
        </sentence>
        <sentence id="2">
          <content>, cuestiona el papa Francisco.</content>
        </sentence>
        <sentence id="3">
          <content>El l&amp;iacute;der cat&amp;oacutelico reiter&amp;oacute la posici&amp;oacuten de la Iglesia contra el matrimonio entre personas del mismo sexo, las mujeres sacerdotes y el aborto.</content>
        </sentence>
        <sentence id="4">
          <content>(CNNM&amp;eacute;xico) -- El papa Francisco dijo este lunes que &amp;eacute;l no juzga a las personas homosexuales, quienes no deben se marginadas de la sociedad, un discurso que da se&amp;ntilde;ales de que el nuevo l&amp;iacute;der cat&amp;oacutelico est&amp;aacute; comprometido con cambiar la postura hist&amp;oacuterica de la Iglesia respecto a grupos discriminados .</content>
        </sentence>
        <sentence id="5">
          <content>"El problema no es tener esta tendencia, todos necesitamos ser hermanos .</content>
        </sentence>
        <sentence id="6">
          <content>El problema es tener un lobby .</content>
        </sentence>
        <sentence id="7">
          <content>Hay muchos grupos de presi&amp;oacuten, con esta tendencia, lobbys pol&amp;iacute;ticos, el lobby, &amp;eacute;se es el gran problema", dijo en su primera conferencia de prensa, en el vuelo de Brasil a Roma .</content>
        </sentence>
        <sentence id="8">
          <content>"Cuando alguien se encuentre con una persona as&amp;iacute;, deben hacer la distinci&amp;oacuten entre ser una persona gay y formar parte de un lobby .</content>
        </sentence>
        <sentence id="9">
          <content>Ning&amp;uacute;n lobby es bueno, eso es algo malo .</content>
        </sentence>
        <sentence id="10">
          <content>Si una persona es gay y busca a Dios, y tiene buena voluntad, &amp;iquest;qui&amp;eacute;n soy yo para juzgarla?"</content>
        </sentence>
        <sentence id="11">
          <content>, cuestion&amp;oacute Francisco .</content>
        </sentence>
        <sentence id="12">
          <content>El problema, dijo, es que estos grupos trabajan en contra de los intereses de la Iglesia .</content>
        </sentence>
        <sentence id="13">
          <content>Las declaraciones de Francisco tambi&amp;eacute;n marcan diferencia de la pol&amp;iacute;tica de su antecesor, Benedicto XVI, quien en 2005 prohibi&amp;oacute a sacerdotes "activamente homosexuales, con tendencias homosexuales o que apoyan la llamada cultura gay" .</content>
        </sentence>
        <sentence id="14">
          <content>Sin embargo, Francisco reiter&amp;oacute la posici&amp;oacuten de rechazo de la Iglesia cat&amp;oacutelica al matrimonio homosexual .</content>
        </sentence>
        <sentence id="15">
          <content>"Todos ustedes conocen perfectamente la posici&amp;oacuten de la Iglesia sobre ese tema" .</content>
        </sentence>
        <sentence id="16">
          <content>Las mujeres en la IglesiaEl pont&amp;iacute;fice se manifest&amp;oacute a favor de un mayor papel de las mujeres dentro de la Iglesia, pero rechaz&amp;oacute rotundamente su ordenaci&amp;oacuten como sacerdotisas, algo para lo que la puerta "est&amp;aacute; cerrada" .</content>
        </sentence>
        <sentence id="17">
          <content>Si bien "no se puede imaginar una Iglesia sin mujeres activas", precis&amp;oacute, "sobre la ordenaci&amp;oacuten de las mujeres la Iglesia ha hablado y ha dicho no .</content>
        </sentence>
        <sentence id="18">
          <content>Lo dijo Juan Pablo II con una formulaci&amp;oacuten definitiva .</content>
        </sentence>
        <sentence id="19">
          <content>Esa puerta est&amp;aacute; cerrada" .</content>
        </sentence>
        <sentence id="20">
          <content>"El papel de la mujer en la Iglesia no es solo la maternidad, ser madre de familia .</content>
        </sentence>
        <sentence id="21">
          <content>Es m&amp;aacute;s fuerte, es el icono de la Virgen, la que ayuda a crecer a la Iglesia", dijo .</content>
        </sentence>
        <sentence id="22">
          <content>Una iglesia sin mujeres es "como el Colegio Apost&amp;oacutelico sin Mar&amp;iacute;a" .</content>
        </sentence>
        <sentence id="23">
          <content>No obstante, insisti&amp;oacute en que la participaci&amp;oacuten de la mujer en la iglesia debe ser "m&amp;aacute;s que hacer de monaguilla o de presidenta de C&amp;aacute;ritas, etc&amp;eacute;tera . . . debe ser algo m&amp;aacute;s, la Virgen Mar&amp;iacute;a era m&amp;aacute;s importante que los obispos y curas" .</content>
        </sentence>
        <sentence id="24">
          <content>El futuro del banco del VaticanoEn la conferencia, Francisco dijo queno est&amp;aacute; seguro sobre qu&amp;eacute; ocurrir&amp;aacute; con el banco del Vaticano,el cual est&amp;aacute;bajo investigaci&amp;oacutenpor parte de una comisi&amp;oacuten que &amp;eacute;l mismo nombr&amp;oacute .</content>
        </sentence>
        <sentence id="25">
          <content>Hay quienes dicen que el banco deber&amp;iacute;a de ser una fundaci&amp;oacuten o que deber&amp;iacute;a de cerrarse, explic&amp;oacute el Papa, pero lo pronto no puede definirse su destino .</content>
        </sentence>
        <sentence id="26">
          <content>El Papa tambi&amp;eacute;n brome&amp;oacute sobre lo que lleva en su malet&amp;iacute;n negro, con el que subi&amp;oacute y bajo del avi&amp;oacuten durante su viaje: una m&amp;aacute;quina de afeitar, un libro de oraciones, un diario y un libro de Santa Teresa, "pero ciertamente no las claves de la bomba at&amp;oacutemica" .</content>
        </sentence>
        <sentence id="27">
          <content>Francisco dice que carga su propio malet&amp;iacute;n porque es algo "normal .</content>
        </sentence>
        <sentence id="28">
          <content>Debemos de ser normales .</content>
        </sentence>
        <sentence id="29">
          <content>Debemos de estar acostumbrados a ser normales" .</content>
        </sentence>
        <sentence id="30">
          <content>Del esc&amp;aacute;ndalo de monse&amp;ntilde;or RiccaAcerca de un esc&amp;aacute;ndalo homosexual que involucra a un capit&amp;aacute;n del Ej&amp;eacute;rcito suizo y monse&amp;ntilde;orBattista Ricca, nombrado por el papa Francisco para un cargo estrat&amp;eacute;gico en el banco del Vaticano, el Papa dijo que no hay informaci&amp;oacuten al respecto .</content>
        </sentence>
        <sentence id="31">
          <content>"Encargu&amp;eacute; una breve investigaci&amp;oacuten sobre &amp;eacute;l y no encontramos nada en contra", precis&amp;oacute .</content>
        </sentence>
        <sentence id="32">
          <content>Adem&amp;aacute;s, Francisco explic&amp;oacute la diferencia entre los delitos y los pecados:"Delito son los abusos de menores, los pecados son otra cosa .</content>
        </sentence>
        <sentence id="33">
          <content>Si una persona hapecadoy despu&amp;eacute;s se convierte, el Se&amp;ntilde;or la perdona y eso se olvida", dijo .</content>
        </sentence>
        <sentence id="34">
          <content>En junio, un sitio religioso chileno report&amp;oacute una reuni&amp;oacuten privada en la que el Papa supuestamente reconoci&amp;oacutela existencia de unlobby gayal interior del Vaticano, pero el vocero Federico Lombardi lo neg&amp;oacute despu&amp;eacute;s .</content>
        </sentence>
        <sentence id="35">
          <content>Con informaci&amp;oacuten de EFE y AFP.</content>
        </sentence>
      </sentences>
    </paragraph>
  </article>
</document>
