<?xml version="1.0" encoding="UTF-8"?>
<document id="652" link="http://mexico.cnn.com/mundo/2014/02/04/un-apagon-afecta-a-11-estados-de-brasil-incluyendo-sedes-del-mundial" category="Mundo" highlights_mapped="false">
  <title>Un apag&amp;oacuten afecta a 11 estados de Brasil, incluyendo sedes del Mundial  - Mundo - CNNMexico.com</title>
  <keywords>brasil, apagon sedes, mundial, futbol, alta demanda, energia, preocupaciones, abastecimiento, ons, corto circuito, sao paulo, rio de janeiro</keywords>
  <summaries>
    <highlights>
      <sentence id="1" ids_sentences_article="">El apag&amp;oacuten afect&amp;oacute a 11 estados de Brasil, seis de ellos sede del Mundial.</sentence>
      <sentence id="2" ids_sentences_article="">La causa fue un corto circuito, seg&amp;uacute;n el Operador Nacional del Sistema El&amp;eacute;ctrico.</sentence>
      <sentence id="3" ids_sentences_article="">Entre las ciudades afectadas estuvieron R&amp;iacute;o de Janeiro, Sao Paulo y Minas Gerais.</sentence>
    </highlights>
  </summaries>
  <article>
    <paragraph id="1">
      <sentences>
        <sentence id="1">
          <content>Un apag&amp;oacuten afecta a 11 estados de Brasil, incluyendo sedes del Mundial.</content>
        </sentence>
        <sentence id="2">
          <content>El apag&amp;oacuten, debido a un corto circuito, se prolong&amp;oacute por 40 minutos en ciudades como R&amp;iacute;o de Janeiro y Sao Paulo.</content>
        </sentence>
        <sentence id="3">
          <content>(CNNM&amp;eacute;xico) -- Un apag&amp;oacuten afect&amp;oacute este martes a 11 estados de Brasil, seis de ellos sede del Mundial de futbol 2014, en medio de una alta demanda de energ&amp;iacute;a y preocupaciones por problemas en el abastecimiento, que el gobierno descart&amp;oacute .</content>
        </sentence>
        <sentence id="4">
          <content>El Operador Nacional del Sistema El&amp;eacute;ctrico (ONS) explic&amp;oacute en un comunicado que "una perturbaci&amp;oacuten en el Sistema Integrado Nacional" caus&amp;oacute el corte de energ&amp;iacute;a entre la Regi&amp;oacuten Norte y las Regiones Sudeste y Sur, interrumpiendo el flujo .</content>
        </sentence>
        <sentence id="5">
          <content>La ONS detall&amp;oacute despu&amp;eacute;s que la causa fue un corto circuito .</content>
        </sentence>
        <sentence id="6">
          <content>Seg&amp;uacute;n la entidad, el incidente se extendi&amp;oacute por unos 40 minutos, y luego la frecuencia de energ&amp;iacute;a comenz&amp;oacute a ser normalizada progresivamente .</content>
        </sentence>
        <sentence id="7">
          <content>De acuerdo con reportes de prensa, resultaron afectados 3 millones de usuarios en 11 de los 26 estados del pa&amp;iacute;s, entre ellos seis que ser&amp;aacute;n sede de partidos del Mundial de futbol que arranca en junio: R&amp;iacute;o de Janeiro, Sao Paulo, Minas Gerais, Paran&amp;aacute;, R&amp;iacute;o Grande do Sul y Mato Grosso .</content>
        </sentence>
        <sentence id="8">
          <content>Este incidente ocurre un d&amp;iacute;a despu&amp;eacute;s de que la ONS registrara un r&amp;eacute;cord de demanda de energ&amp;iacute;a debido al periodo de altas temperaturas por el verano austral .</content>
        </sentence>
        <sentence id="9">
          <content>Descartan desabastoLa demanda hist&amp;oacuterica de energ&amp;iacute;a ocurre adem&amp;aacute;s en momentos en que las reservas hidroel&amp;eacute;ctricas est&amp;aacute;n en niveles bajos debido a sequ&amp;iacute;as por falta de lluvias, aunque las autoridades rechazaron que el hecho est&amp;eacute; relacionado .</content>
        </sentence>
        <sentence id="10">
          <content>La falla "no tiene nada que ver con las exigencias al sistema", dijo este martes a la prensa el secretario ejecutivo del Ministerio de Minas y Energ&amp;iacute;a, Marcio Zimmermann, aunque no detall&amp;oacute el motivo .</content>
        </sentence>
        <sentence id="11">
          <content>Descart&amp;oacute adem&amp;aacute;s que el pa&amp;iacute;s vaya a atravesar por problemas de desabasto .</content>
        </sentence>
        <sentence id="12">
          <content>"Brasil tiene un equilibrio estructural (entre oferta y demanda de energ&amp;iacute;a) .</content>
        </sentence>
        <sentence id="13">
          <content>Cuando no hay equilibrio, los riesgos son grandes, como el de racionamiento, porque no hay capacidad de respuesta a problemas coyunturales y no es el caso del sector el&amp;eacute;ctrico brasile&amp;ntilde;o", mencion&amp;oacute .</content>
        </sentence>
        <sentence id="14">
          <content>"El sector el&amp;eacute;ctrico brasile&amp;ntilde;o est&amp;aacute; planeado para trabajar en equilibro de oferta y demanda .</content>
        </sentence>
        <sentence id="15">
          <content>Esos riesgos est&amp;aacute;n contemplados en nuestros planes", coment&amp;oacute Zimmermann .</content>
        </sentence>
        <sentence id="16">
          <content>Apagones previos En 2009,un apag&amp;oacuten afect&amp;oacute a 18 de los 26 estados del pa&amp;iacute;s, lo que dej&amp;oacute sin electricidad a 60 millones de personas .</content>
        </sentence>
        <sentence id="17">
          <content>En agosto del a&amp;ntilde;o pasado ocho estados del noreste de Brasil quedaron sin luz tras un incendio en una secci&amp;oacuten del abastecimiento .</content>
        </sentence>
        <sentence id="18">
          <content>En tanto, en octubre de 2012, un corte de energ&amp;iacute;a se extendi&amp;oacute durante toda una madrugada en el norte y noreste del pa&amp;iacute;s debido a una falla en el sistema el&amp;eacute;ctrico nacional, que ya presentaba problemas .</content>
        </sentence>
        <sentence id="19">
          <content>A fines de septiembre de 2012, un apag&amp;oacuten afect&amp;oacute a algunos estados del noreste, mientras que a inicios de octubre otro dej&amp;oacute sin luz a la capital, Brasilia .</content>
        </sentence>
        <sentence id="20">
          <content>Hace un par de a&amp;ntilde;os tambi&amp;eacute;n se produjo un apag&amp;oacuten que dej&amp;oacute a oscuras el aeropuerto internacional de R&amp;iacute;o de Janeiro, cuando estaba atestado de turistas .</content>
        </sentence>
        <sentence id="21">
          <content>En ese momento, la presidenta Dilma Rousseff asegur&amp;oacute que se trat&amp;oacute de una falla humana .</content>
        </sentence>
        <sentence id="22">
          <content>Con informaci&amp;oacuten de la agencia AFP.</content>
        </sentence>
      </sentences>
    </paragraph>
  </article>
</document>
