<?xml version="1.0" encoding="UTF-8"?>
<document id="816" link="http://mexico.cnn.com/mundo/2014/03/20/mas-de-100-inmigrantes-son-rescatados-en-una-casa-en-houston" category="Mundo" author="Suzanne Presto y Dana Ford" highlights_mapped="false">
  <title>M&amp;aacute;s de 100 inmigrantes son rescatados en una casa en Houston - Mundo - CNNMexico.com</title>
  <keywords>houston, inmigrantes, texas, estados unidos, ilegales,</keywords>
  <summaries>
    <highlights>
      <sentence id="1" ids_sentences_article="">94 hombres y 15 mujeres provenientes de Honduras, Guatemala, El Salvador y M&amp;eacute;xico se encontraban retenidos en una casa en Houston, Texas.</sentence>
      <sentence id="2" ids_sentences_article="">Los inmigrantes se encontraban en condiciones "miserables".</sentence>
      <sentence id="3" ids_sentences_article="">Cinco personas fueron detenidas tras el hallazgo.</sentence>
    </highlights>
  </summaries>
  <article>
    <paragraph id="1">
      <sentences>
        <sentence id="1">
          <content>M&amp;aacute;s de 100 inmigrantes son rescatados en una casa en Houston.</content>
        </sentence>
        <sentence id="2">
          <content>La desaparici&amp;oacute;n de una mujer llev&amp;oacute; a la polic&amp;iacute;a al lugar donde mayor&amp;iacute;a de las personas rescatadas ten&amp;iacute;a entre cuatro y cinco d&amp;iacute;as cautivas.</content>
        </sentence>
        <sentence id="3">
          <content>(CNN) -- La polic&amp;iacute;a de Houston rescat&amp;oacute; a m&amp;aacute;s de 100 inmigrantes de una casa en la que se sospecha que estaban retenidos contra su voluntad .</content>
        </sentence>
        <sentence id="4">
          <content>La polic&amp;iacute;a dice que encontr&amp;oacute; a 94 hombres y 15 mujeres, incluidos ni&amp;ntilde;os, el mi&amp;eacute;rcoles dentro de una casa de un piso de unos 140 metros cuadrados, seg&amp;uacute;n el portavoz de la polic&amp;iacute;a, John Cannon .</content>
        </sentence>
        <sentence id="5">
          <content>Una de las mujeres estaba embarazada y fue llevada al hospital para recibir atenci&amp;oacute;n m&amp;eacute;dica, pero la mayor&amp;iacute;a parec&amp;iacute;a gozar de buena salud .</content>
        </sentence>
        <sentence id="6">
          <content>"Nadie parec&amp;iacute;a estar herido de gravedad .</content>
        </sentence>
        <sentence id="7">
          <content>Todos ten&amp;iacute;an mucha hambre y sed y la polic&amp;iacute;a les brind&amp;oacute; comida y agua .</content>
        </sentence>
        <sentence id="8">
          <content>Dijeron que estaban cansados y sobre todo hambrientos", agreg&amp;oacute; Cannon .</content>
        </sentence>
        <sentence id="9">
          <content>Cinco personas fueron arrestadas con cargos pendientes, de acuerdo al portavoz de Servicio de Inmigraci&amp;oacute;n y Control de Aduanas (ICE por sus siglas en ingl&amp;eacute;s), Greg Palmore, quien dijo que fueron 95 hombres y 15 mujeres los rescatados .</content>
        </sentence>
        <sentence id="10">
          <content>Todav&amp;iacute;a no est&amp;aacute; claro por qu&amp;eacute; Palmore y el portavoz de la polic&amp;iacute;a dieron n&amp;uacute;meros diferentes .</content>
        </sentence>
        <sentence id="11">
          <content>Los inmigrantes --provenientes de Honduras, Guatemala, El Salvador y M&amp;eacute;xico-- est&amp;aacute;n bajo custodia de ICE, seg&amp;uacute;n Palmore .</content>
        </sentence>
        <sentence id="12">
          <content>Sus edades van desde los 5 a los 47 a&amp;ntilde;os .</content>
        </sentence>
        <sentence id="13">
          <content>"Llev&amp;oacute; aqu&amp;iacute; m&amp;aacute;s de cinco a&amp;ntilde;os y es el mayor n&amp;uacute;mero de personas que hemos encontrado en una residencia", seg&amp;uacute;n Palmore .</content>
        </sentence>
        <sentence id="14">
          <content>La canciller&amp;iacute;a mexicana inform&amp;oacute; este jueves que entre los migrantes rescatados habia ocho mexicanos, tres menores - que ya fueron entregados a sus familiares - y cinco adultos que est&amp;aacute;n en proceso de ser identificados .</content>
        </sentence>
        <sentence id="15">
          <content>Los mexicanos no han requerido atenci&amp;oacute;n m&amp;eacute;dica de emergencia y ser&amp;aacute;n trasladados a un centro de detenci&amp;oacute;n donde se determinar&amp;aacute; su situaci&amp;oacute;n jur&amp;iacute;dica y migratoria, inform&amp;oacute; la Secretar&amp;iacute;a de Relaciones Exteriores en un comunicado .</content>
        </sentence>
        <sentence id="16">
          <content>En condiciones 'miserables'De acuerdo a Cannon, las autoridades fueron alertadas del caso el martes por la noche, cuando familiares de una mujer desaparecida de 24 a&amp;ntilde;os contactaron a la polic&amp;iacute;a .</content>
        </sentence>
        <sentence id="17">
          <content>Se supon&amp;iacute;a que iban a encontrarse con un sospechoso que ten&amp;iacute;a retenida a la mujer y a dos ni&amp;ntilde;os --una ni&amp;ntilde;a de 7 a&amp;ntilde;os y un ni&amp;ntilde;o de 5 a&amp;ntilde;os-- y exig&amp;iacute;a un rescate .</content>
        </sentence>
        <sentence id="18">
          <content>Al no llegar el sospechoso al intercambio, la familia lo notific&amp;oacute; a la polic&amp;iacute;a .</content>
        </sentence>
        <sentence id="19">
          <content>El portavoz no quiso revelar c&amp;oacute;mo ni por qu&amp;eacute; llegaron hasta la casa en cuesti&amp;oacute;n, en el sur del condado de Harris, Texas .</content>
        </sentence>
        <sentence id="20">
          <content>Pero la polic&amp;iacute;a estableci&amp;oacute; una vigilancia all&amp;iacute;, y cuando un veh&amp;iacute;culo sali&amp;oacute; de la residencia, una patrulla policial le hizo detenerse .</content>
        </sentence>
        <sentence id="21">
          <content>En el veh&amp;iacute;culo, las autoridades encontraron armas, as&amp;iacute; como papeles que indicaban actividad criminal, dijo Cannon .</content>
        </sentence>
        <sentence id="22">
          <content>Dos sospechosos fueron detenidos .</content>
        </sentence>
        <sentence id="23">
          <content>La polic&amp;iacute;a ingres&amp;oacute; entonces a la casa .</content>
        </sentence>
        <sentence id="24">
          <content>En una habitaci&amp;oacute;n, donde se cree se quedaba el sospechoso o los sospechosos, hab&amp;iacute;a un colch&amp;oacute;n, una nevera y armas, explic&amp;oacute; Cannon .</content>
        </sentence>
        <sentence id="25">
          <content>"El resto de la casa fue acordonada, y es el sitio donde se encontraban las personas retenidas contra de su voluntad, en condiciones deplorables .</content>
        </sentence>
        <sentence id="26">
          <content>Hab&amp;iacute;a un ba&amp;ntilde;o .</content>
        </sentence>
        <sentence id="27">
          <content>Estaba sucio", agreg&amp;oacute; .</content>
        </sentence>
        <sentence id="28">
          <content>"Las ventanas estaban cubiertas con tablas de madera y las puertas estaban cerradas con llave .</content>
        </sentence>
        <sentence id="29">
          <content>S&amp;oacute;lo se pod&amp;iacute;a abrir desde el exterior" .</content>
        </sentence>
        <sentence id="30">
          <content>La mayor&amp;iacute;a de las personas rescatadas dijeron que llevaban entre dos y cuatro d&amp;iacute;as en esa casa, pero una mujer cont&amp;oacute; que ella llevaba 15 d&amp;iacute;as .</content>
        </sentence>
        <sentence id="31">
          <content>Otros tres sospechosos fueron capturados cuando intentaban huir de la residencia .</content>
        </sentence>
        <sentence id="32">
          <content>En total hubo cinco detenidos .</content>
        </sentence>
      </sentences>
    </paragraph>
  </article>
</document>
