<?xml version="1.0" encoding="UTF-8"?>
<document id="789" link="http://mexico.cnn.com/mundo/2014/03/10/el-salvador-iniciara-este-martes-revision-manual-de-las-actas-electorales" category="Mundo" highlights_mapped="false">
  <title>El Salvador iniciar&amp;aacute; este martes revisi&amp;oacuten manual de las actas electorales - Mundo - CNNMexico.com</title>
  <keywords>mundo, elecciones presidenciales de el salvador, salvador sanchez ceren, frente farabundo marti para la liberacion nacional, norman quijano, tribunal supremo electoral</keywords>
  <summaries>
    <highlights>
      <sentence id="1" ids_sentences_article="">El candidato oficialista a la presidencia de El Salvador confi&amp;oacute en su triunfo en las elecciones del domingo.</sentence>
      <sentence id="2" ids_sentences_article="">Norman Quijano, candidato de la derecha, dijo que respetar&amp;aacute; los resultados si se cuenta voto por voto.</sentence>
      <sentence id="3" ids_sentences_article="">El Tribunal Supremo Electoral instal&amp;oacute las mesas para iniciar este martes la revisi&amp;oacuten manual de las actas electorales.</sentence>
    </highlights>
  </summaries>
  <article>
    <paragraph id="1">
      <sentences>
        <sentence id="1">
          <content>El Salvador iniciar&amp;aacute; este martes revisi&amp;oacuten manual de las actas electorales.</content>
        </sentence>
        <sentence id="2">
          <content>El candidato oficial Salvador S&amp;aacute;nchez super&amp;oacute (50 .</content>
        </sentence>
        <sentence id="3">
          <content>11%) a Norman Quijano (49 .</content>
        </sentence>
        <sentence id="4">
          <content>89%), seg&amp;uacute;n el escrutinio preliminar del 100% de las casillas.</content>
        </sentence>
        <sentence id="5">
          <content>SAN SALVADOR, El Salvador (AFP) -- Los resultados de la segunda vuelta para elegir a presidente de El Salvador, celebrada el domingo, a&amp;uacute;n no dan a un claro ganador .</content>
        </sentence>
        <sentence id="6">
          <content>El candidato oficialista del Frente Farabundo Mart&amp;iacute; para la Liberaci&amp;oacuten Nacional (FMLN) a la presidencia de El Salvador, Salvador S&amp;aacute;nchez Cer&amp;eacute;n, confiaba el lunes en que el Tribunal Supremo Electoral confirme su triunfo en las elecciones del domingo, mientras el opositor derechista Norman Quijano pidi&amp;oacute conteo manual de votos para reconocer el resultado .</content>
        </sentence>
        <sentence id="7">
          <content>S&amp;aacute;nchez Cer&amp;eacute;n super&amp;oacute con 50 .</content>
        </sentence>
        <sentence id="8">
          <content>11% (1,494,144 votos) a Quijano, que obtuvo el 49 .</content>
        </sentence>
        <sentence id="9">
          <content>89% (1,487,510), seg&amp;uacute;n el escrutinio preliminar del 100% de las mesas .</content>
        </sentence>
        <sentence id="10">
          <content>Ante la diferencia de s&amp;oacutelo 6,634 votos, el Tribunal Supremo Electoral (TSE) decidi&amp;oacute no proclamar ganador e instal&amp;oacute este lunes las mesas para iniciar el martes la revisi&amp;oacuten manual de las actas electorales, que espera tener listo el mi&amp;eacute;rcoles o m&amp;aacute;s tardar el viernes .</content>
        </sentence>
        <sentence id="11">
          <content>"Estamos ante un evento electoral en donde absolutamente todos los datos son verificables y eso nos asegura una elecci&amp;oacuten cre&amp;iacute;ble, transparente, segura, leg&amp;iacute;tima y legal", asegur&amp;oacute el presidente del TSE, Eugenio Chicas .</content>
        </sentence>
        <sentence id="12">
          <content>S&amp;aacute;nchez Cer&amp;eacute;n declar&amp;oacute el lunes, "Estamos felices y alegres, comprometidos con el pa&amp;iacute;s porque no tenemos ninguna duda de que se van a reafirmar los resultados del conteo preliminar" .</content>
        </sentence>
        <sentence id="13">
          <content>Por su parte Quijano, de la opositora Alianza Republicana Nacionalista (Arena, derecha), a trav&amp;eacute;s de su cuenta oficial de Twitter, pidi&amp;oacute el "conteo voto por voto" de los resultados .</content>
        </sentence>
        <sentence id="14">
          <content>"En nuestro conteo yo salgo como presidente electo" .</content>
        </sentence>
        <sentence id="15">
          <content>La noche del lunes, Quijano se comprometi&amp;oacute a respetar los resultados con el nuevo conteo que abra todas las urnas .</content>
        </sentence>
        <sentence id="16">
          <content>El gobierno de Estados Unidos pidi&amp;oacute en un comunicado a ambas fuerzas pol&amp;iacute;ticas ajustarse a las leyes electorales para lograr "una conclusi&amp;oacuten pac&amp;iacute;fica" del proceso .</content>
        </sentence>
        <sentence id="17">
          <content>En el mismo sentido se pronunci&amp;oacute la misi&amp;oacuten de observadores de la Organizaci&amp;oacuten de Estados Americanos (OEA), que adem&amp;aacute;s resalt&amp;oacute la tranquilidad y el esp&amp;iacute;ritu c&amp;iacute;vico que imper&amp;oacute en la votaci&amp;oacuten .</content>
        </sentence>
        <sentence id="18">
          <content>De ser proclamado ganador, S&amp;aacute;nchez Cer&amp;eacute;n ser&amp;iacute;a el primer exguerrillero en asumir la Presidencia de El Salvador, y el cuarto en Am&amp;eacute;rica Latina, despu&amp;eacute;s del nicarag&amp;uuml;ense Daniel Ortega, el uruguayo Jos&amp;eacute; Mujica y la brasile&amp;ntilde;a Dilma Rousseff .</content>
        </sentence>
        <sentence id="19">
          <content>En la primera vuelta de las elecciones presidenciales de El Salvador, celebrada el pasado 2 de febrero, S&amp;aacute;nchez Cer&amp;eacute;n logr&amp;oacute el 48 .</content>
        </sentence>
        <sentence id="20">
          <content>96% y Norman Quijano, el 38 .</content>
        </sentence>
        <sentence id="21">
          <content>96%, seg&amp;uacute;n datos del Tribunal Supremo Electoral (TSE) .</content>
        </sentence>
        <sentence id="22">
          <content>Tanto Quijano como S&amp;aacute;nchez dijeron tener el mejor plan de gobierno para reducir los &amp;iacute;ndices de criminalidad y mejorar el desarrollo econ&amp;oacutemico, dos de los principales temas que, seg&amp;uacute;n sondeos, preocupan en mayor medida a la poblaci&amp;oacuten .</content>
        </sentence>
      </sentences>
    </paragraph>
  </article>
</document>
