<?xml version="1.0" encoding="UTF-8"?>
<document id="855" link="http://mexico.cnn.com/mundo/2014/03/12/aun-estan-encendidos-los-telefonos-de-los-pasajeros-de-malaysia-airlines" category="Mundo" author="Euan McKirdy" highlights_mapped="false">
  <title>&amp;iquestA&amp;uacute;n est&amp;aacute;n encendidos los tel&amp;eacute;fonos de los pasajeros de Malaysia Airlines? - Mundo - CNNMexico.com</title>
  <keywords>Malaysia Airlines, vuelo 370, avion, celulares, pasajeros, zona muerta,</keywords>
  <summaries>
    <highlights>
      <sentence id="1" ids_sentences_article="">Algunos medios reportaron que los tel&amp;eacute;fonos de los pasajeros del vuelo perdido siguen sonando.</sentence>
      <sentence id="2" ids_sentences_article="">El avi&amp;oacuten desapareci&amp;oacute desde el pasado s&amp;aacute;bado por la ma&amp;ntilde;ana.</sentence>
    </highlights>
  </summaries>
  <article>
    <paragraph id="1">
      <sentences>
        <sentence id="1">
          <content>&amp;iquestA&amp;uacute;n est&amp;aacute;n encendidos los tel&amp;eacute;fonos de los pasajeros de Malaysia Airlines?</content>
        </sentence>
        <sentence id="2">
          <content>Un analista explica por qu&amp;eacute; los celulares de los pasajeros del avi&amp;oacuten desaparecido suenan y no son enviado al buz&amp;oacuten de voz.</content>
        </sentence>
        <sentence id="3">
          <content>(CNN) -- El misterio que rodeael vuelo 370 de Malaysia Airlinesaument&amp;oacute tras los reportes en medios de que los tel&amp;eacute;fonos celulares de los pasajeros segu&amp;iacute;an registrando se&amp;ntilde;al y dan tono de llamada despu&amp;eacute;s de la desaparici&amp;oacuten el s&amp;aacute;bado .</content>
        </sentence>
        <sentence id="4">
          <content>Tras la angustia de no saber qu&amp;eacute; ocurri&amp;oacute con sus seres queridos, los familiares de los pasajeros llamaron a los m&amp;oacuteviles y escucharon el tono de llamada en vez de ser remitidos al buz&amp;oacuten de voz .</content>
        </sentence>
        <sentence id="5">
          <content>La aeronave desapareci&amp;oacute de los radares en la ma&amp;ntilde;ana del s&amp;aacute;bado .</content>
        </sentence>
        <sentence id="6">
          <content>No se emiti&amp;oacute ninguna se&amp;ntilde;al de alerta y los esfuerzos de b&amp;uacute;squeda no han conseguido resultados concluyentes hasta ahora .</content>
        </sentence>
        <sentence id="7">
          <content>El mi&amp;eacute;rcoles un sat&amp;eacute;lite chino detect&amp;oacute objetos grandes en un &amp;aacute;rea que se ajusta al trayecto oficial del vuelo .</content>
        </sentence>
        <sentence id="8">
          <content>Pero a&amp;uacute;n reina la incertidumbre sobre el paradero .</content>
        </sentence>
        <sentence id="9">
          <content>La especulaci&amp;oacuten r&amp;aacute;pidamente aument&amp;oacute en redes sociales de que estas llamadas fantasmasuman a la evidencia de que el avi&amp;oacuten no se estrell&amp;oacute, como asumen las autoridades .</content>
        </sentence>
        <sentence id="10">
          <content>"Hay reportes de familiares de que las llamadas a sus seres queridos dieron tono, lo que indica que los tel&amp;eacute;fonos no est&amp;aacute;n en el fondo del oc&amp;eacute;ano", dijo un usuario de Facebook .</content>
        </sentence>
        <sentence id="11">
          <content>No obstante, el analista de tecnolog&amp;iacute;a y columnista deE-Commerce TimesJeff Kagan le dijo a CNN que no se puede llegar a conclusiones por el hecho de que los tel&amp;eacute;fonos "suenen" cuando los llaman .</content>
        </sentence>
        <sentence id="12">
          <content>Cuando un tel&amp;eacute;fono hace una llamada, primero se conecta a una red y luego intenta localizar el tel&amp;eacute;fono al que est&amp;aacute; dirigido la llamada .</content>
        </sentence>
        <sentence id="13">
          <content>"Si la red no encuentra el tel&amp;eacute;fono despu&amp;eacute;s de unos minutos, despu&amp;eacute;s de un par de repiques, entonces suele desconectarse, y eso es lo que est&amp;aacute; sucediendo", dijo .</content>
        </sentence>
        <sentence id="14">
          <content>"As&amp;iacute;, que escuchan tono y asumen que lograron una conexi&amp;oacuten con los tel&amp;eacute;fonos de sus familiares, pero no .</content>
        </sentence>
        <sentence id="15">
          <content>Es la red que env&amp;iacute;a una se&amp;ntilde;al al tel&amp;eacute;fono notificando que hay un intento de conexi&amp;oacuten" .</content>
        </sentence>
        <sentence id="16">
          <content>Kagan le dijo a Wolf Blitzer deThe SituationRoom que la tecnolog&amp;iacute;a indica que no se puede especular por el simple hecho de que hay un tono de llamada .</content>
        </sentence>
        <sentence id="17">
          <content>"Que est&amp;eacute;s recibiendo una se&amp;ntilde;al no es prueba de nada, s&amp;oacutelo es la forma en que funciona la red", dijo .</content>
        </sentence>
      </sentences>
    </paragraph>
  </article>
</document>
