<?xml version="1.0" encoding="UTF-8"?>
<document id="268" link="http://mexico.cnn.com/mundo/2014/03/05/ucrania-una-crisis-con-distintas-versiones-de-sus-protagonistas" category="Mundo" author="Catherine E. Shoichet" highlights_mapped="false">
  <title>Ucrania: una crisis con distintas versiones de sus protagonistas - Mundo - CNNMexico.com</title>
  <keywords>ucrania, crimea, rusia, viktor yanukovich, parlamento, gobierno legitimo, invasion, soldados, estados unidos, europa, occidente</keywords>
  <summaries>
    <highlights>
      <sentence id="1" ids_sentences_article="">Los puntos clave sobre la crisis en Ucrania est&amp;aacute;n en disputa.</sentence>
      <sentence id="2" ids_sentences_article="">Rusia y Ucrania no est&amp;aacute;n de acuerdo respecto a qui&amp;eacute;n est&amp;aacute; a cargo.</sentence>
      <sentence id="3" ids_sentences_article="">El enviado de la ONU a Ucrania dice que hay 16,000 soldados rusos en Crimea; Rusia no ha dado cifras.</sentence>
    </highlights>
  </summaries>
  <article>
    <paragraph id="1">
      <sentences>
        <sentence id="1">
          <content>Ucrania: una crisis con distintas versiones de sus protagonistas.</content>
        </sentence>
        <sentence id="2">
          <content>Estados Unidos y Ucrania tienen posturas radicalmente diferentes a las de Rusia en relaci&amp;oacuten con la crisis que se desarrolla en Crimea.</content>
        </sentence>
        <sentence id="3">
          <content>(CNN) -- Las tensiones se intensifican mientras aumenta la presencia de las tropas rusas en la pen&amp;iacute;nsula de Crimea, en Ucrania ylos l&amp;iacute;deres del mundo presionan para encontrar una soluci&amp;oacuten diplom&amp;aacute;tica a la crisis que empeora .</content>
        </sentence>
        <sentence id="4">
          <content>Mientras que a ra&amp;iacute;z de la situaci&amp;oacuten en todo el mundo se trazan las l&amp;iacute;neas de las batallas ideol&amp;oacutegicas, los l&amp;iacute;deres muestran un panorama radicalmente diferente de la realidad en el terreno .</content>
        </sentence>
        <sentence id="5">
          <content>Estos son algunas de las controversias y un panorama de la influencia de los personajes clave:&amp;iquest;Qui&amp;eacute;n est&amp;aacute; a cargo en Ucrania?La postura de Rusia: Viktor Yanukovych sigue siendo el l&amp;iacute;der electo de Ucrania y que el nuevo gobierno de Ucrania es ileg&amp;iacute;timo .</content>
        </sentence>
        <sentence id="6">
          <content>El enviado ruso a Naciones Unidas, Vitaly Churkin, dijo que era una "toma armada de parte de los radicales extremistas" .</content>
        </sentence>
        <sentence id="7">
          <content>Ucrania afirma que tiene un gobierno leg&amp;iacute;timo y celebrar&amp;aacute; elecciones presidenciales el 25 de mayo .</content>
        </sentence>
        <sentence id="8">
          <content>"Demos una oportunidad para que eso funcione", dijo Yuri Sergeyev, embajador de Ucrania ante la ONU .</content>
        </sentence>
        <sentence id="9">
          <content>La postura de Estados Unidos: Yanukovych abandon&amp;oacute su cargo el mes pasado, huy&amp;oacute del pa&amp;iacute;s y luego el Parlamento democr&amp;aacute;ticamente electo de Ucrania vot&amp;oacute por su remoci&amp;oacuten .</content>
        </sentence>
        <sentence id="10">
          <content>&amp;iquest;Cu&amp;aacute;ntos soldados rusos hay en Ucrania?La postura de Rusia: Rusia no ha indicado cu&amp;aacute;ntos soldados ha enviado a Ucrania .</content>
        </sentence>
        <sentence id="11">
          <content>La postura de Ucrania: Rusia ha enviado buques militares, helic&amp;oacutepteros y aviones de carga para desplegar 16,000 soldados en Crimea desde el 24 de febrero, seg&amp;uacute;n dijo Sergeyev en la ONU el lunes .</content>
        </sentence>
        <sentence id="12">
          <content>La postura de Estados Unidos: Las fuerzas rusas "tienen un control operativo total de la pen&amp;iacute;nsula de Crimea", seg&amp;uacute;n dijo a CNN un alto funcionario del gobierno estadounidense; se calcula que en la regi&amp;oacuten hay unos 6,000 elementos de las fuerzas navales y terrestres rusas .</content>
        </sentence>
        <sentence id="13">
          <content>&amp;iquest;Las tropas rusas tienen derecho a estar en Crimea?Rusia cree que s&amp;iacute; .</content>
        </sentence>
        <sentence id="14">
          <content>Ambas naciones celebraron un tratado que permite que Rusia tenga hasta 25,000 solados en Crimea, dijo el enviado ruso a la ONU el lunes; agreg&amp;oacute que Yanukovych solicit&amp;oacute a Rusia que enviara fuerzas militares .</content>
        </sentence>
        <sentence id="15">
          <content>Ucrania afirma que no .</content>
        </sentence>
        <sentence id="16">
          <content>Las tropas rusas que se acumulan en Crimea y cerca de la frontera con Ucrania son un "acto de agresi&amp;oacuten" .</content>
        </sentence>
        <sentence id="17">
          <content>Estados Unidos se&amp;ntilde;ala que no y que el presidente de Rusia, Vladimir Putin, est&amp;aacute; jugando un juego peligroso .</content>
        </sentence>
        <sentence id="18">
          <content>Las consecuencias de la acci&amp;oacuten militar "podr&amp;iacute;an ser devastadoras", dijo el lunes la embajadora de Estados Unidos ante la ONU, Samantha Power .</content>
        </sentence>
        <sentence id="19">
          <content>&amp;iquest;Por qu&amp;eacute; se est&amp;aacute; desarrollando este tenso enfrentamiento en este momento?Rusia se&amp;ntilde;ala que su Parlamento aprob&amp;oacute la orden que Putin dio de usar la fuerza militar para proteger a los ciudadanos rusos que se encuentran en la pen&amp;iacute;nsula de Crimea .</content>
        </sentence>
        <sentence id="20">
          <content>Ucrania se&amp;ntilde;ala que no hay pruebas de que los rusos que se encuentran en Ucrania est&amp;eacute;n bajo amenaza alguna .</content>
        </sentence>
        <sentence id="21">
          <content>Rusia quiere anexionarse Crimea .</content>
        </sentence>
        <sentence id="22">
          <content>Estados Unidos se&amp;ntilde;ala que Rusia est&amp;aacute; reaccionando a sus propios resentimientos hist&amp;oacutericos respecto a Ucrania, Crimea y el lugar que ocupan en la esfera de influencia del gobierno ruso, de acuerdo con un alto funcionario de la Casa Blanca .</content>
        </sentence>
        <sentence id="23">
          <content>Rusia teme que Ucrania quede bajo la influencia de Europa o de Occidente, seg&amp;uacute;n dijo el funcionario a CNN el lunes .</content>
        </sentence>
        <sentence id="24">
          <content>Jim Acosta y Dana Ford contribuyeron con este reportaje.</content>
        </sentence>
      </sentences>
    </paragraph>
  </article>
</document>
