<?xml version="1.0" encoding="UTF-8"?>
<document id="794" link="http://mexico.cnn.com/nacional/2013/09/18/pena-nieto-retomo-propuestas-de-la-izquierda-por-calculo-politico-prd" category="Nacional" author="Mauricio Torres" highlights_mapped="false">
  <title>Pe&amp;ntilde;a Nieto retom&amp;oacute propuestas de la izquierda por "c&amp;aacute;lculo pol&amp;iacute;tico": PRD - Nacional - CNNMexico.com</title>
  <keywords>prd, propuestas, pena nieto, izquierda, cuauhtemoc cardenas, camacho, pena nieto, iva, reforma fiscal</keywords>
  <summaries>
    <highlights>
      <sentence id="1" ids_sentences_article="">Los peredistas dudan que el presidente Pe&amp;ntilde;a Nieto ponga &amp;eacute;nfasis en las pol&amp;iacute;ticas sociales.</sentence>
      <sentence id="2" ids_sentences_article="">"Qu&amp;eacute; bueno que el gobierno presente una propuesta sin IVA en alimentos y medicinas, pero no por eso es un gobierno de izquierda", dijo el legislador Barbosa.</sentence>
      <sentence id="3" ids_sentences_article="">"Fue m&amp;aacute;s bien una decisi&amp;oacuten de c&amp;aacute;lculo pol&amp;iacute;tico que de convicci&amp;oacuten", dijo el legislador Encinas sobre las propuestas de Pe&amp;ntilde;a Nieto.</sentence>
      <sentence id="4" ids_sentences_article="">El presidente podr&amp;iacute;a retomar la idea de gravar los alimentos y medicinas en otro periodo, agreg&amp;oacute.</sentence>
    </highlights>
  </summaries>
  <article>
    <paragraph id="1">
      <sentences>
        <sentence id="1">
          <content>Pe&amp;ntilde;a Nieto retom&amp;oacute propuestas de la izquierda por "c&amp;aacute;lculo pol&amp;iacute;tico": PRD.</content>
        </sentence>
        <sentence id="2">
          <content>El seguro de desempleo y la pensi&amp;oacuten universal buscan evitar tensiones sociales, no cambios m&amp;aacute;s profundos, dicen perredistas.</content>
        </sentence>
        <sentence id="3">
          <content>CIUDAD DE M&amp;Eacute;XICO (CNNM&amp;eacute;xico) -- Las propuestas del gobierno de Enrique Pe&amp;ntilde;a Nieto para crear un seguro de desempleo, una pensi&amp;oacuten universal para adultos mayores y mantener sin impuestos los alimentos y las medicinas, medidas tradicionalmente impulsadas por la izquierda, son parte de un "c&amp;aacute;lculo pol&amp;iacute;tico" para evitar generar m&amp;aacute;s tensiones sociales en este momento, seg&amp;uacute;n l&amp;iacute;deres del Partido de la Revoluci&amp;oacuten Democr&amp;aacute;tica (PRD) .</content>
        </sentence>
        <sentence id="4">
          <content>Aunque consideran positivo que el presidente, miembro del Partido Revolucionario Institucional (PRI), haya incluido esos temas en su iniciativa de reforma fiscal, los perredistas dudan que esto signifique que Pe&amp;ntilde;a Nieto dar&amp;aacute; &amp;eacute;nfasis a las pol&amp;iacute;ticas sociales durante el resto de su mandato (2012-2018) .</content>
        </sentence>
        <sentence id="5">
          <content>"Nosotros celebramos quela propuesta econ&amp;oacutemica haya llegado sin IVA(Impuesto al Valor Agregado) en alimentos y medicinas .</content>
        </sentence>
        <sentence id="6">
          <content>( . . . ) Pero tambi&amp;eacute;n advertimos que no lleg&amp;oacute porque una sociedad tan agitada, con una propuesta as&amp;iacute;, iba a encender, iba a tensionar m&amp;aacute;s", dijo a CNNM&amp;eacute;xico el senador Miguel Barbosa, l&amp;iacute;der del PRD en la C&amp;aacute;mara alta .</content>
        </sentence>
        <sentence id="7">
          <content>"Qu&amp;eacute; bueno que el gobierno presente una propuesta sin IVA en alimentos y medicinas, pero no por eso es un gobierno de izquierda", agreg&amp;oacute el legislador al t&amp;eacute;rmino de un foro en el que participaron otros perredistas .</content>
        </sentence>
        <sentence id="8">
          <content>El tambi&amp;eacute;n senador Alejandro Encinas, exjefe de gobierno del Distrito Federal (2005-2006), coincidi&amp;oacute con Barbosa en que Pe&amp;ntilde;a Nieto plante&amp;oacute esas propuestas para evitar generar m&amp;aacute;s tensi&amp;oacuten, en momentos en que profesores inconformes con la reforma educativa protestan en la Ciudad de M&amp;eacute;xico y un sector de la poblaci&amp;oacuten se opone a su iniciativa de reforma energ&amp;eacute;tica porque considera que busca privatizar Petr&amp;oacuteleos Mexicanos (Pemex) .</content>
        </sentence>
        <sentence id="9">
          <content>"Creo que fue m&amp;aacute;s bien una decisi&amp;oacuten de c&amp;aacute;lculo pol&amp;iacute;tico que de convicci&amp;oacuten .</content>
        </sentence>
        <sentence id="10">
          <content>( . . . ) S&amp;iacute; fue resultado mucho de la presi&amp;oacuten de la izquierda, pero fue un c&amp;aacute;lculo de ellos", dijo Encinas a CNNM&amp;eacute;xico .</content>
        </sentence>
        <sentence id="11">
          <content>El senador incluso consider&amp;oacute que Pe&amp;ntilde;a Nieto podr&amp;iacute;a retomar la idea de gravar los alimentos y medicinas en otro periodo de su gesti&amp;oacuten, cuando exista menor tensi&amp;oacuten social .</content>
        </sentence>
        <sentence id="12">
          <content>"Creo que, como dijo Pe&amp;ntilde;a Nieto, dieron marcha atr&amp;aacute;s temporalmente .</content>
        </sentence>
        <sentence id="13">
          <content>Dijo que por el momento no se iba a hacer, y no solo porque tendr&amp;iacute;a un efecto recesivo en momentos donde tenemos estancamiento econ&amp;oacutemico, sino porque el estado de &amp;aacute;nimo social est&amp;aacute; muy &amp;aacute;lgido", dijo .</content>
        </sentence>
        <sentence id="14">
          <content>Al respecto, el fundador del PRD, Cuauht&amp;eacute;moc C&amp;aacute;rdenas, evit&amp;oacute pronunciarse sobre las propuestas del gobierno y llam&amp;oacute a analizarlas detalladamente .</content>
        </sentence>
        <sentence id="15">
          <content>"No s&amp;eacute;, habr&amp;iacute;a que ver cu&amp;aacute;les son realmente las propuestas .</content>
        </sentence>
        <sentence id="16">
          <content>Habr&amp;iacute;a que analizar bien a bien qu&amp;eacute; quiere decir eso de seguro de desempleo, qu&amp;eacute; amplitud tendr&amp;iacute;a realmente, lo mismo las otras ventajas que aparentemente est&amp;aacute; ofreciendo la reforma", dijo a periodistas al t&amp;eacute;rmino del foro .</content>
        </sentence>
        <sentence id="17">
          <content>Se ten&amp;iacute;a previsto que el anterior jefe de gobierno del DF, Marcelo Ebrard (2006-2012), tambi&amp;eacute;n participara en el encuentro de este mi&amp;eacute;rcoles, pero viaj&amp;oacute al extranjero, inform&amp;oacute Encinas .</content>
        </sentence>
        <sentence id="18">
          <content>Ebrard fue aspirante a la candidatura presidencial del PRD en 2012 y ha dicho que buscar&amp;aacute; dirigir al partido .</content>
        </sentence>
        <sentence id="19">
          <content>El foro se realiz&amp;oacute 10 d&amp;iacute;as despu&amp;eacute;s de que Pe&amp;ntilde;a Nieto diera a conocer su iniciativa de reforma fiscal,que incluye otros puntos pol&amp;eacute;micoscomo gravar las colegiaturas, las operaciones con inmuebles, el transporte for&amp;aacute;neo de pasajeros, las ganancias en la Bolsa Mexicana de Valores (BMV) y aumentar el Impuesto Sobre la Renta (ISR) .</content>
        </sentence>
        <sentence id="20">
          <content>Para que se apruebe, el PRI requiere negociar con al menos uno de los principales partidos de oposici&amp;oacuten, el PRD o el Partido Acci&amp;oacuten Nacional (PAN), porque por si solo no alcanza los votos suficientes en ninguna c&amp;aacute;mara legislativa .</content>
        </sentence>
      </sentences>
    </paragraph>
  </article>
</document>
