<?xml version="1.0" encoding="UTF-8"?>
<document id="740" link="http://mexico.cnn.com/nacional/2013/10/30/sin-el-pan-ni-algunos-del-prd-el-senado-reanudara-debate-sobre-impuestos" category="Nacional" author="Isabel Mayoral y Mauricio Torres" highlights_mapped="false">
  <title>El PRI con ayuda del PRD en el Senado avala nuevos impuestos - Nacional - CNNMexico.com</title>
  <keywords>senado, reforma fiscal, reforma hacendaria,</keywords>
  <summaries>
    <highlights>
      <sentence id="1" ids_sentences_article="">NUEVO: El Senado aprueba la aplicaci&amp;oacuten del IVA al transporte for&amp;aacute;neo, las mascotas y su alimento y la homologaci&amp;oacuten de 16% en las zonas fronterizas.</sentence>
      <sentence id="2" ids_sentences_article="">El Senado retom&amp;oacute el debate de la Reforma Hacendaria.</sentence>
      <sentence id="3" ids_sentences_article="">El PAN decidi&amp;oacute no participar argumentando la falta de un debate serio.</sentence>
    </highlights>
  </summaries>
  <article>
    <paragraph id="1">
      <sentences>
        <sentence id="1">
          <content>El PRI con ayuda del PRD en el Senado avala nuevos impuestos.</content>
        </sentence>
        <sentence id="2">
          <content>La C&amp;aacute;mara alta retom&amp;oacute el debate luego de que la sesi&amp;oacuten se suspendi&amp;oacute la madrugada de este mi&amp;eacute;rcoles cuando el PAN abandon&amp;oacute el pleno.</content>
        </sentence>
        <sentence id="3">
          <content>CIUDAD DE M&amp;Eacute;XICO (CNNM&amp;eacute;xico) -- En una jornada marcada por los reclamos entre partidos y por horas de negociaciones, el Senado aprob&amp;oacute en las primeras horas de este jueves la miscel&amp;aacute;nea fiscal para 2014, con los votos del gobernante Partido Revolucionario Institucional (PRI), de sus aliados tradicionales y de algunos legisladores del Partido de la Revoluci&amp;oacuten Democr&amp;aacute;tica (PRD) .</content>
        </sentence>
        <sentence id="4">
          <content>El paquete hacendario ratifica los impuestos aprobados a mediados de mes por la C&amp;aacute;mara de Diputados, al transporte for&amp;aacute;neo de pasajeros, las bebidas azucaradas, la goma de mascar, la comida para mascotas, las ganancias en la Bolsa de Valores y los dividendos, as&amp;iacute; como la homologaci&amp;oacuten del Impuesto al Valor Agregado (IVA) en los estados de la frontera al 16% .</content>
        </sentence>
        <sentence id="5">
          <content>En contraste, el Senado modific&amp;oacute la aplicaci&amp;oacuten del Impuesto Sobre la Renta (ISR) al 30% para ingresos anuales de 500,000 a 750,000 pesos, ya que los diputados la hab&amp;iacute;an fijado en el 31% .</content>
        </sentence>
        <sentence id="6">
          <content>Los senadores tambi&amp;eacute;n aprobaron que las prestaciones laborales sean deducibles hasta en el 53% --m&amp;aacute;s del 47% contemplado por los diputados-- y un aumento del 5% al 8% en el gravamen a los alimentos con alto contenido cal&amp;oacuterico, los llamados comida chatarra .</content>
        </sentence>
        <sentence id="7">
          <content>Debido a los cambios que hicieron los senadores, el documento avalado con anterioridad por la C&amp;aacute;mara de Diputados tendr&amp;aacute; que ser revisado de nuevo en San L&amp;aacute;zaro, lo que se prev&amp;eacute; ocurra este mismo jueves .</content>
        </sentence>
        <sentence id="8">
          <content>La discusi&amp;oacuten de la miscel&amp;aacute;nea en el Senado se reanud&amp;oacute por la noche del mi&amp;eacute;rcoles, luego de que quedara suspendida por m&amp;aacute;s de 16 horas tras una protesta del Partido Acci&amp;oacuten Nacional (PAN), que durante la madrugada abandon&amp;oacute el debate en rechazo al IVA fronterizo .</content>
        </sentence>
        <sentence id="9">
          <content>El PAN, segunda fuerza en el Senado, incluso decidi&amp;oacute ausentarse de la sesi&amp;oacuten y dejar que el PRI, el PRD, el Partido Verde Ecologista de M&amp;eacute;xico (PVEM) y Nueva Alianza (Panal) aprobaran solos aquellos impuestos que el coordinador parlamentario panista, Jorge Luis Preciado, calific&amp;oacute de "da&amp;ntilde;inos" para la sociedad .</content>
        </sentence>
        <sentence id="10">
          <content>"No vamos a regresar a esta sesi&amp;oacuten, para que de una vez termine el PRI y el PRD, y por supuesto el Verde Ecologista, anexos y conexos (&amp;hellip;), y aprueben esta grav&amp;iacute;sima miscel&amp;aacute;nea fiscal que le hace un da&amp;ntilde;o terrible a los que menos tienen y, por supuesto, da&amp;ntilde;a directamente el empleo y a los trabajadores", dijo .</content>
        </sentence>
        <sentence id="11">
          <content>Al respecto, el l&amp;iacute;der de los senadores del PRI, Emilio Gamboa, se&amp;ntilde;al&amp;oacute que ser&amp;iacute;a decisi&amp;oacuten de los panistas presentarse o no, en tanto Carlos Alberto Puente, del PVEM, critic&amp;oacute su inasistencia al pleno .</content>
        </sentence>
        <sentence id="12">
          <content>"Me congratulo de estar aqu&amp;iacute; el d&amp;iacute;a de hoy, s&amp;iacute; presente en esta tribuna, no como otros compa&amp;ntilde;eros que decidieron ausentarse y rehuir al debate", dijo .</content>
        </sentence>
        <sentence id="13">
          <content>El pacto entre el PRD y HaciendaLa negativa del PAN a asistir a la discusi&amp;oacuten dio pie a negociaciones entre el PRI, el PRD y funcionarios de la Secretar&amp;iacute;a de Hacienda y Cr&amp;eacute;dito P&amp;uacute;blico (SHCP), que en una reuni&amp;oacuten privada al mediod&amp;iacute;a pactaron modificaciones en los impuestos a alimentos chatarra, actividades mineras y deducibilidad en el ISR .</content>
        </sentence>
        <sentence id="14">
          <content>"La salida del PAN ayud&amp;oacute a que el PRD llegara a los acuerdos con el PRI", dijo el perredista Alejandro Encinas .</content>
        </sentence>
        <sentence id="15">
          <content>No obstante, el perredista se declar&amp;oacute insatisfecho con las modificaciones alcanzadas en la reforma hacendaria del presidente Enrique Pe&amp;ntilde;a Nieto .</content>
        </sentence>
        <sentence id="16">
          <content>"Indudablemente todas las crisis abren espacios de negociaci&amp;oacuten y con estos modestos embalses que se han presentado ayudan, pero no modifican de fondo lo que nosotros hemos cuestionado en lo que es el conjunto de las medidas fiscales en el pa&amp;iacute;s", dijo .</content>
        </sentence>
        <sentence id="17">
          <content>Encinas fue uno de los 11 senadores del PRD que no asistieron a la sesi&amp;oacuten, la mayor&amp;iacute;a en rechazo a la reforma hacendaria del presidente .</content>
        </sentence>
        <sentence id="18">
          <content>En cambio, s&amp;iacute; acudieron sus 11 compa&amp;ntilde;eros restantes, entre ellos el coordinador Miguel Barbosa, quien a pesar de la situaci&amp;oacuten neg&amp;oacute que su bancada est&amp;eacute; dividida .</content>
        </sentence>
        <sentence id="19">
          <content>"No estamos divididos, tenemos diferenciaci&amp;oacuten", dijo .</content>
        </sentence>
        <sentence id="20">
          <content>Los cambios en detalleLa miscel&amp;aacute;nea fiscal incluye reformas a las leyes del IVA, del ISR, del Impuesto Especial sobre Producci&amp;oacuten y Servicios (IEPS) y Federal de Derechos .</content>
        </sentence>
        <sentence id="21">
          <content>En la primera legislaci&amp;oacuten, el Senado aprob&amp;oacute que el IVA en la frontera suba del 11% al 16% a partir de 2014, una propuesta presidencial que ha causado molestia entre organizaciones empresariales .</content>
        </sentence>
        <sentence id="22">
          <content>En materia de IEPS, los senadores elevaron del 5% al 8% el impuesto a los alimentos chatarra --pasteles, dulces, helados, entre otros--, un incremento que todav&amp;iacute;a tendr&amp;aacute; que revisar la C&amp;aacute;mara de Diputados, y mantuvieron en un peso por litro el gravamen a las bebidas azucaradas .</content>
        </sentence>
        <sentence id="23">
          <content>Senadores del PRD buscaron elevar el monto a dos pesos por litro, pero no llegaron a acuerdos con el PRI y la SHCP, reconoci&amp;oacute el perredista Armando R&amp;iacute;os Piter, secretario de la Comisi&amp;oacuten de Hacienda .</content>
        </sentence>
        <sentence id="24">
          <content>Donde los perredistas s&amp;iacute; consiguieron su meta fue en la Ley Federal de Derechos, en la que lograron que se estableciera que el 50% de los recursos que recaude el Estado por impuestos a empresas mineras deba destinarse a los municipios con actividad minera .</content>
        </sentence>
        <sentence id="25">
          <content>Con esa medida, seg&amp;uacute;n R&amp;iacute;os Piter, se favorecer&amp;aacute; el desarrollo en los municipios mineros .</content>
        </sentence>
        <sentence id="26">
          <content>Del 50% restante de los impuestos mineros, el 30% ir&amp;aacute; a los gobiernos estatales y el 20% a la Federaci&amp;oacuten .</content>
        </sentence>
        <sentence id="27">
          <content>En materia de ISR, los senadores modificaron lo aprobado por la C&amp;aacute;mara de Diputados y fijaron los siguientes rangos: quienes ganen hasta 750,000 pesos anuales pagar&amp;aacute;n 30%; de m&amp;aacute;s de 750,000 a un mill&amp;oacuten, 32%; de un mill&amp;oacuten a tres millones, 34%, y m&amp;aacute;s de tres millones, 35% .</content>
        </sentence>
        <sentence id="28">
          <content>Una vez aprobada la miscel&amp;aacute;nea fiscal, el Senado discutir&amp;aacute; la iniciativa de Ley de Ingresos para el pr&amp;oacuteximo a&amp;ntilde;o, que debe votar a m&amp;aacute;s tardar este mismo jueves .</content>
        </sentence>
      </sentences>
    </paragraph>
  </article>
</document>
