<?xml version="1.0" encoding="UTF-8"?>
<document id="649" link="http://mexico.cnn.com/nacional/2014/01/08/senadores-preparan-las-letras-chiquitas-de-la-reforma-energetica" category="Nacional" author="Mauricio Torres" highlights_mapped="false">
  <title>Senadores preparan las 'letras chiquitas' de la reforma energ&amp;eacute;tica - Nacional - CNNMexico.com</title>
  <keywords>reforma energetica, leyes secundarias, mexico, congreso, pe&amp;ntilde;a, pe&amp;ntilde;a nieto, pemex, contratos, particulares</keywords>
  <summaries>
    <highlights>
      <sentence id="1" ids_sentences_article="">Legisladores se preparan para discutir ajustes a 18 leyes reglamentarias de la reforma energ&amp;eacute;tica.</sentence>
      <sentence id="2" ids_sentences_article="">Los cambios incluyen reformas a leyes existentes y la creaci&amp;oacuten de nuevos ordenamientos.</sentence>
      <sentence id="3" ids_sentences_article="">Los senadores del PRD dicen que s&amp;iacute; participar&amp;aacute;n en el debate para expresar su posici&amp;oacuten en el tema.</sentence>
    </highlights>
  </summaries>
  <article>
    <paragraph id="1">
      <sentences>
        <sentence id="1">
          <content>Senadores preparan las 'letras chiquitas' de la reforma energ&amp;eacute;tica.</content>
        </sentence>
        <sentence id="2">
          <content>Legisladores de la Comisi&amp;oacuten de Energ&amp;iacute;a prev&amp;eacute;n reunirse entre esta semana y la pr&amp;oacutexima para dise&amp;ntilde;ar el calendario para las leyes secundarias.</content>
        </sentence>
        <sentence id="3">
          <content>CIUDAD DE M&amp;Eacute;XICO (CNNM&amp;eacute;xico) -- Para echar a andar la reforma energ&amp;eacute;tica, los legisladores deber&amp;aacute;n hacer cambios a cuando menos 18 leyes secundarias .</content>
        </sentence>
        <sentence id="4">
          <content>Estas letras chiquitas ser&amp;aacute;n las que determinen c&amp;oacutemo se regular&amp;aacute;, entre otros aspectos, la operaci&amp;oacuten de Petr&amp;oacuteleos Mexicanos (Pemex), los contratos del Estado con particulares y las facultades de los nuevos &amp;oacuterganos reguladores .</content>
        </sentence>
        <sentence id="5">
          <content>Los legisladores que revisar&amp;aacute;n esos temas prev&amp;eacute;n reunirse entre esta y la pr&amp;oacutexima semana para empezar a dise&amp;ntilde;ar una "ruta cr&amp;iacute;tica" de discusi&amp;oacuten, incluso antes de que el presidente Enrique Pe&amp;ntilde;a Nieto env&amp;iacute;e al Congreso las iniciativas en la materia .</content>
        </sentence>
        <sentence id="6">
          <content>Cuando promulg&amp;oacute la reforma el 20 de diciembre, el mandatario se&amp;ntilde;al&amp;oacute que presentar&amp;iacute;a esos documentos a la brevedad .</content>
        </sentence>
        <sentence id="7">
          <content>Sin embargo, hasta ahora no lo ha hecho .</content>
        </sentence>
        <sentence id="8">
          <content>"Vamos posiblemente a tener una primera reuni&amp;oacuten, para empezar a ponernos de acuerdo y organizarnos, muy probablemente a finales de esta semana, para ya trabajar en forma a partir de la pr&amp;oacutexima semana, poni&amp;eacute;ndonos de acuerdo en los calendarios, en qu&amp;eacute; orden debemos ir aprobando e ir concatenando cada una de estas 18 leyes", dijo Jorge Luis Lavalle, senador del opositor Partido Acci&amp;oacuten Nacional (PAN) e integrante de la Comisi&amp;oacuten de Energ&amp;iacute;a de la C&amp;aacute;mara alta .</content>
        </sentence>
        <sentence id="9">
          <content>Entre las leyes existentes que tendr&amp;aacute;n que modificarse est&amp;aacute;n la Reglamentaria del Art&amp;iacute;culo 27 Constitucional, la de Pemex y las de las comisiones Nacional de Hidrocarburos (CNH) y Reguladora de Energ&amp;iacute;a (CRE), se&amp;ntilde;al&amp;oacute Lavalle en entrevista este martes .</content>
        </sentence>
        <sentence id="10">
          <content>Adem&amp;aacute;s, se tendr&amp;aacute;n que crear otrasnuevas, como la que regule el Fondo Mexicano del Petr&amp;oacuteleo, agreg&amp;oacute .</content>
        </sentence>
        <sentence id="11">
          <content>Con la promulgaci&amp;oacuten de la reforma el a&amp;ntilde;o pasado, se abri&amp;oacute un plazo de 120 d&amp;iacute;as para que el Congreso apruebe las leyes secundarias necesarias .</content>
        </sentence>
        <sentence id="12">
          <content>Esto significa que el paquete legislativo debe quedar aprobado en ambas c&amp;aacute;maras a m&amp;aacute;s tardar a finales de abril .</content>
        </sentence>
        <sentence id="13">
          <content>La reforma energ&amp;eacute;tica permite que el Estado mexicano celebre contratos con particulares nacionales o extranjeros para la producci&amp;oacuten de energ&amp;eacute;ticos .</content>
        </sentence>
        <sentence id="14">
          <content>Esos contratos deber&amp;aacute;n ser vigilados por la CNH y la CRE, que se convertir&amp;aacute;n en &amp;oacuterganos reguladores del sector .</content>
        </sentence>
        <sentence id="15">
          <content>La transparencia, el retoTras la promulgaci&amp;oacuten de la reforma, tanto sus impulsores como sus opositores --encabezados por los partidos de izquierda-- consideraron que el siguiente reto ser&amp;aacute; garantizar que haya transparencia en los contratos que se entregue a la iniciativa privada .</content>
        </sentence>
        <sentence id="16">
          <content>"El diablo est&amp;aacute; en los detalles .</content>
        </sentence>
        <sentence id="17">
          <content>Es muy importante que para que funcione bien este modelo todas y cada una de esas 18 leyes queden bien definidas y no dejemos ning&amp;uacute;n cabo suelto", dijo Lavalle al respecto .</content>
        </sentence>
        <sentence id="18">
          <content>El Partido de la Revoluci&amp;oacuten Democr&amp;aacute;tica (PRD), principal fuerza de izquierda, advierte en tanto que mantendr&amp;aacute; su rechazo a la reforma impulsada por el gobernante Partido Revolucionario Institucional (PRI) y el PAN, pues la considera privatizadora, aunque s&amp;iacute; participar&amp;aacute; en las negociaciones de las leyes secundarias .</content>
        </sentence>
        <sentence id="19">
          <content>"Consideramos que no podemos sustraernos .</content>
        </sentence>
        <sentence id="20">
          <content>Es decir, si nosotros nos sustraemos de la discusi&amp;oacuten en el tema de lo secundario, aun y cuando no estemos de acuerdo en lo principal, en lo constitucional, el hecho de abstraerse les va a dar comodidad (al PRI y al PAN) para acordar, a modo y de una manera mucho m&amp;aacute;s libre, lo que a ellos convenga", dijo este martes el senador perredista Rabindranath Salazar, secretario de la Comisi&amp;oacuten de Energ&amp;iacute;a .</content>
        </sentence>
        <sentence id="21">
          <content>El legislador se&amp;ntilde;al&amp;oacute en entrevista que la estrategia del PRD ser&amp;aacute;, por un lado, expresar sus posiciones dentro de las mesas de negociaci&amp;oacuten, al mismo tiempo que buscar&amp;aacute; que la reforma energ&amp;eacute;tica sea sometida a una consulta popular .</content>
        </sentence>
        <sentence id="22">
          <content>El l&amp;iacute;der del PRI en el Senado, Emilio Gamboa Patr&amp;oacuten, dijo al respecto el lunes que el tema ser&amp;aacute; prioritario en el periodo ordinario de sesiones que inicia el 1 de febrero, junto con las leyes secundarias de la reforma en telecomunicaciones, que deb&amp;iacute;an haber sido avaladas antes del 9 de diciembre .</content>
        </sentence>
        <sentence id="23">
          <content>Adem&amp;aacute;s de esos temas, los legisladores tendr&amp;aacute;n que discutir las leyes secundarias de la reforma pol&amp;iacute;tica, as&amp;iacute; como asuntos pendientes desde hace meses como la ley de la consulta popular y la creaci&amp;oacuten de un nuevo &amp;oacutergano anticorrupci&amp;oacuten .</content>
        </sentence>
      </sentences>
    </paragraph>
  </article>
</document>
