<?xml version="1.0" encoding="UTF-8"?>
<document id="791" link="http://mexico.cnn.com/nacional/2014/03/19/el-prd-da-el-primer-paso-para-poner-reglas-a-la-reforma-politica" category="Nacional" highlights_mapped="false">
  <title>El PRD da el primer paso para poner reglas a la reforma pol&amp;iacute;tica - Nacional - CNNMexico.com</title>
  <keywords>reforma politica, leyes secundarias, leyes, normas, reglas, prd, pri, pan, senado</keywords>
  <summaries>
    <highlights>
      <sentence id="1" ids_sentences_article="">El PRD present&amp;oacute; al Congreso iniciativas de ley para regular la reforma pol&amp;iacute;tica.</sentence>
      <sentence id="2" ids_sentences_article="">La izquierda es la primera fuerza pol&amp;iacute;tica que presenta propuestas en la materia.</sentence>
      <sentence id="3" ids_sentences_article="">El Congreso tiene hasta el 30 de abril para aprobar las leyes secundarias.</sentence>
    </highlights>
  </summaries>
  <article>
    <paragraph id="1">
      <sentences>
        <sentence id="1">
          <content>El PRD da el primer paso para poner reglas a la reforma pol&amp;iacute;tica.</content>
        </sentence>
        <sentence id="2">
          <content>La izquierda se adelant&amp;oacute; al PRI y al PAN al convertirse en la primera fuerza en proponer leyes secundarias para la reforma reci&amp;eacute;n promulgada.</content>
        </sentence>
        <sentence id="3">
          <content>CIUDAD DE M&amp;Eacute;XICO (CNNM&amp;eacute;xico) -- A 43 d&amp;iacute;as de que venza el plazo para que el Congreso reglamente la reforma pol&amp;iacute;tico-electoral, el Partido de la Revoluci&amp;oacute;n Democr&amp;aacute;tica (PRD) se convirti&amp;oacute; en la primera fuerza pol&amp;iacute;tica en proponer iniciativas de las leyes secundarias indispensables para que funcionen los cambios a la Constituci&amp;oacute;n, promulgados en febrero pasado .</content>
        </sentence>
        <sentence id="4">
          <content>Tanto en el Senado como en la C&amp;aacute;mara de Diputados, las bancadas del principal partido de la izquierda presentaron cinco propuestas de ley: una sobre Instituciones y Procedimientos Electorales, una de Asociaciones Pol&amp;iacute;ticas, una sobre Medios de Impugnaci&amp;oacute;n en Materia Electoral, una en Materia de Delitos Electorales y una sobre Propaganda Gubernamental .</content>
        </sentence>
        <sentence id="5">
          <content>La primera iniciativa establece, entre otros puntos, en qu&amp;eacute; casos el nuevo Instituto Nacional Electoral (INE) podr&amp;aacute; atraer una elecci&amp;oacute;n local .</content>
        </sentence>
        <sentence id="6">
          <content>La reforma pol&amp;iacute;tico-electoral marca que el INE sustituya al actual Instituto Federal Electoral (IFE) y tenga facultades no s&amp;oacute;lo para organizar comicios federales, sino tambi&amp;eacute;n en estados y municipios .</content>
        </sentence>
        <sentence id="7">
          <content>El INE, seg&amp;uacute;n la propuesta del PRD, podr&amp;aacute; hacerse cargo de un proceso estatal o municipal cuando el &amp;oacute;rgano electoral de la entidad as&amp;iacute; lo solicite, cuando &amp;eacute;ste se encuentre incompleto o cuando est&amp;eacute;n "en riesgo" los principios que deben regir una contienda, como la equidad .</content>
        </sentence>
        <sentence id="8">
          <content>Adem&amp;aacute;s, la iniciativa de Ley General de Instituciones y Procedimientos Electorales se&amp;ntilde;ala los requisitos que deber&amp;aacute; cubrir un candidato independiente a presidente, senador o diputado .</content>
        </sentence>
        <sentence id="9">
          <content>Entre ellos est&amp;aacute;n recabar firmas de apoyo de al menos el 2% de los electores --alrededor de 1 mill&amp;oacute;n 600,000 personas-- y formar un comit&amp;eacute; que administre sus recursos y entregue al INE informes financieros .</content>
        </sentence>
        <sentence id="10">
          <content>La propuesta de Ley General de Asociaciones Pol&amp;iacute;ticas, por otra parte, establece reglas internas m&amp;iacute;nimas que deber&amp;aacute;n seguir los partidos pol&amp;iacute;ticos, como renovar peri&amp;oacute;dicamente su dirigencia a m&amp;aacute;s tardar cada seis a&amp;ntilde;os .</content>
        </sentence>
        <sentence id="11">
          <content>En cuanto a la iniciativa de Ley General del Sistema de Medios de Impugnaci&amp;oacute;n en Materia Electoral, se define el procedimiento para que partidos, candidatos o ciudadanos impugnen resoluciones de los institutos electorales o incluso los resultados de comicios .</content>
        </sentence>
        <sentence id="12">
          <content>La reforma pol&amp;iacute;tico-electoral estableci&amp;oacute; que una elecci&amp;oacute;n podr&amp;aacute; anularse cuando el aspirante rebase el tope de gastos de campa&amp;ntilde;a, adquiera tiempo en medios electr&amp;oacute;nicos o utilice recursos de procedencia il&amp;iacute;cita .</content>
        </sentence>
        <sentence id="13">
          <content>En su propuesta, el PRD busca incluir otras causales de nulidad: la intervenci&amp;oacute;n de gobiernos en la contienda, el uso de encuestas como propaganda, el apoyo de sindicatos a candidatos o el respaldo de partidos a aspirantes independientes .</content>
        </sentence>
        <sentence id="14">
          <content>La iniciativa de Ley General en Materia de Delitos Electorales define una lista de 35 conductas que ser&amp;aacute;n consideradas delito, como crear estructuras de financiamiento paralelo para favorecer a un candidato, condicionar un servicio p&amp;uacute;blico al voto a favor de una persona o impedir la instalaci&amp;oacute;n de una casilla .</content>
        </sentence>
        <sentence id="15">
          <content>Adem&amp;aacute;s, se plantean las penas para quienes cometan esos actos, que van de seis meses a tres a&amp;ntilde;os de prisi&amp;oacute;n e incrementan si el responsable es servidor p&amp;uacute;blico, funcionario electoral o dirigente partidista .</content>
        </sentence>
        <sentence id="16">
          <content>La propuesta de Ley General de Propaganda Gubernamental, por &amp;uacute;ltimo, establece l&amp;iacute;mites a los recursos que los tres niveles de gobierno podr&amp;aacute;n destinar a promover sus acciones en medios, y el PRD ya la hab&amp;iacute;a hecho p&amp;uacute;blica a principios de este mes .</content>
        </sentence>
        <sentence id="17">
          <content>Los documentos fueron turnados a comisiones, a las que se prev&amp;eacute; que pronto lleguen las iniciativas del gobernante Partido Revolucionario Institucional (PRI) y del opositor Partido Acci&amp;oacute;n Nacional (PAN) .</content>
        </sentence>
        <sentence id="18">
          <content>El Congreso tiene hasta el 30 de abril para aprobar las leyes secundarias de la reforma pol&amp;iacute;tico-electoral .</content>
        </sentence>
        <sentence id="19">
          <content>De lo contrario, seg&amp;uacute;n consejeros del IFE, se pondr&amp;aacute; en riesgo el proceso electoral 2015, en el que se renovar&amp;aacute; la C&amp;aacute;mara de Diputados y el cual debe arrancar en octubre .</content>
        </sentence>
      </sentences>
    </paragraph>
  </article>
</document>
