<?xml version="1.0" encoding="UTF-8"?>
<document id="932" link="http://mexico.cnn.com/nacional/2013/10/21/el-costo-de-los-desastres-naturales-se-acentua-por-la-pobreza-y-corrupcion" category="Nacional" author="Manuel Hern&amp;Atilde;&amp;iexcl;ndez Borbolla" highlights_mapped="false">
  <title>El costo de los desastres naturales se acent&amp;uacute;a por la pobreza y corrupci&amp;oacuten - Tormentas en M&amp;eacute;xico - Nacional - CNNMexico.com</title>
  <keywords>lluvias, desastres, huracanes, meteoro, ciclones, perdidas, millones, pesos, cenapred, hidrometeorologia, cambio climatico, fonden</keywords>
  <summaries>
    <highlights>
      <sentence id="1" ids_sentences_article="">Las p&amp;eacute;rdidas econ&amp;oacutemicas por los desastres natuales como tormentas y huracanes se dispar&amp;oacute a partir de 2005.</sentence>
      <sentence id="2" ids_sentences_article="">En 2005 los da&amp;ntilde;os ascendieron a 45,096 millones de pesos y en 2010 fueron de 82,548 millones.</sentence>
    </highlights>
  </summaries>
  <article>
    <paragraph id="1">
      <sentences>
        <sentence id="1">
          <content>El costo de los desastres naturales se acent&amp;uacute;a por la pobreza y corrupci&amp;oacuten.</content>
        </sentence>
        <sentence id="2">
          <content>(CNNM&amp;eacute;xico) -- Los da&amp;ntilde;os que han causado las lluvias, sequ&amp;iacute;as y huracanes de 2000 a 2012 han ido en aumento en M&amp;eacute;xico y acumulan p&amp;eacute;rdidas econ&amp;oacutemicas por 284,351 millones de pesos, equivalentes a m&amp;aacute;s del presupuesto anual conjunto de las secretar&amp;iacute;as de Salud, Desarrollo Social y Seguridad P&amp;uacute;blica .</content>
        </sentence>
        <sentence id="3">
          <content>Entre las causas que explican este incremento en el costo y frecuencia de los desastres, se encuentran los efectos del cambio clim&amp;aacute;tico y fen&amp;oacutemenos sociales como la pobreza .</content>
        </sentence>
        <sentence id="4">
          <content>"Hay una clara correlaci&amp;oacuten entre el aumento de las temperaturas promedio en la regi&amp;oacuten y una asociaci&amp;oacuten directa con las precipitaciones .</content>
        </sentence>
        <sentence id="5">
          <content>Definitivamente el cambio clim&amp;aacute;tico es un detonante", dice Simone Lucatello, investigador asociado del Panel Intergubernamental de Cambio Clim&amp;aacute;tico al expicar que uno de los efectos de este cambio es que loseventos hidrometeorol&amp;oacutegicos son cada vez m&amp;aacute;s recurrentes y de mayor magnitud .</content>
        </sentence>
        <sentence id="6">
          <content>Sin embargo, el incremento de la precipitaci&amp;oacuten por el calentamiento global no es suficiente para explicar la magnitud de los desastres, como los causados recientemente a estados como Guerrero, Oaxaca y Veracruz, a ra&amp;iacute;z de las tormentas Ingrid y Manuel de septiembre pasado .</content>
        </sentence>
        <sentence id="7">
          <content>"Los desastres no son naturales, como se dice, sino que son socialmente construidos por familias que por precariedad econ&amp;oacutemica se asientan en zonas irregulares o desarrollos que se autorizan sin un diagn&amp;oacutestico previo", apunta Norlang Garc&amp;iacute;a Arr&amp;oacuteliga, subdirector de estudios econ&amp;oacutemicos y sociales del Centro Nacional de Prevenci&amp;oacuten de Desastres (Cenapred) .</content>
        </sentence>
        <sentence id="8">
          <content>"La pobreza tambi&amp;eacute;n es un problema estructural que se va gestando igual que los desastres (&amp;hellip;) El desastre se exacerba por la pobreza", se&amp;ntilde;ala Garc&amp;iacute;a, al referir que alrededor del 71% de los municipios con declaratorias de desastre en los &amp;uacute;ltimos meses tienen &amp;iacute;ndices de marginaci&amp;oacuten entre alto y muy alto .</content>
        </sentence>
        <sentence id="9">
          <content>"Los estados del sureste - Chiapas, Oaxaca, Guerrero, Veracruz y Tabasco - son los que presentan m&amp;aacute;s declaratorias de desastre en los &amp;uacute;ltimos a&amp;ntilde;os, pero esto tambi&amp;eacute;n est&amp;aacute; muy ligado a que son los estados m&amp;aacute;s marginados, donde se exacerban los desastres", agrega .</content>
        </sentence>
        <sentence id="10">
          <content>Se prev&amp;eacute; que este lunes, el gobierno del presidente Enrique Pe&amp;ntilde;a Nieto d&amp;eacute; a conocer el balance de los da&amp;ntilde;os por las tormentas tropicales Ingrid y Manuel, las cuales dejaron al menos 153 muertos y que afectaron principalmente al estado de Guerrero .</content>
        </sentence>
        <sentence id="11">
          <content>Seg&amp;uacute;n el &amp;Iacute;ndice de vulnerabilidad frente a inundaciones, desarrollado con el aval del Instituto Nacional de Ecolog&amp;iacute;a y Cambio Clim&amp;aacute;tico (INECC), se calcula que el 25% de la poblaci&amp;oacuten, equivalente a 28 millones de mexicanos, vive en &amp;aacute;reas susceptibles a inundaci&amp;oacuten .</content>
        </sentence>
        <sentence id="12">
          <content>De ah&amp;iacute; que la vulnerabilidad de la poblaci&amp;oacuten se incremente "debido a sus ingresos, su condici&amp;oacuten social, las condiciones materiales de su vivienda y el acceso a servicios de comunicaci&amp;oacuten", seg&amp;uacute;n la Secretar&amp;iacute;a de Medio Ambiente y Recursos Naturales .</content>
        </sentence>
        <sentence id="13">
          <content>El costo de los da&amp;ntilde;os aumenta . . . pero las cuentas son poco clarasEl r&amp;eacute;cord hist&amp;oacuterico por p&amp;eacute;rdidas econ&amp;oacutemicas derivadas de desastres naturales se registr&amp;oacute en 2010, cuando el hurac&amp;aacute;nKarl, en Veracruz yAlex, en Nuevo Le&amp;oacuten, Coahuila y Tamaulipas, dejaron da&amp;ntilde;os por 82,540 millones de pesos .</content>
        </sentence>
        <sentence id="14">
          <content>Dichas p&amp;eacute;rdidas superaron el monto asignado al Programa Oportunidades ese mismo a&amp;ntilde;o (62,335 millones de pesos), seg&amp;uacute;n datos del Presupuesto de Egresos de la Federaci&amp;oacuten en 2010, as&amp;iacute; como las p&amp;eacute;rdidas ocasionadas por el terremoto de 1985 .</content>
        </sentence>
        <sentence id="15">
          <content>Las p&amp;eacute;rdidas econ&amp;oacutemicas ocasionadas por tormentas y huracanes se dispar&amp;oacute a partir de 2005, a&amp;ntilde;o en que los huracanes Wilma, Stan y Emily sumaron 45,096 millones de pesos en costos para los estados Quintana Roo, Yucat&amp;aacute;n, Chiapas y Veracruz, de acuerdo con informaci&amp;oacuten del Cenapred, obtenida por CNNM&amp;eacute;xico a trav&amp;eacute;s de una solicitud de transparencia .</content>
        </sentence>
        <sentence id="16">
          <content>El aumento en los montos de p&amp;eacute;rdidas econ&amp;oacutemicas ha provocado que en M&amp;eacute;xico los recursos destinados a la prevenci&amp;oacuten y atenci&amp;oacuten del problema se incrementen paulatinamente a trav&amp;eacute;s de instrumentos como el Fondo de Desastres Naturales (Fonden) y el Fondo para la Prevenci&amp;oacuten de Desastres Naturales (Fopreden) .</content>
        </sentence>
        <sentence id="17">
          <content>Sin embargo, las cuentas de c&amp;oacutemo se han invertido estos recursos no han sido claras, considera Daniel Rodr&amp;iacute;guez, investigador de la Universidad Nacional Aut&amp;oacutenoma de M&amp;eacute;xico y vicepresidente de la Red Mexicana de Estudios Interdisciplinarios para la Prevenci&amp;oacuten de Desastres .</content>
        </sentence>
        <sentence id="18">
          <content>"En la pol&amp;iacute;tica de prevenci&amp;oacuten de desastre hay una serie de contradicciones entre el marco normativo, donde se dice que debe haber una planeaci&amp;oacuten para la prevenci&amp;oacuten, y la respuesta en la reconstrucci&amp;oacuten, porque acaba siendo una especie de oportunidad para negocios y para lucrar", se&amp;ntilde;al&amp;oacute Rodr&amp;iacute;guez .</content>
        </sentence>
        <sentence id="19">
          <content>Un documento elaborado por la Secretar&amp;iacute;a de la Funci&amp;oacuten P&amp;uacute;blica (SFP),tituladoControl y seguimiento del Fonden, se&amp;ntilde;ala que las irregularidades m&amp;aacute;s frecuentes se detectaron en las auditor&amp;iacute;as a obras ejecutadas con recursos del Fonden, entre las que destacan "conceptos de obra pagados o no ejecutados, adquisiciones pagadas en exceso, adquisiciones suministradas no instaladas y faltante de documentaci&amp;oacuten comprobatoria", as&amp;iacute; como "incumplimiento de contratos y saldos no ejercidos" .</content>
        </sentence>
        <sentence id="20">
          <content>El documento tambi&amp;eacute;n menciona la existencia de "pagos improcedentes" que utilizan recursos del Fonden para otro tipo de programas, la realizaci&amp;oacuten de obra p&amp;uacute;blica en municipios no considerados dentro de la Declaratoria de Desastre Natural emitida por la Secretar&amp;iacute;a de Gobernaci&amp;oacuten .</content>
        </sentence>
        <sentence id="21">
          <content>El secretario de Gobernaci&amp;oacuten, Miguel &amp;Aacute;ngel Osorio Chong, confirm&amp;oacute que se cre&amp;oacute un Comit&amp;eacute; de Transparencia integrado por funcionarioos junto con la sociedad civil para supervisar lo que se destina a la reconstrucci&amp;oacuten y mejoramiento tras los desastres .</content>
        </sentence>
        <sentence id="22">
          <content>Tras los efectos de las tormentas Ingrid y Manuel, el gobierno federal considera que los da&amp;ntilde;os rebasan los 12,000 millones de pesos provenientes del Fondo de Desastres Naturales (Fonden) para atender la emergencia en 20 estados del pa&amp;iacute;s, siendo Guerrero la entidad m&amp;aacute;s afectada del pa&amp;iacute;s y espera dar a conocer el balance el 21 de octubre .</content>
        </sentence>
        <sentence id="23">
          <content>C&amp;aacute;lculos preliminares de la Asociaci&amp;oacuten Mexicana de Instituciones de Seguros (AMIS) calculan que las p&amp;eacute;rdidas podr&amp;iacute;an ascender a 75,000 millones de pesos, cifra que de ser confirmada por autoridades gubernamentales, representar&amp;iacute;a el segundo a&amp;ntilde;o con mayores p&amp;eacute;rdidas econ&amp;oacutemicas de la &amp;uacute;ltima d&amp;eacute;cada .</content>
        </sentence>
      </sentences>
    </paragraph>
  </article>
</document>
