<?xml version="1.0" encoding="UTF-8"?>
<document id="783" link="http://mexico.cnn.com/nacional/2014/03/19/la-seguridad-en-la-frontera-es-necesaria-para-el-crecimiento-economico-eu" category="Nacional" author="Mauricio Torres" highlights_mapped="false">
  <title>La seguridad en la frontera es necesaria para el crecimiento econ&amp;oacutemico: EU - Nacional - CNNMexico.com</title>
  <keywords>eu, mexico, frontera, seguridad fronteriza, seguridad nacional, chapo, crimen organizado, viajeros seguros</keywords>
  <summaries>
    <highlights>
      <sentence id="1" ids_sentences_article="">El Departamento de Seguridad Nacional de Estados Unidos considera que la lucha contra el crimen organizado es clave para el desempe&amp;ntilde;o econ&amp;oacutemico de la regi&amp;oacuten.</sentence>
      <sentence id="2" ids_sentences_article="">Jeh Johnson, secretario de Seguridad Nacional, se encuentra de visita en M&amp;eacute;xico para tratar temas comerciales.</sentence>
      <sentence id="3" ids_sentences_article="">Para facilitar el tr&amp;aacute;nsito de personas en la frontera, ambos pa&amp;iacute;ses trabajan en un plan para "viajeros confiables".</sentence>
    </highlights>
  </summaries>
  <article>
    <paragraph id="1">
      <sentences>
        <sentence id="1">
          <content>La seguridad en la frontera es necesaria para el crecimiento econ&amp;oacutemico: EU.</content>
        </sentence>
        <sentence id="2">
          <content>Sin desmantelar a las organizaciones criminales no se podr&amp;aacute; incrementar el comercio, asegura Jeh Johnson, secretario de Seguridad Nacional.</content>
        </sentence>
        <sentence id="3">
          <content>CIUDAD DE M&amp;Eacute;XICO (CNNM&amp;eacute;xico) -- El crecimiento de la econom&amp;iacute;a de M&amp;eacute;xico y Estados Unidos requiere que haya m&amp;aacute;s seguridad en la frontera com&amp;uacute;n, una de las m&amp;aacute;s largas y con mayor actividad en el mundo, dijo este mi&amp;eacute;rcoles el secretario de Seguridad Nacional estadounidense, Jeh Johnson .</content>
        </sentence>
        <sentence id="4">
          <content>"No podemos seguir construyendo crecimiento econ&amp;oacutemico sin una frontera segura .</content>
        </sentence>
        <sentence id="5">
          <content>Por eso, desmantelar a las organizaciones criminales transnacionales debe seguir siendo una prioridad compartida", se&amp;ntilde;al&amp;oacute el funcionario en un discurso ante empresarios mexicanos .</content>
        </sentence>
        <sentence id="6">
          <content>La declaraci&amp;oacuten de Johnson se produce casi un mes despu&amp;eacute;s de la captura de Joaqu&amp;iacute;n el Chapo Guzm&amp;aacute;n, l&amp;iacute;der del cartel de Sinaloa y uno de los narcotraficantes m&amp;aacute;s buscados del mundo .</content>
        </sentence>
        <sentence id="7">
          <content>En su mensaje en un foro organizado por elConsejo Empresarial Mexicano de Comercio Exterior, Inversi&amp;oacuten y Tecnolog&amp;iacute;a (Comce), Johnson felicit&amp;oacute a M&amp;eacute;xico por la detenci&amp;oacuten del l&amp;iacute;der del c&amp;aacute;rtel de Sinaloa y dijo que el gobierno de Barack Obama busca mantener la cooperaci&amp;oacuten con el de Enrique Pe&amp;ntilde;a Nieto en el &amp;aacute;rea de seguridad fronteriza .</content>
        </sentence>
        <sentence id="8">
          <content>"Una de las m&amp;aacute;s altas prioridades de la administraci&amp;oacuten de Obama en Estados Unidos y del Departamento de Seguridad Nacional (DHS, por sus siglas en ingl&amp;eacute;s) es facilitar el comercio legal esencial para nuestras econom&amp;iacute;as, manteniendo al mismo tiempo los m&amp;aacute;s altos est&amp;aacute;ndares de seguridad", se&amp;ntilde;al&amp;oacute .</content>
        </sentence>
        <sentence id="9">
          <content>"La mejor forma de mover con rapidez personas y bienes a trav&amp;eacute;s de nuestra frontera es hacer esos flujos m&amp;aacute;s seguros", agreg&amp;oacute Johnson .</content>
        </sentence>
        <sentence id="10">
          <content>Sobre este tema, uno de los puntos en los que trabajan ambos gobiernos es el dise&amp;ntilde;o de un programa de "viajeros confiables", que facilite el flujo de personas en la regi&amp;oacuten .</content>
        </sentence>
        <sentence id="11">
          <content>El programa fue acordado entre M&amp;eacute;xico, Estados Unidos y Canad&amp;aacute; en la Cumbre de L&amp;iacute;deres de Am&amp;eacute;rica del Norte de febrero pasado, aunque los mandatarios de los tres pa&amp;iacute;ses no detallaron c&amp;oacutemo funcionar&amp;aacute; .</content>
        </sentence>
        <sentence id="12">
          <content>Al respecto, Johnson dijo este mi&amp;eacute;rcoles que los gobiernos ya discuten los aspectos t&amp;eacute;cnicos del programa y que, en principio, se prev&amp;eacute; que los ciudadanos que quieran entrar en &amp;eacute;l voluntariamente brinden informaci&amp;oacuten de s&amp;iacute; mismos, para que las autoridades determinen si son "viajeros confiables" o no .</content>
        </sentence>
        <sentence id="13">
          <content>La medida, seg&amp;uacute;n Johnson, beneficiar&amp;iacute;a principalmente a las clases medias de los tres pa&amp;iacute;ses .</content>
        </sentence>
        <sentence id="14">
          <content>Johnson visita M&amp;eacute;xico junto con el secretario del Tesoro estadounidense, Jack Lew, quien se reuni&amp;oacute con Pe&amp;ntilde;a Nieto y con el secretario de Hacienda, Luis Videgaray, para firmar acuerdos bilaterales en materia de combate al lavado de dinero .</content>
        </sentence>
        <sentence id="15">
          <content>M&amp;eacute;xico y Estados Unidos comparten una frontera de m&amp;aacute;s de 3,000 kil&amp;oacutemetros, tienen una poblaci&amp;oacuten conjunta de unos 420 millones de personas y un intercambio comercial de aproximadamente 500,000 millones de d&amp;oacutelares anuales .</content>
        </sentence>
      </sentences>
    </paragraph>
  </article>
</document>
