<?xml version="1.0" encoding="UTF-8"?>
<document id="239" link="http://mexico.cnn.com/nacional/2013/12/18/el-prd-intensifica-campana-ante-trabas-a-la-consulta-ciudadana" category="Nacional" author="Lizbeth Padilla Fajardo" highlights_mapped="false">
  <title>El PRD intensifica campa&amp;ntilde;a ante "trabas" a la consulta ciudadana - Nacional - CNNMexico.com</title>
  <keywords>reforma energetica, prd, consulta popular, cuauhtemoc cardenas, pemex, pe&amp;ntilde;a</keywords>
  <summaries>
    <highlights>
      <sentence id="1" ids_sentences_article="">El PRD dice que ya cumplieron con el requisito del 2% de las firmas que pide el art&amp;iacute;culo 35 constitucional.</sentence>
      <sentence id="2" ids_sentences_article="">C&amp;aacute;rdenas pidi&amp;oacute que las fuerzas de izquierda unirse para luchar contra la reforma energ&amp;eacute;tica.</sentence>
    </highlights>
  </summaries>
  <article>
    <paragraph id="1">
      <sentences>
        <sentence id="1">
          <content>El PRD intensifica campa&amp;ntilde;a ante "trabas" a la consulta ciudadana.</content>
        </sentence>
        <sentence id="2">
          <content>El partido de izquierda anunci&amp;oacute movilizaciones en enero y unir&amp;aacute;n fuerzas para que se tome en cuenta la opini&amp;oacuten de los ciudadanos.</content>
        </sentence>
        <sentence id="3">
          <content>CIUDAD DE M&amp;Eacute;XICO (CNNM&amp;eacute;xico) -- Al mismo tiempo que la Comisi&amp;oacuten Permanente del Congreso declar&amp;oacute constitucional la Reforma Energ&amp;eacute;tica, el fundador y l&amp;iacute;der moral del PRD, Cuauht&amp;eacute;moc C&amp;aacute;rdenas, dijo que intensificar&amp;aacute;n las campa&amp;ntilde;a de informaci&amp;oacuten a los ciudadanos, pese a los obst&amp;aacute;culos que est&amp;aacute;n tratando de introducir a la ley de consulta .</content>
        </sentence>
        <sentence id="4">
          <content>"Tratan de desalentar nuestra lucha y confundir a la opini&amp;oacuten publica se&amp;ntilde;alando que no es posible la revocaci&amp;oacuten de la reforma y pretendenn con la ley reglamentaria de la consulta popular ( . . . ) poner obstaculos que efectivamente lo impidan", dijo C&amp;aacute;rdenas .</content>
        </sentence>
        <sentence id="5">
          <content>El excandidato presidencial asegur&amp;oacute que ya cumplieron con el requisito del 2% de las firmas que pide el art&amp;iacute;culo 35 constitucional y ahora y reconoci&amp;oacute que "las fuerzas patri&amp;oacuteticas est&amp;aacute;n dispersas y desorganizadas", por lo que pidi&amp;oacute a ampliar la lucha .</content>
        </sentence>
        <sentence id="6">
          <content>C&amp;aacute;rdenas dijo que en la discusi&amp;oacuten de la reforma energ&amp;eacute;tica no hubo ni ingenuos ni inocentes, pues aunque muchos en el fondo no quer&amp;iacute;an votar por la reforma, no se atrevieron a votar en contra .</content>
        </sentence>
        <sentence id="7">
          <content>Este mi&amp;eacute;rcoles, el PRD present&amp;oacute la estrategia para dar marcha atr&amp;aacute;s a la reforma que abre a capital privado nacional y extranjero el sector energ&amp;eacute;tico, la cual incluyeun "Plan por la unidad en defensa de la soberan&amp;iacute;a nacional y los recursos energ&amp;eacute;ticos" firmado por el partido y organizaciones sociales y sindicales .</content>
        </sentence>
        <sentence id="8">
          <content>El excandidato presidencial (1988, 1994, 2000) dijo que no es tiempo de des&amp;aacute;nimo, pues las luchas del pueblo mexicano por sus derechos siempre han sido largas por lo que los obst&amp;aacute;culos deben impulsar a&amp;uacute;n m&amp;aacute;s la lucha .</content>
        </sentence>
        <sentence id="9">
          <content>Seg&amp;uacute;n el plan se intensificar&amp;aacute; la campa&amp;ntilde;a de firmas para demandar la consulta popular y revocar la reforma, tambi&amp;eacute;n se realizara una magna marcha y jornada de lucha el 31 de enero de 2014 .</content>
        </sentence>
        <sentence id="10">
          <content>En el plan se reitera el llamado de C&amp;aacute;rdenas a la unidad de todas las fuerzas que est&amp;aacute;n en contra de la reforma energ&amp;eacute;tica .</content>
        </sentence>
        <sentence id="11">
          <content>C&amp;aacute;rdenas reconoci&amp;oacute que "las fuerzas patri&amp;oacuteticas se encuentran dispersas y desorganizadas" pero existe una clara conciencia colectiva de unidad por lo que llam&amp;oacute a todos a unirse a la lucha .</content>
        </sentence>
        <sentence id="12">
          <content>La Reforma Energ&amp;eacute;tica fue aprobada por el Senado y la C&amp;aacute;mara de Diputados la segunda semana de diciembre y en menos de seis d&amp;iacute;as, recibi&amp;oacute el aval de 24 legislaturas estatales, por lo que obtuvo la declaratoria de constitucional por parte del Congreso .</content>
        </sentence>
        <sentence id="13">
          <content>La reforma energ&amp;eacute;tica ha sido la m&amp;aacute;s relevante en materia de hidrocarburos en los &amp;uacute;ltimos 75 a&amp;ntilde;os, desde la expropiaci&amp;oacuten del petr&amp;oacuteleo en M&amp;eacute;xico, declarada por el entonces presidente L&amp;aacute;zaro C&amp;aacute;rdenas, padre del fundador del PRD .</content>
        </sentence>
        <sentence id="14">
          <content>La apertura del sector energ&amp;eacute;tico a capital privado nacional y extranjero fue impulsada por el bloque encabezado por el gobernante Partido Revolucionario Institucional (PRI) y el Partido Acci&amp;oacuten Nacional (PAN) .</content>
        </sentence>
        <sentence id="15">
          <content>Las reformas educativa y energ&amp;eacute;tica, 'acaparan' tiempo en radio y TV El presidente Enrique Pe&amp;ntilde;a Nieto dio a conocer su iniciativa en agosto pasado, con la imagen de C&amp;aacute;rdenas, y prev&amp;eacute; realizar la promulgaci&amp;oacuten esta misma semana, toda vez que ha sido avalada por 24 legislaturas estatales y recibi&amp;oacute la declaratorio de constitucional por parte del Congreso este mi&amp;eacute;rcoles .</content>
        </sentence>
      </sentences>
    </paragraph>
  </article>
</document>
