<?xml version="1.0" encoding="UTF-8"?>
<document id="871" link="http://mexico.cnn.com/nacional/2014/03/20/el-suministro-de-agua-sera-suspendido-al-100-en-el-df-en-semana-santa" category="Nacional" highlights_mapped="false">
  <title>El suministro de agua ser&amp;aacute; suspendido al 100% en el DF en Semana Santa - Nacional - CNNMexico.com</title>
  <keywords>agua, ciudad de mexico, escasez, distrito federal, cierre suspenden, suministro, sistema, cutzamala, semana santa</keywords>
  <summaries>
    <highlights>
      <sentence id="1" ids_sentences_article="">La suspensi&amp;oacute;n ser&amp;aacute; del 17 al 20 de abril, inform&amp;oacute; el titular del Sistema de Aguas de la Ciudad de M&amp;eacute;xico.</sentence>
      <sentence id="2" ids_sentences_article="">Hay cierres del 40% programados para junio y septiembre, agreg&amp;oacute;.</sentence>
    </highlights>
  </summaries>
  <article>
    <paragraph id="1">
      <sentences>
        <sentence id="1">
          <content>El suministro de agua ser&amp;aacute; suspendido al 100% en el DF en Semana Santa.</content>
        </sentence>
        <sentence id="2">
          <content>La suspensi&amp;oacute;n del servicio por mantenimiento afectar&amp;aacute; principalmente a Iztapalapa, donde miles acuden a su representaci&amp;oacute;n del viacrucis.</content>
        </sentence>
        <sentence id="3">
          <content>(Notimex) -- El titular del Sistema de Aguas de la Ciudad de M&amp;eacute;xico (Sacmex), Ram&amp;oacute;n Aguirre D&amp;iacute;az, anunci&amp;oacute; que en Semana Santa la Comisi&amp;oacute;n Nacional del Agua (Conagua) suspender&amp;aacute; de manera total el suministro a la Ciudad de M&amp;eacute;xico, por labores de mantenimiento al Sistema Cutzamala .</content>
        </sentence>
        <sentence id="4">
          <content>Al comparecer ante la Comisi&amp;oacute;n de Gesti&amp;oacute;n Integral del Agua de la Asamblea Legislativa del Distrito Federal (ALDF), el funcionario local inform&amp;oacute; que este jueves se llevar&amp;aacute;n a cabo diversas reuniones entre las dependencias involucradas para evitar afectaciones mayores a la capital .</content>
        </sentence>
        <sentence id="5">
          <content>Aguirre D&amp;iacute;az se&amp;ntilde;al&amp;oacute; que la suspensi&amp;oacute;n del suministro afectar&amp;aacute; principalmente a la delegaci&amp;oacute;n Iztapalapa, que durante Semana Santa recibe miles de visitantes por la representaci&amp;oacute;n de la Pasi&amp;oacute;n de Jesucristo, por lo que se eleva la demanda de consumo del l&amp;iacute;quido .</content>
        </sentence>
        <sentence id="6">
          <content>"La red del Sistema Cutzamala llega por el Poniente, y la primera demarcaci&amp;oacute;n que lo resiente es Iztapalapa, y cuando se restablece el servicio, al &amp;uacute;ltimo que le llega es a Iztapalapa porque es la punta", detall&amp;oacute; el funcionario del gobierno del Distrito Federal .</content>
        </sentence>
        <sentence id="7">
          <content>Durante su comparecencia, Aguirre D&amp;iacute;az dijo a los diputados locales que "los recortes del Cutzamala le pegan muy fuerte a la delegaci&amp;oacute;n Iztapalapa porque es la zona que est&amp;aacute; m&amp;aacute;s retirada de la entrada de esta fuente de abastecimiento" .</content>
        </sentence>
        <sentence id="8">
          <content>De acuerdo con el funcionario, la Conagua le inform&amp;oacute; que del "17 al 20 de abril, es decir en Semana Santa, van a hacer una suspensi&amp;oacute;n total del Sistema Cutzamala", y que ello no se hace "por gusto de la autoridad federal" sino que son necesidades que se tienen para darle confiabilidad .</content>
        </sentence>
        <sentence id="9">
          <content>El funcionario inform&amp;oacute; tambi&amp;eacute;n que del 1 al 5 de junio habr&amp;aacute; un paro programado de 40%; del 18 al 20 del mismo mes del mismo porcentaje; y del 12 al 17 de septiembre, que "es un puente largo", tambi&amp;eacute;n "se llevar&amp;aacute; a cabo un paro total programado" y se analiza que podr&amp;iacute;a haber otro igual del 14 al 17 de noviembre .</content>
        </sentence>
        <sentence id="10">
          <content>En relaci&amp;oacute;n con la temporada de estiaje 2014, Aguirre D&amp;iacute;az adelant&amp;oacute; que no habr&amp;aacute; problemas graves en el suministro del l&amp;iacute;quido, pues el almacenamiento del Sistema Cutzamala cuenta con 592 millones de metros c&amp;uacute;bicos, muy por arriba del m&amp;iacute;nimo, que es de 419 millones .</content>
        </sentence>
        <sentence id="11">
          <content>"Esto garantiza que no habr&amp;aacute; un recorte como el del a&amp;ntilde;o pasado, que fue de 10%, que normalmente nos pega en las puntas de las redes, es decir, donde primero se nos va el agua cuando falta es en las puntas de las redes, y estamos hablando de las partes altas de Tlalpan e Iztapalapa", a&amp;ntilde;adi&amp;oacute; .</content>
        </sentence>
        <sentence id="12">
          <content>Las autoridades de la Ciudad de M&amp;eacute;xico iniciaron una investigaci&amp;oacute;n en octubre de 2013 para determinar si pueden extraer agua de 2,000 metros de profundidad, sin que implique que el Valle de M&amp;eacute;xico se siga hundiendo .</content>
        </sentence>
        <sentence id="13">
          <content>Dos de cada tres litros de agua que abastecen a este territorio provienen de acu&amp;iacute;feros locales, pero 46% de estos recursos son de yacimientos h&amp;iacute;dricos sobreexplotados .</content>
        </sentence>
      </sentences>
    </paragraph>
  </article>
</document>
