<?xml version="1.0" encoding="UTF-8"?>
<document id="828" link="http://mexico.cnn.com/nacional/2014/02/11/el-ministro-de-la-scjn-jose-ramon-cossio-ingresa-al-colegio-nacional" category="Nacional" highlights_mapped="false">
  <title>El ministro de la SCJN, Jos&amp;eacute; Ram&amp;oacuten Coss&amp;iacute;o, ingresa al Colegio Nacional - Nacional - CNNMexico.com</title>
  <keywords>colegio nacional, scjn, jose ramon cossio, ministro, ceremonia, ingreso</keywords>
  <summaries>
    <highlights>
      <sentence id="1" ids_sentences_article="">La instituci&amp;oacuten agrupa a los investigadores y artistas m&amp;aacute;s destacados del pa&amp;iacute;s.</sentence>
    </highlights>
  </summaries>
  <article>
    <paragraph id="1">
      <sentences>
        <sentence id="1">
          <content>El ministro de la SCJN, Jos&amp;eacute; Ram&amp;oacuten Coss&amp;iacute;o, ingresa al Colegio Nacional.</content>
        </sentence>
        <sentence id="2">
          <content>Coss&amp;iacute;o D&amp;iacute;az es uno de los nuevos integrantes de la instituci&amp;oacuten junto con el geof&amp;iacute;sico Urrutia Fucugauchi y el escritor Juan Villoro.</content>
        </sentence>
        <sentence id="3">
          <content>(CNNM&amp;eacute;xico) -- El ministro de la Suprema Corte de Justicia de la Naci&amp;oacuten (SCJN), Jos&amp;eacute; Ram&amp;oacuten Coss&amp;iacute;o D&amp;iacute;az, se convirti&amp;oacute este martes en el nuevo integrante de El Colegio Nacional de M&amp;eacute;xico, instituci&amp;oacuten reconocida por agrupar a cient&amp;iacute;ficos, escritores, poetas, artistas e investigadores del pa&amp;iacute;s .</content>
        </sentence>
        <sentence id="4">
          <content>La ceremonia de ingreso del ministro se realiz&amp;oacute en el Aula Mayor de El Colegio Nacional ubicado en el Centro Hist&amp;oacuterico de la Ciudad de M&amp;eacute;xico .</content>
        </sentence>
        <sentence id="5">
          <content>"Una de las funciones que yo podr&amp;iacute;a entender aqu&amp;iacute; en el Colegio Nacional, desde luego con las limitaciones de mis fuerzas pero tambi&amp;eacute;n con el apoyo de mis colegas en el colegio es tratar de ver de qu&amp;eacute; manera resulta posible, resulta factible preocuparse por un orden jur&amp;iacute;dico", dijo el ministro Cossio durante su discurso .</content>
        </sentence>
        <sentence id="6">
          <content>Jos&amp;eacute; Ram&amp;oacuten Coss&amp;iacute;o D&amp;iacute;az estudi&amp;oacute la carrera de Derecho en la Universidad de Colima, Tiene una maestr&amp;iacute;a en Derecho Constitucional y Ciencia Pol&amp;iacute;tica del Centro de Estudios Constitucionales de Madrid y un doctorado de la Facultad de Derecho de la Universidad Complutense de Madrid, seg&amp;uacute;n su perfil publicado en el sitio de la SCJN .</content>
        </sentence>
        <sentence id="7">
          <content>Es investigador nivel III del Sistema Nacional de Investigadores y miembro de la Academia Mexicana de Ciencias .</content>
        </sentence>
        <sentence id="8">
          <content>Su trayectoria profesional se ha dividido entre la docencia, la investigaci&amp;oacuten y su labor como ministro del m&amp;aacute;ximo tribunal en el pa&amp;iacute;s al que ingres&amp;oacute el 1 de diciembre de 2003 .</content>
        </sentence>
        <sentence id="9">
          <content>Ha recibido el Premio Nacional de Investigaci&amp;oacuten 1998, en el &amp;aacute;rea de Ciencias Sociales; el Nacional de Ciencias y Artes 2009, en el Campo de Historia, Ciencias Sociales y Filosof&amp;iacute;a; as&amp;iacute; como el Nacional de Comunicaci&amp;oacuten Jos&amp;eacute; Pag&amp;eacute;s Llergo 2010, por su labor en los &amp;aacute;mbitos de Justicia y Estado de Derecho .</content>
        </sentence>
        <sentence id="10">
          <content>El ministro de la SCJN es uno de los tres nuevos miembros que el Colegio Nacional anunci&amp;oacute en enero .</content>
        </sentence>
        <sentence id="11">
          <content>Los otros dos son el ingeniero geof&amp;iacute;sico Juan Urrutia Fucugauchi y el escritor Juan Villoro .</content>
        </sentence>
        <sentence id="12">
          <content>La ceremonia de ingreso de Urrutia Fucugauchi se realiz&amp;oacute el 5 de febrero, su discurso de ingreso fue contestado por el doctor Luis Felipe Rodr&amp;iacute;guez Jorge, inform&amp;oacute la instituci&amp;oacuten en su sitio de internet .</content>
        </sentence>
        <sentence id="13">
          <content>Mientras que la ceremonia de ingreso de Juan Villoro se realizar&amp;aacute; el 25 de febrero a las 19:00 horas en el Aula Mayor de El Colegio Nacional .</content>
        </sentence>
        <sentence id="14">
          <content>La instituci&amp;oacuten fue fundada en 1943, entre sus miembros actuales est&amp;aacute;n el arquitecto Teodoro Gonz&amp;aacute;lez de Le&amp;oacuten; los historiadores Enrique Krauze y Miguel Le&amp;oacuten Portilla, as&amp;iacute; como la arque&amp;oacuteloga Linda Rosa Manzanilla Naim .</content>
        </sentence>
      </sentences>
    </paragraph>
  </article>
</document>
