<?xml version="1.0" encoding="UTF-8"?>
<document id="531" link="http://mexico.cnn.com/nacional/2014/03/12/los-4-hallazgos-que-permitieron-construir-el-cerco-en-torno-a-el-chayo" category="Nacional" highlights_mapped="false">
  <title>Los 4 hallazgos que permitieron construir el cerco en torno a 'El Chayo' - Nacional - CNNMexico.com</title>
  <keywords>nazario moreno, el chayo, michoac&amp;aacute;n, caballeros templarios, marina,</keywords>
  <summaries>
    <highlights>
      <sentence id="1" ids_sentences_article="">La detenci&amp;oacuten de un hombre y el aseguramiento de equipo de comunicaci&amp;oacuten permiti&amp;oacute levantar un cerco alrededor del l&amp;iacute;der 'Los caballeros templarios'.</sentence>
      <sentence id="2" ids_sentences_article="">Nazario Moreno fue abatido por fuerzas militares en Tumbiscat&amp;iacute;o, Michoac&amp;aacute;n que repelieron una agresi&amp;oacuten del capo.</sentence>
    </highlights>
  </summaries>
  <article>
    <paragraph id="1">
      <sentences>
        <sentence id="1">
          <content>Los 4 hallazgos que permitieron construir el cerco en torno a 'El Chayo'.</content>
        </sentence>
        <sentence id="2">
          <content>La detenci&amp;oacuten de un hombre y el aseguramiento de un equipo de comunicaci&amp;oacuten ayudaron a las fuerzas federales a dar con el l&amp;iacute;der 'templario'.</content>
        </sentence>
        <sentence id="3">
          <content>(CNNM&amp;eacute;xico) -- Cerca de un mes tard&amp;oacute la operaci&amp;oacuten que deriv&amp;oacute en la captura de Nazario Moreno el Chayo,l&amp;iacute;der deLos caballeros templarios,quien este domingo fue abatido en un enfrentamiento con elementos de la Marina .</content>
        </sentence>
        <sentence id="4">
          <content>El gobierno federal destac&amp;oacute puntos claves que le permitieron acercarse al capo--y que hab&amp;iacute;a sido declarado muerto en 2010-- desde el despliegue militar en Michoac&amp;aacute;n como parte de un operativo integral implementado a principios de a&amp;ntilde;o para restablecer el orden en la entidad .</content>
        </sentence>
        <sentence id="5">
          <content>Nazario Moreno Gonz&amp;aacute;lez, se&amp;ntilde;alado como el presunto encargado de las tareas de adoctrinamiento del grupo delincuencial que encabezaba hasta el d&amp;iacute;a de su abatimiento,era reconocido por su peligrosidad en las zonas donde las fuerzas federales hab&amp;iacute;an reforzado su presencia .</content>
        </sentence>
        <sentence id="6">
          <content>La investigaci&amp;oacuten "exhaustiva" realizada en conjunto con la Marina y la Defensa Nacional y el trabajo de inteligencia que llevaron a el Chayofue implementado de la siguiente manera:Un secreto a vocesTras la llegada de fuerzas federales a Michoac&amp;aacute;n el pasado 13 de enero, el reci&amp;eacute;n nombrado comisionado para el estado, Alfredo Castillo, as&amp;iacute; como otros servidores p&amp;uacute;blicos recibieron contantes reportes de la ciudadan&amp;iacute;a, de autoridades locales y denuncias an&amp;oacutenimas que indicaban queNazario Morenosegu&amp;iacute;a vivo y operando al frente de Los caballeros templariosen tareas de extorsi&amp;oacuten, secuestro y delitos contra la salud .</content>
        </sentence>
        <sentence id="7">
          <content>Al servicio de un 'muerto'La detenci&amp;oacuten de un hombre durante un patrullaje de las fuerzas federales el pasado 7 de febrero confirm&amp;oacute que el Chayosegu&amp;iacute;a mandando en Michoac&amp;aacute;n .</content>
        </sentence>
        <sentence id="8">
          <content>El sospechoso,quien viajaba con una camioneta con armamento y droga, manifest&amp;oacute pertenecer a un grupo delincuencial y estar al servicio de Nazario Moreno .</content>
        </sentence>
        <sentence id="9">
          <content>A principios de marzo, fueron localizados tres tambos de pl&amp;aacute;stico con capacidad de 200 litros que estaban enterrados y ten&amp;iacute;an armamento de Los caballerostemplarioslidereados por Moreno .</content>
        </sentence>
        <sentence id="10">
          <content>Cierran el cercoEl aseguramiento de un equipo de comunicaci&amp;oacuten, presuntamente propiedad de Nazario Moreno, permiti&amp;oacute a las fuerzas federales obtener m&amp;aacute;s informaci&amp;oacuten sobre el capo y establecer un cerco de seguridad en la zona en que se mov&amp;iacute;a .</content>
        </sentence>
        <sentence id="11">
          <content>Conversaciones con su grupo revelaron la realizaci&amp;oacuten de una reuni&amp;oacuten a la que probablemente asistir&amp;iacute;a Moreno .</content>
        </sentence>
        <sentence id="12">
          <content>La madrugada del 9 de marzo, en la cabecera municipal de Tumbiscat&amp;iacute;o se implement&amp;oacute un operativo para capturar a Nazario Moreno, quien respondi&amp;oacute con disparos de arma fuego AK-47, que el personal militar repeli&amp;oacute .</content>
        </sentence>
        <sentence id="13">
          <content>Huellas digitalesLas huellas del cad&amp;aacute;ver fueron cotejadas con los datos que ten&amp;iacute;an las autoridades de la credencial de elector y la cartilla del Servicio Militar Nacional de Nazario Moreno, con lo que pudieron confirmar su identidad .</content>
        </sentence>
      </sentences>
    </paragraph>
  </article>
</document>
