<?xml version="1.0" encoding="UTF-8"?>
<document id="405" link="http://mexico.cnn.com/nacional/2014/03/03/autodefensas-acuerdan-con-el-gobierno-no-portar-armas-en-las-ciudades" category="Nacional" highlights_mapped="false">
  <title>Autodefensas acuerdan con el gobierno no portar armas en las ciudades - Nacional - CNNMexico.com</title>
  <keywords>michoacan, autodefenas, uruapan, morelia, patzcuaro, retenes, armas, apatzingan, aucerdo, castillo, representantes, vecinos</keywords>
  <summaries>
    <highlights>
      <sentence id="1" ids_sentences_article="">Las autodefensas no portar&amp;aacute;n armas en ciudades grandes de Michoac&amp;aacute;n donde tengan presencia, asegur&amp;oacute el vocero del movimiento.</sentence>
      <sentence id="2" ids_sentences_article="">Dijo que en P&amp;aacute;tzcuaro y Uruapan se limitar&amp;aacute;n a realizar retenes e investigar la presencia de criminales.</sentence>
      <sentence id="3" ids_sentences_article="">Las autodefensas est&amp;aacute;n conformando un consejo general en la ciudad de Apatzing&amp;aacute;n integrando por un representante por cada colonia.</sentence>
    </highlights>
  </summaries>
  <article>
    <paragraph id="1">
      <sentences>
        <sentence id="1">
          <content>Autodefensas acuerdan con el gobierno no portar armas en las ciudades.</content>
        </sentence>
        <sentence id="2">
          <content>Los patrullajes ciudadanos se limitar&amp;aacute;n a vigilar las entradas en P&amp;aacute;tzcuaro y Uruapan; en Apatzing&amp;aacute;n crear&amp;aacute;n un comit&amp;eacute; vecinal.</content>
        </sentence>
        <sentence id="3">
          <content>(CNNM&amp;eacute;xico) -- Las autodefensas dejar&amp;aacute;n de patrullar con armas en las ciudades m&amp;aacute;s grandes del estado donde tienen presencia --Uruapan, P&amp;aacute;tzcuaro y Apatzing&amp;aacute;n-- y solo vigilar&amp;aacute;n los accesos, seg&amp;uacute;n un acuerdo hecho entre estos grupos y el gobierno federal el pasado 28 de febrero .</content>
        </sentence>
        <sentence id="4">
          <content>El vocero de las autodefensas, Estanislao Beltr&amp;aacute;n, dijo a CNNM&amp;eacute;xico que cambiar&amp;aacute;n su estrategia para evitar afectaciones a las actividades econ&amp;oacutemicas, pero seguir&amp;aacute;n buscando a los presuntos integrantes deLos Caballeros Templarios, elgrupo criminal que dicen combatirdesde hace un a&amp;ntilde;o .</content>
        </sentence>
        <sentence id="5">
          <content>En el caso de Morelia, la capital, acordaron no ingresar .</content>
        </sentence>
        <sentence id="6">
          <content>"Nosotros no podemos entrar a las ciudades grandes como lo hacemos en una comunidad rural .</content>
        </sentence>
        <sentence id="7">
          <content>Porque la situaci&amp;oacuten de vida es diferente, y adem&amp;aacute;s no podemos actuar de esta manera .</content>
        </sentence>
        <sentence id="8">
          <content>Y sobre todo porque las ciudades tienen turismo (&amp;hellip;) y vamos a perturbar la paz", explic&amp;oacute Beltr&amp;aacute;n .</content>
        </sentence>
        <sentence id="9">
          <content>"En las zonas tur&amp;iacute;sticas como P&amp;aacute;tzcuaro no podemos entrar armados, no podemos andar exhibi&amp;eacute;ndonos .</content>
        </sentence>
        <sentence id="10">
          <content>Ah&amp;iacute; vamos a controlar las entradas y salidas, y, a trav&amp;eacute;s del gobierno y nosotros vamos a localizar las casas de seguridad de los criminales", agreg&amp;oacute el vocero .</content>
        </sentence>
        <sentence id="11">
          <content>Los coordinadores de las autodefensas firmaron un acuerdo con el gobierno federal el 27 de enero para realizar actividades de patrullajes ciudadanos en coordinaci&amp;oacuten con el Ej&amp;eacute;rcito y la Polic&amp;iacute;a Federal .</content>
        </sentence>
        <sentence id="12">
          <content>Antes de ese plan, las autoridades federales y estatales rechazaban sus actividades de seguridad p&amp;uacute;blica .</content>
        </sentence>
        <sentence id="13">
          <content>En la reuni&amp;oacuten del 28 de enero entre el comisionado federal para la seguridad, Alfredo Castillo, y los coordinadores de las autodefensas, se acordaron cinco puntos, entre ellos que "los grupos de ciudadanos organizados no ingresar&amp;aacute;n a Morelia ni a ninguna cabecera municipal ni zona urbana", inform&amp;oacute la Secretar&amp;iacute;a de Gobernaci&amp;oacuten en un comunicado .</content>
        </sentence>
        <sentence id="14">
          <content>"Estos grupos solo tendr&amp;aacute;n presencia en filtros o puntos de revisi&amp;oacuten, siempre que sea de manera conjunta con las fuerzas federales", dice el segundo punto .</content>
        </sentence>
        <sentence id="15">
          <content>"No habr&amp;aacute; movimiento alguno de estos grupos que no sea consensuado con las autoridades", a&amp;ntilde;ade el tercero .</content>
        </sentence>
        <sentence id="16">
          <content>Comit&amp;eacute; vecinal para Apatzing&amp;aacute;nEn la ciudad de Apatzing&amp;aacute;n, se&amp;ntilde;alada por las autodefensas como el basti&amp;oacuten de los templariosen la regi&amp;oacuten Tierra Caliente, esta semana se conformar&amp;aacute; una asamblea vecinal debido a que es la localidad m&amp;aacute;s grande (123,000 habitantes) donde tienen control de todos los accesos viales, dijo el vocero .</content>
        </sentence>
        <sentence id="17">
          <content>"No podemos formar un consejo en una asamblea general .</content>
        </sentence>
        <sentence id="18">
          <content>Aqu&amp;iacute; se est&amp;aacute; formando un consejo por colonia, y son 80 colonias .</content>
        </sentence>
        <sentence id="19">
          <content>Van a tener un representante para conformar el consejo general de Apatzing&amp;aacute;n", explic&amp;oacute Beltr&amp;aacute;n .</content>
        </sentence>
        <sentence id="20">
          <content>Este se encargar&amp;aacute; de la organizaci&amp;oacuten de retenes a los accesos carreteros a la ciudad, y manejar&amp;aacute;n la identificaci&amp;oacuten de presuntostemplarios, a&amp;ntilde;adi&amp;oacute .</content>
        </sentence>
        <sentence id="21">
          <content>La entrada a esta ciudad, el 9 de febrero, fue considerada como un "triunfo" para el movimiento, pero actualmente la Polic&amp;iacute;a Federal y el Ej&amp;eacute;rcito controlan la seguridad en el municipio .</content>
        </sentence>
        <sentence id="22">
          <content>Apoyo a v&amp;iacute;ctimas de la violenciaEste fin de semana, representantes de la Comisi&amp;oacuten Nacional de Derechos Humanos (CNDH) acordaron con los coordinadores de las autodefensas trabajar de forma conjunta para auxiliar a personas que se han visto afectadas por la violencia que provoc&amp;oacute el levantamiento armado .</content>
        </sentence>
        <sentence id="23">
          <content>"Va a haber trabajo con gente que fue afectada por los criminales, est&amp;aacute;n recibiendo quejas de todo tipo .</content>
        </sentence>
        <sentence id="24">
          <content>Est&amp;aacute;n analizando, viendo sobre todo a los hu&amp;eacute;rfanos, a las madres que perdieron a sus esposos por el crimen organizado, y toda la situaci&amp;oacuten que corresponde a los derechos humanos", explic&amp;oacute Beltr&amp;aacute;n .</content>
        </sentence>
        <sentence id="25">
          <content>En la reuni&amp;oacuten tambi&amp;eacute;n estuvo presente Silvano Aureoles, diputado federal por Michoac&amp;aacute;n y actual presidente de la Junta de Coordinaci&amp;oacuten Pol&amp;iacute;tica de la C&amp;aacute;mara baja, a quien las autodefensas pidieron apoyo para la liberaci&amp;oacuten de integrantes de las autodefensas detenidos desde hace un a&amp;ntilde;o .</content>
        </sentence>
        <sentence id="26">
          <content>"Se est&amp;aacute; viendo por todos los presos, as&amp;iacute; sean de Tanc&amp;iacute;taro, de Buenavista, de Tepalcatepec, de Coalcom&amp;aacute;n, de Aquila, de Los Reyes, de todos", dijo Beltr&amp;aacute;n, quien asegur&amp;oacute que hay unos 100 detenidos de varios municipios desde marzo de 2013 .</content>
        </sentence>
        <sentence id="27">
          <content>Gobernaci&amp;oacuten inform&amp;oacute que habr&amp;aacute; reuniones semanales los jueves al mediod&amp;iacute;a entre los coordinadores de las autodefensas, el comisionado Castillo, el comisionado de la Polic&amp;iacute;a Federal, Enrique Galindo, y el comandante de la 43 Zona Militar, el general Miguel &amp;Aacute;ngel Pati&amp;ntilde;o .</content>
        </sentence>
      </sentences>
    </paragraph>
  </article>
</document>
