<?xml version="1.0" encoding="UTF-8"?>
<document id="860" link="http://mexico.cnn.com/nacional/2014/03/22/opositores-critican-la-estrategia-en-michoacan-tras-el-asesinato-de-edil" category="Nacional" highlights_mapped="false">
  <title>Opositores critican la estrategia en Michoac&amp;aacute;n, tras el asesinato de edil - Nacional - CNNMexico.com</title>
  <keywords>Michoacan, muerte edil,  Gustavo Garibay, alcalde, Tanhuato, PAN, PRD , partidos,</keywords>
  <summaries>
    <highlights>
      <sentence id="1" ids_sentences_article="">Integrantes del PAN y PRD cuestionaron los resultados de la estrategia federal de seguridad.</sentence>
      <sentence id="2" ids_sentences_article="">El gobierno federal desatendi&amp;oacute; una solicitud de seguridad personal para el alcalde, seg&amp;uacute;n la l&amp;iacute;der del PAN.</sentence>
    </highlights>
  </summaries>
  <article>
    <paragraph id="1">
      <sentences>
        <sentence id="1">
          <content>Opositores critican la estrategia en Michoac&amp;aacute;n, tras el asesinato de edil.</content>
        </sentence>
        <sentence id="2">
          <content>Integrantes del PRI y PAN cuestionaron los resultados de la estrategia de seguridad, tras la muerte del alcalde de Tanhuato, Gustavo Garibay.</content>
        </sentence>
        <sentence id="3">
          <content>(CNNM&amp;eacute;xico) -- El asesinato Gustavo Garibay, alcalde del municipio de Tanhuato, Michoac&amp;aacute;n, despert&amp;oacute; cuestionamientos entre la oposici&amp;oacute;n sobre los resultados de la estrategia de seguridad del gobierno federal en el estado .</content>
        </sentence>
        <sentence id="4">
          <content>"La estrategia en Michoac&amp;aacute;n sigue sin dar resultados concretos, pues los alcaldes han sido aislados de la misma y han recibido de parte del gobierno federal un trato indolente, a pesar de que son los Presidentes Municipales quienes mejor conocen los problemas de su localidad", dijo en un comunicado de prensa Cecilia Romero Castillo, presidenta del Partido Acci&amp;oacute;n Nacional (PAN), al que pertenec&amp;iacute;a Garibay .</content>
        </sentence>
        <sentence id="5">
          <content>Por su parte, Jes&amp;uacute;s Zambrano, presidente Nacional del Partido de la Revoluci&amp;oacute;n Democr&amp;aacute;tica (PRD) dijo que la muerte del edil "(Es) una bofetada en la cara de la situaci&amp;oacute;n tan delicada que sigue viviendo Michoac&amp;aacute;n en el peor momento de su historia contempor&amp;aacute;nea" .</content>
        </sentence>
        <sentence id="6">
          <content>Y agreg&amp;oacute;: "El asunto no est&amp;aacute; circunscrito a la Tierra Caliente y por lo tanto no debemos estar echando las campanas al vuelo como si ya el asunto estuviera absolutamente bajo control por parte del gobierno federal"El municipio de Tanhuato no pertenece a la regi&amp;oacute;n de Tierra Caliente en Michoac&amp;aacute;n, donde el gobierno federal implement&amp;oacute; en enero una estrategia que incluye el despliegue de fuerzas federales y una inversi&amp;oacute;n a programas sociales .</content>
        </sentence>
        <sentence id="7">
          <content>El exalcalde, Gustavo Garibay, hab&amp;iacute;asobrevivido a un atentado en octubre de 2012,cuando un grupo armado lo intercept&amp;oacute; mientras viajaba en un veh&amp;iacute;culo y le dispar&amp;oacute; .</content>
        </sentence>
        <sentence id="8">
          <content>El edil result&amp;oacute; lesionado y fue trasladado a un hospital donde se le report&amp;oacute; como estable .</content>
        </sentence>
        <sentence id="9">
          <content>Resultado de este ataque, el gobierno del entonces presidente panista Felipe Calder&amp;oacute;n, le asign&amp;oacute; una escolta, que m&amp;aacute;s tarde el gobierno federal actual le retir&amp;oacute; a pesar de una solicitud hecha a la Polic&amp;iacute;a Federal Preventiva y a la Secretar&amp;iacute;a de Gobernaci&amp;oacute;n, seg&amp;uacute;n Romero Castillo .</content>
        </sentence>
        <sentence id="10">
          <content>El candidato a la presidencia del PAN, Gustavo Madero, dijo: "Exigimos justicia, y que no siga la impunidad que ha fomentado ese gobierno del PRI, cuya principal caracter&amp;iacute;stica es que no resuelve la inseguridad que tanto lamentan todos los michoacanos" .</content>
        </sentence>
        <sentence id="11">
          <content>Por su parte el gobierno federal dijo que colabora con las autoridades estatales, dirigidas por el priista Fausto Vallejo, para indagar los hechos .</content>
        </sentence>
        <sentence id="12">
          <content>Me uno al duelo y me solidarizo con su familia .</content>
        </sentence>
        <sentence id="13">
          <content>El @GobRep y el Gobierno Estatal estamos trabajando para esclarecer los hechos .</content>
        </sentence>
        <sentence id="14">
          <content>-- Miguel A .</content>
        </sentence>
        <sentence id="15">
          <content>OsorioChong (@osoriochong) marzo 22, 2014He hablado con el Gob @faustovallejof y estamos coordinando esfuerzos federales y estatales para esclarecer este crimen (3/3)-- Alfredo Castillo C .</content>
        </sentence>
        <sentence id="16">
          <content>(@Comisionadomich) marzo 22, 2014El estado de Michoac&amp;aacute;n ha sido afectado por la violencia generada por el grupo delictivo de Los Caballeros Templarios, lo que incluso oblig&amp;oacute; que alcaldes como Luis Torres Ch&amp;aacute;vez decidieran despachar alejados de las comunidades que gobiernan .</content>
        </sentence>
        <sentence id="17">
          <content>El pasado viernes, el Congreso de Michoac&amp;aacute;n aprob&amp;oacute; el reemplazo por un plazo indefinido del presidente municipal de Tepalcatepec, Guillermo Valencia Reyes, quien desde 2013 ha denunciado amenazas contra su vida por rencillas pol&amp;iacute;ticas locales, motivo por el cual supuestamente no ha podido trabajar desde su municipio .</content>
        </sentence>
        <sentence id="18">
          <content>A sugerencia de la Comisi&amp;oacute;n Nacional de los Derechos Humanos, los legisladores hab&amp;iacute;an considerado a principios de marzoutilizar la figura constitucional de la desaparici&amp;oacute;n de poderesen alcald&amp;iacute;as de Michoac&amp;aacute;n, principalmente de la regi&amp;oacute;n Tierra Caliente, donde la inseguridad provoc&amp;oacute; quevarios presidentes municipalesdejaran sus pueblos .</content>
        </sentence>
        <sentence id="19">
          <content>Desde junio de 2013, Valencia se retir&amp;oacute; a la capital estatal Morelia para gobernar a distancia debido a "cuestiones de &amp;iacute;ndole pol&amp;iacute;tico y personal con un expresidente municipal (Uriel Far&amp;iacute;as &amp;Aacute;lvarez)", dijo &amp;eacute;l en agosto pasado .</content>
        </sentence>
      </sentences>
    </paragraph>
  </article>
</document>
