<?xml version="1.0" encoding="UTF-8"?>
<document id="354" link="http://mexico.cnn.com/nacional/2014/03/11/hipolito-mora-vuelve-a-tierra-caliente-pese-a-presencia-de-el-americano" category="Nacional" highlights_mapped="false">
  <title>Hip&amp;oacutelito Mora vuelve a Tierra Caliente pese a presencia de 'el Americano' - Nacional - CNNMexico.com</title>
  <keywords>autodefensas, michoacan, la ruana, buenavista, tepalcatepec, hipolito mora, el americano, tierra caliente, civiles armados, alfredo castillo, comisionado federal, policias</keywords>
  <summaries>
    <highlights>
      <sentence id="1" ids_sentences_article="">Hip&amp;oacutelito Mora confirm&amp;oacute que este lunes viaj&amp;oacute a la Ciudad de M&amp;eacute;xico.</sentence>
      <sentence id="2" ids_sentences_article="">El vocero de las autodefensas dijo que volver&amp;aacute; este martes a La Ruana.</sentence>
      <sentence id="3" ids_sentences_article="">El comisionado federal por la seguridad en Michoac&amp;aacute;n dijo que buscan evitar un enfrentamiento.</sentence>
    </highlights>
  </summaries>
  <article>
    <paragraph id="1">
      <sentences>
        <sentence id="1">
          <content>Hip&amp;oacutelito Mora vuelve a Tierra Caliente pese a presencia de 'el Americano'.</content>
        </sentence>
        <sentence id="2">
          <content>El vocero de las autodefensas sali&amp;oacute del poblado de La Ruana tras la llegada de un grupo disidente del movimiento de civiles armados.</content>
        </sentence>
        <sentence id="3">
          <content>(CNNM&amp;eacute;xico) -- La localidad de La Ruana, en el municipio michoacano de Buenavista, vuelve a ser desde este lunes el escenario de la crisis de autodefensas de Tierra Caliente .</content>
        </sentence>
        <sentence id="4">
          <content>El conflicto actual: una divisi&amp;oacuten entre los civiles armados que apoyan uno de los fundadores del movimiento, Hip&amp;oacutelito Mora, y quienes acompa&amp;ntilde;an a Luis Antonio Torres Gonz&amp;aacute;lez, el Americano .</content>
        </sentence>
        <sentence id="5">
          <content>Este lunes, tras la llegada del grupo de el Americano al pueblo --donde en febrero de 2014 surgieron las autodefensas-- Mora sali&amp;oacute en un helic&amp;oacuteptero oficial rumbo a la Ciudad de M&amp;eacute;xico y su partida caus&amp;oacute rumores sobre un escape .</content>
        </sentence>
        <sentence id="6">
          <content>"No sal&amp;iacute; huyendo, sal&amp;iacute; porque el gobierno (federal) me llam&amp;oacute y me dijeron que si quer&amp;iacute;a venir a M&amp;eacute;xico", dijo el vocero de las autodefensas en una entrevista con el periodista Ciro G&amp;oacutemez Leyva, para Radio F&amp;oacutermula, este martes por la ma&amp;ntilde;ana .</content>
        </sentence>
        <sentence id="7">
          <content>"Hoy mismo regreso a La Ruana", agreg&amp;oacute .</content>
        </sentence>
        <sentence id="8">
          <content>Perfil: Hip&amp;oacutelito MoraMora indic&amp;oacute que regresar&amp;iacute;a acompa&amp;ntilde;ado de elementos de la Polic&amp;iacute;a Federal "por tierra o por aire" .</content>
        </sentence>
        <sentence id="9">
          <content>Tambi&amp;eacute;n en una entrevista con G&amp;oacutemez Leyva este martes, el comisionado federal para la seguridad de Michoac&amp;aacute;n, Alfredo Castillo, confirm&amp;oacute el regreso de Mora y dijo que el gobierno tiene la obligaci&amp;oacuten de "garantizar la seguridad a las personas" .</content>
        </sentence>
        <sentence id="10">
          <content>Mientras, 180 polic&amp;iacute;as federales, 60 estatales y personal del Ej&amp;eacute;rcito permanecen en el poblado, inform&amp;oacute el secretario de Seguridad P&amp;uacute;blica de Michoac&amp;aacute;n, Carlos Castellanos, en su cuenta de Twitter .</content>
        </sentence>
        <sentence id="11">
          <content>El operativo es coordinado por el comisionado general de la Polic&amp;iacute;a Federal, Enrique Galindo .</content>
        </sentence>
        <sentence id="12">
          <content>Mora acus&amp;oacute a el Americano de llevar a cabo pr&amp;aacute;cticas similares a las de Los Caballeros Templarios, el grupo criminal contra el cual supuestamente se enfrentan las autodefensas .</content>
        </sentence>
        <sentence id="13">
          <content>"El verdadero conflicto es porque, mientras yo est&amp;eacute; al frente del movimiento, el Americano no puede hacer libremente lo que &amp;eacute;l est&amp;aacute; acostumbrado .</content>
        </sentence>
        <sentence id="14">
          <content>Tengo ocho, nueve meses callando, soportando las cr&amp;iacute;ticas de &amp;eacute;l, &amp;eacute;l ha vivido del asesinato, de la extorsi&amp;oacuten, todos los pueblos se est&amp;aacute;n quejando de &amp;eacute;l", dijo Mora en la entrevista radiof&amp;oacutenica .</content>
        </sentence>
        <sentence id="15">
          <content>"Todos los perdonados andan en su grupo", se&amp;ntilde;al&amp;oacute, en referencia a presuntos socios de Nazario Moreno, el Chayo, y Servando G&amp;oacutemez, la Tuta, se&amp;ntilde;alados como l&amp;iacute;deres de Los Templarios .</content>
        </sentence>
        <sentence id="16">
          <content>Este domingo, las autoridades federales confirmaron la muerte de el Chayo en un enfrentamiento en Michoac&amp;aacute;n .</content>
        </sentence>
        <sentence id="17">
          <content>El vocero de las autodefensas acus&amp;oacute que cuando naci&amp;oacute el movimiento, "los perdonados" salieron de La Ruana por su propia voluntad para apoyar a Moreno porque cre&amp;iacute;an que &amp;eacute;l (Mora) morir&amp;iacute;a .</content>
        </sentence>
        <sentence id="18">
          <content>"Tienen tiempo queriendo volver a entrar al pueblo, ah&amp;iacute; tienen sus casas, tienen sus ranchos y los ciudadanos no los dejan entrar, entonces de la &amp;uacute;nica forma que entraron se unieron con el Americano", dijo .</content>
        </sentence>
        <sentence id="19">
          <content>Mora descart&amp;oacute que Jos&amp;eacute; Manuel Mireles, otro de los fundadores de las autodefensas, est&amp;eacute; apoyando a Torres .</content>
        </sentence>
        <sentence id="20">
          <content>A principios de este a&amp;ntilde;o, Mireles tuvo un accidente a&amp;eacute;reo que lo alej&amp;oacute del movimiento durante casi dos meses, hasta la celebraci&amp;oacuten del primer aniversario de las autodefensas .</content>
        </sentence>
        <sentence id="21">
          <content>Castillo dijo que este martes se reunir&amp;aacute; con Torres para ver "cu&amp;aacute;les son las inquietudes, las necesidades" .</content>
        </sentence>
        <sentence id="22">
          <content>"Vamos a buscar, como lo hemos hecho en anteriores ocasiones, el tema del di&amp;aacute;logo, la negociaci&amp;oacuten .</content>
        </sentence>
        <sentence id="23">
          <content>El uso de la fuerza siempre tiene que ser el &amp;uacute;ltimo recurso", dijo .</content>
        </sentence>
        <sentence id="24">
          <content>Tras la reuni&amp;oacuten con el Americano, las autoridades volver&amp;aacute;n a dialogar con Hip&amp;oacutelito Mora y luego considerar&amp;aacute;n reunir a ambos .</content>
        </sentence>
        <sentence id="25">
          <content>Sobre un posible enfrentamiento entre quienes lo apoyan y los seguidores de el Americano, Mora dijo que dej&amp;oacute instrucciones a su gente de no dejarse desarmar "pase lo que pase" .</content>
        </sentence>
        <sentence id="26">
          <content>"Lo que sea, porque tuvimos un enfrentamiento de dos horas con Los Caballeros Templarios y no nos dejamos desarmar, el 28 de abril .</content>
        </sentence>
        <sentence id="27">
          <content>El americano es lo mismo que Los Caballeros Templarios" .</content>
        </sentence>
        <sentence id="28">
          <content>Al respecto, Castillo dijo que no permitir&amp;aacute;n un enfrentamiento de ese tipo .</content>
        </sentence>
        <sentence id="29">
          <content>Leer: Los 15 'templarios' por los que la PGR ofrece una recompensa.</content>
        </sentence>
      </sentences>
    </paragraph>
  </article>
</document>
