<?xml version="1.0" encoding="UTF-8"?>
<document id="886" link="http://mexico.cnn.com/nacional/2014/02/18/un-presunto-operador-financiero-del-crimen-de-michoacan-es-detenido" category="Nacional" highlights_mapped="false">
  <title>Dos presuntos integrantes del crimen de Michoac&amp;aacute;n son detenidos  - Nacional - CNNMexico.com</title>
  <keywords>juan reza sanchez, detienen, policia federal, michoacan, caballeros templarios, nazario moreno</keywords>
  <summaries>
    <highlights>
      <sentence id="1" ids_sentences_article="">La Polic&amp;iacute;a Federal detuvo a Juan Reza S&amp;aacute;nchez, acusado de narcotr&amp;aacute;fico y participar al crimen organizado de Michoac&amp;aacute;n.</sentence>
      <sentence id="2" ids_sentences_article="">Presuntamente realizaba operaciones con recursos del crimen organizado desde que 'La Familia Michoacana' ten&amp;iacute;a presencia en ese estado.</sentence>
      <sentence id="3" ids_sentences_article="">Las autoridades federales ofrec&amp;iacute;an una recompensa de cinco millones de pesos por informaci&amp;oacuten de su captura.</sentence>
    </highlights>
  </summaries>
  <article>
    <paragraph id="1">
      <sentences>
        <sentence id="1">
          <content>Dos presuntos integrantes del crimen de Michoac&amp;aacute;n son detenidos.</content>
        </sentence>
        <sentence id="2">
          <content>La Polic&amp;iacute;a Federal detuvo a Juan Reza S&amp;aacute;nchez, quien es identificado como operador de los recursos de "un grupo" de criminales michoacanos.</content>
        </sentence>
        <sentence id="3">
          <content>(CNNM&amp;eacute;xico) -- Un presunto operador de los recursos del crimen en Michoac&amp;aacute;n, identificado como Juan Reza S&amp;aacute;nchez--por quien las autoridades federales ofrec&amp;iacute;an una recompensa de 5 millones de pesos--, fue detenido en un operativo, inform&amp;oacute la Comisi&amp;oacuten Nacional de Seguridad (CNS) este martes en un comunicado .</content>
        </sentence>
        <sentence id="4">
          <content>En otro operativo, en Apatzing&amp;aacute;n, fue detenido Heleodoro Moreno Anguiano, quien dijo ser medio hermano de Nazario Moreno Gonz&amp;aacute;lez, indic&amp;oacute la CNS en otro comunicado .</content>
        </sentence>
        <sentence id="5">
          <content>Moreno el Chayo Gonz&amp;aacute;lez, abatido en diciembre de 2010, era identificado por las autoridades mexicanas como un l&amp;iacute;der violento del grupo criminalLa Familia Michoacana, inform&amp;oacute el gobierno mexicano en ese entonces .</content>
        </sentence>
        <sentence id="6">
          <content>Reza S&amp;aacute;nchez ten&amp;iacute;a en su contra una orden de aprehensi&amp;oacuten por "delitos contra la salud y delincuencia organizada" y fue capturado en el estado de Quer&amp;eacute;taro en un operativo sin violencia, dijo la instituci&amp;oacuten en un comunicado .</content>
        </sentence>
        <sentence id="7">
          <content>"Se determin&amp;oacute que inici&amp;oacute sus actividades delictivas bajo el mando deJos&amp;eacute; de Jes&amp;uacute;s M&amp;eacute;ndez VargasyNazario Moreno Gonz&amp;aacute;lez", quienes eran l&amp;iacute;deres del grupoLa Familia Michoacana .</content>
        </sentence>
        <sentence id="8">
          <content>Actualmente est&amp;aacute; relacionado a "un grupo del crimen organizado que opera en Michoac&amp;aacute;n", dijo la CNS sin especificar cu&amp;aacute;l .</content>
        </sentence>
        <sentence id="9">
          <content>10 claves para entender el conflicto en Michoac&amp;aacute;nTras un trabajo de inteligencia, las autoridades federales determinaron que Reza S&amp;aacute;nchez realizaba actividades en Jalisco, estado vecino de Michoac&amp;aacute;n, y en Tamaulipas, en el noroeste de M&amp;eacute;xico .</content>
        </sentence>
        <sentence id="10">
          <content>"Al momento de su detenci&amp;oacuten le fue asegurado un fusil de asalto, aproximadamente un kilo de metanfetamina, al parecer cristal; diversas c&amp;aacute;psulas, al parecer con coca&amp;iacute;na; as&amp;iacute; como equipo de telefon&amp;iacute;a m&amp;oacutevil, un veh&amp;iacute;culo y documentaci&amp;oacuten diversa", detall&amp;oacute la CNS .</content>
        </sentence>
        <sentence id="11">
          <content>Tras su captura, fue remitido ante el Ministerio P&amp;uacute;blico federal de la Subprocuradur&amp;iacute;a Especializada de Investigaci&amp;oacuten en Delincuencia Organizada (SEIDO), indic&amp;oacute la instituci&amp;oacuten .</content>
        </sentence>
        <sentence id="12">
          <content>En poco m&amp;aacute;s de un mes, el plan de seguridad del gobierno federal para Michoac&amp;aacute;n ha conseguido la detenci&amp;oacuten de 532 presuntos delincuentes, de los cuales 227 "est&amp;aacute;n relacionados con il&amp;iacute;citos del fuero federal", de acuerdo con un comunicado de la Secretar&amp;iacute;a de Gobernaci&amp;oacuten emitido este 16 de febrero .</content>
        </sentence>
        <sentence id="13">
          <content>Sin embargo, hasta el 13 de febrero, cuando se cumpli&amp;oacute un mes del operativo federal en ese estado, el gobierno federalsolo hab&amp;iacute;a presentado los nombres y apellidos de 131 personas .</content>
        </sentence>
        <sentence id="14">
          <content>El resto estaba en proceso de identificaci&amp;oacuten, indic&amp;oacute Gobernaci&amp;oacuten a CNNM&amp;eacute;xico .</content>
        </sentence>
        <sentence id="15">
          <content>El principal grupo de la delincuencia organizada en Michoac&amp;aacute;n es el deLos Caballeros Templarios, contra el quelos civiles de las autodefensas se levantaron en armas hace casi un a&amp;ntilde;oen la regi&amp;oacuten de Tierra Caliente del estado .</content>
        </sentence>
      </sentences>
    </paragraph>
  </article>
</document>
