<?xml version="1.0" encoding="UTF-8"?>
<document id="828" link="http://mexico.cnn.com/nacional/2014/03/21/el-rastreo-de-celulares-una-herramienta-insuficiente-contra-el-delito" category="Nacional" author="Mauricio Torres" highlights_mapped="false">
  <title>El rastreo de celulares, una herramienta "insuficiente" contra el delito - Nacional - CNNMexico.com</title>
  <keywords>pgr, celulares, localizar, rastrear, ley de geolocalizacion, delitos, crimenes</keywords>
  <summaries>
    <highlights>
      <sentence id="1" ids_sentences_article="">En promedio la PGR rastrea cada d&amp;iacute;a dos tel&amp;eacute;fonos celulares ligados a delitos.</sentence>
      <sentence id="2" ids_sentences_article="">La PGR adquiri&amp;oacute; esa facultad con una ley de 2012, que busca combatir el secuestro, la extorsi&amp;oacute;n y otros delitos.</sentence>
      <sentence id="3" ids_sentences_article="">Sin embargo, desde que la ley est&amp;aacute; vigente, los &amp;iacute;ndices delictivos no han bajado sino que han subido.</sentence>
    </highlights>
  </summaries>
  <article>
    <paragraph id="1">
      <sentences>
        <sentence id="1">
          <content>El rastreo de celulares, una herramienta "insuficiente" contra el delito.</content>
        </sentence>
        <sentence id="2">
          <content>Desde que la 'ley de geolocalizaci&amp;oacute;n' est&amp;aacute; en vigor, la PGR busca en promedio dos aparatos al d&amp;iacute;a, sin haber bajado a&amp;uacute;n el &amp;iacute;ndice delictivo.</content>
        </sentence>
        <sentence id="3">
          <content>CIUDAD DE M&amp;Eacute;XICO (CNNM&amp;eacute;xico) -- Durante los primeros nueve meses en que se aplic&amp;oacute; la llamadaley de geolocalizaci&amp;oacute;n, la Procuradur&amp;iacute;a General de la Rep&amp;uacute;blica (PGR) en promedio rastre&amp;oacute; al d&amp;iacute;a dos tel&amp;eacute;fonos celulares ligados a delitos, sin que esa medida se reflejara en una disminuci&amp;oacute;n de los cr&amp;iacute;menes en los que se enfoca esa legislaci&amp;oacute;n, indican cifras oficiales .</content>
        </sentence>
        <sentence id="4">
          <content>Entre el 18 de abril de 2013 --cuando la legislaci&amp;oacute;n entr&amp;oacute; en vigor-- y el 29 de enero pasado, la PGR pidi&amp;oacute; a compa&amp;ntilde;&amp;iacute;as telef&amp;oacute;nicas que ubicaran en tiempo real 546 aparatos, seg&amp;uacute;n datos que la instituci&amp;oacute;n entreg&amp;oacute; a CNNM&amp;eacute;xico en respuesta a una solicitud de informaci&amp;oacute;n .</content>
        </sentence>
        <sentence id="5">
          <content>Los celulares rastreados corresponden a las empresas Radio M&amp;oacute;vil Dipsa (309), Movistar (103), Nextel (92) e Iusacell (42) .</content>
        </sentence>
        <sentence id="6">
          <content>La PGR adquiri&amp;oacute; la facultad de pedir a las compa&amp;ntilde;&amp;iacute;as telef&amp;oacute;nicas que rastreen un aparato, sin orden de un juez, luego de una reforma al C&amp;oacute;digo Federal de Procedimientos Penales y a la Ley Federal de Telecomunicacionespromulgada en 2012 .</content>
        </sentence>
        <sentence id="7">
          <content>La reforma establece que la PGR s&amp;oacute;lo podr&amp;aacute; recurrir a esta medida cuando un celular est&amp;eacute; ligado a cinco tipos de delito: delincuencia organizada, delitos contra la salud (narcotr&amp;aacute;fico), secuestros, extorsiones y amenazas .</content>
        </sentence>
        <sentence id="8">
          <content>Laleygener&amp;oacute; pol&amp;eacute;mica a principios de este a&amp;ntilde;o, cuando lleg&amp;oacute; al pleno de la Suprema Corte de Justicia de la Naci&amp;oacute;n (SCJN) una impugnaci&amp;oacute;n de la Comisi&amp;oacute;n Nacional de los Derechos Humanos (CNDH), que argumentaba que la norma es inconstitucional porque viola el derecho a la privacidad .</content>
        </sentence>
        <sentence id="9">
          <content>Por mayor&amp;iacute;a, los ministros del m&amp;aacute;ximo tribunalresolvieron que la legislaci&amp;oacute;n es constitucional, aunque fijaron l&amp;iacute;mites a su aplicaci&amp;oacute;n .</content>
        </sentence>
        <sentence id="10">
          <content>Seg&amp;uacute;n el fallo, la PGR &amp;uacute;nicamente podr&amp;aacute; recurrir a ella no s&amp;oacute;lo cuando se trate de los delitos se&amp;ntilde;alados, sino en casos de "extrema urgencia", es decir, cuando est&amp;eacute; en peligro la vida de una persona o el objeto del delito est&amp;eacute; en riesgo de ser ocultado .</content>
        </sentence>
        <sentence id="11">
          <content>El reporte entregado por la PGR se&amp;ntilde;ala que la instituci&amp;oacute;n desconoce a qu&amp;eacute; delitos en espec&amp;iacute;fico estaban relacionados los aparatos rastreados y si su ubicaci&amp;oacute;n llev&amp;oacute; a la detenci&amp;oacute;n de presuntos delincuentes, pues "no se lleva un control estad&amp;iacute;stico al nivel de detalle que se requiere" .</content>
        </sentence>
        <sentence id="12">
          <content>Cifras oficiales, en tanto, muestran que durante el periodo en que comenz&amp;oacute; a aplicarse laley de geolocalizaci&amp;oacute;n subieron los &amp;iacute;ndices de al menos dos de los delitos que la norma deber&amp;iacute;a ayudar a combatir: secuestros y extorisiones .</content>
        </sentence>
        <sentence id="13">
          <content>De abril de 2013 a enero de 2014, por ejemplo, se registraron 1,435 denuncias por secuestro, 20% m&amp;aacute;s que en el mismo lapso del a&amp;ntilde;o anterior, seg&amp;uacute;n datos del Sistema Nacional de Seguridad P&amp;uacute;blica (SNSP) .</content>
        </sentence>
        <sentence id="14">
          <content>Los casos de extorsi&amp;oacute;n denunciados en ese periodo fueron 6,900, un alza del 10%, mientras que las amenazas se situaron en 55,636, lo que representa una disminuci&amp;oacute;n de apenas 1 .</content>
        </sentence>
        <sentence id="15">
          <content>Para algunos analistas, las cifras reflejan que laley de geolocalizaci&amp;oacute;nno basta para reducir los &amp;iacute;ndices delictivos .</content>
        </sentence>
        <sentence id="16">
          <content>"La geolocalizaci&amp;oacute;n no es la que va a resolver el tema .</content>
        </sentence>
        <sentence id="17">
          <content>Es una herramienta m&amp;aacute;s pero por s&amp;iacute; sola no te va a arrojar resultados del todo tangibles", dijo Vicente Fern&amp;aacute;ndez, acad&amp;eacute;mico del Departamento de Estudios Jur&amp;iacute;dicos y Sociales del Tecnol&amp;oacute;gico de Monterrey .</content>
        </sentence>
        <sentence id="18">
          <content>CNNM&amp;eacute;xico busc&amp;oacute; voceros de la PGR para conocer la postura de la instituci&amp;oacute;n sobre los resultados de la ley .</content>
        </sentence>
        <sentence id="19">
          <content>Sin embargo, no obtuvo respuesta .</content>
        </sentence>
        <sentence id="20">
          <content>Para Fern&amp;aacute;ndez, herramientas como &amp;eacute;stas pueden ser &amp;uacute;tiles para combatir a la delincuencia, pero las autoridades necesitan no s&amp;oacute;lo instrumentos tecnol&amp;oacute;gicos sino mayor capacitaci&amp;oacute;n que permita detener a presuntos delincuentes .</content>
        </sentence>
        <sentence id="21">
          <content>"Ah&amp;iacute; entra el tema de la profesionalizaci&amp;oacute;n de las &amp;aacute;reas de investigaci&amp;oacute;n", dijo .</content>
        </sentence>
        <sentence id="22">
          <content>La activista Isabel Miranda de Wallace, fundadora de la asociaci&amp;oacute;n Alto al Secuestro, coincidi&amp;oacute; en que la ley representa una herramienta &amp;uacute;til para combatir a la delincuencia, pero por s&amp;iacute; sola no basta sino que debe formar parte de una estrategia de seguridad amplia .</content>
        </sentence>
        <sentence id="23">
          <content>"Para nosotros es una herramienta sumamente valiosa, porque aun cuando no entra todo el tiempo la polic&amp;iacute;a o el Ministerio P&amp;uacute;blico a rescatar a la v&amp;iacute;ctima, s&amp;iacute; les sirve para hacer un plan de evaluaci&amp;oacute;n, un plan de riesgo, si (los delincuentes) empiezan a mutilarla o hay amenaza de muerte .</content>
        </sentence>
        <sentence id="24">
          <content>Tambi&amp;eacute;n, sobre todo, (sirve) para saber la ruta del delincuente", dijo .</content>
        </sentence>
        <sentence id="25">
          <content>En febrero, el Congreso aprob&amp;oacute; un nuevo C&amp;oacute;digo Nacional de Procedimientos Penales, que sustituir&amp;aacute; al actual c&amp;oacute;digo federal y a los c&amp;oacute;digos locales, y en el que la PGR conserva la facultad de rastrear tel&amp;eacute;fonos celulares en tiempo real .</content>
        </sentence>
        <sentence id="26">
          <content>La nueva norma fue promulgada por el presidente Enrique Pe&amp;ntilde;a Nieto el 4 de marzo pasado y entrar&amp;aacute; en vigor de forma gradual .</content>
        </sentence>
        <sentence id="27">
          <content>A m&amp;aacute;s tardar, debe estar vigente en junio de 2016, fecha l&amp;iacute;mite para que la reforma al sistema de justicia penal de 2008 est&amp;eacute; en funcionamiento en todo el pa&amp;iacute;s .</content>
        </sentence>
      </sentences>
    </paragraph>
  </article>
</document>
