<?xml version="1.0" encoding="UTF-8"?>
<document id="631" link="http://mexico.cnn.com/nacional/2014/02/05/cfe-francisco-rojas-enrique-ochoa-reforma-energetica" category="Nacional" highlights_mapped="false">
  <title>Enrique Ochoa toma las riendas de la CFE en medio de la reforma energ&amp;eacute;tica - Nacional - CNNMexico.com</title>
  <keywords>cfe, francisco rojas gutierrez, renuncia, director, comision federal de electricidad, relevo, enrique ochoa, subsecretario, hidrocarburos, secretaria, energia,</keywords>
  <summaries>
    <highlights>
      <sentence id="1" ids_sentences_article="">Francisco Rojas Guti&amp;eacute;rrez renunci&amp;oacute a su cargo como director de la Comisi&amp;oacuten Federal de Electricidad.</sentence>
      <sentence id="2" ids_sentences_article="">Ser&amp;aacute; relevado por Enrique Ochoa, subsecretario de hidrocarburos de la Secretar&amp;iacute;a de Energ&amp;iacute;a.</sentence>
    </highlights>
  </summaries>
  <article>
    <paragraph id="1">
      <sentences>
        <sentence id="1">
          <content>Enrique Ochoa toma las riendas de la CFE en medio de la reforma energ&amp;eacute;tica.</content>
        </sentence>
        <sentence id="2">
          <content>Francisco Rojas renunci&amp;oacute a la direcci&amp;oacuten de la Comisi&amp;oacuten Federal de Electricidad por "motivos personales", indic&amp;oacute la Secretar&amp;iacute;a de Energ&amp;iacute;a.</content>
        </sentence>
        <sentence id="3">
          <content>(CNNM&amp;eacute;xico) -- El subsecretario de hidrocarburos de la Secretar&amp;iacute;a de Energ&amp;iacute;a (Sener), Enrique Ochoa, relevar&amp;aacute; a Francisco Rojas como director de la Comisi&amp;oacuten Federal de Electricidad, en un momento en que el Congreso trabaja para aterrizar la reforma energ&amp;eacute;tica que abrir&amp;aacute; el sector de la electricidad a la inversi&amp;oacuten privada, inform&amp;oacute la Sener en un comunicado emitido este mi&amp;eacute;rcoles .</content>
        </sentence>
        <sentence id="4">
          <content>Rojas present&amp;oacute su renuncia este martes por "motivos personales", indic&amp;oacute la Sener .</content>
        </sentence>
        <sentence id="5">
          <content>La dependencia detall&amp;oacute que la designaci&amp;oacuten de Ochoa tiene como prioridad "continuar los trabajos de fortalecimiento y modernizaci&amp;oacuten de la CFE en el marco de la reforma energ&amp;eacute;tica" .</content>
        </sentence>
        <sentence id="6">
          <content>Ochoa, economista, abogado y doctor en Ciencia Pol&amp;iacute;tica, fue asesor de la Secretar&amp;iacute;a de Energ&amp;iacute;a de 1997 a 1999, ha sido miembro del Consejo de Administraci&amp;oacuten de Petr&amp;oacuteleos Mexicanos (Pemex) y trabaj&amp;oacute tambi&amp;eacute;n para el Poder Judicial de la Federaci&amp;oacuten (TEPJF) y el Instituto Federal Electoral (IFE) .</content>
        </sentence>
        <sentence id="7">
          <content>El cambio en la CFE ocurre a casi dos meses de la aprobaci&amp;oacuten de la reforma energ&amp;eacute;tica, mientrasel Congreso trabaja para modificar entre 28 y 32 leyes secundariasque servir&amp;aacute;n para poder aplicarla .</content>
        </sentence>
        <sentence id="8">
          <content>Francisco Rojas Guti&amp;eacute;rrez a&amp;uacute;n acompa&amp;ntilde;&amp;oacute al presidente Enrique Pe&amp;ntilde;a Nieto durante su visita este martes a Michoac&amp;aacute;n, donde el mandatario present&amp;oacute su plan para impulsar el desarrollo integral en la entidad .</content>
        </sentence>
        <sentence id="9">
          <content>Leer en CNNExpansi&amp;oacuten: La reforma energ&amp;eacute;tica quitar&amp;aacute; luz a la CFERojasse uni&amp;oacute al gabinete de Pe&amp;ntilde;a tras ser diputado plurinominal por elPartido Revolucionario Institucional (PRI)entre 2003 y 2006,cargo p&amp;uacute;blico para el que fue elegido nuevamente en 2009 en la LXI Legislatura, durante la cual fue coordinador de los legisladores su partido .</content>
        </sentence>
        <sentence id="10">
          <content>Rojas se uni&amp;oacute al PRI desde la d&amp;eacute;cada de 1960 .</content>
        </sentence>
        <sentence id="11">
          <content>En1983 fue nombrado titular en la Secretaria de la Contralor&amp;iacute;a General de la Federaci&amp;oacuten por el presidente Miguel de la Madrid .</content>
        </sentence>
        <sentence id="12">
          <content>Entre sus cargos tambi&amp;eacute;n figur&amp;oacute el de presidente de la junta directiva del Instituto Mexicano del Petr&amp;oacuteleo .</content>
        </sentence>
        <sentence id="13">
          <content>Cuatro a&amp;ntilde;os m&amp;aacute;s tarde, en 1987, fue nombrado director de Petr&amp;oacuteleos Mexicanos, cargo que desempe&amp;ntilde;&amp;oacute durante todo el sexenio de Carlos Salinas de Gortari, antes de dedicarse a su carrera acad&amp;eacute;mica como Presidente del Patronato de la UNAM, hasta que regres&amp;oacute a la pol&amp;iacute;tica en 2003 .</content>
        </sentence>
      </sentences>
    </paragraph>
  </article>
</document>
