<?xml version="1.0" encoding="UTF-8"?>
<document id="292" link="http://mexico.cnn.com/nacional/2013/09/10/oaxaca-y-guerrero-ven-con-alivio-librarse-del-pago-de-nomina-magisterial" category="Nacional" author="Flor Hern&amp;Atilde;&amp;iexcl;ndez y Laura Reyes" highlights_mapped="false">
  <title>Oaxaca y Guerrero ven con alivio librarse del pago de n&amp;oacutemina magisterial - Nacional - CNNMexico.com</title>
  <keywords>gobernadores, fondo educativo,</keywords>
  <summaries>
    <highlights>
      <sentence id="1" ids_sentences_article="">Consideran que la propuesta liberar&amp;aacute; a los estados de la deuda por pago de n&amp;oacutemina.</sentence>
      <sentence id="2" ids_sentences_article="">En el caso de Oaxaca des de 4,000 mdp.</sentence>
    </highlights>
  </summaries>
  <article>
    <paragraph id="1">
      <sentences>
        <sentence id="1">
          <content>Oaxaca y Guerrero ven con alivio librarse del pago de n&amp;oacutemina magisterial.</content>
        </sentence>
        <sentence id="2">
          <content>En Oaxaca les seguir&amp;aacute;n dando los bonos acordados con al secci&amp;oacuten 22 del SNTE; en Guerrero el por pago de n&amp;oacutemina aumentaba la deuda.</content>
        </sentence>
        <sentence id="3">
          <content>CIUDAD DE M&amp;Eacute;XICO (CNNM&amp;eacute;xico) -- La absorci&amp;oacuten de la n&amp;oacutemina de profesores de las entidades por parte de la federaci&amp;oacuten, representa un "alivio" para los gobernadores de Oaxaca y Guerrero, dos de las entidades con mayor n&amp;uacute;mero de escuelas en el pa&amp;iacute;s y conflictos con el sector disidente del magisterio .</content>
        </sentence>
        <sentence id="4">
          <content>Los estados dejar&amp;aacute;n de manejar el pr&amp;oacuteximo a&amp;ntilde;o 292,583 millones 472,824 pesos de aportaciones federales para el pago servicios personales, seg&amp;uacute;n los cambios a la Ley de Coordinaci&amp;oacuten Fiscal y a la Ley General de Contabilidad Gubernamental, incluidas en el paquete econ&amp;oacutemico 2014 entregado por el gobierno federal este domingo al Congreso .</content>
        </sentence>
        <sentence id="5">
          <content>&amp;acute;Para el gobernador de Oaxaca, Gabino Cu&amp;eacute;, la medida terminar&amp;aacute; con el endeudamiento de casi 4,000 millones de pesos por este rubro que enfrenta el estado, dijo a CNNM&amp;eacute;xico .</content>
        </sentence>
        <sentence id="6">
          <content>Sin embargo, el mandatario estatal asegur&amp;oacute que este hecho no afectar&amp;aacute; las prestaciones, bonos y logros sindicales obtenidos por la Secci&amp;oacuten 22 del Sindicato Nacional de Trabajadores de la Educaci&amp;oacuten (SNTE) a lo largo de su lucha, cuyo monto anual no dio a conocer .</content>
        </sentence>
        <sentence id="7">
          <content>"La parte correspondiente a los compromisos signados con documentos por el gobierno del estado con el magisterio, se mantendr&amp;aacute;n porque son derechos adquiridos que se tendr&amp;aacute;n que mantener", aclar&amp;oacute .</content>
        </sentence>
        <sentence id="8">
          <content>Consider&amp;oacute como una "buena noticia" e incluso agradeci&amp;oacute al gobierno federal, la determinaci&amp;oacuten de absorber la n&amp;oacutemina magisterial .</content>
        </sentence>
        <sentence id="9">
          <content>A inicios del ciclo escolar, dijo, Oaxaca enfrentaba un rezago que obligaba a las autoridades a solicitar recursos adelantados del siguiente a&amp;ntilde;o, por lo que esta determinaci&amp;oacuten solucionar&amp;aacute; un conflicto a&amp;ntilde;ejo .</content>
        </sentence>
        <sentence id="10">
          <content>El gobernador de Gurrero, &amp;Aacute;ngel Aguirre, tambi&amp;eacute;n calific&amp;oacute de "buena medida" que el gobierno federal se encargue del pago de n&amp;oacutemina a los maestros de educaci&amp;oacuten b&amp;aacute;sica .</content>
        </sentence>
        <sentence id="11">
          <content>Su estado, dijo tambi&amp;eacute;n tiene un endeudamiento por pago de salarios y prestaciones al magisterio .</content>
        </sentence>
        <sentence id="12">
          <content>"Yo la veo bien, antiguamente as&amp;iacute; era, y es una manera de ir resolviendo tambi&amp;eacute;n las deudas que casi todos los estados de la rep&amp;uacute;blica padecen en materia de salarios y prestaciones a nuestros maestros, al asumir la responsabilidad el gobierno federal nos obliga a hacer una disminuci&amp;oacuten de tajo con todas las deudas que padecemos en las secretar&amp;iacute;as de educaci&amp;oacuten (estatales)", dijo .</content>
        </sentence>
        <sentence id="13">
          <content>Aguirre Rivero, dijo que en una reuni&amp;oacuten el pasado lunes en la Ciudad de M&amp;eacute;xico con el secretario de Hacienda, Luis Videgaray se le notific&amp;oacute de una entrega de un recurso especial para atender el rezago educativo que existe en la entidad .</content>
        </sentence>
        <sentence id="14">
          <content>"Este dinero ir&amp;aacute; a canalizarse principalmente a lo que es el arreglo de muchas de nuestras escuelas, hay muchos lugares, como saben que padecen de aulas, ba&amp;ntilde;os, instalaciones y habr&amp;aacute; un tratamiento especial para Guerrero", dijo .</content>
        </sentence>
        <sentence id="15">
          <content>Desde el 29 de abril, Aguirre reconoci&amp;oacute que hay 10,000 profesores "comisionados" fuera de las aulas escolares ya sea en &amp;aacute;reas administrativas o a nivel sindical, pero que reciben su salario .</content>
        </sentence>
        <sentence id="16">
          <content>En Guerrero hay 75,000 profesores, de los cuales aproximadamente 30,000 pertenecen al magisterio disidente y m&amp;aacute;s de 5,000 est&amp;aacute;n en &amp;aacute;reas administrativas .</content>
        </sentence>
        <sentence id="17">
          <content>Oaxaca y Guerrero son las entidades que concentran la mayor cantidad deprofesores disidentes, al igual que Michoac&amp;aacute;n .</content>
        </sentence>
        <sentence id="18">
          <content>En estos dos estados, la Coordinadora Estatal de Trabajadores dela Educaci&amp;oacuten de guerrero (Ceteg) y la Coordinadora Nacional de Trabajadores de la Educaci&amp;oacuten (CNTE) han encabezado movilizaciones desde enero pasado en contra de la reforma educatiiva y el modelo deevaluaci&amp;oacuten amgisterial por considerar que afecta sus derechos laborales .</content>
        </sentence>
        <sentence id="19">
          <content>La Confederaci&amp;oacuten Nacional de Gobernadores expuso este a&amp;ntilde;o al presidente Enrique Pe&amp;ntilde;a Nieto el problema de las deudas para cubrir los suelods delos maestros, la lo cual el fono resultaba insuficiente.</content>
        </sentence>
      </sentences>
    </paragraph>
  </article>
</document>
