<?xml version="1.0" encoding="UTF-8"?>
<document id="778" link="http://mexico.cnn.com/nacional/2014/03/19/el-pan-inicia-su-contienda-interna-bajo-la-sombra-de-una-posible-ruptura" category="Nacional" author="Mauricio Torres" highlights_mapped="false">
  <title>El PAN inicia su contienda interna bajo la sombra de una posible ruptura  - Nacional - CNNMexico.com</title>
  <keywords>madero, cordero, gustavo, ernesto, pan, elecciones, eleccion, interna, panistas, 18 de mayo, campa&amp;ntilde;a,</keywords>
  <summaries>
    <highlights>
      <sentence id="1" ids_sentences_article="">El PAN, segunda fuerza en el Congreso, inicia la contienda interna para renovar su dirigencia.</sentence>
      <sentence id="2" ids_sentences_article="">En la elecci&amp;oacuten del 18 de mayo se enfrentar&amp;aacute;n los grupos de Gustavo Madero y de Ernesto Cordero.</sentence>
      <sentence id="3" ids_sentences_article="">Militantes admiten que el partido encara el reto de superar diferencias y salir unido.</sentence>
    </highlights>
  </summaries>
  <article>
    <paragraph id="1">
      <sentences>
        <sentence id="1">
          <content>El PAN inicia su contienda interna bajo la sombra de una posible ruptura.</content>
        </sentence>
        <sentence id="2">
          <content>Gustavo Madero y Ernesto Cordero abren campa&amp;ntilde;a por la dirigencia con el reto de no ahondar las diferencias en el partido, admiten militantes.</content>
        </sentence>
        <sentence id="3">
          <content>CIUDAD DE M&amp;Eacute;XICO (CNNM&amp;eacute;xico) -- A casi dos a&amp;ntilde;os de su m&amp;aacute;s dolorosa derrota en las elecciones presidenciales de julio de 2012, el Partido Acci&amp;oacuten Nacional (PAN) inicia este mi&amp;eacute;rcoles la contienda interna para elegir a su nuevo l&amp;iacute;der, con el reto de que sus grupos superen diferencias y eviten una ruptura que debilite al panismo, admiten militantes .</content>
        </sentence>
        <sentence id="4">
          <content>Los dos contendientes, el dirigente con licencia Gustavo Madero y el senador con licencia Ernesto Cordero, se disputan el apoyo de los 220,000 panistas que podr&amp;aacute;n votar en los comicios del pr&amp;oacuteximo 18 de mayo .</content>
        </sentence>
        <sentence id="5">
          <content>Para la senadora Laura Rojas, ese hecho representa el primer desaf&amp;iacute;o para el PAN, porque se trata de la primera elecci&amp;oacuten de dirigente que se abre a toda la militancia, luego de la reforma estatutaria de 2013 .</content>
        </sentence>
        <sentence id="6">
          <content>"Es una oportunidad sin duda, pero tambi&amp;eacute;n implica el reto de en esta contienda no da&amp;ntilde;ar al partido .</content>
        </sentence>
        <sentence id="7">
          <content>Y eso pasa porque los dos contendientes asuman la responsabilidad que tienen de cara a los panistas", dijo la legisladora en entrevista .</content>
        </sentence>
        <sentence id="8">
          <content>Al igual que gobernadores y los coordinadores del PAN en el Senado y la C&amp;aacute;mara de Diputados --donde el partido representa la segunda fuerza pol&amp;iacute;tica--, Rojas ha manifestado su apoyo a Madero, quien busca reelegirse para el cargo que gan&amp;oacute por primera ocasi&amp;oacuten en diciembre de 2010 .</content>
        </sentence>
        <sentence id="9">
          <content>En la otra esquina, Cordero es respaldado por panistas como el exdirigente Luis H .</content>
        </sentence>
        <sentence id="10">
          <content>&amp;Aacute;lvarez, y algunos senadores, diputados y exfuncionarios cercanos al expresidente Felipe Calder&amp;oacuten, en cuyo mandato (2006-2012) Cordero fue secretario de Hacienda y de Desarrollo Social, antes de ser precandidato presidencial .</content>
        </sentence>
        <sentence id="11">
          <content>Desde la derrota electoral de 2012, los grupos de ambos contendientes han sostenido diferencias por temas como la relaci&amp;oacuten del PAN con el gobierno de Enrique Pe&amp;ntilde;a Nieto, militante del Partido Revolucionario Institucional (PRI), y la postura del panismo hacia las reformas estructurales .</content>
        </sentence>
        <sentence id="12">
          <content>Los panistas cercanos a Cordero, por ejemplo, acusan a Madero de respaldar sin cuestionamientos las propuestas del PRI; en tanto que los afines a Madero argumentan que el apoyo del PAN a algunas iniciativas radica en que el partido debe ser "una oposici&amp;oacuten responsable", no una que frene cambios necesarios en materia de econom&amp;iacute;a, pol&amp;iacute;tica o educaci&amp;oacuten .</content>
        </sentence>
        <sentence id="13">
          <content>En ese contexto, algunos militantes consideran que la elecci&amp;oacuten del 18 de mayo es el momento que el partido debe aprovechar para dejar atr&amp;aacute;s las divisiones .</content>
        </sentence>
        <sentence id="14">
          <content>"Vamos a buscar despu&amp;eacute;s de esto la unidad plena y total, que ahorita no la hay .</content>
        </sentence>
        <sentence id="15">
          <content>No hay por qu&amp;eacute; negar que ahorita hay una fractura muy grande en el partido", dijo en entrevista la senadora Rosa Adriana D&amp;iacute;az Lizama, integrante del equipo de campa&amp;ntilde;a de Cordero .</content>
        </sentence>
        <sentence id="16">
          <content>Partidarios de ambos contendientes se&amp;ntilde;alan que para evitar m&amp;aacute;s rupturas, los aspirantes deben hacer campa&amp;ntilde;as "propositivas" en lugar de lanzarse ataques .</content>
        </sentence>
        <sentence id="17">
          <content>El m&amp;aacute;s reciente intercambio de se&amp;ntilde;alamientos ocurri&amp;oacute a principios de este a&amp;ntilde;o, cuando Cordero acus&amp;oacute a Madero de usar recursos del partido para promover su candidatura, una cr&amp;iacute;tica que Madero rechaz&amp;oacute .</content>
        </sentence>
        <sentence id="18">
          <content>Ante esta situaci&amp;oacuten, la comisi&amp;oacuten organizadora de la elecci&amp;oacuten incluso busc&amp;oacute en semanas recientes que los candidatos llegaran a un pacto de no agresi&amp;oacuten .</content>
        </sentence>
        <sentence id="19">
          <content>Sin embargo, sus intentos no se tradujeron en un acuerdo formal .</content>
        </sentence>
        <sentence id="20">
          <content>Francisco G&amp;aacute;rate, presidente del &amp;oacutergano, dijo al respecto este martes, durante un mensaje a medios, que se exhort&amp;oacute a los aspirantes y sus equipos a cumplir "de manera escrupulosa" con las reglas de la competencia .</content>
        </sentence>
        <sentence id="21">
          <content>En &amp;eacute;stas, se proh&amp;iacute;be "denigrar o calumniar" al rival y comprar votos a trav&amp;eacute;s de cualquier medio, y se exige respetar el tope de gastos de campa&amp;ntilde;a fijado en 14 millones 900,000 pesos por aspirante .</content>
        </sentence>
        <sentence id="22">
          <content>Con esas reglas y con el antecedente de las tensiones pasadas, la campa&amp;ntilde;a interna durar&amp;aacute; casi dos meses hasta terminar el 17 de mayo, un d&amp;iacute;a antes de la elecci&amp;oacuten, que se realizar&amp;aacute; m&amp;aacute;s de 13 meses antes de los comicios intermedios de 2015 para renovar la C&amp;aacute;mara de Diputados .</content>
        </sentence>
        <sentence id="23">
          <content>Madero o Cordero, quien gane la contienda de las pr&amp;oacuteximas semanas tendr&amp;aacute; bajo su cargo guiar al partido en esa competencia, en la que los panistas tratar&amp;aacute;n de aumentar su peso legislativo y empezar a cobrar m&amp;aacute;s fuerza rumbo a las elecciones presidenciales de 2018 .</content>
        </sentence>
      </sentences>
    </paragraph>
  </article>
</document>
