<?xml version="1.0" encoding="UTF-8"?>
<document id="810" link="http://mexico.cnn.com/nacional/2013/10/31/el-impuesto-a-comida-chatarra-no-va-contra-las-empresas-dice-pena-nieto" category="Nacional" highlights_mapped="false">
  <title>El impuesto a comida "chatarra" no va contra las empresas, dice Pe&amp;ntilde;a Nieto - Nacional - CNNMexico.com</title>
  <keywords>pe&amp;ntilde;a nieto, obesidad, estrategia contra la obesidad, diabetes, comida chatarra, sobrepeso</keywords>
  <summaries>
    <highlights>
      <sentence id="1" ids_sentences_article="">El gobierno present&amp;oacute la Estrategia Nacional para la Prevenci&amp;oacuten y Control de Sobrepeso, la Obesidad y la Diabetes.</sentence>
      <sentence id="2" ids_sentences_article="">El Senado aprob&amp;oacute incrementar a 8% el Impuesto Especial sobre Producci&amp;oacuten y Servicios (IEPS) a alimentos con alto valor cal&amp;oacuterico.</sentence>
      <sentence id="3" ids_sentences_article="">Tambi&amp;eacute;n se gravar&amp;aacute; con 1 peso m&amp;aacute;s por litro de bebidas saborizadas.</sentence>
      <sentence id="4" ids_sentences_article="">Pe&amp;ntilde;a Nieto dijo que espera una actitud positiva de los empresarios de la industria alimentaria.</sentence>
    </highlights>
  </summaries>
  <article>
    <paragraph id="1">
      <sentences>
        <sentence id="1">
          <content>El impuesto a comida "chatarra" no va contra las empresas, dice Pe&amp;ntilde;a Nieto.</content>
        </sentence>
        <sentence id="2">
          <content>El presidente pidi&amp;oacute a empresas tener una actitud positiva frente a los nuevos impuestos a los alimentos con alto valor cal&amp;oacuterico y refrescos.</content>
        </sentence>
        <sentence id="3">
          <content>(CNNM&amp;eacute;xico) -- Un d&amp;iacute;a despu&amp;eacute;s de que el Senado aprobara un nuevo gravamen a los alimentos "chatarra", el presidente Enrique Pe&amp;ntilde;a Nieto justific&amp;oacute que el incremento a su precio, no va en contra de ninguna empresa y solo busca desincentivar el consumo de estos productos para evitar el sobrepeso de la poblaci&amp;oacuten .</content>
        </sentence>
        <sentence id="4">
          <content>"Estas medidas no van en contra de empresa o industria alguna, son a favor de los m&amp;aacute;s preciado que tenemos, la salud de nuestros ni&amp;ntilde;os y j&amp;oacutevenes", dijo Pe&amp;ntilde;a Nieto durante la presentaci&amp;oacuten de la Estrategia Nacional para la Prevenci&amp;oacuten y Control de Sobrepeso, la Obesidad y la Diabetes .</content>
        </sentence>
        <sentence id="5">
          <content>Pe&amp;ntilde;a Nieto dijo que espera que sector alimenticio asumir&amp;aacute; una actitud positiva ante los nuevos grav&amp;aacute;menes aprobados en la misc&amp;eacute;lanea fiscal que a&amp;uacute;n se discute en el Congreso .</content>
        </sentence>
        <sentence id="6">
          <content>Este mi&amp;eacute;rcoles el Senado aprob&amp;oacute incrementar a 8% el Impuesto Especial sobre Producci&amp;oacuten y Servicios (IEPS) a alimentos con alto valor cal&amp;oacuterico, que contengan 275 kilocalor&amp;iacute;as o mayor por cada 100 gramos, un como dulces, confites, bombones, chocolates, nieves y helados, galletas y pastas alimenticias, cerveza y refrescos embotelladosTambi&amp;eacute;n se gravar&amp;aacute; con 1 peso m&amp;aacute;s por litro de bebidas saborizadas, as&amp;iacute; como a los concentrados, polvos, jarabes, esencias o extractos de sabores, que al diluirse permitan obtener bebidas saborizadas, que contengan cualquier tipo de az&amp;uacute;cares a&amp;ntilde;adidas .</content>
        </sentence>
        <sentence id="7">
          <content>El mandatario confi&amp;oacute en que los diputados aprueben en el presupuesto de egresos para el pr&amp;oacuteximo a&amp;ntilde;o una partida sustancial al gasto en salud, a programas de protecci&amp;oacuten a sobrepesoy a medidas para incrementar el acceso a agua potable en escuelas .</content>
        </sentence>
        <sentence id="8">
          <content>Seg&amp;uacute;n cifras de la Secretar&amp;iacute;a de Salud, en M&amp;eacute;xico 7 de cada 10 mexicanos tienen exceso de peso corporal, mientras que 1 de cada 5 muertes en el pa&amp;iacute;s son a consecuencia de la diabetes .</content>
        </sentence>
        <sentence id="9">
          <content>La Estrategia estar&amp;aacute; conformado por tres pilares fundamentales: salud p&amp;uacute;blica, atenci&amp;oacuten m&amp;eacute;dica debida y regulaci&amp;oacuten sanitaria y pol&amp;iacute;tica fiscal, adem&amp;aacute;s se complementar&amp;aacute; con la creaci&amp;oacuten de un sello de "calidad nutricional" que se otorgar&amp;aacute; a los productos que los soliciten y que cumplan con altos est&amp;aacute;ndares nustricionales .</content>
        </sentence>
        <sentence id="10">
          <content>Con esto se busca que "este ser&amp;aacute; un incentivo adicional para que la industria reformule sus productos o genere m&amp;aacute;s opciones saludables para todos los mexicanos", dijo el mandatario en el Instituto Nacional de Ciencias M&amp;eacute;dicas y Nutrici&amp;oacuten "Salvador Zubir&amp;aacute;n" .</content>
        </sentence>
        <sentence id="11">
          <content>Pe&amp;ntilde;a Nieto dijo que alcanzar un M&amp;eacute;xico con una poblaci&amp;oacuten m&amp;aacute;s saludable "implicar&amp;aacute; esfuerzos adicionales para todos", pero dijo que "ante la epidemia de sobrepeso y obesidad no podemos cruzarnos de brazos" pues est&amp;aacute; en riesgo la vida de millones de mexicanos .</content>
        </sentence>
        <sentence id="12">
          <content>La secretaria de Salud, Mercedes Juan, dijo que las enfermedades cr&amp;oacutenicas no transmisibles como la obesidad y diabetes no son solo un problema de salud, sino una realidad que afecta el desempe&amp;ntilde;o escolar y productividad laboral .</content>
        </sentence>
      </sentences>
    </paragraph>
  </article>
</document>
