<?xml version="1.0" encoding="UTF-8"?>
<document id="305" link="http://mexico.cnn.com/nacional/2013/12/06/el-viaje-en-el-metro-del-df-costara-5-pesos-a-partir-del-13-de-diciembre" category="Nacional" highlights_mapped="false">
  <title>El viaje en el Metro del DF costar&amp;aacute; 5 pesos a partir del 13 de diciembre  - Nacional - CNNMexico.com</title>
  <keywords>metro, aumento, incremento, joel ortega, anuncia, 5 pesos, cinco pesos, tres pesos, boleto, encuestas</keywords>
  <summaries>
    <highlights>
      <sentence id="1" ids_sentences_article="">Se dar&amp;aacute; una tarifa especial de tres pesos para desempleados y estudiantes.</sentence>
      <sentence id="2" ids_sentences_article="">El Metro de la Ciudad de M&amp;eacute;xico es el cuarto que m&amp;aacute;s pasajeros transporta del mundo.</sentence>
      <sentence id="3" ids_sentences_article="">Entre enero y septiembre del 2013 transport&amp;oacute a 12 millones de personas.</sentence>
      <sentence id="4" ids_sentences_article="">Los adultos mayores y las personas con discapacidad seguir&amp;aacute;n teniendo servicio gratuito.</sentence>
    </highlights>
  </summaries>
  <article>
    <paragraph id="1">
      <sentences>
        <sentence id="1">
          <content>El viaje en el Metro del DF costar&amp;aacute; 5 pesos a partir del 13 de diciembre.</content>
        </sentence>
        <sentence id="2">
          <content>M&amp;aacute;s de la mitad (55 .</content>
        </sentence>
        <sentence id="3">
          <content>7%) de los usuarios estuvieron de acuerdo con el incremento, seg&amp;uacute;n las encuestas realizada por el gobierno capitalino.</content>
        </sentence>
        <sentence id="4">
          <content>CIUDAD DE M&amp;Eacute;XICO (CNNM&amp;eacute;xico) -- El precio del boleto para realizar un viaje en el Metro de la Ciudad de M&amp;eacute;xico aumentar&amp;aacute; de tres a cinco pesos a partir del pr&amp;oacuteximo 13 de diciembre, inform&amp;oacute este viernes el director general del Servicio de Transporte Colectivo (STC), Joel Ortega .</content>
        </sentence>
        <sentence id="5">
          <content>@JoelOrtegaCueva informa que los usuarios apoyaron en las encuestas, el aumento al costo del boleto .</content>
        </sentence>
        <sentence id="6">
          <content>com/MVffZ13Jii-- STC Metro D .</content>
        </sentence>
        <sentence id="7">
          <content>(@STCMetroDF) December 6, 2013Ortega dio a conocer en una rueda de prensa los resultados de encuestas realizadas por varias empresas entre los usuarios de este transporte, seg&amp;uacute;n los cuales m&amp;aacute;s de la mitad de ellos estuvo de acuerdo con el aumento en el precio del transporte .</content>
        </sentence>
        <sentence id="8">
          <content>La consulta revel&amp;oacute que 55 .</content>
        </sentence>
        <sentence id="9">
          <content>7% de los usuarios est&amp;aacute; a favor del aumento .</content>
        </sentence>
        <sentence id="10">
          <content>Seg&amp;uacute;n la encuesta deParametr&amp;iacute;a, 53 .</content>
        </sentence>
        <sentence id="11">
          <content>3% de pasajeros dijeron que s&amp;iacute; al incremento; seg&amp;uacute;n Mitofsky 56 .</content>
        </sentence>
        <sentence id="12">
          <content>2 % y seg&amp;uacute;n Covarrubias 57 .</content>
        </sentence>
        <sentence id="13">
          <content>6%, de acuerdo con el STC .</content>
        </sentence>
        <sentence id="14">
          <content>La encuesta se realiz&amp;oacute del viernes al domingo entre 7,200 usuarios seleccionado aleatoriamente, seg&amp;uacute;n informaci&amp;oacuten proporcionada en d&amp;iacute;as pasados por el STC .</content>
        </sentence>
        <sentence id="15">
          <content>El Metro continuar&amp;aacute; siendo gratuito para los adultos mayores, las personas con discapacidad, los j&amp;oacutevenes que tienen convenio con el Instituto de la Juventud del Distrito Federal y polic&amp;iacute;as en activo, inform&amp;oacute Ortega Cuevas .</content>
        </sentence>
        <sentence id="16">
          <content>Se dar&amp;aacute; una tarifa especial de tres pesos para madres jefas de familia, personas desempleadas y estudiantes que lo requieran .</content>
        </sentence>
        <sentence id="17">
          <content>El apoyo se otorgar&amp;aacute; a trav&amp;eacute;s de una tarjeta que estar&amp;aacute; precargada con 80 pesos y se podr&amp;aacute; solicitar en alguno de 28 m&amp;oacutedulos que se colocar&amp;aacute;n en instalaciones del Metro, se&amp;ntilde;al&amp;oacute el funcionario, seg&amp;uacute;n un reporte de Notimex .</content>
        </sentence>
        <sentence id="18">
          <content>Ortega hab&amp;iacute;a justificado el aumento del transporte con el argumento de que los ingresos ser&amp;iacute;an usados para varios proyectos, como mejorar el mantenimiento de 45 trenes, adquirir otros 57, rescatar e reincorporar 112 trenes m&amp;aacute;s, incluir m&amp;aacute;s de 1,200 polic&amp;iacute;as para mejorar la seguridad, sustituir 50 escaleras el&amp;eacute;ctricas, entre otros .</content>
        </sentence>
        <sentence id="19">
          <content>El STC ha dicho que este ser&amp;aacute; el &amp;uacute;nico aumento del sexenio .</content>
        </sentence>
        <sentence id="20">
          <content>El aumento m&amp;aacute;s reciente fue en 2010, cuando el costo del boleto pas&amp;oacute de dos a tres pesos .</content>
        </sentence>
        <sentence id="21">
          <content>El Metro de la Ciudad de M&amp;eacute;xico es el cuarto a nivel mundial en n&amp;uacute;mero de pasajeros transportados despu&amp;eacute;s del de Mosc&amp;uacute;, Nueva York y Par&amp;iacute;s, de acuerdo con el STC .</content>
        </sentence>
        <sentence id="22">
          <content>Entre enero y septiembre del 2013 transport&amp;oacute a casi 12 millones de personas por un costo de tres pesos, aunque el precio real del viaje es de 10 .</content>
        </sentence>
        <sentence id="23">
          <content>5 pesos, seg&amp;uacute;n la dependencia .</content>
        </sentence>
      </sentences>
    </paragraph>
  </article>
</document>
