<?xml version="1.0" encoding="UTF-8"?>
<document id="389" link="http://mexico.cnn.com/nacional/2014/03/06/las-autodefensas-de-michoacan-acuerdan-hacer-una-limpia-en-sus-filas" category="Nacional" author="Mauricio Torres" highlights_mapped="false">
  <title>Las autodefensas de Michoac&amp;aacute;n acuerdan hacer una "limpia" en sus filas  - Nacional - CNNMexico.com</title>
  <keywords>michoacan, autodefensas, cotija, tocumbo, mexico, beltran, castillo</keywords>
  <summaries>
    <highlights>
      <sentence id="1" ids_sentences_article="">Las autodefensas de Michoac&amp;aacute;n acordaron con el gobierno realizar una "limpia" en sus filas.</sentence>
      <sentence id="2" ids_sentences_article="">Los civiles tambi&amp;eacute;n aceptaron dar informaci&amp;oacuten a las autoridades y no entrar a zonas urbanas.</sentence>
      <sentence id="3" ids_sentences_article="">El objetivo de los acuerdos es "lograr paulatinamente la desmovilizaci&amp;oacuten", apunt&amp;oacute Gobernaci&amp;oacuten.</sentence>
    </highlights>
  </summaries>
  <article>
    <paragraph id="1">
      <sentences>
        <sentence id="1">
          <content>Las autodefensas de Michoac&amp;aacute;n acuerdan hacer una "limpia" en sus filas.</content>
        </sentence>
        <sentence id="2">
          <content>Los "que sean criminales" tienen que "pagar", indicaron los civiles al lograr acuerdos con el gobierno, y tras avanzar a Cotija y Tocumbo.</content>
        </sentence>
        <sentence id="3">
          <content>CIUDAD DE M&amp;Eacute;XICO (CNNM&amp;eacute;xico) -- Los grupos de autodefensa en Michoac&amp;aacute;n acordaron este jueves con el gobierno federal hacer una "limpia interna" para expulsar a aquellas personas que sean "ajenas" al movimiento .</content>
        </sentence>
        <sentence id="4">
          <content>El acuerdo se dio durante una reuni&amp;oacuten que el comisionado federal en Michoac&amp;aacute;n, Alfredo Castillo, sostuvo con l&amp;iacute;deres de las autodefensas, inform&amp;oacute la Secretar&amp;iacute;a de Gobernaci&amp;oacuten (Segob) en un comunicado .</content>
        </sentence>
        <sentence id="5">
          <content>"A fin de mantener la autoridad moral de los grupos de ciudadanos organizados, &amp;eacute;stos se comprometieron a hacer una limpia interna, a fin de expulsar a aquellas personas que sean ajenas al movimiento", indic&amp;oacute la Segob .</content>
        </sentence>
        <sentence id="6">
          <content>Estanislao Beltr&amp;aacute;n, vocero de los grupos de autodefensa en Michoac&amp;aacute;n, confirm&amp;oacute la versi&amp;oacuten de las autoridades federales .</content>
        </sentence>
        <sentence id="7">
          <content>"Se va a hacer una limpia de todos aquellos que andan dentro del pueblo, dentro de los pueblos, y que fueron parte del movimiento .</content>
        </sentence>
        <sentence id="8">
          <content>Aquellos que tengan problemas, que tengan procesos y que sean criminales, esos tienen que pagar", dijo Beltr&amp;aacute;n en entrevista .</content>
        </sentence>
        <sentence id="9">
          <content>"Nosotros no pactamos con criminales", agreg&amp;oacute .</content>
        </sentence>
        <sentence id="10">
          <content>Lee:"Excriminales quieren limpiar sus pecados con las autodefensas": ValenciaLos grupos de ciudadanos organizados, apunt&amp;oacute la Segob, informar&amp;aacute;n a las autoridades respecto a los municipios en donde no tienen presencia ni injerencia, "a fin de que si hay grupos que se hacen pasar como parte de los mismos, sean detenidos por las fuerzas federales" .</content>
        </sentence>
        <sentence id="11">
          <content>Las autodefensas tambi&amp;eacute;n aceptaron este jueves retirar barricadas "donde ya no son necesarias" por la presencia de fuerzas de seguridad .</content>
        </sentence>
        <sentence id="12">
          <content>Los acuerdos logrados, seg&amp;uacute;n Gobernaci&amp;oacuten, tienen como objetivo "lograr paulatinamente la desmovilizaci&amp;oacuten" .</content>
        </sentence>
        <sentence id="13">
          <content>La reuni&amp;oacuten ocurri&amp;oacute el mismo d&amp;iacute;a que los grupos de autodefensa entraron a los municipios de Cotija y Tocumbo, mientras junto con el gobierno federal preparan incursiones a m&amp;aacute;s localidades para combatir a la delincuencia, inform&amp;oacute Beltr&amp;aacute;n .</content>
        </sentence>
        <sentence id="14">
          <content>"S&amp;iacute; entraron a Cotija y Tocumbo, en coordinaci&amp;oacuten con el gobierno federal, todo est&amp;aacute; coordinado", dijo .</content>
        </sentence>
        <sentence id="15">
          <content>Ambos municipios se ubican en el occidente de Michoac&amp;aacute;n, cerca de los l&amp;iacute;mites con el estado de Jalisco .</content>
        </sentence>
        <sentence id="16">
          <content>En conjunto, las localidades est&amp;aacute;n habitadas por unas 30,000 personas, lo que representa apenas el 0 .</content>
        </sentence>
        <sentence id="17">
          <content>7% de la poblaci&amp;oacuten michoacana (4 millones 300,000 habitantes) .</content>
        </sentence>
        <sentence id="18">
          <content>"Ya hay un plan de trabajo, todo ha ido en coordinaci&amp;oacuten con el gobierno federal a trav&amp;eacute;s del licenciado Castillo", dijo Beltr&amp;aacute;n . "</content>
        </sentence>
        <sentence id="19">
          <content>(Se discutieron) todas las acciones que vayan encaminadas a la captura de los delincuentes y limpiar de la delincuencia los pueblos y municipios, vamos a ir coordinados" .</content>
        </sentence>
        <sentence id="20">
          <content>El vocero de las autodefensas, sin embargo, rechaz&amp;oacute precisar a qu&amp;eacute; municipios contemplan entrar pr&amp;oacuteximamente .</content>
        </sentence>
        <sentence id="21">
          <content>Tras una reuni&amp;oacuten en Tlaxcala, el secretario de Gobernaci&amp;oacuten, Miguel &amp;Aacute;ngel Osorio Chong, dijo que en m&amp;aacute;s de un mes de coordinaci&amp;oacuten entre el gobierno federal y las autodefensas ha habido un di&amp;aacute;logo "muy bueno" .</content>
        </sentence>
        <sentence id="22">
          <content>"Los resultados est&amp;aacute;n siendo tambi&amp;eacute;n muy positivos y esto devuelve la confianza en la ciudadan&amp;iacute;a, no solo en Tierra Caliente, sino en el resto del estado", agreg&amp;oacute .</content>
        </sentence>
        <sentence id="23">
          <content>Horas antes, Castillo public&amp;oacute en su cuenta de Twitter fotograf&amp;iacute;as de la reuni&amp;oacuten con los grupos de autodefensa, con los que el gobierno federal ha buscado acercarse para que operen de acuerdo con reglas y que cooperen con las autoridades en el combate a organizaciones comoLos Caballeros Templarios .</content>
        </sentence>
        <sentence id="24">
          <content>Lee:10 cosas que debes saber para entender el conflicto en Michoac&amp;aacute;nLas autodefensas comenzaron a formarse en 2013, principalmente en la zona de Tierra Caliente, para enfrentar aLos Caballeros Templariosy otros grupos delictivos, a los que atribuyen narcotr&amp;aacute;fico, asesinatos, secuestros y extorsiones .</content>
        </sentence>
        <sentence id="25">
          <content>En enero, tras se&amp;ntilde;alamientos de legisladores y organizaciones sociales sobre los riesgos de que civiles armados enfrentaran a la delincuencia, el gobierno federal inici&amp;oacute un operativo en Michoac&amp;aacute;n y nombr&amp;oacute a Castillo comisionado en la entidad .</content>
        </sentence>
        <sentence id="26">
          <content>A lo largo de la semana, el funcionario ha dado a conocer el decomiso de minerales presuntamente robados y vendidos porLos Caballeros Templariospara hacerse de recursos .</content>
        </sentence>
        <sentence id="27">
          <content>Adem&amp;aacute;s, el mi&amp;eacute;rcoles se report&amp;oacute la detenci&amp;oacuten de un hombre que se identific&amp;oacute como hijo de Servando G&amp;oacutemez Mart&amp;iacute;nez,la Tuta, uno de los l&amp;iacute;deres de la organizaci&amp;oacuten criminal .</content>
        </sentence>
        <sentence id="28">
          <content>Al respecto, Beltr&amp;aacute;n dijo que corresponde a las autoridades confirmar si el detenido es o no familiar del capo .</content>
        </sentence>
        <sentence id="29">
          <content>"Ha habido muchas detenciones y siempre que detienen a un criminal es un avance en el trabajo que tenemos, y si es o no, el gobierno es el que debe decir si es o no es", se&amp;ntilde;al&amp;oacute .</content>
        </sentence>
      </sentences>
    </paragraph>
  </article>
</document>
