<?xml version="1.0" encoding="UTF-8"?>
<document id="654" link="http://mexico.cnn.com/nacional/2014/02/05/el-aterrizaje-de-la-reforma-energetica-se-complica-en-el-congreso" category="Nacional" author="Mauricio Torres" highlights_mapped="false">
  <title>El aterrizaje de la reforma energ&amp;eacute;tica se complica en el Congreso - Nacional - CNNMexico.com</title>
  <keywords>reforma, reforma energetica, leyes, secundarias, reglamentarias, pri, pan, prd, senado, camara, diputados, pemex, petroleo, contratos</keywords>
  <summaries>
    <highlights>
      <sentence id="1" ids_sentences_article="">El n&amp;uacute;mero de leyes secundarias que ser&amp;aacute;n cambiadas por la reforma energ&amp;eacute;tica va al alza.</sentence>
      <sentence id="2" ids_sentences_article="">Algunos legisladores estiman que ser&amp;aacute;n hasta 32, cuando en principio se calculaba entre 18 y 23.</sentence>
      <sentence id="3" ids_sentences_article="">Para el PRI, los puntos a regular est&amp;aacute;n claros y solo falta definir en cu&amp;aacute;ntas leyes se incluir&amp;aacute;n.</sentence>
    </highlights>
  </summaries>
  <article>
    <paragraph id="1">
      <sentences>
        <sentence id="1">
          <content>El aterrizaje de la reforma energ&amp;eacute;tica se complica en el Congreso.</content>
        </sentence>
        <sentence id="2">
          <content>Los legisladores tendr&amp;aacute;n que modificar entre 28 y 32 leyes, m&amp;aacute;s de las previstas, lo que supone un reto t&amp;eacute;cnico, reconocen senadores.</content>
        </sentence>
        <sentence id="3">
          <content>CIUDAD DE M&amp;Eacute;XICO (CNNM&amp;eacute;xico) -- El n&amp;uacute;mero de leyes secundarias que ser&amp;aacute; necesario modificar o crear para que funcione la reforma energ&amp;eacute;tica del presidente Enrique Pe&amp;ntilde;a Nieto crece y ser&amp;aacute; de entre 28 y 32 ordenamientos, cuando en principio solo se contemplaba ajustes a 18, seg&amp;uacute;n c&amp;aacute;lculos de los partidos Revolucionario Institucional (PRI) y Acci&amp;oacuten Nacional (PAN) .</content>
        </sentence>
        <sentence id="4">
          <content>El aumento se debe a que tanto el gobierno como los partidos se est&amp;aacute;n dando cuenta de que los cambios que implica la reforma impactan m&amp;aacute;s puntos de los originalmente previstos, se&amp;ntilde;al&amp;oacute el senador panista Jorge Luis Lavalle, integrante de la Comisi&amp;oacuten de Energ&amp;iacute;a de la C&amp;aacute;mara alta .</content>
        </sentence>
        <sentence id="5">
          <content>"Cuando hemos empezado a analizar a detalle la elaboraci&amp;oacuten de las leyes que son totalmente nuevas, siempre salen temas de otras leyes que hay que ajustar a efecto de que no se contrapongan y, sobre todo, se complementen de manera adecuada para que quede correcto el modelo energ&amp;eacute;tico", dijo en entrevista .</content>
        </sentence>
        <sentence id="6">
          <content>La situaci&amp;oacuten har&amp;aacute; m&amp;aacute;s compleja la reglamentaci&amp;oacuten de la reforma porque implicar&amp;aacute; un mayor "reto t&amp;eacute;cnico" para el Congreso, reconocen legisladores de ambas fuerzas pol&amp;iacute;ticas .</content>
        </sentence>
        <sentence id="7">
          <content>El secretario de Hacienda, Luis Videgaray, dijo el jueves pasado, en la reuni&amp;oacuten plenaria con los senadores del gobernante PRI, que el presidente enviar&amp;aacute;"en breve" un paquete legislativo .</content>
        </sentence>
        <sentence id="8">
          <content>"Son por lo menos 28 ordenamientos, entre nuevas leyes que son requeridas y modificaciones a ordenamientos existentes que tienen que ver desde el nuevo gobierno corporativo de Pemex", se&amp;ntilde;al&amp;oacute .</content>
        </sentence>
        <sentence id="9">
          <content>El senador priista David Penchyna, presidente de la Comisi&amp;oacuten de Energ&amp;iacute;a, dijo en entrevista que "en la reforma est&amp;aacute;n las materias que se tienen que modificar .</content>
        </sentence>
        <sentence id="10">
          <content>En lo que estamos poni&amp;eacute;ndonos de acuerdo es qu&amp;eacute; t&amp;eacute;cnica legislativa vamos a usar: si algunas se agregan en una sola ley o si las hacemos en leyes diferenciadas" .</content>
        </sentence>
        <sentence id="11">
          <content>A principios de enero, el secretario de Energ&amp;iacute;a, Pedro Joaqu&amp;iacute;n Coldwell, hab&amp;iacute;a calculado que ser&amp;iacute;an modificadas 23 leyes .</content>
        </sentence>
        <sentence id="12">
          <content>"Iniciaremos, a partir del s&amp;aacute;bado (1 de febrero), un periodo que se abocar&amp;aacute; a las leyes secundarias, en donde la complejidad es t&amp;eacute;cnica, porque en los transitorios de las reformas constitucionales se marc&amp;oacute claramente el sentido que se les deber&amp;iacute;a de dar a las leyes secundarias", dijo recientemente el presidente del Senado, el priista Ra&amp;uacute;l Cervantes .</content>
        </sentence>
        <sentence id="13">
          <content>Algunas de las leyes actuales que el PAN prev&amp;eacute; que ser&amp;aacute; necesario cambiar son:Ley Reglamentaria del Art&amp;iacute;culo 27 Constitucional,Ley de Petr&amp;oacuteleos Mexicanos (Pemex),Ley del Servicio P&amp;uacute;blico de Energ&amp;iacute;a El&amp;eacute;ctrica,Ley de Aprovechamiento Sustentable de la Energ&amp;iacute;a,Ley de Aprovechamiento de Energ&amp;iacute;as Renovables,Ley de la Comisi&amp;oacuten Nacional de Hidrocarburos (CNH) yLey de la Comisi&amp;oacuten Reguladora de Energ&amp;iacute;a (CRE)Con la reforma energ&amp;eacute;tica, la CNH y la CRE se convirtieron en organismos reguladores del sector y tendr&amp;aacute;n facultades para vigilar los contratos del Estado con particulares .</content>
        </sentence>
        <sentence id="14">
          <content>"Ahorita en las secundarias lo que queremos es tratar de completar el modelo energ&amp;eacute;tico .</content>
        </sentence>
        <sentence id="15">
          <content>Ahorita lo que falta es mucho m&amp;aacute;s t&amp;eacute;cnico que pol&amp;iacute;tico .</content>
        </sentence>
        <sentence id="16">
          <content>Hay que ver que no se quede ning&amp;uacute;n &amp;aacute;rea bailando", coment&amp;oacute Lavalle .</content>
        </sentence>
        <sentence id="17">
          <content>Las reglas para los contratosDel total de leyes a reformar, seg&amp;uacute;n Lavalle y Penchyna, entre siete y ocho corresponder&amp;aacute;n a c&amp;oacutemo funcionar&amp;aacute;n los nuevos contratos que el Estado podr&amp;aacute; entablar con empresas nacionales y extranjeras para la producci&amp;oacuten de energ&amp;eacute;ticos, el punto m&amp;aacute;s pol&amp;eacute;mico de la reforma aprobada a finales de 2013 .</content>
        </sentence>
        <sentence id="18">
          <content>Lavalle coment&amp;oacute al respecto que la cifra a&amp;uacute;n podr&amp;iacute;a variar despu&amp;eacute;s de que el PAN y el PRI inicien negociaciones .</content>
        </sentence>
        <sentence id="19">
          <content>El reto ser&amp;aacute; aprobarlas antes del 30 de abril, cuando concluye el periodo de sesiones,y que en ellas queden regulados aspectos como la transparencia de los contratos y las reglas claras en que va a operar la apertura energ&amp;eacute;tica .</content>
        </sentence>
        <sentence id="20">
          <content>La reforma fue aprobada en diciembre con los votos del PRI y del PAN, principalmente, y la oposici&amp;oacuten del Partido de la Revoluci&amp;oacuten Democr&amp;aacute;tica (PRD), partido que ha se&amp;ntilde;alado que participar&amp;aacute; en la negociaci&amp;oacuten de las leyes secundarias, a pesar de su rechazo a la reforma constitucional .</content>
        </sentence>
        <sentence id="21">
          <content>La votaci&amp;oacuten, en cierre de periodoTodas las iniciativas se discutir&amp;aacute;n durante este periodo ordinario de sesiones, que inici&amp;oacute el 1 de febrero, aunque el PAN y el PRD exigen que se voten hasta despu&amp;eacute;s de que se aprueben otros temas pendientes, como las leyes secundarias de la reforma en telecomunicaciones y de la reforma pol&amp;iacute;tico-electoral .</content>
        </sentence>
        <sentence id="22">
          <content>El plazo para que sean aprobadas las leyes de la reforma energ&amp;eacute;tica tambi&amp;eacute;n vence en la primera mitad del a&amp;ntilde;o .</content>
        </sentence>
        <sentence id="23">
          <content>Sin embargo, los priistas conf&amp;iacute;an en que a pesar de la carga de trabajo que tendr&amp;aacute; el Congreso, esa legislaci&amp;oacuten ser&amp;aacute; votada dentro de los tiempos legales .</content>
        </sentence>
        <sentence id="24">
          <content>"Por el trabajo que se ha hecho y por el ejercicio en comisiones y de consulta con los sectores involucrados en cada una de las reformas, yo conf&amp;iacute;o en que vamos a salir adelante", dijo Penchyna .</content>
        </sentence>
      </sentences>
    </paragraph>
  </article>
</document>
