<?xml version="1.0" encoding="UTF-8"?>
<document id="793" link="http://mexico.cnn.com/nacional/2014/02/14/el-departamento-del-tesoro-sanciona-a-la-esposa-del-lider-de-los-zetas" category="Nacional" highlights_mapped="false">
  <title>El Departamento del Tesoro sanciona a la esposa del l&amp;iacute;der de 'Los Zetas' - Nacional - CNNMexico.com</title>
  <keywords>esposa, miguel angel trevi&amp;ntilde;o, los zetas, departamento del tesoro, se&amp;ntilde;ala, amplia, sanciones,</keywords>
  <summaries>
    <highlights>
      <sentence id="1" ids_sentences_article="">Juanita del Carmen R&amp;iacute;os Hern&amp;aacute;ndez cre&amp;oacute una empresa de distribuci&amp;oacuten de medicamentos en 2009.</sentence>
      <sentence id="2" ids_sentences_article="">La empresa se llama Distribuidora e Importadora de Productos M&amp;eacute;dicos del Norte y tiene su sede en Monterrey.</sentence>
      <sentence id="3" ids_sentences_article="">Los estadounidenses tienen prohibido hacer negocios con este empresa o con R&amp;iacute;os Hern&amp;aacute;ndez.</sentence>
    </highlights>
  </summaries>
  <article>
    <paragraph id="1">
      <sentences>
        <sentence id="1">
          <content>El Departamento del Tesoro sanciona a la esposa del l&amp;iacute;der de 'Los Zetas'.</content>
        </sentence>
        <sentence id="2">
          <content>Es due&amp;ntilde;a de una empresa importadora de medicamentos a trav&amp;eacute;s de la cual presuntamente lava dinero para la organizaci&amp;oacuten.</content>
        </sentence>
        <sentence id="3">
          <content>(CNNM&amp;eacute;xico) -- El gobierno estadounidense se&amp;ntilde;al&amp;oacute a Juanita del Carmen R&amp;iacute;os Hern&amp;aacute;ndez, esposa de Miguel &amp;Aacute;ngel Trevi&amp;ntilde;o Morales, l&amp;iacute;der del grupo criminalLos Zetas, por presuntamente lavar dinero para la organizaci&amp;oacuten a trav&amp;eacute;s de una empresa de distribuci&amp;oacuten de medicamentos, de acuerdo con un comunicado del Departamento del Tesoro .</content>
        </sentence>
        <sentence id="4">
          <content>R&amp;iacute;os Hern&amp;aacute;ndez es propietaria y operadora de Distribuidora e importadora de Productos M&amp;eacute;dicos del Norte, una empresa fundada en 2009 y que opera en Monterrey, Nuevo Le&amp;oacuten .</content>
        </sentence>
        <sentence id="5">
          <content>Trevi&amp;ntilde;o, ElZ-40, fue detenido el 15 de julio de 2013 en Nuevo Laredo, Tamaulipas, y est&amp;aacute; en prisi&amp;oacuten en M&amp;eacute;xico .</content>
        </sentence>
        <sentence id="6">
          <content>En Estados Unidos enfrenta cargos por violar a la ley de narc&amp;oacuteticos y por lavado de dinero .</content>
        </sentence>
        <sentence id="7">
          <content>"Miguel Trevi&amp;ntilde;o Morales y su hermano Omar Trevi&amp;ntilde;o Morales llevaron a cabo innumerables actividades de narcotr&amp;aacute;fico paraLos Zetas, una de las m&amp;aacute;s violentas y poderosas organizaciones de narcotr&amp;aacute;fico de M&amp;eacute;xico", dice el Departamento del Estado .</content>
        </sentence>
        <sentence id="8">
          <content>La designaci&amp;oacuten de Estados Unidos de la empresa de medicamentos a trav&amp;eacute;s de la Ley Kingpin proh&amp;iacute;be que los estadounidenses hagan negocios con la misma o con su due&amp;ntilde;a, y congela los activos de la misma en Estados Unidos .</content>
        </sentence>
        <sentence id="9">
          <content>El presidente de Estados Unidos, Barack Obama, design&amp;oacute aLos Zetascomo un grupo narcotraficante extranjero en abril de 2009, y en 2011 lo incluy&amp;oacute en el Anexo de la orden ejecutiva como una organizaci&amp;oacuten criminal transnacional, lo que implica que sus propiedades deben ser bloqueadas .</content>
        </sentence>
        <sentence id="10">
          <content>Estados Unidos ha se&amp;ntilde;alado antes a Carolina Fern&amp;aacute;ndez Gonz&amp;aacute;lez, esposa de Omar Trevi&amp;ntilde;o Morales, as&amp;iacute; como al padre de ella, Jes&amp;uacute;s Fern&amp;aacute;ndez Luna, y la empresa de venta de ganado de la familia, debido a que lavaban dinero deLos Zetasmediantela compra de caballos cuarto de millapara Miguel Trevi&amp;ntilde;o y Omar Trevi&amp;ntilde;o .</content>
        </sentence>
        <sentence id="11">
          <content>En 2012se&amp;ntilde;al&amp;oacute a Francisco Colorado Cessay su empresa ADT Petroservicios SA de CV, en Veracruz, tambi&amp;eacute;n por lavar dinero paraLos Zetas .</content>
        </sentence>
        <sentence id="12">
          <content>Los Zetasdistribuyen drogas y blanquean decenas de millones de d&amp;oacutelares de procedencia il&amp;iacute;cita, de acuerdo con el Departamento del Tesoro estadounidense .</content>
        </sentence>
      </sentences>
    </paragraph>
  </article>
</document>
