<?xml version="1.0" encoding="UTF-8"?>
<document id="567" link="http://mexico.cnn.com/nacional/2014/03/10/los-hombres-que-quieren-dirigir-al-prd-y-las-tribus-que-los-apoyan" category="Nacional" author="Miguel &amp;Atilde;?ngel Vargas V." highlights_mapped="false">
  <title>Los hombres que quieren dirigir al PRD y las 'tribus' que los apoyan  - Nacional - CNNMexico.com</title>
  <keywords>prd, partido de la revolucion democratica, marcelo ebrard, cuauhtemoc cardenas, carlos navarrete, sotelo, tribus, corrientes, chuchos, jesus zambrano, contienda interna</keywords>
  <summaries>
    <highlights>
      <sentence id="1" ids_sentences_article="">Marcelo Ebrard, Carlos Navarrete y Carlos Sotelo han manifestado su inter&amp;eacute;s en presidir al PRD.</sentence>
      <sentence id="2" ids_sentences_article="">Diversos grupos del partido han pedido a Cuauht&amp;eacute;moc C&amp;aacute;rdenas que encabece una candidatura de unidad por la dirigencia perredista.</sentence>
      <sentence id="3" ids_sentences_article="">El actual presidente nacional del PRD, Jes&amp;uacute;s Zambrano, culmina su periodo al frente del partido el pr&amp;oacuteximo 21 de marzo.</sentence>
      <sentence id="4" ids_sentences_article="">El Consejo Nacional del partido debe reunirse para emitir la convocatoria sobre la renovaci&amp;oacuten de la dirigencia.</sentence>
    </highlights>
  </summaries>
  <article>
    <paragraph id="1">
      <sentences>
        <sentence id="1">
          <content>Los hombres que quieren dirigir al PRD y las 'tribus' que los apoyan.</content>
        </sentence>
        <sentence id="2">
          <content>Marcelo Ebrard, Carlos Navarrete, Carlos Sotelo y Cuauht&amp;eacute;moc C&amp;aacute;rdenas . . . conoce qui&amp;eacute;nes los apoyan y sus posturas sobre la contienda interna.</content>
        </sentence>
        <sentence id="3">
          <content>(CNNM&amp;eacute;xico) -- Hasta el momento tres pol&amp;iacute;ticos han manifestado su inter&amp;eacute;s por dirigiral Partido de la Revoluci&amp;oacuten Democr&amp;aacute;tica (PRD), y hay uno m&amp;aacute;s a quien sus correligionarios le han solicitado que asuma esa responsabilidad .</content>
        </sentence>
        <sentence id="4">
          <content>Marcelo Ebrard, Carlos Navarrete y Carlos Sotelo han dicho que quieren competir por la presidencia nacional del PRD; a esos nombres se suma el de Cuauht&amp;eacute;moc C&amp;aacute;rdenas, a quien diversas tribus o corrientes le han pedido que asuma el mando del partido que ayud&amp;oacute a fundar en 1989, y del que fue su primer presidente nacional (1989-1993) .</content>
        </sentence>
        <sentence id="5">
          <content>El pr&amp;oacuteximo 21 de marzo culmina el periodo del actual presidente del partido, Jes&amp;uacute;s Zambrano; antes de esa fecha el Consejo Nacional del PRD debe convocar a una sesi&amp;oacuten en la que se emitir&amp;aacute; la convocatoria para renovar la dirigencia del instituto, con los plazos y los m&amp;eacute;todos a seguir en el proceso interno .</content>
        </sentence>
        <sentence id="6">
          <content>A continuaci&amp;oacuten te presentamos los detalles de qui&amp;eacute;nes apoyan a los aspirantes a la dirigencia nacional del PRD, as&amp;iacute; como lo que ellos han manifestado sobre el tema:1 .</content>
        </sentence>
        <sentence id="7">
          <content>Cuauht&amp;eacute;moc C&amp;aacute;rdenasEn noviembre de 2013 rechaz&amp;oacute estar interesado en buscar de nuevo la dirigencia del partido de izquierda, del que fue su presidente nacional entre 1989 y 1993 .</content>
        </sentence>
        <sentence id="8">
          <content>Sin embargo, una reforma a los estatutos del PRD, avalada por la autoridad electoral el martes pasado, permite que los anteriores dirigentes del partido puedan ocupar nuevamente el cargo, lo que ha llevado a diversas corrientes del partido a proponer a C&amp;aacute;rdenas, como sucesor de Jes&amp;uacute;s Zambrano .</content>
        </sentence>
        <sentence id="9">
          <content>Un d&amp;iacute;a antes un grupo de perredistas capitalinos se reuni&amp;oacute con C&amp;aacute;rdenas para pedirle que encabezara una candidatura de unidad para la dirigencia del partido, pero el tres veces candidato presidencial no se ha pronunciado p&amp;uacute;blicamente al respecto .</content>
        </sentence>
        <sentence id="10">
          <content>A C&amp;aacute;rdenas le han expresado p&amp;uacute;blicamente su apoyo Ren&amp;eacute; Bejarano, l&amp;iacute;der de la corriente perredista Izquierda Democr&amp;aacute;tica Nacional (IDN), as&amp;iacute; como los coordinadores de los grupos parlamentarios del PRD en ambas c&amp;aacute;maras del Congreso de la Uni&amp;oacuten .</content>
        </sentence>
        <sentence id="11">
          <content>En tanto, el senador Manuel Camacho Sol&amp;iacute;s, hombre cercano al tambi&amp;eacute;n aspirante Marcelo Ebrard, ha dicho que &amp;eacute;ste "ver&amp;iacute;a con mucha simpat&amp;iacute;a que C&amp;aacute;rdenas fuera el pr&amp;oacuteximo presidente del partido" .</content>
        </sentence>
        <sentence id="12">
          <content>Marcelo EbrardDesde que Marcelo Ebrard present&amp;oacute en julio pasado su Movimiento Progresista &amp;ndash;un grupo al interior del PRD&amp;ndash; dijo que, aunque no era su objetivo principal, esperaba que &amp;eacute;ste le sirviera para llegar a la presidencia nacional del PRD .</content>
        </sentence>
        <sentence id="13">
          <content>Ebrard ha sido cr&amp;iacute;tico con la actual dirigencia del partido, especialmente por su participaci&amp;oacuten con el gobierno de Enrique Pe&amp;ntilde;a Nieto en el Pacto por M&amp;eacute;xico, acuerdo en que se mantuvo el PRD entre diciembre de 2012 y noviembre de 2013, y a trav&amp;eacute;s del cual se lograron procesar reformas como la educativa, la de telecomunicaciones y la hacendaria .</content>
        </sentence>
        <sentence id="14">
          <content>En noviembre pasado, el ex jefe de Gobierno del Distrito Federal (2006-2012) present&amp;oacute un "manifiesto para la transformaci&amp;oacuten del PRD", documento en el que concentr&amp;oacute sus propuestas para dirigir a este partido .</content>
        </sentence>
        <sentence id="15">
          <content>En el Movimiento Progresista participan el ex diputado federal Agust&amp;iacute;n Guerrero y el diputado local Adri&amp;aacute;n Michel; tambi&amp;eacute;n han apoyado los eventos de este grupo los senadores perredistas Mario Delgado y Manuel Camacho Sol&amp;iacute;s, quienes han expresado que Ebrard no estar&amp;iacute;a en contra de que Cuauht&amp;eacute;moc C&amp;aacute;rdenas presidiera al partido .</content>
        </sentence>
        <sentence id="16">
          <content>Carlos NavarreteCuando en octubre del a&amp;ntilde;o pasado Carlos Navarrete present&amp;oacute su renuncia como secretario del Trabajo del Distrito Federal, anunci&amp;oacute que competir&amp;iacute;a por la presidencia nacional del PRD .</content>
        </sentence>
        <sentence id="17">
          <content>Y, en d&amp;iacute;as recientes, cuando comenz&amp;oacute a tomar fuerza la versi&amp;oacuten de una posible candidatura de unidad encabezada por Cuauht&amp;eacute;moc C&amp;aacute;rdenas, Navarrete critic&amp;oacute que algunos de sus compa&amp;ntilde;eros pretendan imponer esta posibilidad .</content>
        </sentence>
        <sentence id="18">
          <content>"Considero que nadie tiene derecho a pedirme que decline esta intenci&amp;oacuten, ni generar una presi&amp;oacuten medi&amp;aacute;tica para anular el proceso electivo", se&amp;ntilde;al&amp;oacute el exsenador enuna carta enviada al coordinador de los senadores perredistas, Miguel Barbosa, quien se manifest&amp;oacute a favor de C&amp;aacute;rdenas .</content>
        </sentence>
        <sentence id="19">
          <content>A Navarrete lo apoya la corriente Nueva Izquierda --informalmente conocida como Los Chuchos--, la cual encabezan Jes&amp;uacute;s Zambrano, el actual dirigente nacional del PRD, y el exdirigente Jes&amp;uacute;s Ortega; tambi&amp;eacute;n cuenta con el respaldo de Alternativa Democr&amp;aacute;tica Nacional (ADN), corriente que lidera H&amp;eacute;ctor Bautista L&amp;oacutepez .</content>
        </sentence>
        <sentence id="20">
          <content>Carlos SoteloEl cuarto aspirante a la dirigencia del PRD es Carlos Sotelo, quien pertenece a la corriente interna del partido conocida como Patria Digna, la cual surgi&amp;oacute en agosto del a&amp;ntilde;o pasado .</content>
        </sentence>
        <sentence id="21">
          <content>A Carlos Sotelo, que fue dirigente estatal y diputado local en el estado de Colima, lo apoyan Pablo G&amp;oacutemez, uno de los fundadores del PRD, as&amp;iacute; como el exgobernador de Michoac&amp;aacute;n, Leonel Godoy, y el de Chiapas, Pablo Salazar .</content>
        </sentence>
        <sentence id="22">
          <content>El viernes pasado, el tambi&amp;eacute;n exsenador Sotelo aclar&amp;oacute que si Cuauht&amp;eacute;moc C&amp;aacute;rdenas decide buscar la presidencia del partido, el movimiento que encabeza convocar&amp;aacute; a un encuentro para evaluar si apoyan y se unen a esta candidatura .</content>
        </sentence>
      </sentences>
    </paragraph>
  </article>
</document>
