<?xml version="1.0" encoding="UTF-8"?>
<document id="174" link="http://mexico.cnn.com/nacional/2013/12/23/los-casos-de-bullying-en-mexico-aumentan-10-en-dos-anos" category="Nacional" highlights_mapped="false">
  <title>Los casos de 'bullying' en M&amp;eacute;xico aumentan 10% en dos a&amp;ntilde;os - Nacional - CNNMexico.com</title>
  <keywords>bullying, acoso escolar, menores, primarias, secundarias, ocde, cepal</keywords>
  <summaries>
    <highlights>
      <sentence id="1" ids_sentences_article="">Los casos de 'bullying' en M&amp;eacute;xico crecieron 10% en los &amp;uacute;ltimos dos a&amp;ntilde;os.</sentence>
      <sentence id="2" ids_sentences_article="">En 2011, el 30% de los estudiantes dijo sufrir alg&amp;uacute;n tipo de violencia.</sentence>
      <sentence id="3" ids_sentences_article="">La cifra pas&amp;oacute al 40% en 2013, lo que coloca a M&amp;eacute;xico en el primer lugar internacional.</sentence>
    </highlights>
  </summaries>
  <article>
    <paragraph id="1">
      <sentences>
        <sentence id="1">
          <content>Los casos de 'bullying' en M&amp;eacute;xico aumentan 10% en dos a&amp;ntilde;os.</content>
        </sentence>
        <sentence id="2">
          <content>De 2011 a 2013, el porcentaje de estudiantes que dijo sufrir alg&amp;uacute;n tipo de violencia pas&amp;oacute del 30% al 40%, seg&amp;uacute;n cifras de la CNDH.</content>
        </sentence>
        <sentence id="3">
          <content>CIUDAD DE M&amp;Eacute;XICO (CNNM&amp;eacute;xico) -- El bullyinges un problema que se extiende en M&amp;eacute;xico, donde el n&amp;uacute;mero de casos aument&amp;oacute en 10% durante los &amp;uacute;ltimos dos a&amp;ntilde;os, seg&amp;uacute;n cifras de la Comisi&amp;oacuten Nacional de los Derechos Humanos (CNDH) .</content>
        </sentence>
        <sentence id="4">
          <content>En 2011, la CNDH --organismo aut&amp;oacutenomo del gobierno--report&amp;oacute que el 30% de los estudiantes de primaria declaraba sufrir alg&amp;uacute;n tipo de bullying .</content>
        </sentence>
        <sentence id="5">
          <content>Para 2013, el porcentaje subi&amp;oacute al 40% .</content>
        </sentence>
        <sentence id="6">
          <content>Con esta cifra, seg&amp;uacute;n la Organizaci&amp;oacuten para la Cooperaci&amp;oacuten y el Desarrollo Econ&amp;oacutemicos (OCDE), M&amp;eacute;xico lleg&amp;oacute al primer lugar internacional en este problema, pues 18 millones 781,875 alumnos de primaria y secundaria, tanto en escuelas p&amp;uacute;blicas como privadas, sufren acoso escolar .</content>
        </sentence>
        <sentence id="7">
          <content>Algunos casos conocidos durante este a&amp;ntilde;o llegaron a los medios por videos grabados por los mismos estudiantes y subidos a redes sociales como YouTube .</content>
        </sentence>
        <sentence id="8">
          <content>Uno de ellos es el de un ni&amp;ntilde;o de Hermosillo, Sonora, que aprieta el cuello de una de sus compa&amp;ntilde;eras hasta dejarla inm&amp;oacutevil .</content>
        </sentence>
        <sentence id="9">
          <content>Ese fue el desenlace de una pelea que hab&amp;iacute;a comenzado minutos antes y en la que no intervino ninguna autoridad escolar .</content>
        </sentence>
        <sentence id="10">
          <content>"T&amp;uacute; eres hombre, Shana", dice un compa&amp;ntilde;ero al menor que protagoniz&amp;oacute el incidente .</content>
        </sentence>
        <sentence id="11">
          <content>"Regr&amp;eacute;sate y ponle un cachetad&amp;oacuten (a la ni&amp;ntilde;a)", se&amp;ntilde;ala otro menor a Shana, el presunto agresor .</content>
        </sentence>
        <sentence id="12">
          <content>El hecho, investigado por las autoridades locales, fue grabado con un celular por otro de los estudiantes y publicado en YouTube .</content>
        </sentence>
        <sentence id="13">
          <content>La agresi&amp;oacuten contra una ni&amp;ntilde;a de origen mixteco en una secundaria del Distrito Federal tambi&amp;eacute;n fue grabada y subida a la misma red social .</content>
        </sentence>
        <sentence id="14">
          <content>La madre de la menor denunci&amp;oacute la agresi&amp;oacuten, que dej&amp;oacute con rasgu&amp;ntilde;os en la cara y golpes a su hija, y la procuradur&amp;iacute;a de justicia capitalina cit&amp;oacute a los familiares de las presuntas agresoras para deslindar responsabilidades e investigar los hechos .</content>
        </sentence>
        <sentence id="15">
          <content>El estudio El bullying o acoso escolar, realizado en agosto de 2011 por la Comisi&amp;oacuten Econ&amp;oacutemica para Am&amp;eacute;rica Latina y el Caribe (Cepal), revel&amp;oacute que el 25 .</content>
        </sentence>
        <sentence id="16">
          <content>3% de los alumnos de educaci&amp;oacuten b&amp;aacute;sica ha sido insultado o amenazado por sus compa&amp;ntilde;eros, mientras el 16 .</content>
        </sentence>
        <sentence id="17">
          <content>7% ha sido golpeado y el 44 .</content>
        </sentence>
        <sentence id="18">
          <content>7% ha vivido alg&amp;uacute;n episodio de violencia .</content>
        </sentence>
        <sentence id="19">
          <content>Seg&amp;uacute;n la Cepal, entre los siete y los 14 a&amp;ntilde;os se presentan las actitudes m&amp;aacute;s violentas en ni&amp;ntilde;os .</content>
        </sentence>
        <sentence id="20">
          <content>En M&amp;eacute;xico, el 11% de los estudiantes mexicanos de primaria ha robado o amenazado a alg&amp;uacute;n compa&amp;ntilde;ero, y en la secundaria el 7% lo ha hecho, indica el estudio .</content>
        </sentence>
        <sentence id="21">
          <content>M&amp;aacute;s all&amp;aacute; de los rasgu&amp;ntilde;osEl bullying no se ha quedado solamente en golpes y lesiones .</content>
        </sentence>
        <sentence id="22">
          <content>En algunos casos ha llegado hasta la muerte de menores .</content>
        </sentence>
        <sentence id="23">
          <content>Luis Antonio Guerra y Andr&amp;eacute;s Barba Olivas, ambos de 15 a&amp;ntilde;os, fueron secuestrados y asesinados porque "maltrataron y se burlaron" del hijo de un presunto narcotr&amp;aacute;ficante en Jalisco, seg&amp;uacute;n las propias autoridades del estado del occidente mexicano .</content>
        </sentence>
        <sentence id="24">
          <content>Los j&amp;oacutevenes y el hijo de Jos&amp;eacute; &amp;Aacute;ngel Carrasco Coronel, El Changel, eran compa&amp;ntilde;eros de escuela .</content>
        </sentence>
        <sentence id="25">
          <content>Luis y Andr&amp;eacute;s fueron llevados con enga&amp;ntilde;os a una plaza comercial y de ah&amp;iacute; fueron trasladados a una finca donde fueron asesinados, indic&amp;oacute entonces la fiscal&amp;iacute;a estatal .</content>
        </sentence>
        <sentence id="26">
          <content>En otro caso en Jalisco, un estudiante de primaria que sufr&amp;iacute;a acoso de sus compa&amp;ntilde;eros muri&amp;oacute d&amp;iacute;as despu&amp;eacute;s de una agresi&amp;oacuten, aunque las autoridades concluyeron que no fue &amp;eacute;sta la causa de su muerte .</content>
        </sentence>
        <sentence id="27">
          <content>Su padre, Efra&amp;iacute;n Ortiz, dijo que antes de caer gravemente enfermo, el menor narr&amp;oacute que un ni&amp;ntilde;o de la escuela le hab&amp;iacute;a metido la cabeza a un retrete, por lo que los padres interpusieron una denuncia ante el Ministerio P&amp;uacute;blico .</content>
        </sentence>
        <sentence id="28">
          <content>Tras 20 d&amp;iacute;as hospitalizado, las autoridades determinaron queel menor muri&amp;oacute por encefalitis viraly no a consecuencia de agresiones sufridas en la escuela, como denunci&amp;oacute la familia .</content>
        </sentence>
        <sentence id="29">
          <content>Los padres no quedaron conformes con las investigaciones, pues &amp;eacute;stas no pudieron aclarar c&amp;oacutemo fue que el menor se contagi&amp;oacute del virus .</content>
        </sentence>
        <sentence id="30">
          <content>Seg&amp;uacute;n el Observatorio Ciudadano de la Justicia, otra forma de acoso es el "el cobro de piso" o "cobro de cuotas" en primarias y secundarias, pr&amp;aacute;cticas que los menores imitan de la delincuencia organizada .</content>
        </sentence>
        <sentence id="31">
          <content>Algunos menores cobran a sus compa&amp;ntilde;eros desde 50 centavos hasta cinco pesos por permitirles el paso a los sanitarios o para no intimidarlos en los periodos de recreo quit&amp;aacute;ndoles su desayuno, seg&amp;uacute;n expertos de la organizaci&amp;oacuten .</content>
        </sentence>
        <sentence id="32">
          <content>Estas conductas han sido detectadas principalmente en escuelas de estados del norte del pa&amp;iacute;s, como Nuevo Le&amp;oacuten, Baja California y Coahuila, y recientemente en Jalisco, dondegrupos criminales cobrancuotas a empresarios y comerciantes para no atacar sus negocios, de acuerdo con las autoridades mexicanas .</content>
        </sentence>
      </sentences>
    </paragraph>
  </article>
</document>
