<?xml version="1.0" encoding="UTF-8"?>
<document id="852" link="http://mexico.cnn.com/nacional/2014/03/07/la-policia-federal-detiene-a-una-banda-de-secuestradores-en-michoacan" category="Nacional" highlights_mapped="false">
  <title>La Polic&amp;iacute;a Federal detiene a una banda de secuestradores en Michoac&amp;aacute;n - Nacional - CNNMexico.com</title>
  <keywords>michoacan, zamora, secuestradores, banda, detenidos, policia federal, jefe de plaza, templarios</keywords>
  <summaries>
    <highlights>
      <sentence id="1" ids_sentences_article="">La Polic&amp;iacute;a Federal detuvo a una banda de secuestradores en Zamora, Michoac&amp;aacute;n, inform&amp;oacute el comisionado Alfredo Castillo.</sentence>
      <sentence id="2" ids_sentences_article="">Entre los detenidos est&amp;aacute; Abraham Zamora Zamudio, quien declar&amp;oacute ser el lugarteniente de los criminales en Zamora.</sentence>
    </highlights>
  </summaries>
  <article>
    <paragraph id="1">
      <sentences>
        <sentence id="1">
          <content>La Polic&amp;iacute;a Federal detiene a una banda de secuestradores en Michoac&amp;aacute;n.</content>
        </sentence>
        <sentence id="2">
          <content>Entre las personas arrestadas est&amp;aacute; un hombre que declar&amp;oacute ser el "jefe de plaza" en el municipio de Zamora, uno de los m&amp;aacute;s grandes del estado.</content>
        </sentence>
        <sentence id="3">
          <content>(CNNM&amp;eacute;xico) -- Quince personas que"manifestaron pertenecer a una banda de secuestradores" fueron capturadas por la Polic&amp;iacute;a Federal en el municipio de Zamora, en el occidente de Michoac&amp;aacute;n, inform&amp;oacute este viernes el comisionado federal de seguridad para el estado, Alfredo Castillo .</content>
        </sentence>
        <sentence id="4">
          <content>Abraham Zamora Zamudio, quien dijo ser l&amp;iacute;der local de un grupo criminal en Zamora, fue uno de los detenidos, seg&amp;uacute;n confirm&amp;oacute el funcionario en varios mensajes desde su cuenta de Twitter .</content>
        </sentence>
        <sentence id="5">
          <content>El mismo Zamora Zamudio dijo a las autoridades que antes fue lugarteniente en los municipios de Los Reyes y Cotija, los cuales se ubican en la misma regi&amp;oacuten occidente de Michoac&amp;aacute;n .</content>
        </sentence>
        <sentence id="6">
          <content>El comisionado tambi&amp;eacute;n destac&amp;oacute la detenci&amp;oacuten de Israel Far&amp;iacute;as Rodr&amp;iacute;guez, quien declar&amp;oacute a las autoridades ser "segundo al mando" en la banda de secuestradores, y Cuauht&amp;eacute;moc P&amp;eacute;rez Arellano, la persona encargada de "cobrar secuestros y extorsi&amp;oacuten" .</content>
        </sentence>
        <sentence id="7">
          <content>Se convoca a las personas que hayan sido v&amp;iacute;ctimas de estos delincuentes los reconozcan y denuncien #JuntosLoVamosALograr-- Alfredo Castillo C .</content>
        </sentence>
        <sentence id="8">
          <content>(@Comisionadomich) March 7, 2014El funcionario federal, quien lidera la estrategia de seguridad en el estado, no aclar&amp;oacute si los detenidospertenecen al grupo delictivo deLos Caballeros Templarios, que opera en Michoac&amp;aacute;n .</content>
        </sentence>
        <sentence id="9">
          <content>Apenas el jueves, el secretario de Seguridad P&amp;uacute;blica estatal, Carlos Hugo Castellanos, hab&amp;iacute;a confirmado la detenci&amp;oacuten de dos hombres por un presunto secuestro, entre ellos Luis Aflredo Aguilera Esquivel, quien declar&amp;oacute ser hijo no reconocido del l&amp;iacute;der de los templarios, Servando G&amp;oacutemez Mart&amp;iacute;nez, la Tuta .</content>
        </sentence>
        <sentence id="10">
          <content>Desde hace un a&amp;ntilde;o, grupos de civiles en esa regi&amp;oacuten de Michoac&amp;aacute;n se levantaron en armas para combatir la presencia de criminales, entre ellos los templarios, a quienes acusan de cometer delitos como secuestro, extorsi&amp;oacuten, asesinato y violaci&amp;oacuten contra los pobladores de la zona .</content>
        </sentence>
      </sentences>
    </paragraph>
  </article>
</document>
