<?xml version="1.0" encoding="UTF-8"?>
<document id="873" link="http://mexico.cnn.com/nacional/2014/03/21/pan-y-prd-quieren-cambiar-la-forma-de-financiar-el-seguro-de-desempleo" category="Nacional" author="Mauricio Torres" highlights_mapped="false">
  <title>PAN y PRD quieren cambiar la forma de financiar el seguro de desempleo - Nacional - CNNMexico.com</title>
  <keywords>seguro de desempleo, desempleo, desempleados, fondo, fondeo, financiamiento, cuotas, trabajadores</keywords>
  <summaries>
    <highlights>
      <sentence id="1" ids_sentences_article="">Senadores del PAN y del PRD buscan modificar la forma de financiar el seguro de desempleo.</sentence>
      <sentence id="2" ids_sentences_article="">La ley aprobada por los diputados se&amp;ntilde;ala que se financiar&amp;aacute; de las cuotas de vivienda de los trabajadores.</sentence>
      <sentence id="3" ids_sentences_article="">Para el PAN y el PRD, deben buscarse opciones para no afectar los recursos del trabajador.</sentence>
    </highlights>
  </summaries>
  <article>
    <paragraph id="1">
      <sentences>
        <sentence id="1">
          <content>PAN y PRD quieren cambiar la forma de financiar el seguro de desempleo.</content>
        </sentence>
        <sentence id="2">
          <content>Senadores de oposici&amp;oacute;n buscan modificar la ley aprobada por los diputados, seg&amp;uacute;n la cual el seguro se financiar&amp;aacute; con cuotas del trabajador.</content>
        </sentence>
        <sentence id="3">
          <content>CIUDAD DE M&amp;Eacute;XICO (CNNM&amp;eacute;xico) -- Los principales partidos de oposici&amp;oacute;n en el Senado, Acci&amp;oacute;n Nacional (PAN) y de la Revoluci&amp;oacute;n Democr&amp;aacute;tica (PRD), buscan modificar las leyes sobre seguro de desempleo aprobadas por la C&amp;aacute;mara de Diputados, porque est&amp;aacute;n en desacuerdo con que el programa se financie con las cuotas de los trabajadores .</content>
        </sentence>
        <sentence id="4">
          <content>El dictamen avalado el martes en San L&amp;aacute;zaro, principalmente con los votos del gobernante Partido Revolucionario Institucional (PRI), establece que el seguro de desempleo se financie con parte de las cuotas para vivienda que los patrones, por ley, depositan a sus empleados .</content>
        </sentence>
        <sentence id="5">
          <content>Actualmente esas cuotas son del 5% del salario base, pero la reforma se&amp;ntilde;ala que ese porcentaje se divida en dos:2% para el ahorro de vivienda y 3% para el fondo individual de seguro de desempleo; esto,a decir del PAN y del PRD, afectar&amp;aacute; al trabajador y le dificultar&amp;aacute; ahorrar lo suficiente para comprar una casa .</content>
        </sentence>
        <sentence id="6">
          <content>"Del seguro de desempleo, no estamos de acuerdo en c&amp;oacute;mo se est&amp;aacute; planteando fondearlo, a partir de una subcuenta mixta de vivienda de los trabajadores .</content>
        </sentence>
        <sentence id="7">
          <content>(&amp;hellip;) Esto implica que les estaremos quitando dinero", dijo en entrevista este jueves el vicecoordinador de los senadores del PAN, Jos&amp;eacute; Mar&amp;iacute;a Mart&amp;iacute;nez .</content>
        </sentence>
        <sentence id="8">
          <content>El legislador, secretario de la Comisi&amp;oacute;n de Puntos Constitucionales, se&amp;ntilde;al&amp;oacute; que su bancada propondr&amp;aacute; modificar el esquema de financiamiento, de forma que la mayor parte salga de recursos p&amp;uacute;blicos y el resto de cuotas laborales .</content>
        </sentence>
        <sentence id="9">
          <content>La vicecoordinadora del PRD, Dolores Padierna, tambi&amp;eacute;n rechaz&amp;oacute; la reforma aprobada en la C&amp;aacute;mara de Diputados . "</content>
        </sentence>
        <sentence id="10">
          <content>(En) el seguro de desempleo se hab&amp;iacute;a acordado que no se tocar&amp;iacute;a el fondo de vivienda, que la vivienda es un derecho constitucional como lo es el seguro de desempleo en el momento que se eleve a rango constitucional .</content>
        </sentence>
        <sentence id="11">
          <content>Un derecho constitucional no puede ir en contra de otro derecho constitucional", dijo el mi&amp;eacute;rcoles en rueda de prensa .</content>
        </sentence>
        <sentence id="12">
          <content>La creaci&amp;oacute;n del seguro de desempleo y de la pensi&amp;oacute;n universal fue propuesta en 2013 por el presidente Enrique Pe&amp;ntilde;a Nieto .</content>
        </sentence>
        <sentence id="13">
          <content>La inclusi&amp;oacute;n de ambas figuras en la Constituci&amp;oacute;n fue aprobada en San L&amp;aacute;zaro a finales del a&amp;ntilde;o pasado, pero a&amp;uacute;n se encuentra bajo an&amp;aacute;lisis en el Senado .</content>
        </sentence>
        <sentence id="14">
          <content>A pesar de ello, los diputados ya avalaron la legislaci&amp;oacute;n secundaria correspondiente y la enviaron a los senadores, una situaci&amp;oacute;n poco com&amp;uacute;n en el Congreso porque las leyes reglamentarias suelen discutirse hasta que una reforma constitucional ha recibido el visto bueno de ambas c&amp;aacute;maras .</content>
        </sentence>
        <sentence id="15">
          <content>El senador Mart&amp;iacute;nez dijo que existe "coincidencia" entre el PAN y el PRD, lo que abrir&amp;iacute;a la posibilidad de que ambas bancadas se al&amp;iacute;en en el Senado para modificar el esquema de financiamiento .</content>
        </sentence>
        <sentence id="16">
          <content>En conjunto, los senadores del PAN y de los tres partidos de izquierda --PRD, Partido del Trabajo (PT) y Movimiento Ciudadano-- superan al bloque formado por el PRI y sus aliados tradicionales, los partidos Verde Ecologista de M&amp;eacute;xico (PVEM) y Nueva Alianza (Panal) .</content>
        </sentence>
        <sentence id="17">
          <content>Sin embargo, a diferencia del PAN, que plantea que los trabajadores financien una parte del seguro de desempleo, los perredistas quieren que se fondee enteramente de recursos p&amp;uacute;blicos .</content>
        </sentence>
        <sentence id="18">
          <content>"A nosotros nos interesa que el pago o las aportaciones para cubrir el seguro de desempleo las pueda cubrir en su totalidad el gobierno, esa ha sido nuestra posici&amp;oacute;n", dijo en entrevista el senador perredista Armado R&amp;iacute;os Piter, secretario de la Comisi&amp;oacute;n de Hacienda, aunque se pronunci&amp;oacute; a favor de que las bancadas analicen todas las opciones .</content>
        </sentence>
        <sentence id="19">
          <content>El senador priista Alejandro Tello, tambi&amp;eacute;n integrante de la Comisi&amp;oacute;n de Hacienda, consider&amp;oacute; que la oposici&amp;oacute;n del PAN y del PRD al seguro de desempleo se debe a que temen que resulte una medida exitosa y, por ende, que beneficie pol&amp;iacute;ticamente al gobierno de Pe&amp;ntilde;a Nieto .</content>
        </sentence>
        <sentence id="20">
          <content>"Ven una amenaza en un programa que a final de cuentas le va a funcionar al gobierno y a la gente", dijo .</content>
        </sentence>
        <sentence id="21">
          <content>En entrevista este jueves, el legislador priista consider&amp;oacute; que el tema puede salir adelante en lo que resta del actual periodo de sesiones, que termina el pr&amp;oacute;ximo 30 de abril, a pesar de que el Congreso tambi&amp;eacute;n debe discutir otros asuntos pendientes como las leyes secundarias de las reformas de telecomunicaciones, pol&amp;iacute;tica y energ&amp;eacute;tica .</content>
        </sentence>
        <sentence id="22">
          <content>"Se tiene que abordar, es un tema que a final de cuentas es de pesos y centavos y no podemos posponerlo", dijo .</content>
        </sentence>
        <sentence id="23">
          <content>Para R&amp;iacute;os Piter, por el contrario, un asunto de esta relevancia no debe ser debatido con "prisas" .</content>
        </sentence>
        <sentence id="24">
          <content>La reforma aprobada por los diputados plantea que un trabajador formal que quede desempleado pueda cobrar el seguro hasta por seis meses, de manera que no se quede sin un ingreso mientras est&amp;aacute; desocupado .</content>
        </sentence>
        <sentence id="25">
          <content>A la fecha, M&amp;eacute;xico es el &amp;uacute;nico de los 34 pa&amp;iacute;ses de la Organizaci&amp;oacute;n para la Cooperaci&amp;oacute;n y el Desarrollo Econ&amp;oacute;micos (OCDE) que no cuenta con un mecanismo de este tipo .</content>
        </sentence>
      </sentences>
    </paragraph>
  </article>
</document>
