<?xml version="1.0" encoding="UTF-8"?>
<document id="860" link="http://mexico.cnn.com/nacional/2014/03/13/el-grupo-de-autodefensas-de-hipolito-mora-sin-lider-y-ahora-sin-armas" category="Nacional" highlights_mapped="false">
  <title>El grupo de autodefensas de Hip&amp;oacutelito Mora, sin l&amp;iacute;der, y ahora sin armas - Nacional - CNNMexico.com</title>
  <keywords>autodefensas, michoacan, hipolito mora, caballeros templarios, el americano, la ruana, asesinato, mireles, tierra caliente</keywords>
  <summaries>
    <highlights>
      <sentence id="1" ids_sentences_article="">Hip&amp;oacutelito Mora fue detenido el 11 de marzo acusado de "coparticipaci&amp;oacuten" en dos asesinatos.</sentence>
      <sentence id="2" ids_sentences_article="">Este lunes, un grupo disidente del de Mora entr&amp;oacute a la localidad de La Ruana.</sentence>
      <sentence id="3" ids_sentences_article="">Otro de los fundadores, Mireles, dice que la situaci&amp;oacuten es "tensa".</sentence>
    </highlights>
  </summaries>
  <article>
    <paragraph id="1">
      <sentences>
        <sentence id="1">
          <content>El grupo de autodefensas de Hip&amp;oacutelito Mora, sin l&amp;iacute;der, y ahora sin armas.</content>
        </sentence>
        <sentence id="2">
          <content>Tras conversar con los civiles armados, el Ej&amp;eacute;rcito les retir&amp;oacute las armas a entre 50 y 70 personas, seg&amp;uacute;n dos l&amp;iacute;deres.</content>
        </sentence>
        <sentence id="3">
          <content>(CNNM&amp;eacute;xico) -- La detenci&amp;oacuten del fundador de las autodefensas de Michoac&amp;aacute;n, Hip&amp;oacutelito Mora, tuvo una nueva consecuencia para el movimiento este mi&amp;eacute;rcoles, cuando el Ej&amp;eacute;rcito les retir&amp;oacute las armas a entre 50 y 70 integrantes que lo apoyaban .</content>
        </sentence>
        <sentence id="4">
          <content>Esto ocurre m&amp;aacute;s de un mes despu&amp;eacute;s de que las autodefensas registraran sus armas para integrarse oficialmente a los cuerpos de defensa rurales y en medio de una divisi&amp;oacuten entre quienes respaldan a Mora y los que est&amp;aacute;n con Luis Antonio Torres, el Americano .</content>
        </sentence>
        <sentence id="5">
          <content>Mora fue detenido el 11 de marzo por la Procuradur&amp;iacute;a General de Justicia de Michoac&amp;aacute;n, acusado de "coparticipaci&amp;oacuten" en el asesinato de dos personas .</content>
        </sentence>
        <sentence id="6">
          <content>Las autoridades judiciales tienen hasta este jueves por la noche para definir si ser&amp;aacute; procesado por el caso o liberado .</content>
        </sentence>
        <sentence id="7">
          <content>El desarme de las autodefensas en el poblado de La Ruana, en el municipio de Buenavista --el primero en levantarse en contra del grupo criminal de Los Caballeros Templarios-- ocurri&amp;oacute sin resistencia, dijo Jes&amp;uacute;s Guti&amp;eacute;rrez, uno de los tres integrantes supuestamente nombrados como sucesores de Mora, de acuerdo con un reporte de la agencia AFP .</content>
        </sentence>
        <sentence id="8">
          <content>"Nos explicaron que revisar&amp;aacute;n las armas y nos har&amp;aacute;n pruebas de bal&amp;iacute;stica para saber si alguno de nosotros fuimos los que disparamos" contra Rafael S&amp;aacute;nchez Moreno y Jos&amp;eacute; Luis Torres Casta&amp;ntilde;eda por cuyos asesinatos est&amp;aacute; detenido Mora, dijo Guti&amp;eacute;rrez, seg&amp;uacute;n AFP .</content>
        </sentence>
        <sentence id="9">
          <content>"No opusimos resistencia porque dijimos que no nos &amp;iacute;bamos a enfrentar al gobierno, porque el pleito es con el grupo de el Americano", agreg&amp;oacute .</content>
        </sentence>
        <sentence id="10">
          <content>No est&amp;aacute; claro si las armas que les quitaron estabanregistradas .</content>
        </sentence>
        <sentence id="11">
          <content>CNNM&amp;eacute;xico contact&amp;oacute a la Secretar&amp;iacute;a de Gobernaci&amp;oacuten--que coordina la estrategia de seguridad en Michoac&amp;aacute;n--para solicitar informaci&amp;oacuten sobre el desarme, pero las autoridades no estuvieron disponibles .</content>
        </sentence>
        <sentence id="12">
          <content>Los partidarios de Hip&amp;oacutelito Mora hab&amp;iacute;an dicho que la Polic&amp;iacute;a Federal les hab&amp;iacute;a dado un ultim&amp;aacute;tum para que entregaran las armas, pero advirtieron que no acceder&amp;iacute;an hasta conocer el destino de su l&amp;iacute;der .</content>
        </sentence>
        <sentence id="13">
          <content>Tras algunas conversaciones con mandos militares y de la polic&amp;iacute;a, accedieron a entregar las armas, report&amp;oacute AFP .</content>
        </sentence>
        <sentence id="14">
          <content>"La situaci&amp;oacuten sigue tensa porque con el desarme el d&amp;iacute;a de ayer del grupo de nuestro amigo Hip&amp;oacutelito Mora las cosas se ponen m&amp;aacute;s dif&amp;iacute;ciles para todos los grupos de autodefensas", dijo otro el fundador de las autodefensas en Tepalcatepec, Jos&amp;eacute; Manuel Mireles, en una entrevista en el programa F&amp;oacutermula Detr&amp;aacute;s de la Noticia este jueves por la ma&amp;ntilde;ana .</content>
        </sentence>
        <sentence id="15">
          <content>"Tenemos que estar tomando precauciones por la situaci&amp;oacuten que est&amp;aacute; haciendo el gobierno federal en contra de las autodefensas", dijo .</content>
        </sentence>
        <sentence id="16">
          <content>Este lunes, un centenar de seguidores de el Americano, que opera en otros puntos de Buenavista, irrumpieron en La Ruana portando fusiles AK-47 y otras armas largas con la intenci&amp;oacuten de expulsar a Mora, de acuerdo con AFP .</content>
        </sentence>
        <sentence id="17">
          <content>El fundador de las autodefensas sali&amp;oacute ese mismo d&amp;iacute;a en un helic&amp;oacuteptero oficial con rumbo a la Ciudad de M&amp;eacute;xico, para una reuni&amp;oacuten con las autoridades federales .</content>
        </sentence>
        <sentence id="18">
          <content>Mireles dijo que si bien necesitan a Mora, tambi&amp;eacute;n requieren apoyo de el Americano porque su grupo ha sido "punto de lanza" para "los avances m&amp;aacute;s peligrosos" en contra de presuntos templarios en la regi&amp;oacuten .</content>
        </sentence>
        <sentence id="19">
          <content>Este mi&amp;eacute;rcoles, especialistas dijeron a CNNM&amp;eacute;xico que las confrontaciones entre los l&amp;iacute;deres de las autodefensas en Michoac&amp;aacute;n amenazan la estrategia de seguridad del gobierno federal en el estado, que incluye la colaboraci&amp;oacuten con estos grupos para ubicar a presuntos templarios .</content>
        </sentence>
      </sentences>
    </paragraph>
  </article>
</document>
