<?xml version="1.0" encoding="UTF-8"?>
<document id="843" link="http://mexico.cnn.com/nacional/2014/03/20/el-extitular-del-proyecto-metro-se-deslinda-de-las-fallas-en-la-linea-12" category="Nacional" highlights_mapped="false">
  <title>El extitular del Proyecto Metro se deslinda de las fallas en la L&amp;iacute;nea 12 - Nacional - CNNMexico.com</title>
  <keywords>nacional, proyecto metro, distrito federal, enrique horcasitas manjarrez, fallas, suspension de servicio, estaciones linea 12, sistema del transporte colectivo</keywords>
  <summaries>
    <highlights>
      <sentence id="1" ids_sentences_article="">El ex director del Proyecto Metro del Distrito Federal se deslind&amp;oacute; de las fallas que provocaron la suspensi&amp;oacute;n parcial de la L&amp;iacute;nea 12 del Metro.</sentence>
      <sentence id="2" ids_sentences_article="">La L&amp;iacute;nea 12 dej&amp;oacute; de dar servicio en 11 de sus 20 estaciones desde el 12 de marzo.</sentence>
      <sentence id="3" ids_sentences_article="">Marcelo Ebrard, ex jefe de gobierno del DF, dijo que la obra, que inaugur&amp;oacute; en octubre de 2012, fue auditada en varias ocasiones.</sentence>
      <sentence id="4" ids_sentences_article="">La empresa constructora de la L&amp;iacute;nea 12 asegur&amp;oacute; que la suspensi&amp;oacute;n del servicio se debi&amp;oacute; a falta de mantenimiento.</sentence>
    </highlights>
  </summaries>
  <article>
    <paragraph id="1">
      <sentences>
        <sentence id="1">
          <content>El extitular del Proyecto Metro se deslinda de las fallas en la L&amp;iacute;nea 12.</content>
        </sentence>
        <sentence id="2">
          <content>Enrique Horcasitas Manjarrez asegur&amp;oacute; que si bien hab&amp;iacute;a trabajos faltantes en la v&amp;iacute;a de comunicaci&amp;oacute;n, no imped&amp;iacute;an el servicio regular.</content>
        </sentence>
        <sentence id="3">
          <content>CIUDAD DE M&amp;Eacute;XICO (Notimex) -- El ex director del Proyecto Metro del Distrito Federal, Enrique Horcasitas Manjarrez, se deslind&amp;oacute; de las fallas que provocaron la suspensi&amp;oacute;n m&amp;aacute;s de la mitad de la L&amp;iacute;nea 12 del Metro el pasado martes y dijo que nada tuvo que ver en la licitaci&amp;oacute;n ni la asignaci&amp;oacute;n de ese proyecto .</content>
        </sentence>
        <sentence id="4">
          <content>La L&amp;iacute;nea 12 dej&amp;oacute; de dar servicio en 11 de sus 20 estaciones desde el 12 de marzo debido a que requiere mantenimiento por problemas en las v&amp;iacute;as .</content>
        </sentence>
        <sentence id="5">
          <content>El gobierno del Distrito Federal marc&amp;oacute; como plazo m&amp;iacute;nimo para su reapertura un periodo de seis meses .</content>
        </sentence>
        <sentence id="6">
          <content>El mi&amp;eacute;rcoles, el jefe de Gobierno del Distrito Federal, Miguel &amp;Aacute;ngel Mancera, inform&amp;oacute; sobre la destituci&amp;oacute;n del director del Proyecto Metro, Enrique Horcasitas para garantizar una investigaci&amp;oacute;n transparente sobre las fallas .</content>
        </sentence>
        <sentence id="7">
          <content>Al comparecer ante la Comisi&amp;oacute;n Especial de la Asamblea Legislativa del Distrito Federal que investiga las anomal&amp;iacute;as, Horcasitas reconoci&amp;oacute; que si bien se hizo constar que exist&amp;iacute;an "trabajos faltantes o mal ejecutados, ello no imped&amp;iacute;a el servicio regular y seguro de la l&amp;iacute;nea con pasajeros", por lo cual se autoriz&amp;oacute; su operaci&amp;oacute;n .</content>
        </sentence>
        <sentence id="8">
          <content>El ex funcionario capitalino manifest&amp;oacute; que existe una minuta donde consta que el Sistema de Transporte Colectivo Metro (SCT) entreg&amp;oacute; al Proyecto Metro- del cual era titular - la "L&amp;iacute;nea 12, a fin de ponerla en funcionamiento de manera inmediata", y que la instancia que &amp;eacute;l encabezaba carec&amp;iacute;a de facultades para realizar trabajos de supervisi&amp;oacute;n en l&amp;iacute;neas en operaci&amp;oacute;n .</content>
        </sentence>
        <sentence id="9">
          <content>Horcasitas aclar&amp;oacute; que comparec&amp;iacute;a en su car&amp;aacute;cter de ciudadano, pues desde el martes dej&amp;oacute; de ejercer funciones, y que acud&amp;iacute;a "con la frente en alto y la convicci&amp;oacute;n de haber cumplido mi deber con honestidad y al m&amp;aacute;ximo de mis capacidades" .</content>
        </sentence>
        <sentence id="10">
          <content>La comparecencia dur&amp;oacute; 20 minutos y no hubo cuestionamientos verbales de los legisladores, quienes entregaron m&amp;aacute;s de 30 preguntas por escrito .</content>
        </sentence>
        <sentence id="11">
          <content>Horcasitas precis&amp;oacute; que el 30 de octubre del 2012, el consorcio certificador de la L&amp;iacute;nea 12, conformado por varias empresas, dictamin&amp;oacute; que en materia de seguridad todos los sistemas de operaci&amp;oacute;n funcionaban correctamente y pod&amp;iacute;a ponerse en servicio con pasajeros .</content>
        </sentence>
        <sentence id="12">
          <content>Tras la suspensi&amp;oacute;n del servicio,el exjefe de Gobierno del Distrito Federal, Marcelo Ebrard, dijo que la obra, que inaugur&amp;oacute; en octubre de 2012, fue auditada en varias ocasiones y agreg&amp;oacute; que cuenta con un acervo de documentos sobre el proceso de construcci&amp;oacute;n de la l&amp;iacute;nea .</content>
        </sentence>
        <sentence id="13">
          <content>Por falta de mantenimiento, cierre de L&amp;iacute;nea 12 del Metro: ICAEl presidente del Consejo de Administraci&amp;oacute;n de la constructora ICA, Bernardo Quintana, asegur&amp;oacute; este jueves que el cierre parcial de la L&amp;iacute;nea 12 se debi&amp;oacute; a la falta de mantenimiento de las v&amp;iacute;as, generado por la incompatibilidad de los trenes .</content>
        </sentence>
        <sentence id="14">
          <content>Quintana expres&amp;oacute; que si bien la empresa ten&amp;iacute;a un contrato para brindar mantenimiento al sistema, no tuvo acceso durante cuatro meses de duraci&amp;oacute;n del mismo, ya que las autoridades del Metro no les permitieron el acceso o bien los dejaban entrar s&amp;oacute;lo por tiempos determinados .</content>
        </sentence>
        <sentence id="15">
          <content>"Los trenes de CAF son de menos carros, m&amp;aacute;s pesados, tiene ruedas de otra naturaleza, tienen distancia entre los ejes diferentes, que en situaciones cr&amp;iacute;ticas como las curvas, la relaci&amp;oacute;n din&amp;aacute;mica genera esfuerzos y desgaste", argument&amp;oacute; .</content>
        </sentence>
        <sentence id="16">
          <content>En su opini&amp;oacute;n, si se hubiera realizado el mantenimiento en su momento no habr&amp;iacute;a pasado nada y la decisi&amp;oacute;n del gobierno del Distrito Federal de suspender el servicio en un tramo se habr&amp;iacute;a evitado .</content>
        </sentence>
      </sentences>
    </paragraph>
  </article>
</document>
