<?xml version="1.0" encoding="UTF-8"?>
<document id="825" link="http://mexico.cnn.com/nacional/2014/03/12/el-ejercito-detiene-a-28-presuntos-miembros-de-autodefensa-en-michoacan" category="Nacional" highlights_mapped="false">
  <title>El ej&amp;eacute;rcito detiene a 28 presuntos miembros de autodefensa en Michoac&amp;aacute;n - Nacional - CNNMexico.com</title>
  <keywords>nacional, michoacan, autodefensa, alvaro obregon, ejercito, secretaria de seguridad publica de michoacan</keywords>
  <summaries>
    <highlights>
      <sentence id="1" ids_sentences_article="">Al menos 28 personas que presuntamente pertenecen a un grupo de autodefensas fueron detenidos este mi&amp;eacute;rcoles.</sentence>
      <sentence id="2" ids_sentences_article="">El ej&amp;eacute;rcito llev&amp;oacute a cabo un operativo en el municipio de &amp;Aacute;lvaro Obreg&amp;oacuten por una denuncia de robo de caballos.</sentence>
      <sentence id="3" ids_sentences_article="">Hip&amp;oacutelito Mora, l&amp;iacute;der de la autodefensa de La Ruana, fue detenido el martes por su presunta responsabilidad en dos asesinatos.</sentence>
    </highlights>
  </summaries>
  <article>
    <paragraph id="1">
      <sentences>
        <sentence id="1">
          <content>El ej&amp;eacute;rcito detiene a 28 presuntos miembros de autodefensa en Michoac&amp;aacute;n.</content>
        </sentence>
        <sentence id="2">
          <content>Durante un operativo por el robo de caballos, autoridades federales y estatales detuvieron a los hombres que portaban armas largas y cortas.</content>
        </sentence>
        <sentence id="3">
          <content>(CNNM&amp;eacute;xico) -- Al menos 28 personas, presuntos integrantes de las autodefensas en Michoac&amp;aacute;n, fueron detenidos este mi&amp;eacute;rcoles en el municipio de &amp;Aacute;lvaro Obreg&amp;oacuten .</content>
        </sentence>
        <sentence id="4">
          <content>Fue a partir de una denuncia por presunto robo de caballos en el Rancho Santa Fe, en &amp;Aacute;lvaro Obreg&amp;oacuten, se llev&amp;oacute a cabo la movilizaci&amp;oacuten de personal castrense, inform&amp;oacute enun comunicado, la Secretar&amp;iacute;a de Seguridad P&amp;uacute;blica (SSP) michoacana .</content>
        </sentence>
        <sentence id="5">
          <content>"Gracias a esta denuncia ciudadana se pudo actuar a tiempo y detener a 28 personas involucradas, las cuales estaban en posesi&amp;oacuten de 8 armas cortas, 7 armas largas y 28 caballos que transportaban a rumbo desconocido", refiri&amp;oacute la dependencia estatal .</content>
        </sentence>
        <sentence id="6">
          <content>La SSP Michoac&amp;aacute;n agreg&amp;oacute que las personas viajaban en 7 remolques y 3 camionetas rotuladas con la leyenda "Grupo de Autodefensas" .</content>
        </sentence>
        <sentence id="7">
          <content>Los veh&amp;iacute;culos fueron asegurados por el ej&amp;eacute;rcito mexicano .</content>
        </sentence>
        <sentence id="8">
          <content>A trav&amp;eacute;s de su cuenta oficial de Twitter, la dependencia de seguridad michoacana dio a conocer las acciones de este mi&amp;eacute;rcoles .</content>
        </sentence>
        <sentence id="9">
          <content>De manera coordinada, la SSP apoy&amp;oacute a la @SEDENAmx para la puesta a disposici&amp;oacuten que lleva a cabo el personal militar (6/7)-- SSP MICHOAC&amp;Aacute;N (@MICHOACANSSP) marzo 13, 2014El Ministerio P&amp;uacute;blico Federal llevar&amp;aacute; a cabo las investigacionespara deslindar las responsabilidades legales pertinentes de los detenidos .</content>
        </sentence>
        <sentence id="10">
          <content>Las autodefensas surgieron desde el a&amp;ntilde;o pasado para enfrentar a Los Caballeros Templarios, a quienes acusan por extorsiones y asesinatos .</content>
        </sentence>
        <sentence id="11">
          <content>Desde principios de 2014, la administraci&amp;oacuten del presidente Enrique Pe&amp;ntilde;a Nieto activ&amp;oacute un programa para el rescate de Michoac&amp;aacute;n, con el despliegue de militares y polic&amp;iacute;as federales, adem&amp;aacute;s de programas sociales, ante el aumento en la inseguridad .</content>
        </sentence>
        <sentence id="12">
          <content>Detienen a l&amp;iacute;der de autodefensaEl martes, el l&amp;iacute;der de la autodefensa de La Ruana, Michoac&amp;aacute;n, Hip&amp;oacutelito Mora Ch&amp;aacute;vez, fue detenido por su probable responsabilidad en grado de coparticipaci&amp;oacuten por el asesinato de Jos&amp;eacute; Luis Torres y Rafael S&amp;aacute;nchez, tambi&amp;eacute;n integrantes de las autodefensas, y cuyos cuerpos fueron encontrados calcinados este s&amp;aacute;bado .</content>
        </sentence>
        <sentence id="13">
          <content>La PGJ mencion&amp;oacute que su acci&amp;oacuten se deriv&amp;oacute de "diversos testimonios levantados en el municipio de Buenavista", a trav&amp;eacute;s de varias personas que hicieron los se&amp;ntilde;alamientos en contra de Mora .</content>
        </sentence>
        <sentence id="14">
          <content>Este mi&amp;eacute;rcoles, Eduardo Quintero, abogado de Hip&amp;oacutelito Mora, inform&amp;oacute que el jueves a las 20:00, se determinar&amp;aacute; si su cliente es consignado o puesto en libertad .</content>
        </sentence>
        <sentence id="15">
          <content>En entrevista con Milenio Televisi&amp;oacuten, Quintero dijo que el l&amp;iacute;der de la autodefensa de La Ruana "quiere manifestar al pueblo de M&amp;eacute;xico que conf&amp;iacute;en en su inocencia, &amp;eacute;l se ha comportado como una gente honesta y as&amp;iacute; lo seguir&amp;aacute; haciendo" .</content>
        </sentence>
        <sentence id="16">
          <content>El abogado mencion&amp;oacute que la principal raz&amp;oacuten para echar abajo la acusaci&amp;oacuten en contra de Mora, es que no se han detenido a los autores materiales de los asesinatos que se le acusa haber mandado ejecutar, "por ende, si no hay detenidos por los actos, tampoco se puede probar que &amp;eacute;l fue el autor intelectual" .</content>
        </sentence>
      </sentences>
    </paragraph>
  </article>
</document>
