<?xml version="1.0" encoding="UTF-8"?>
<document id="662" link="http://mexico.cnn.com/nacional/2014/03/10/poire-acepta-la-imprecision-de-declarar-muerto-a-el-chayo-en-2010" category="Nacional" highlights_mapped="false">
  <title>Exfuncionarios aplauden la muerte de 'el Chayo' y aceptan error de 2010 - Nacional - CNNMexico.com</title>
  <keywords>alejandro poire, secretario tecnico, chayo, nazario moreno, falsa muerte, michoacan, autodefensas</keywords>
  <summaries>
    <highlights>
      <sentence id="1" ids_sentences_article="">NUEVO: El expresidente Felipe Calder&amp;oacuten aplaudi&amp;oacute la muerte de Nazario Moreno, 'el Chayo'.</sentence>
      <sentence id="2" ids_sentences_article="">El 10 de diciembre de 2010, Alejandro Poir&amp;eacute; inform&amp;oacute en conferencia de prensa que fuerzas federales lo hab&amp;iacute;an "abatido".</sentence>
      <sentence id="3" ids_sentences_article="">Casi 40 meses m&amp;aacute;s tarde, el gobierno federal inform&amp;oacute sobre la muerte del presunto criminal y present&amp;oacute una foto de su cad&amp;aacute;ver.</sentence>
      <sentence id="4" ids_sentences_article="">El exvocero de seguridad acept&amp;oacute que el anuncio se hizo con informaci&amp;oacuten "imprecisa".</sentence>
      <sentence id="5" ids_sentences_article="">Nazario Moreno era un presunto l&amp;iacute;der de 'Los Caballeros Templarios".</sentence>
    </highlights>
  </summaries>
  <article>
    <paragraph id="1">
      <sentences>
        <sentence id="1">
          <content>Exfuncionarios aplauden la muerte de 'el Chayo' y aceptan error de 2010.</content>
        </sentence>
        <sentence id="2">
          <content>El exmandatario reconoci&amp;oacute al gobierno por abatir al l&amp;iacute;der criminal y el exvocero acept&amp;oacute que hubo fallas al declararlo muerto hace tres a&amp;ntilde;os.</content>
        </sentence>
        <sentence id="3">
          <content>CIUDAD DE M&amp;Eacute;XICO (CNNM&amp;eacute;xico) -- La muerte del l&amp;iacute;der criminal Nazario Moreno, el Chayo, levant&amp;oacute reacciones entre funcionarios del gobierno anterior, en el que err&amp;oacuteneamente se hab&amp;iacute;a declarado muerto al jefe de Los Caballeros Templarios .</content>
        </sentence>
        <sentence id="4">
          <content>El expresidente Felipe Calder&amp;oacuten (2006-2012), quien hizo del combate al narcotr&amp;aacute;fico una prioridad de su mandato, felicit&amp;oacute a las autoridades por el abatimiento de Moreno y difundi&amp;oacute un comunicado de su exvocero de seguridad, Alejandro Poir&amp;eacute;, en el que explica por qu&amp;eacute; en 2010 se report&amp;oacute a Moreno como abatido .</content>
        </sentence>
        <sentence id="5">
          <content>Felicito al @gobrep por el abatimiento de Nazario Moreno .</content>
        </sentence>
        <sentence id="6">
          <content>Les comparto el comunicado del Dr .</content>
        </sentence>
        <sentence id="7">
          <content>@AlejandroPoire: https://t .</content>
        </sentence>
        <sentence id="8">
          <content>co/lcCeum0D9y-- Felipe Calder&amp;oacuten (@FelipeCalderon) marzo 10, 2014Poir&amp;eacute; acept&amp;oacute el domingo que hace m&amp;aacute;s de tres a&amp;ntilde;os se cometi&amp;oacute un error al dar por muerto a Morenosin tener informaci&amp;oacuten "suficientemente precisa" que sustentara el reporte .</content>
        </sentence>
        <sentence id="9">
          <content>"La declaraci&amp;oacuten realizada fue estrictamente apegada a los elementos informativos al alcance de un servidor como secretario t&amp;eacute;cnico del Consejo de Seguridad Nacional .</content>
        </sentence>
        <sentence id="10">
          <content>( . . . ) La informaci&amp;oacuten disponible ahora hace ver que los elementos al alcance de la Secretar&amp;iacute;a T&amp;eacute;cnica en diciembre de 2010 no fueron lo suficientemente precisos", dijo Poir&amp;eacute; en un comunicado que difundi&amp;oacute a trav&amp;eacute;s de su cuenta de Twitter .</content>
        </sentence>
        <sentence id="11">
          <content>En diciembre de 2010, a Poir&amp;eacute; se le asign&amp;oacute la tarea de informar sobre la presunta muerte del l&amp;iacute;der del grupo criminal que en ese momento era conocido comoLa Familia Michoana, y que tras algunas detenciones y una fractura interna se transform&amp;oacute enLos Caballeros Templarios .</content>
        </sentence>
        <sentence id="12">
          <content>"Como se&amp;ntilde;alamos el d&amp;iacute;a de ayer, diversos elementos de informaci&amp;oacuten obtenidos durante el operativo coinciden en se&amp;ntilde;alar que el d&amp;iacute;a de ayer (9 de diciembre) cay&amp;oacute abatido Nazario Moreno Gonz&amp;aacute;lez, tambi&amp;eacute;n conocido comoel Chayooel Doctor, principal l&amp;iacute;der y uno de los fundadores de la organizaci&amp;oacuten criminal deLa Familia Michoacana", mencion&amp;oacute el 10 de diciembre en una conferencia de prensa el entonces vocero de seguridad y secretario t&amp;eacute;cnico del Consejo de Seguridad Nacional .</content>
        </sentence>
        <sentence id="13">
          <content>El funcionario del gobierno encabezado por el panista Calder&amp;oacuten asegur&amp;oacute en 2010 que, con la muerte de Moreno, el grupo criminal que encabezaba hab&amp;iacute;a perdido capacidad de operaci&amp;oacuten .</content>
        </sentence>
        <sentence id="14">
          <content>"Se ha visto debilitada de manera significativa en fechas recientes; as&amp;iacute; lo muestran sus falsos llamados a una tregua y as&amp;iacute; lo muestran tambi&amp;eacute;n las confesiones de sus integrantes", a&amp;ntilde;adi&amp;oacute Poir&amp;eacute;, quien 11 meses m&amp;aacute;s tarde ser&amp;iacute;a nombrado secretario de Gobernaci&amp;oacuten .</content>
        </sentence>
        <sentence id="15">
          <content>Tres semanas despu&amp;eacute;s de ese reporte, Luis C&amp;aacute;rdenas Palomino, que era titular de la divisi&amp;oacuten de Seguridad Regional de la Secretar&amp;iacute;a de Seguridad P&amp;uacute;blica Federal, dijo en una conferencia de prensa que, con la ca&amp;iacute;da de Moreno, La Familia Michoacana hab&amp;iacute;a quedado "completamente desarticulada" .</content>
        </sentence>
        <sentence id="16">
          <content>Este domingo,el titular del Secretariado Ejecutivo del Sistema Nacional de Seguridad P&amp;uacute;blica,Monte Alejandro Rubido, dijo que en diciembre de 2010 el gobierno de Calder&amp;oacuten hab&amp;iacute;a reportado el fallecimiento de Nazario Moreno, y que en ese entonces se mencion&amp;oacute que otros integrantes de su grupo delictivo se hab&amp;iacute;an llevado el cuerpo; sin embargo, agreg&amp;oacute que diversos reportes de la ciudadan&amp;iacute;a mencionaban queel Chayosegu&amp;iacute;a vivo .</content>
        </sentence>
        <sentence id="17">
          <content>Antes de que este domingo fuera oficialmente declarado muerto,el Chayoaparec&amp;iacute;a en los listados de la Procuradur&amp;iacute;a General de la Rep&amp;uacute;blica (PGR) como "presuntamente abatido en un enfrentamiento", misma categor&amp;iacute;a en la que se encuentra Heriberto Lazcano,el Lazca, identificado como l&amp;iacute;der y uno de los fundadores deLos Zetas .</content>
        </sentence>
        <sentence id="18">
          <content>Seg&amp;uacute;n la versi&amp;oacuten oficial, Lazcano falleci&amp;oacute el 7 de octubre de 2012 en Coahuila, pero las autoridades federales y estatales aseguraron que criminales hab&amp;iacute;an robado su cad&amp;aacute;ver de una funeraria .</content>
        </sentence>
        <sentence id="19">
          <content>Poir&amp;eacute; reconoci&amp;oacute este domingo el esfuerzo del gobierno del presidente Enrique Pe&amp;ntilde;a Nieto en materia de seguridad .</content>
        </sentence>
        <sentence id="20">
          <content>"Les deseo en todo momento el mayor de los &amp;eacute;xitos en la consolidaci&amp;oacuten de un ambiente de libertades y legalidad democr&amp;aacute;tica", se&amp;ntilde;al&amp;oacute el exfuncionario en su comunicado .</content>
        </sentence>
        <sentence id="21">
          <content>A continuaci&amp;oacuten te presentamos el video de la conferencia en la que, el 10 de diciembre de 2010, Poir&amp;eacute; anunci&amp;oacute que Morenohab&amp;iacute;a muerto .</content>
        </sentence>
      </sentences>
    </paragraph>
  </article>
</document>
