<?xml version="1.0" encoding="UTF-8"?>
<document id="352" link="http://mexico.cnn.com/nacional/2013/04/19/freedom-house-registra-36-ataques-al-periodismo-en-el-sexenio-en-mexico" category="Nacional" highlights_mapped="false">
  <title>Freedom House registra 36 ataques al periodismo desde el 1 de diciembre - Periodistas en peligro - Nacional - CNNMexico.com</title>
  <keywords>periodistas, ataques, medios de comunicacion, asesinato, secuestro, agresiones</keywords>
  <summaries>
    <highlights>
      <sentence id="1" ids_sentences_article="">En lo que va del sexenio se han registrado 36 ataques a periodistas y medios de comunicaci&amp;oacuten, seg&amp;uacute;n un registro de Freedom House.</sentence>
      <sentence id="2" ids_sentences_article="">Dos asesinatos, cuatro ataques a medios y una desaparici&amp;oacuten est&amp;aacute;n entre los casos desde diciembre.</sentence>
      <sentence id="3" ids_sentences_article="">La organizaci&amp;oacuten alerta de la "impunidad" que existe en los ataques a la prensa, que la CNDH ubica en el 71% de los casos.</sentence>
      <sentence id="4" ids_sentences_article="">El gobierno mexicano tiene una ley especial para protecci&amp;oacuten a periodistas promulgada en 2012.</sentence>
    </highlights>
  </summaries>
  <article>
    <paragraph id="1">
      <sentences>
        <sentence id="1">
          <content>Freedom House registra 36 ataques al periodismo desde el 1 de diciembre.</content>
        </sentence>
        <sentence id="2">
          <content>La organizaci&amp;oacuten present&amp;oacute un mapa en el que detalla casos de asesinatos, ataques y amenazas a periodistas y medios de comunicaci&amp;oacuten en M&amp;eacute;xico.</content>
        </sentence>
        <sentence id="3">
          <content>CIUDAD DE M&amp;Eacute;XICO (CNNM&amp;eacute;xico) -- La organizaci&amp;oacuten Freedom House se&amp;ntilde;al&amp;oacute que en lo que va del gobierno de Enrique Pe&amp;ntilde;a Nieto en M&amp;eacute;xico se han registrado 36 casos de agresi&amp;oacuten contra periodistas o medios de comunicaci&amp;oacuten, una situaci&amp;oacuten que ha elevado la preocupaci&amp;oacuten por la "impunidad" que ha habido en estos ataques .</content>
        </sentence>
        <sentence id="4">
          <content>Desde el 1 de diciembre, cuando se efectu&amp;oacute el cambio de gobierno, Freedom House y el Centro Internacional para Periodistas han elaborado un mapa en el que han registrado agresiones a reporteros, fot&amp;oacutegrafos y medios en el pa&amp;iacute;s .</content>
        </sentence>
        <sentence id="5">
          <content>Entre los 36 casos est&amp;aacute;n los asesinatos de dos periodistas en las &amp;uacute;ltimas semanas, mientras que otro reportero se encuentra desaparecido, seg&amp;uacute;n Freedom House .</content>
        </sentence>
        <sentence id="6">
          <content>El m&amp;aacute;s reciente caso es el asesinato del periodista Alonso de la Colina Sordo, quien hab&amp;iacute;a sido conductor de un noticiario de televisi&amp;oacuten en Acapulco y que fue asesinado cuando sal&amp;iacute;a de una sucursal bancaria de la ciudad de Puebla, el 15 de abril pasado .</content>
        </sentence>
        <sentence id="7">
          <content>El otro periodista asesinado en el sexenio es Jaime Guadalupe Dom&amp;iacute;nguez, muerto el 3 de marzo .</content>
        </sentence>
        <sentence id="8">
          <content>&amp;Eacute;l dirig&amp;iacute;a el portal Ojinaga Noticias, del estado de Chihuahua, donde tambi&amp;eacute;n fung&amp;iacute;a como reportero .</content>
        </sentence>
        <sentence id="9">
          <content>El medio digital decidi&amp;oacute cerrar su portal tras el asesinato .</content>
        </sentence>
        <sentence id="10">
          <content>En ese momento, la organizaci&amp;oacuten Art&amp;iacute;culo 19 indic&amp;oacute que el caso se suma al de otros 10 periodistas asesinados en esa entidad del norte de M&amp;eacute;xico entre 2000 y 2012 .</content>
        </sentence>
        <sentence id="11">
          <content>Ante los &amp;uacute;ltimos ataques a periodistas y blogueros, Freedom House se&amp;ntilde;al&amp;oacute que "demanda al gobierno mexicano la puesta en marcha de medidas precautorias para reducir la impunidad y evitar que haya m&amp;aacute;s v&amp;iacute;ctimas fatales" .</content>
        </sentence>
        <sentence id="12">
          <content>En los &amp;uacute;ltimos dos gobiernos mexicanos, la Comisi&amp;oacuten Nacional de los Derechos Humanos (CNDH) ha registrado que 82 periodistas han sido asesinados y otros 16 comunicadores est&amp;aacute;n desaparecidos .</content>
        </sentence>
        <sentence id="13">
          <content>De esos casos, el 71% ha quedado impune, seg&amp;uacute;n la CNDH, pese a que en 2012 el Congreso aprob&amp;oacute una ley de protecci&amp;oacuten para periodistas y defensores de derechos humanosque aplica la Procuradur&amp;iacute;a General de la Rep&amp;uacute;blica (PGR) .</content>
        </sentence>
        <sentence id="14">
          <content>Medios amenazadosOtro de los registros de Freedom House y el Centro Internacional para Periodistas es el de los ataques a medios de comunicaci&amp;oacuten, el &amp;uacute;ltimo ocurrido este mi&amp;eacute;rcoles al diario Mural de la ciudad de Guadalajara .</content>
        </sentence>
        <sentence id="15">
          <content>La Secretar&amp;iacute;a de Gobernaci&amp;oacuten (Segob) inform&amp;oacute que "condena y manifiesta su rechazo" por el ataque y se&amp;ntilde;al&amp;oacute que "estar&amp;aacute; atenta a la investigaci&amp;oacuten y sanci&amp;oacuten de estos hechos" .</content>
        </sentence>
        <sentence id="16">
          <content>El caso se suma a otros cuatro ocurridos durante este gobierno en febrero y marzo .</content>
        </sentence>
        <sentence id="17">
          <content>El 6 de marzo, dos medios de Ciudad Ju&amp;aacute;rez, El Diario y el Canal 44, tambi&amp;eacute;n en Chihuahua, fueron atacados con r&amp;aacute;fagas de disparos, ataques efectuados con unos 15 minutos de diferencia .</content>
        </sentence>
        <sentence id="18">
          <content>Adem&amp;aacute;s, el peri&amp;oacutedico El Siglo de Torre&amp;oacuten fue atacado de forma similar el 28 de febrero, causando la muerte de una persona y heridas a otras dos .</content>
        </sentence>
        <sentence id="19">
          <content>Un mes antes ya hab&amp;iacute;a registrado el secuestro de dos de sus empleados, cr&amp;iacute;menes atribuidos a los grupos delictivos de la regi&amp;oacuten de Coahuila, tambi&amp;eacute;n en el norte de M&amp;eacute;xico .</content>
        </sentence>
        <sentence id="20">
          <content>"Nos preocupa profundamente que los periodistas y blogueros mexicanos sigan siendo v&amp;iacute;ctimas de ataques por parte de autoridades p&amp;uacute;blicas y tambi&amp;eacute;n por parte de miembros de grupos criminales", dijo Mariclaire Acosta, directora de Freedom House M&amp;eacute;xico .</content>
        </sentence>
        <sentence id="21">
          <content>Las agresiones tambi&amp;eacute;n han llegado a los sitios web, como la p&amp;aacute;gina Valor por Tamaulipas, cuyos editores denunciaban a trav&amp;eacute;s de un perfil de Facebook las actividades y amenazas a la poblaci&amp;oacuten por las actividades del crimen organizado en Tamaulipas .</content>
        </sentence>
        <sentence id="22">
          <content>Apenas el pasado 2 de abril, los administradores decidieron cerrar las cuentas de Facebook y Twitter ante las constantes amenazas que hab&amp;iacute;a en su contra por divulgar las actividades de los criminales .</content>
        </sentence>
        <sentence id="23">
          <content>En 2011 fueron asesinadas algunas personas a las que los grupos delictivos en Tamaulipas culparon de informar a trav&amp;eacute;s de internet sobre sus actividades .</content>
        </sentence>
        <sentence id="24">
          <content>La amenaza en VeracruzDurante el sexenio anterior, de Felipe Calder&amp;oacuten, Veracruz registr&amp;oacute uno de los mayores &amp;iacute;ndices de agresiones y asesinatos de periodistas en el pa&amp;iacute;s .</content>
        </sentence>
        <sentence id="25">
          <content>Nueve periodistas han sido asesinados desde 2010, cuando lleg&amp;oacute al gobierno estatal Javier Duarte .</content>
        </sentence>
        <sentence id="26">
          <content>La investigaci&amp;oacuten que realiza el semanario Proceso sobre el asesinato de su reportera Regina Mart&amp;iacute;nez, ocurrido el 28 de abril de 2012, tambi&amp;eacute;n ha sido objeto de amenazas en la actualidad, seg&amp;uacute;n Freedom House .</content>
        </sentence>
        <sentence id="27">
          <content>"Funcionarios p&amp;uacute;blicos del estado de Veracruz planeaban presuntamente un atentado contra el reportero Jorge Carrasco, quien ha encabezado las investigaciones period&amp;iacute;sticas del asesinato de su colega", indic&amp;oacute la organizaci&amp;oacuten .</content>
        </sentence>
        <sentence id="28">
          <content>Veracruz es "uno de los estados con m&amp;aacute;s riesgo para los periodistas" por este y otros dos casos actuales, agreg&amp;oacute .</content>
        </sentence>
        <sentence id="29">
          <content>Pese a los cr&amp;iacute;menes contra reporteros y fot&amp;oacutegrafos, el 2 de abril el gobernador Duarte fue premiado por la Asociaci&amp;oacuten Mexicana de Editores de Peri&amp;oacutedicos por su supuesto apoyo a la libertad de expresi&amp;oacuten en el estado, un reconocimiento criticado por organizaciones de defensa de periodistas .</content>
        </sentence>
      </sentences>
    </paragraph>
  </article>
</document>
