<?xml version="1.0" encoding="UTF-8"?>
<document id="556" link="http://mexico.cnn.com/nacional/2014/03/14/los-partidos-prometen-no-contaminar-la-seleccion-de-aspirantes-al-ine" category="Nacional" author="Mauricio Torres" highlights_mapped="false">
  <title>Los partidos prometen no "contaminar" la selecci&amp;oacuten de aspirantes al INE - Nacional - CNNMexico.com</title>
  <keywords>ife, ine, consejeros, electorales, aspirantes, seleccion, proceso, comite, evaluacion, 307</keywords>
  <summaries>
    <highlights>
      <sentence id="1" ids_sentences_article="">Los partidos prometen no "contaminar" la selecci&amp;oacuten de aspirantes al INE.</sentence>
      <sentence id="2" ids_sentences_article="">Para ello, dicen que evitar&amp;aacute;n pronunciarse a favor de alg&amp;uacute;n aspirante mientras los eval&amp;uacute;a un comit&amp;eacute;.</sentence>
      <sentence id="3" ids_sentences_article="">Terminada la evaluaci&amp;oacuten, el comit&amp;eacute; dar&amp;aacute; a los diputados una lista con los 55 aspirantes m&amp;aacute;s aptos.</sentence>
    </highlights>
  </summaries>
  <article>
    <paragraph id="1">
      <sentences>
        <sentence id="1">
          <content>Los partidos prometen no "contaminar" la selecci&amp;oacuten de aspirantes al INE.</content>
        </sentence>
        <sentence id="2">
          <content>Los diputados dicen que evitar&amp;aacute;n pronunciarse a favor de alg&amp;uacute;n aspirante para no influir en las revisiones que haga el comit&amp;eacute; evaluador.</content>
        </sentence>
        <sentence id="3">
          <content>CIUDAD DE M&amp;Eacute;XICO (CNNM&amp;eacute;xico) -- Diputados de los principales partidos prometieron guardar silencio sobre qui&amp;eacute;nes son sus aspirantes preferidos para los 11 asientos en el Instituto Nacional Electoral (INE), con el fin de no "contaminar" el nuevo proceso de selecci&amp;oacuten .</content>
        </sentence>
        <sentence id="4">
          <content>Hasta 2013, la elecci&amp;oacuten de los consejeros electorales estaba totalmente a cargo de la C&amp;aacute;mara de Diputados, pero la reforma pol&amp;iacute;tico-electoral promulgada en febrero pasado modific&amp;oacute el m&amp;eacute;todo para hacerlo m&amp;aacute;s imparcial, seg&amp;uacute;n argumentaron los legisladores que impulsaron el cambio .</content>
        </sentence>
        <sentence id="5">
          <content>Ahora, el primer filtro para la selecci&amp;oacuten de aspirantes es un comit&amp;eacute; integrado por siete expertos, que debe revisar las 307 candidaturas y elaborar una lista con los 55 finalistas que considere m&amp;aacute;s aptos --cinco por cada asiento vacante-- .</content>
        </sentence>
        <sentence id="6">
          <content>A m&amp;aacute;s tardar el 1 de abril, el comit&amp;eacute; debe enviar ese listado a la Junta de Coordinaci&amp;oacuten Pol&amp;iacute;tica (Jucopo), para que entonces los diputados negocien a qui&amp;eacute;nes elegir .</content>
        </sentence>
        <sentence id="7">
          <content>Cuestionados al respecto, diputados de las principales bancadas dijeron que por el momento no hablar&amp;aacute;n de los aspirantes al INE, por "respeto" al trabajo del comit&amp;eacute; t&amp;eacute;cnico de evaluaci&amp;oacuten .</content>
        </sentence>
        <sentence id="8">
          <content>"Vamos a respetar al comit&amp;eacute; evaluador, que es el que tiene que presentar las quintetas", dijo Fernando Belaunzar&amp;aacute;n, diputado del Partido de la Revoluci&amp;oacuten Democr&amp;aacute;tica (PRD) y representante del Poder Legislativo ante el Instituto Federal Electoral (IFE), que este a&amp;ntilde;o ser&amp;aacute; reemplazado por el INE .</content>
        </sentence>
        <sentence id="9">
          <content>"Nosotros no queremos contaminar el proceso, queremos que salga bien", agreg&amp;oacute el legislador .</content>
        </sentence>
        <sentence id="10">
          <content>El diputado Fernando Rodr&amp;iacute;guez Doval, del Partido Acci&amp;oacuten Nacional (PAN), se&amp;ntilde;al&amp;oacute por separado que si bien no existe un acuerdo formal entre las principales bancadas, todas coinciden en que por el momento deben mantenerse al margen de la revisi&amp;oacuten que est&amp;aacute; haciendo el comit&amp;eacute; .</content>
        </sentence>
        <sentence id="11">
          <content>"Creo que existe en todos nosotros la intenci&amp;oacuten de que este proceso salga de la mejor manera .</content>
        </sentence>
        <sentence id="12">
          <content>Por eso, aunque no existe un pacto como tal en forma, s&amp;iacute; existe la noci&amp;oacuten, el sentido com&amp;uacute;n que nos obliga a respetar el trabajo que pueda hacer el comit&amp;eacute; t&amp;eacute;cnico y no presionar", dijo .</content>
        </sentence>
        <sentence id="13">
          <content>El panista es secretario de la Comisi&amp;oacuten de Puntos Constitucionales y es uno de los principales negociadores de su bancada en temas pol&amp;iacute;tico-electorales .</content>
        </sentence>
        <sentence id="14">
          <content>CNNM&amp;eacute;xico busc&amp;oacute a integrantes del comit&amp;eacute; t&amp;eacute;cnico de evaluaci&amp;oacuten para hablar del tema .</content>
        </sentence>
        <sentence id="15">
          <content>Sin embargo, el equipo de prensa de uno de ellos, Enrique C&amp;aacute;rdenas, director del Centro de Estudios Espinosa Yglesias (CEEY), inform&amp;oacute que los siete miembros del comit&amp;eacute; acordaron no emitir declaraciones con el fin de no afectar el proceso .</content>
        </sentence>
        <sentence id="16">
          <content>Los otros seis expertos que conforman el comit&amp;eacute; son los acad&amp;eacute;micos Soledad Loaeza, Tonatiuh Guill&amp;eacute;n L&amp;oacutepez y Jos&amp;eacute; Antonio Lozano D&amp;iacute;ez, el exdiputado Jorge Moreno Collado, el exsenador Alejandro Gonz&amp;aacute;lez Alcocer y Ricardo Becerra, excoordinador de asesores del secretario ejecutivo del IFE .</content>
        </sentence>
        <sentence id="17">
          <content>Entre las 307 candidaturas que deben revisar est&amp;aacute;n las de los actuales cuatro consejeros del IFE --Mar&amp;iacute;a Marv&amp;aacute;n, Marco Ba&amp;ntilde;os, Lorenzo C&amp;oacuterdova y Benito Nacif--, las de magistrados y exmagistrados electorales, y las de acad&amp;eacute;micos que ya han aspirado a un asiento como consejero electoral .</content>
        </sentence>
        <sentence id="18">
          <content>Para ser elegido como integrante del INE, un aspirante necesita los votos de dos terceras partes de la C&amp;aacute;mara de Diputados .</content>
        </sentence>
      </sentences>
    </paragraph>
  </article>
</document>
