<?xml version="1.0" encoding="UTF-8"?>
<document id="857" link="http://mexico.cnn.com/nacional/2014/03/21/guerrero-bloqueo-autopista-profesores" category="Nacional" highlights_mapped="false">
  <title>Maestros de Guerrero levantan bloqueo en la Autopista del Sol - Nacional - CNNMexico.com</title>
  <keywords>guerrero, bloqueo, autopista, del sol, profesores, maestros</keywords>
  <summaries>
    <highlights>
      <sentence id="1" ids_sentences_article="">NUEVO: Tras cuatro horas de protesta, docentes de Guerrero se retiraron de la Autopista del Sol.</sentence>
      <sentence id="2" ids_sentences_article="">Los profesores bloquearon la autopista a la altura de Chilpancingo, capital de Guerrero.</sentence>
      <sentence id="3" ids_sentences_article="">Los docentes protestaron contra la reforma educativa impulsada por el gobierno federal.</sentence>
    </highlights>
  </summaries>
  <article>
    <paragraph id="1">
      <sentences>
        <sentence id="1">
          <content>Maestros de Guerrero levantan bloqueo en la Autopista del Sol.</content>
        </sentence>
        <sentence id="2">
          <content>Profesores de la Ceteg protestaron durante cuatro horas contra la reforma educativa, en la principal v&amp;iacute;a entre el DF y el puerto de Acapulco.</content>
        </sentence>
        <sentence id="3">
          <content>(CNNM&amp;eacute;xico) -- Despu&amp;eacute;s de cuatro horas de protesta, profesores de Guerrero en contra de la reforma educativa levantaron el bloqueo que manten&amp;iacute;an en la Autopista del Sol y permitieron que la circulaci&amp;oacute;n se reanudara, inform&amp;oacute; este viernes la Secretar&amp;iacute;a de Seguridad P&amp;uacute;blica y Protecci&amp;oacute;n Civil estatal (SSPyPC) .</content>
        </sentence>
        <sentence id="4">
          <content>La autopista permaneci&amp;oacute; cerrada desde cerca de las 14:00 horas (local), cuando una marcha de los docentes lleg&amp;oacute; al lugar en demanda de di&amp;aacute;logo con el gobierno del estado, en el sur de M&amp;eacute;xico .</content>
        </sentence>
        <sentence id="5">
          <content>Tras una reuni&amp;oacute;n con autoridades, decidieron levantar el bloqueo aunque advirtieron que seguir&amp;aacute;n exigiendo que no se aplique la reforma educativa, que consideran perjudicial para sus derechos laborales .</content>
        </sentence>
        <sentence id="6">
          <content>Chilpancingo se retiran personas que manten&amp;iacute;an bloqueada la Autopista por lo que ya hay paso libre a veh&amp;iacute;culos .</content>
        </sentence>
        <sentence id="7">
          <content>Ocotito continua el bloqueo-- Seguridad Guerrero (@SSPYPC) marzo 22, 2014La protesta de la Coordinadora Estatal de los Trabajadores de la Educaci&amp;oacute;n de Guerrero (Ceteg) se situ&amp;oacute; en la colonia Obrera de Chilpancingo, capital guerrerense, y obstruy&amp;oacute; los cuatro carriles de la principal v&amp;iacute;a entre el Distrito Federal y el puerto de Acapulco, uno de los centros tur&amp;iacute;sticos m&amp;aacute;s importantes de M&amp;eacute;xico, seg&amp;uacute;n la SSPyPC .</content>
        </sentence>
        <sentence id="8">
          <content>La manifestaci&amp;oacute;n comenz&amp;oacute; alrededor del mediod&amp;iacute;a de este viernes, cuando la Ceteg inici&amp;oacute; una marcha y exigi&amp;oacute; nuevamente al gobierno de Guerrero que no se aplique la reforma educativa impulsada por el gobierno federal, porque considera que afecta los derechos de sus agremiados al obligarlos a someterse a evaluaciones peri&amp;oacute;dicas .</content>
        </sentence>
        <sentence id="9">
          <content>El &amp;aacute;rea de prensa de la SSPyPC no precis&amp;oacute; el n&amp;uacute;mero de manifestantes que participaron en la protesta .</content>
        </sentence>
        <sentence id="10">
          <content>La dependencia estatal hab&amp;iacute;a indicado que si los inconformes no se retiraban de la v&amp;iacute;a, corresponder&amp;iacute;a a la Polic&amp;iacute;a Federal quitarlos de ah&amp;iacute; .</content>
        </sentence>
        <sentence id="11">
          <content>Consultada al respecto, el &amp;aacute;rea de prensa de la corporaci&amp;oacute;n inform&amp;oacute; que se manten&amp;iacute;a "a la expectativa" de la manifestaci&amp;oacute;n para actuar en caso de que fuera necesario .</content>
        </sentence>
        <sentence id="12">
          <content>Sin embargo, agreg&amp;oacute; que seg&amp;uacute;n los reportes que ten&amp;iacute;a, la autopista no estaba bloqueada en su totalidad, sino que los manifestantes permit&amp;iacute;an que los veh&amp;iacute;culos circularan por carriles laterales .</content>
        </sentence>
        <sentence id="13">
          <content>El gobernador de Guerrero, &amp;Aacute;ngel Aguirre, dijo antes en su cuenta de Twitter que este viernes se reuni&amp;oacute; con una comisi&amp;oacute;n de la Ceteg para escuchar sus demandas y pedirles que liberaran la v&amp;iacute;a .</content>
        </sentence>
        <sentence id="14">
          <content>Reitero que la mejor forma de buscar una soluci&amp;oacute;n a sus demandas es el di&amp;aacute;logo, y no bloquear v&amp;iacute;as que afectan a los guerrerenses .</content>
        </sentence>
        <sentence id="15">
          <content>-- &amp;Aacute;ngel Aguirre Rivero (@AngelAguirreGro) marzo 21, 2014Las protestas magisteriales han sido una constante en estados como Guerrero o Oaxaca, con fuerte presencia de organizaciones disidentes del Sindicato Nacional de Trabajadores de la Educaci&amp;oacute;n (SNTE), las cuales se oponen a la reforma educativa promulgada en febrero de 2013 .</content>
        </sentence>
      </sentences>
    </paragraph>
  </article>
</document>
