<?xml version="1.0" encoding="UTF-8"?>
<document id="659" link="http://mexico.cnn.com/nacional/2014/03/14/conocer-las-fallas-en-la-linea-12-del-metro-tomara-de-7-a-10-dias" category="Nacional" highlights_mapped="false">
  <title>Conocer las fallas en la L&amp;iacute;nea 12 del Metro tomar&amp;aacute; de 7 a 10 d&amp;iacute;as - Nacional - CNNMexico.com</title>
  <keywords>metro, joel ortega, diagnostico, stc, estaciones, marcelo ebrard, ica, carso, tlahuac,</keywords>
  <summaries>
    <highlights>
      <sentence id="1" ids_sentences_article="">El GDF inici&amp;oacute un diagn&amp;oacutestico de los problemas en la L&amp;iacute;nea 12 del Metro.</sentence>
      <sentence id="2" ids_sentences_article="">Los resultados del estudio tardar&amp;aacute;n de siete a 10 d&amp;iacute;as m&amp;aacute;s, dijo el director del STC.</sentence>
      <sentence id="3" ids_sentences_article="">As&amp;iacute; se conocer&amp;aacute;n los "aspectos espec&amp;iacute;ficos" por corregir y el tiempo que la L&amp;iacute;nea 12 estar&amp;aacute; cerrada.</sentence>
    </highlights>
  </summaries>
  <article>
    <paragraph id="1">
      <sentences>
        <sentence id="1">
          <content>Conocer las fallas en la L&amp;iacute;nea 12 del Metro tomar&amp;aacute; de 7 a 10 d&amp;iacute;as.</content>
        </sentence>
        <sentence id="2">
          <content>El gobierno del DF inici&amp;oacute un diagn&amp;oacutestico de los problemas para ubicar los "aspectos espec&amp;iacute;ficos" que deben ser corregidos.</content>
        </sentence>
        <sentence id="3">
          <content>CIUDAD DE M&amp;Eacute;XICO (CNNM&amp;eacute;xico) -- Conocer la magnitud de las fallas en la L&amp;iacute;nea 12 del Metro del Distrito Federal, considerado el mayor proyecto de infraestructura del anterior gobierno local, tomar&amp;aacute; de siete a 10 d&amp;iacute;as m&amp;aacute;s, reconoci&amp;oacute este viernes el director de la instituci&amp;oacuten, Joel Ortega .</content>
        </sentence>
        <sentence id="4">
          <content>En ese periodo, las autoridades de la capital mexicana realizar&amp;aacute;n un diagn&amp;oacutestico de los problemas en la llamada L&amp;iacute;nea dorada, con el fin de conocer los "aspectos espec&amp;iacute;ficos" que deben corregirse, dijo el funcionario en entrevista con la cadena Radio F&amp;oacutermula .</content>
        </sentence>
        <sentence id="5">
          <content>"Lo primero es tener un diagn&amp;oacutestico muy claro y unificado de c&amp;oacutemo recuperar la operaci&amp;oacuten", se&amp;ntilde;al&amp;oacute .</content>
        </sentence>
        <sentence id="6">
          <content>"Sabemos los aspectos generales .</content>
        </sentence>
        <sentence id="7">
          <content>Queremos los aspectos espec&amp;iacute;ficos para la correcci&amp;oacuten mayor" .</content>
        </sentence>
        <sentence id="8">
          <content>Las autoridades capitalinas informaron el martes que el servicio en 11 de las 20 estaciones de la L&amp;iacute;nea 12 quedar&amp;iacute;a suspendido durante al menos seis meses, debido a fallas en la infraestructura que ponen en riesgo a los usuarios .</content>
        </sentence>
        <sentence id="9">
          <content>Entre otros problemas, hasta ahora se ha detectado desgaste en las v&amp;iacute;as y en las ruedas de los trenes .</content>
        </sentence>
        <sentence id="10">
          <content>Una vez que se tenga el diagn&amp;oacutestico, las autoridades podr&amp;iacute;an modificar el tiempo que el servicio estar&amp;aacute; suspendido .</content>
        </sentence>
        <sentence id="11">
          <content>La L&amp;iacute;nea 12 cruza la ciudad de Mixcoac, en el poniente, a Tl&amp;aacute;huac, en el oriente, y hasta antes de la suspensi&amp;oacuten transportaba a un promedio de 300,000 pasajeros al d&amp;iacute;a, seg&amp;uacute;n cifras del Sistema de Transporte Colectivo (STC) .</content>
        </sentence>
        <sentence id="12">
          <content>"Hemos establecido un plazo de seis meses, pero esto lo voy a contestar con mejor claridad una vez que conozca c&amp;oacutemo se va a intervenir la l&amp;iacute;nea", dijo Ortega .</content>
        </sentence>
        <sentence id="13">
          <content>El diagn&amp;oacutestico de las fallas en la L&amp;iacute;nea 12 fue encargado por el gobierno capitalino a las empresas europeas TCO y ETF, seg&amp;uacute;n un reporte de la agencia Notimex .</content>
        </sentence>
        <sentence id="14">
          <content>La situaci&amp;oacuten ha generado molestia entre los usuarios --que consideran insuficientes los autobuses que se destinaron para cubrir el tramo inhabilitado--, as&amp;iacute; como un cruce de se&amp;ntilde;alamientos entre funcionarios, exfuncionarios y pol&amp;iacute;ticos de diferentes partidos .</content>
        </sentence>
        <sentence id="15">
          <content>El exjefe de gobierno Marcelo Ebrard, del Partido de la Revoluci&amp;oacuten Democr&amp;aacute;tica (PRD), niega tener responsabilidad en las fallas, afirma que la L&amp;iacute;nea fue avalada por certificaciones internacionales y esta semana dijo estar dispuesto a colaborar en las investigaciones sobre presuntas irregularidades en la construcci&amp;oacuten .</content>
        </sentence>
        <sentence id="16">
          <content>Ebrard gobern&amp;oacute la capital de 2006 a 2012, en 2011 aspir&amp;oacute a la candidatura presidencial del PRD y ha dicho que planea volver a competir por la presidencia en 2018 .</content>
        </sentence>
        <sentence id="17">
          <content>Para el Partido Acci&amp;oacuten Nacional (PAN), sin embargo, debe indagarse si el problema deriv&amp;oacute de un caso de corrupci&amp;oacuten en la obra, inaugurada el 30 de octubre de 2012 .</content>
        </sentence>
        <sentence id="18">
          <content>Un grupo de diputados de Partido Acci&amp;oacuten Nacional en la Asamblea Legislativa del Distrito Federal realiz&amp;oacute este viernes un recorrido por la l&amp;iacute;nea 12 y pidi&amp;oacute a las autoridades que el acceso sea gratuito o disminuir la tarifa en ese tramo .</content>
        </sentence>
        <sentence id="19">
          <content>"No es posible que solamente la mitad est&amp;eacute; abierta y se le est&amp;eacute; cobrando cinco pesos por la mitad del servicio .</content>
        </sentence>
        <sentence id="20">
          <content>Consideramos que debe ser gratuito todo el recorrido, o al menos quitar los dos pesos extras del reciente incremento al boleto del metro", dijo el diputado H&amp;eacute;ctor Sa&amp;uacute;l T&amp;eacute;llez en uncomunicado de prensa .</content>
        </sentence>
        <sentence id="21">
          <content>Este jueves, las senadoras Mariana G&amp;oacutemez del Campo y Pilar Ortega exigieron que la Procuradur&amp;iacute;a General de la Rep&amp;uacute;blica (PGR) investigue la situaci&amp;oacuten .</content>
        </sentence>
        <sentence id="22">
          <content>En tanto, el consorcio que construy&amp;oacute la L&amp;iacute;nea 12 --integrado por las empresas ICA, Carso y Alstom-- afirma que la obra fue edificada correctamente .</content>
        </sentence>
        <sentence id="23">
          <content>La Asamblea Legislativa del Distrito Federal (ALDF) acord&amp;oacute el jueves crear una comisi&amp;oacuten especial que investigue el caso y analiza citar a comparecer a diversos funcionarios para que aclaren la situaci&amp;oacuten .</content>
        </sentence>
      </sentences>
    </paragraph>
  </article>
</document>
