<?xml version="1.0" encoding="UTF-8"?>
<document id="863" link="http://mexico.cnn.com/nacional/2013/12/21/la-reforma-energetica-entra-en-vigor-este-domingo-tras-su-publicacion" category="Nacional" highlights_mapped="false">
  <title>La reforma energ&amp;eacute;tica entra en vigor este s&amp;aacute;bado tras su publicaci&amp;oacuten - Nacional - CNNMexico.com</title>
  <keywords>reforma, energetica, pemex, petroleo, sector, energetico, electrico, diario, oficial, domingo, publicada, pe&amp;ntilde;a nieto, contenido</keywords>
  <summaries>
    <highlights>
      <sentence id="1" ids_sentences_article="">La reforma energ&amp;eacute;tica se public&amp;oacute este s&amp;aacute;bado en el Diario Oficial de la Federaci&amp;oacuten.</sentence>
      <sentence id="2" ids_sentences_article="">Las moficiaciones a los art&amp;iacute;culos 25, 27 y 28 de la Constituci&amp;oacuten entrar&amp;aacute;n en vigor a partir de este s&amp;aacute;bado.</sentence>
    </highlights>
  </summaries>
  <article>
    <paragraph id="1">
      <sentences>
        <sentence id="1">
          <content>La reforma energ&amp;eacute;tica entra en vigor este s&amp;aacute;bado tras su publicaci&amp;oacuten.</content>
        </sentence>
        <sentence id="2">
          <content>El decreto que autoriza la inversi&amp;oacuten privada al sector energ&amp;eacute;tico ser&amp;aacute; aplicada tras aparecer en el Diario Oficial de la Federaci&amp;oacuten.</content>
        </sentence>
        <sentence id="3">
          <content>(Notimex) -- La reforma energ&amp;eacute;tica del presidente Enrique Pe&amp;ntilde;a Nieto entra en vigor este s&amp;aacute;bado, un d&amp;iacute;a despu&amp;eacute;s de su publicaci&amp;oacuten en el Diario Oficial de la Federaci&amp;oacuten por la Secretar&amp;iacute;a de Gobernaci&amp;oacuten (Segob) .</content>
        </sentence>
        <sentence id="4">
          <content>La reforma implica la reforma de los p&amp;aacute;rrafos cuarto, sexto y octavo del Art&amp;iacute;culo 25, el sexto del Art&amp;iacute;culo 27, as&amp;iacute; como cuarto y sexto del 28 de la Constituci&amp;oacuten Pol&amp;iacute;tica de los Estados Unidos Mexicanos .</content>
        </sentence>
        <sentence id="5">
          <content>El decreto indica que en los pr&amp;oacuteximos 120 d&amp;iacute;as el Congreso de la Uni&amp;oacuten deber&amp;aacute; realizar las adecuaciones que resulten necesarias al marco jur&amp;iacute;dico, a fin de hacer efectivas las disposiciones del decreto, entre ellas las de regular las modalidades de contrataci&amp;oacuten y de contraprestaciones .</content>
        </sentence>
        <sentence id="6">
          <content>Leyes secundarias, el siguiente reto del CongresoLas modalidades de contrataci&amp;oacuten deber&amp;aacute;n ser, entre otras: de servicios, de utilidad o producci&amp;oacuten compartida, o de licencia, para llevar a cabo, por cuenta de la naci&amp;oacuten, las actividades de exploraci&amp;oacuten y extracci&amp;oacuten del petr&amp;oacuteleo y de los hidrocarburos s&amp;oacutelidos, l&amp;iacute;quidos o gaseosos, incluyendo las que puedan realizar empresas productivas del Estado con particulares .</content>
        </sentence>
        <sentence id="7">
          <content>Para promover la participaci&amp;oacuten de cadenas productivas nacionales y locales, la ley establecer&amp;aacute; en esos 120 d&amp;iacute;as las bases y los porcentajes m&amp;iacute;nimos del contenido nacional en la proveedur&amp;iacute;a para la ejecuci&amp;oacuten de las asignaciones y contratos a que se refiere el presente decreto .</content>
        </sentence>
        <sentence id="8">
          <content>Por su car&amp;aacute;cter estrat&amp;eacute;gico, la exploraci&amp;oacuten y la extracci&amp;oacuten del petr&amp;oacuteleo y dem&amp;aacute;s hidrocarburos, adem&amp;aacute;s del servicio p&amp;uacute;blico de transmisi&amp;oacuten y distribuci&amp;oacuten de energ&amp;iacute;a el&amp;eacute;ctrica se consideran de inter&amp;eacute;s social y orden p&amp;uacute;blico, por lo que tendr&amp;aacute;n preferencia sobre cualquier otra que implique el aprovechamiento de la superficie y del subsuelo .</content>
        </sentence>
        <sentence id="9">
          <content>Los t&amp;iacute;tulos de concesiones mineras que se encuentren vigentes a la entrada en vigor de este decreto y aquellos que se otorguen con posterioridad, no conferir&amp;aacute;n derechos para la exploraci&amp;oacuten y extracci&amp;oacuten del petr&amp;oacuteleo y los dem&amp;aacute;s hidrocarburos s&amp;oacutelidos, l&amp;iacute;quidos o gaseosos, y los concesionarios deber&amp;aacute;n permitir la realizaci&amp;oacuten de estas actividades .</content>
        </sentence>
        <sentence id="10">
          <content>Menciona que el Fondo Mexicano del Petr&amp;oacuteleo para la Estabilizaci&amp;oacuten y el Desarrollo ser&amp;aacute; un fideicomiso p&amp;uacute;blico que se constituir&amp;aacute; en 2014 y comenzar&amp;aacute; operaciones en 2015, en el que el Banco de M&amp;eacute;xico fungir&amp;aacute; como fiduciario .</content>
        </sentence>
        <sentence id="11">
          <content>Este fondo ser&amp;aacute; el encargado de recibir todos los ingresos, con excepci&amp;oacuten de los impuestos, que correspondan al Estado mexicano derivados de las asignaciones y contratos a que se refiere el p&amp;aacute;rrafo s&amp;eacute;ptimo del Art&amp;iacute;culo 27 de esta Constituci&amp;oacuten .</content>
        </sentence>
        <sentence id="12">
          <content>El Poder Ejecutivo federal emitir&amp;aacute;, a m&amp;aacute;s tardar dentro de los 12 meses siguientes a la entrada en vigor de la Ley Reglamentaria del Art&amp;iacute;culo 27 constitucional en el ramo del petr&amp;oacuteleo, el decreto de creaci&amp;oacuten del organismo p&amp;uacute;blico descentralizado denominado Centro Nacional de Control del Gas Natural .</content>
        </sentence>
        <sentence id="13">
          <content>Leyes secundarias, en breve: Pe&amp;ntilde;a Nieto Tambi&amp;eacute;n a m&amp;aacute;s tardar dentro de los 12 meses siguientes a la entrada en vigor de la ley reglamentaria de la industria el&amp;eacute;ctrica, emitir&amp;aacute; el decreto por el que se crea el Centro Nacional de Control de Energ&amp;iacute;a como organismo p&amp;uacute;blico descentralizado, encargado del control operativo del sistema el&amp;eacute;ctrico nacional, entre otras funciones .</content>
        </sentence>
        <sentence id="14">
          <content>El Congreso de la Uni&amp;oacuten tiene hasta un a&amp;ntilde;o para adecuar el marco jur&amp;iacute;dico, a fin de establecer las bases en las que el Estado procurar&amp;aacute; la protecci&amp;oacuten y cuidado del medio ambiente, as&amp;iacute; como 120 d&amp;iacute;as para crear la Agencia Nacional de Seguridad Industrial y de Protecci&amp;oacuten al Medio Ambiente del Sector Hidrocarburos .</content>
        </sentence>
        <sentence id="15">
          <content>Mientras que el Ejecutivo federal tiene el mismo plazo para incluir en el Programa Nacional para el Aprovechamiento Sustentable de la Energ&amp;iacute;a, una estrategia de transici&amp;oacuten para promover el uso de tecnolog&amp;iacute;as y combustibles m&amp;aacute;s limpios .</content>
        </sentence>
        <sentence id="16">
          <content>El presidente Enrique Pe&amp;ntilde;a Nieto promulg&amp;oacute este viernes la reforma energ&amp;eacute;tica a 130 d&amp;iacute;as de que dio a conocer su iniciativa y la envi&amp;oacute al Congreso .</content>
        </sentence>
        <sentence id="17">
          <content>Es la reforma m&amp;aacute;s pol&amp;eacute;mica en materia energ&amp;eacute;tica pues cambia la pol&amp;iacute;tica del manejo de los recursos de los &amp;uacute;ltimos 75 a&amp;ntilde;os .</content>
        </sentence>
        <sentence id="18">
          <content>Su discusi&amp;oacuten gener&amp;oacute divisi&amp;oacuten entre los legisladores .</content>
        </sentence>
        <sentence id="19">
          <content>En el Senado, fue aprobada en un debate de menos de cuatro d&amp;iacute;as, con el rechazo de la izquierda, y enviada a la C&amp;aacute;mara de Diputados, donde fue aprobada un d&amp;iacute;a despu&amp;eacute;s .</content>
        </sentence>
        <sentence id="20">
          <content>Seis d&amp;iacute;as despu&amp;eacute;s, el 18 de diciembre, el diputado Ricardo Anaya, presidente de la C&amp;aacute;mara baja, emiti&amp;oacute la declaratoria de constitucionalidad, luego de que 24 congresos locales, m&amp;aacute;s del m&amp;iacute;nimo requerido (16) dieron su aval .</content>
        </sentence>
      </sentences>
    </paragraph>
  </article>
</document>
