<?xml version="1.0" encoding="UTF-8"?>
<document id="469" link="http://mexico.cnn.com/nacional/2014/03/18/mondragon-deja-la-comision-nacional-de-seguridad-sin-consolidarla" category="Nacional" highlights_mapped="false">
  <title>Mondrag&amp;oacuten deja la Comisi&amp;oacuten Nacional de Seguridad sin consolidarla - Nacional - CNNMexico.com</title>
  <keywords>manuel mondragon y kalb, comisi&amp;oacute;n nacional de seguridad, activistas, ciudadanos, maria elena morera, francisco rivas, dolores padierna</keywords>
  <summaries>
    <highlights>
      <sentence id="1" ids_sentences_article="">Integrantes de organizaciones ciudadanas mencionaron logros y retrocesos durante la labor de Manuel Mondrag&amp;oacuten como comisionado nacional de seguridad.</sentence>
      <sentence id="2" ids_sentences_article="">El funcionario solicit&amp;oacute retirarse de las funciones operativas para enfocarse en tareas de dise&amp;ntilde;o estrat&amp;eacute;gico.</sentence>
      <sentence id="3" ids_sentences_article="">"Ya es momento de que otra persona entre a la Comisi&amp;oacuten, y la reorganice", opin&amp;oacute Mar&amp;iacute;a Elena Morera.</sentence>
    </highlights>
  </summaries>
  <article>
    <paragraph id="1">
      <sentences>
        <sentence id="1">
          <content>Mondrag&amp;oacuten deja la Comisi&amp;oacuten Nacional de Seguridad sin consolidarla.</content>
        </sentence>
        <sentence id="2">
          <content>Integrantes de grupos ciudadanos destacaron avances en temas como la lucha anticorrupci&amp;oacuten, pero carencias en asuntos medulares.</content>
        </sentence>
        <sentence id="3">
          <content>CIUDAD DE M&amp;Eacute;XICO (CNNM&amp;eacute;xico) -- Manuel Mondrag&amp;oacuten y Kalb tuvo una gesti&amp;oacuten con avances y retrocesos al frente de la Comisi&amp;oacuten Nacional de Seguridad (CNS), pero no logr&amp;oacute consolidarla, dijeron a CNNM&amp;eacute;xico integrantes de organizaciones ciudadanas sobre el desempe&amp;ntilde;o del ahora exfuncionario, cuyo relevo ser&amp;aacute; anunciado este martes .</content>
        </sentence>
        <sentence id="4">
          <content>"Me parece que ya es momento de que otra persona entre a la Comisi&amp;oacuten, y la reorganice&amp;hellip; la Polic&amp;iacute;a Federal est&amp;aacute; desmantelada en muchos aspectos, por ejemplo han quitado a mucha gente que ten&amp;iacute;a experiencia", coment&amp;oacute en entrevista la activista Mar&amp;iacute;a Elena Morera, de la organizaci&amp;oacuten Ciudadanos por una Causa Com&amp;uacute;n .</content>
        </sentence>
        <sentence id="5">
          <content>Morera dijo que parte "del problema" fueron colaboradores cercanos a Mondrag&amp;oacuten .</content>
        </sentence>
        <sentence id="6">
          <content>"Pero creo que es una buena decisi&amp;oacuten el que lo pasen a un &amp;aacute;rea que sea de pensamiento estrat&amp;eacute;gico y no de operatividad", agreg&amp;oacute .</content>
        </sentence>
        <sentence id="7">
          <content>En noviembre pasado, al presentar un informe de labores, Mondrag&amp;oacuteninform&amp;oacute que durante 2013 el98% de los integrantes de la Polic&amp;iacute;a Federal se hab&amp;iacute;a sometido a examenes de control, y que hasta ese momento se hab&amp;iacute;an presentado 156 denuncias por delitos cometidos por elementos "que se desviaron" en su deber .</content>
        </sentence>
        <sentence id="8">
          <content>El funcionario dijo entonces que hab&amp;iacute;a establecido una "tolerancia cero" ante la corrupci&amp;oacuten de los elementos en la corporaci&amp;oacuten .</content>
        </sentence>
        <sentence id="9">
          <content>"Esperamos que a quien pongan sea una persona que tenga experiencia en seguridad, y como puse en Twitter que quiera a la Polic&amp;iacute;a y la profesionalice, porque llevamos todo este a&amp;ntilde;o que pas&amp;oacute en que no se profesionaliz&amp;oacute a la Polic&amp;iacute;a, los ex&amp;aacute;menes de control confianza no se siguieron con la misma calidad con que se hab&amp;iacute;an hecho antes", agreg&amp;oacute .</content>
        </sentence>
        <sentence id="10">
          <content>@osoriochong@mondragonykalbresultados escasos y desmantelamiento d la PF, queremos q el prox quiera a la Polic&amp;iacute;a, la mejore y d resultados-- Maria Elena Morera (@MaElenaMorera)marzo 17, 2014Hace m&amp;aacute;s de un a&amp;ntilde;o, el 26 de febrero de 2013, el Senado mexicano ratific&amp;oacute a Mondrag&amp;oacuten y Kalb como comisionado nacional de seguridad .</content>
        </sentence>
        <sentence id="11">
          <content>Entre las funciones del cargo est&amp;aacute; tener el mando de la Polic&amp;iacute;a Federal .</content>
        </sentence>
        <sentence id="12">
          <content>Sunombramiento ocurri&amp;oacute despu&amp;eacute;s de que desapareciera la Secretar&amp;iacute;a de Seguridad P&amp;uacute;blica y la Secretar&amp;iacute;a de Gobernaci&amp;oacuten (Segob) aglutinara las funciones de vigilancia en el pa&amp;iacute;s .</content>
        </sentence>
        <sentence id="13">
          <content>"Hay claroscuros&amp;hellip; hay algunas &amp;aacute;reas espec&amp;iacute;ficas en donde s&amp;iacute; se han logrado avances importantes, en particular, por ejemplo, en la Unidad de Asuntos Internos han hecho un muy buen trabajo para fortalecer todas las &amp;aacute;reas anticorrupci&amp;oacuten y trabajar con profesionalismo", dijo Francisco Rivas, director del Observatorio Nacional Ciudadano, en contraste con lo mencionado por Morera .</content>
        </sentence>
        <sentence id="14">
          <content>Aunque hubo progresos, agreg&amp;oacute, en otros puntos el trabajo de Mondrag&amp;oacuten ha quedado a deber .</content>
        </sentence>
        <sentence id="15">
          <content>Uno de ellos, coment&amp;oacute, es la carencia deuna estrategia nacional de seguridad que involucrara desde un inicio las funciones de la CNS, para ir m&amp;aacute;s all&amp;aacute; de operativos coyunturales que se presenten en algunos puntos del pa&amp;iacute;s .</content>
        </sentence>
        <sentence id="16">
          <content>En el caso de la Gendarmer&amp;iacute;a Nacional, un proyecto bajo el mando de Mondrag&amp;oacuten y Kalb para crear una agrupaci&amp;oacuten de &amp;eacute;lite en labores de seguridad, planteado por el presidente de M&amp;eacute;xico desde el inicio de su gobierno y cuya activaci&amp;oacuten sigue pendiente, tanto Rivas como Morera coincidieron en que ha prevalecido la falta de claridad respecto a sus prop&amp;oacutesitos sus y zonas de operaci&amp;oacuten . "</content>
        </sentence>
        <sentence id="17">
          <content>&amp;iquest;Cu&amp;aacute;l era el objetivo de la Gendarmer&amp;iacute;a?</content>
        </sentence>
        <sentence id="18">
          <content>, nunca nos lo pudo explicar", dijo Morera sobre las funciones de la corporaci&amp;oacuten que comenzar&amp;iacute;a a operar en julio de 2014 con 5,000 elementos, seg&amp;uacute;n el propio Mondrag&amp;oacuten .</content>
        </sentence>
        <sentence id="19">
          <content>La senadora de oposici&amp;oacuten, Dolores Padierna, coment&amp;oacute este domingo en redes sociales que el anuncio sobre del retiro de Mondrag&amp;oacuten y Kalb de la labor operativa en la CNS "es una muestra de los desacuerdos internos de los responsables en la seguridad p&amp;uacute;blica" .</content>
        </sentence>
        <sentence id="20">
          <content>Entreenero y noviembrede 2013, con Mondrag&amp;oacuten como titular de la CNS, se registraron 1,583 secuestros en el pa&amp;iacute;s, 32% m&amp;aacute;s queen el mismo periodo de 2012, cuando hubo 1,196, seg&amp;uacute;n los reportes del Sistema Nacional de Seguridad P&amp;uacute;blica (SNSP) .</content>
        </sentence>
        <sentence id="21">
          <content>En tanto,el homicidio doloso y el robo con violencia bajaron 16% y 4 .</content>
        </sentence>
        <sentence id="22">
          <content>5%, respectivamente .</content>
        </sentence>
        <sentence id="23">
          <content>En su labor como comisionado nacional de seguridad la Polic&amp;iacute;a Federal realiz&amp;oacute operativos de desalojo de profesores inconformes con la reforma educativa en el Distrito Federal y en Guerrero .</content>
        </sentence>
        <sentence id="24">
          <content>En diciembre de 2012 el excandidato presidencial, Andr&amp;eacute;s Manuel L&amp;oacutepez Obrador, dijo que Mondrag&amp;oacuten ten&amp;iacute;a que renunciara sus funciones en el gobierno si se comprobaba que hab&amp;iacute;a participado en el dise&amp;ntilde;o del operativo de seguridad para contener las protestas por la toma de posesi&amp;oacuten de Enrique Pe&amp;ntilde;a Nieto, donde hubo unos 100 detenidos .</content>
        </sentence>
        <sentence id="25">
          <content>Antes de integrarse a la administraci&amp;oacuten del mandatario Pe&amp;ntilde;a Nieto, Mondrag&amp;oacuten y Kalb trabaj&amp;oacute de 2008 a 2012 como secretario de Seguridad P&amp;uacute;blica de la capital mexicana con el gobierno de Marcelo Ebrard, del Partido de la Revoluci&amp;oacuten Democr&amp;aacute;tica (PRD), opositor al Partido Revolucionario Institucional (PRI) del presidente mexicano .</content>
        </sentence>
        <sentence id="26">
          <content>El cambio en las funciones que tendr&amp;aacute; Mondrag&amp;oacuten y Kalb se suma a una modificaci&amp;oacuten previa en el equipo de gobierno de Pe&amp;ntilde;a Nieto, despu&amp;eacute;s de que en enero de 2014 se ubicara al ahora ex procurador federal del Consumidor, Alfredo Castillo, como comisionado especial para el trabajo de recuperaci&amp;oacuten del estado de Michoac&amp;aacute;n, afectado por la violencia .</content>
        </sentence>
      </sentences>
    </paragraph>
  </article>
</document>
