<?xml version="1.0" encoding="UTF-8"?>
<document id="776" link="http://mexico.cnn.com/nacional/2014/03/05/un-juez-emite-la-cuarta-orden-de-formal-prision-contra-el-chapo-guzman" category="Nacional" highlights_mapped="false">
  <title>Un juez emite la quinta orden de formal prisi&amp;oacuten contra 'el Chapo' Guzm&amp;aacute;n - Nacional - CNNMexico.com</title>
  <keywords>chapo, sexta, orden, formal, prision, joaquin, guzman, sospechoso</keywords>
  <summaries>
    <highlights>
      <sentence id="1" ids_sentences_article="">El juzgado sexto de procesos penales federales en Toluca emiti&amp;oacute la cuarta orden de formal prisi&amp;oacuten.</sentence>
      <sentence id="2" ids_sentences_article="">'El Chapo' Guzm&amp;aacute;n tambi&amp;eacute;n enfrenta procesos por posesi&amp;oacuten de armas de uso exclusivo del Ej&amp;eacute;rcito.</sentence>
      <sentence id="3" ids_sentences_article="">Se dictaron dos autos de libertad con las reservas de ley a favor de Guzm&amp;aacute;n.</sentence>
    </highlights>
  </summaries>
  <article>
    <paragraph id="1">
      <sentences>
        <sentence id="1">
          <content>Un juez emite la quinta orden de formal prisi&amp;oacuten contra 'el Chapo' Guzm&amp;aacute;n.</content>
        </sentence>
        <sentence id="2">
          <content>'El Chapo' tambi&amp;eacute;n obtuvo dos resoluciones a favor de su caso, una de ellas al no acreditarse su responsabilidad en posesi&amp;oacuten de drogas.</content>
        </sentence>
        <sentence id="3">
          <content>(CNNM&amp;eacute;xico) -- Jueces federales dictaron este mi&amp;eacute;rcoles dos autos de formal prisi&amp;oacuten en contra deJoaqu&amp;iacute;nel ChapoGuzm&amp;aacute;n por la comisi&amp;oacuten de delitos contra la salud,inform&amp;oacute el Poder Judicial de la Federaci&amp;oacuten (PJF) .</content>
        </sentence>
        <sentence id="4">
          <content>Con esto ya son cinco autos de formal prisi&amp;oacuten y seis procesos judiciales que avanzan contra el l&amp;iacute;der del c&amp;aacute;rtel de Sinaloa tras ser detenido el 22 de febrero en el puerto de Mazatl&amp;aacute;n .</content>
        </sentence>
        <sentence id="5">
          <content>El juzgado sexto de procesos penales federales en Toluca, Estado de M&amp;eacute;xico, inform&amp;oacute este mi&amp;eacute;rcoles sobre el "cumplimiento de la orden girada por el Juzgado Segundo de Distrito en Materia de Procesos Penales en el Estado de Tamaulipas derivado de la causa penal 50/2011", inform&amp;oacute el PJF .</content>
        </sentence>
        <sentence id="6">
          <content>En tanto el juzgado cuarto de distrito en materia de procesos penales federales en el Estado de M&amp;eacute;xico, dict&amp;oacute el quinto auto de formal prisi&amp;oacuten en contra de Guzm&amp;aacute;n Loera, por su probable responsabilidad en la comisi&amp;oacuten del delito contra la salud, en la modalidad de colaborar al fomento para posibilitar la ejecuci&amp;oacuten del delito contra la salud .</content>
        </sentence>
        <sentence id="7">
          <content>Dentro de este mismo proceso, se dictaron a favor de Guzm&amp;aacute;n dos autos de libertad con las reservas de ley .</content>
        </sentence>
        <sentence id="8">
          <content>El primero en cuanto al delito contra la salud "en la modalidad de posesi&amp;oacuten de semillas de marihuana y amapola, con fines de siembra, cultivo y cosecha", al no acreditarse su posesi&amp;oacuten de esas drogas .</content>
        </sentence>
        <sentence id="9">
          <content>Tambi&amp;eacute;n se le eximi&amp;oacute de proceso por el delito de delincuencia organizada, "en virtud de que por este &amp;uacute;ltimo existe ya un proceso penal y atendiendo a que, conforme al art&amp;iacute;culo 23 Constitucional, nadie puede ser juzgado dos veces por el mismo delito" .</content>
        </sentence>
        <sentence id="10">
          <content>El Chapo Guzm&amp;aacute;n tambi&amp;eacute;n enfrenta procesos por posesi&amp;oacuten de armas y cartuchos de uso exclusivo del Ej&amp;eacute;rcito .</content>
        </sentence>
        <sentence id="11">
          <content>La PGR inform&amp;oacute en febrero que el l&amp;iacute;der del c&amp;aacute;rtel de Sinaloa tiene ocho procesos penales abiertos, siete de ellos por delincuencia organizada .</content>
        </sentence>
        <sentence id="12">
          <content>Un tribunal del Distrito Federal neg&amp;oacute este mi&amp;eacute;rcoles un amparo solicitado por los abogados de Guzm&amp;aacute;n Loera para evitar que pueda ser extraditado a otros pa&amp;iacute;ses como Estados Unidos, donde es requerido en las cortes de cinco estados por cargos federales .</content>
        </sentence>
        <sentence id="13">
          <content>Sin embargo, el Juzgado Octavo fij&amp;oacute como fecha definitiva el 9 de abril de 2014, cuando un juez habr&amp;aacute; de emitir su declaraci&amp;oacuten definitiva sobre la negaci&amp;oacuten del amparo .</content>
        </sentence>
        <sentence id="14">
          <content>Los abogados de Guzm&amp;aacute;n Loera a&amp;uacute;n pueden apelar la resoluci&amp;oacuten de este martes .</content>
        </sentence>
        <sentence id="15">
          <content>Joaqu&amp;iacute;n Guzm&amp;aacute;n fue detenido el 22 de febrero, 13 a&amp;ntilde;os despu&amp;eacute;s de que se fug&amp;oacute de una prisi&amp;oacuten de m&amp;aacute;xima seguridad en el estado de Jalisco, era considera uno de los criminales m&amp;aacute;s buscados de M&amp;eacute;xico y Estados Unidos en la &amp;uacute;ltima d&amp;eacute;cada .</content>
        </sentence>
        <sentence id="16">
          <content>Con informaci&amp;oacuten de EFE y Notimex.</content>
        </sentence>
      </sentences>
    </paragraph>
  </article>
</document>
