<?xml version="1.0" encoding="UTF-8"?>
<document id="884" link="http://mexico.cnn.com/nacional/2014/03/18/el-2014-inicio-con-un-aumento-en-el-numero-de-secuestros-y-extorsiones" category="Nacional" highlights_mapped="false">
  <title>El 2014 inici&amp;oacute; con un aumento en el n&amp;uacute;mero de secuestros y extorsiones  - Nacional - CNNMexico.com</title>
  <keywords>delitos, aumento, reporte, organizacion, observatorio nacional ciudadano de seguridad, secuestro, extorsion, homicidios</keywords>
  <summaries>
    <highlights>
      <sentence id="1" ids_sentences_article="">En enero de 2014 en todo el pa&amp;iacute;s se cometieron 44 homicidios diariamente, report&amp;oacute; la organizaci&amp;oacute;n.</sentence>
      <sentence id="2" ids_sentences_article="">El Estado de M&amp;eacute;xico fue la entidad que registr&amp;oacute; m&amp;aacute;s cenuncias por homicidio doloso, secuestro y extorsi&amp;oacute;n.</sentence>
    </highlights>
  </summaries>
  <article>
    <paragraph id="1">
      <sentences>
        <sentence id="1">
          <content>El 2014 inici&amp;oacute; con un aumento en el n&amp;uacute;mero de secuestros y extorsiones.</content>
        </sentence>
        <sentence id="2">
          <content>El aumento se registr&amp;oacute; respecto a diciembre; destaca el Estado de M&amp;eacute;xico con el mayor n&amp;uacute;mero de secuestros, seg&amp;uacute;n el Observatorio Ciudadano.</content>
        </sentence>
        <sentence id="3">
          <content>(CNNM&amp;eacute;xico) -- El secuestro y la extorsi&amp;oacute;n, adem&amp;aacute;s de otros cuatro delitos de alto impacto social, registraron un aumento a nivel nacional a inicio de este a&amp;ntilde;o, de acuerdo con un reporte del Observatorio Nacional Ciudadano de Seguridad, Justicia y Legalidad (ONC) .</content>
        </sentence>
        <sentence id="4">
          <content>A nivel nacional de diciembre de 2013 a enero de 2014 se incrementaron 5 .</content>
        </sentence>
        <sentence id="5">
          <content>60% las denuncias de secuestro, 10 .</content>
        </sentence>
        <sentence id="6">
          <content>36% las de extorsi&amp;oacute;n, 0 .</content>
        </sentence>
        <sentence id="7">
          <content>94% las de robo con violencia, 1 .</content>
        </sentence>
        <sentence id="8">
          <content>81% las de robo de veh&amp;iacute;culo, 3 .</content>
        </sentence>
        <sentence id="9">
          <content>60% las de robo a casa habitaci&amp;oacute;n y, por &amp;uacute;ltimo, 1 .</content>
        </sentence>
        <sentence id="10">
          <content>22% las de robo a negocio, se&amp;ntilde;al&amp;oacute; la organizaci&amp;oacute;n .</content>
        </sentence>
        <sentence id="11">
          <content>El reporte, dado a conocer este martes por la organizaci&amp;oacute;n se&amp;ntilde;ala que durante enero de 2014 en todo el pa&amp;iacute;s se cometieron 44 homicidios dolosos diariamente .</content>
        </sentence>
        <sentence id="12">
          <content>La entidad donde se denunciaron el mayor n&amp;uacute;mero fue el Estado de M&amp;eacute;xico, con 185 casos .</content>
        </sentence>
        <sentence id="13">
          <content>Este delito "alcanz&amp;oacute; tal grado que, 13 de cada 100 averiguaciones previas de homicidios intencionales se registraron en esta entidad", se se&amp;ntilde;ala en el reporte elaborado con informaci&amp;oacute;n del Secretariado Ejecutivo del Sistema Nacional de Seguridad P&amp;uacute;blica (SESNSP) .</content>
        </sentence>
        <sentence id="14">
          <content>El Estado de M&amp;eacute;xico junto con Guerrero y Michoac&amp;aacute;n fueron las entidades que concentraron el 31 .</content>
        </sentence>
        <sentence id="15">
          <content>63% de todas las denuncias de este tipo, se&amp;ntilde;al&amp;oacute; la organizaci&amp;oacute;n .</content>
        </sentence>
        <sentence id="16">
          <content>"No debe olvidarse que para conseguir resultados permanentes a largo plazo, a&amp;uacute;n se requieren acciones efectivas y puntuales de prevenci&amp;oacute;n que est&amp;eacute;n enfocadas en la atenci&amp;oacute;n de las causas que dieron origen a este tipo de personajes; es decir, la descomposici&amp;oacute;n y ruptura del tejido social", se&amp;ntilde;ala la organizaci&amp;oacute;n en el documento .</content>
        </sentence>
        <sentence id="17">
          <content>El Estado de M&amp;eacute;xico se coloc&amp;oacute; tambi&amp;eacute;n como la entidad con la mayor cantidad de denuncias de secuestro y extorsiones .</content>
        </sentence>
        <sentence id="18">
          <content>En enero registr&amp;oacute; 19 casos de denuncias de secuestros .</content>
        </sentence>
        <sentence id="19">
          <content>En segundo lugar se ubic&amp;oacute; Michoac&amp;aacute;n, en donde se reportaron 17 .</content>
        </sentence>
        <sentence id="20">
          <content>Ambas concentraron el 27 .</content>
        </sentence>
        <sentence id="21">
          <content>27% de los secuestros que se denunciaron durante ese mes .</content>
        </sentence>
        <sentence id="22">
          <content>7% de la poblaci&amp;oacute;n en el Estado de M&amp;eacute;xico se siente insegura,seg&amp;uacute;n una encuestapublicada por el Instituto Nacional de Estad&amp;iacute;stica y Geograf&amp;iacute;a (Inegi)en 2013 .</content>
        </sentence>
        <sentence id="23">
          <content>El viernes 28 de enero, al menos 10 personas murieron en la entidaden distintos hechos de violencia, inform&amp;oacute; la Procuradur&amp;iacute;a General de Justicia del (PGJEM) en ese momento .</content>
        </sentence>
        <sentence id="24">
          <content>Mientras que de extorsiones, el Estado de M&amp;eacute;xico registr&amp;oacute; 129 denuncias, el 19 .</content>
        </sentence>
        <sentence id="25">
          <content>8% de las de todo el pa&amp;iacute;s .</content>
        </sentence>
        <sentence id="26">
          <content>ElObservatorio Nacional Ciudadano de Seguridad agreg&amp;oacute; que en Michoac&amp;aacute;n, las extorsiones se incrementaron en 78 .</content>
        </sentence>
        <sentence id="27">
          <content>1% en comparaci&amp;oacute;n con enero de 2013, seg&amp;uacute;n el reporte .</content>
        </sentence>
        <sentence id="28">
          <content>Durante enero de este a&amp;ntilde;o a nivel nacional se denunci&amp;oacute; un secuestro cada 6 horas y 21 extorsiones diariamente, de acuerdo con los datos del SESNSP .</content>
        </sentence>
        <sentence id="29">
          <content>Michoac&amp;aacute;n, otra de las entidades que se destacan en el reporte, atraviesa una situaci&amp;oacute;n de tensi&amp;oacute;n por la actuaci&amp;oacute;n del grupo criminal Los Caballeros Templarios y el surgimiento de grupos de autodefensa .</content>
        </sentence>
        <sentence id="30">
          <content>El gobierno federal aplica desde enero una estrategia conjunta en el estado para recuperar el control de la seguridad, que incluye el env&amp;iacute;o de agentes de la Polic&amp;iacute;a Federal, tropas del Ej&amp;eacute;rcito y la Marina y agentes del Ministerio P&amp;uacute;blico federal .</content>
        </sentence>
        <sentence id="31">
          <content>El presidente Enrique Pe&amp;ntilde;a Nieto anunci&amp;oacute; el 4 de febrero una inversi&amp;oacute;n de 45,500 millones de pesos para reactivar la econom&amp;iacute;a en Michoac&amp;aacute;n con cr&amp;eacute;ditos, construcci&amp;oacute;n de infraestructura y programas sociales .</content>
        </sentence>
        <sentence id="32">
          <content>Aqu&amp;iacute; puedes revisar el reporte completo de enero .</content>
        </sentence>
      </sentences>
    </paragraph>
  </article>
</document>
