<?xml version="1.0" encoding="UTF-8"?>
<document id="368" link="http://mexico.cnn.com/nacional/2014/02/19/vallejo-desmarca-a-el-abuelo-como-interlocutor-de-grupos-de-autodefensa" category="Nacional" highlights_mapped="false">
  <title>Vallejo desmarca a 'El Abuelo' como interlocutor de grupos de autodefensa - Nacional - CNNMexico.com</title>
  <keywords>juan jose farias, el abuelo, los valencia, grupos de autodefensa, crimen organizado, caballeros templarios</keywords>
  <summaries>
    <highlights>
      <sentence id="1" ids_sentences_article="">Fausto Vallejo reconoci&amp;oacute la labor de las autodefensas en una reuni&amp;oacuten con l&amp;iacute;deres de estos grupos.</sentence>
      <sentence id="2" ids_sentences_article="">El gobernador michoacano anunci&amp;oacute apoyos a la comunidad de La Ruana, donde inici&amp;oacute el movimiento.</sentence>
    </highlights>
  </summaries>
  <article>
    <paragraph id="1">
      <sentences>
        <sentence id="1">
          <content>Vallejo desmarca a 'El Abuelo' como interlocutor de grupos de autodefensa.</content>
        </sentence>
        <sentence id="2">
          <content>El gobernador de Michoac&amp;aacute;n destac&amp;oacute la labor de los grupos de civiles armados en una visita a La Ruana, donde naci&amp;oacute el movimiento hace un a&amp;ntilde;o.</content>
        </sentence>
        <sentence id="3">
          <content>(CNNM&amp;eacute;xico) -- A cinco d&amp;iacute;as de celebrarse el primer aniversario de los grupos de autodefensa en La Ruana, el gobernador de Michoac&amp;aacute;n, Fausto Vallejo, reconoci&amp;oacute la labor de los civiles armados, pero desmarc&amp;oacute a Juan Jos&amp;eacute; Far&amp;iacute;asEl Abuelo, como interlocutor de las autodefensas .</content>
        </sentence>
        <sentence id="4">
          <content>El Abuelo, fue acusado por autoridades federales en 2009 de ser un l&amp;iacute;der del c&amp;aacute;rtel deLos Valencia, que operaba en la zona de Tierra Caliente .</content>
        </sentence>
        <sentence id="5">
          <content>Despu&amp;eacute;s de dos a&amp;ntilde;os de juiciopas&amp;oacute tres a&amp;ntilde;os en prisi&amp;oacuten por posesi&amp;oacuten de un arma y droga .</content>
        </sentence>
        <sentence id="6">
          <content>"No son interlocutores, el se&amp;ntilde;or (Juan Jos&amp;eacute;) Far&amp;iacute;as se acerc&amp;oacute por ah&amp;iacute; pero nada m&amp;aacute;s", dijo Vallejo este mi&amp;eacute;rcoles sobre Far&amp;iacute;as y su hermano Uriel, exalcalde de Tepalcatepec, inform&amp;oacute Notimex .</content>
        </sentence>
        <sentence id="7">
          <content>"No es interlocutor por ning&amp;uacute;n motivo de los autodefensas" .</content>
        </sentence>
        <sentence id="8">
          <content>El presidente municipal de Tepalcatepec, Guillermo Valencia, ha acusado en varias ocasionesque las autodefensas han acogido a "muchos criminales", entre ellos Juan Jos&amp;eacute; Far&amp;iacute;as &amp;Aacute;lvarez .</content>
        </sentence>
        <sentence id="9">
          <content>"Yo veo a muchos de los criminales que extorsionaban, que me amenazaban a m&amp;iacute; y a muchos ciudadanos, que ahora andan de autodefensas y que piensan que as&amp;iacute; limpian sus pecados", dijo el jueves pasado Valencia en entrevista con CNN en Espa&amp;ntilde;ol .</content>
        </sentence>
        <sentence id="10">
          <content>Al respecto, los l&amp;iacute;deres de autodefensas, han reiterado en varias ocasiones que no cobijan criminales .</content>
        </sentence>
        <sentence id="11">
          <content>"Nosotros no vamos a solapar a ning&amp;uacute;n criminal", dijo a CNNM&amp;eacute;xico Estanislao Beltr&amp;aacute;n, tambi&amp;eacute;n la semana pasada .</content>
        </sentence>
        <sentence id="12">
          <content>El Abuelo ha estado bajo el escrutinio p&amp;uacute;blico despu&amp;eacute;s de que el 5 de febrero asistiera a una reuni&amp;oacuten p&amp;uacute;blica con el comisionado federal en Michoac&amp;aacute;n, a quien se le critic&amp;oacute por el encuentro .</content>
        </sentence>
        <sentence id="13">
          <content>En el encuentro este mi&amp;eacute;rcoles entre el gobernador michoacano y los l&amp;iacute;deres de las autodefensas, Hip&amp;oacutelito Mora y Estanislao Beltr&amp;aacute;n, Vallejo anunci&amp;oacute apoyos estatales para La Ruana, donde inici&amp;oacute --junto con el vecino Tepalcatepec-- el movimiento de civiles armados para hacer frente a las extorsiones, asesinatos, secuestros y dem&amp;aacute;s abusos de grupos criminales comoLos Caballeros Templarios en Michoac&amp;aacute;n .</content>
        </sentence>
        <sentence id="14">
          <content>Acompa&amp;ntilde;ado por sus secretarios de Salud y Obras P&amp;uacute;blicas, Vallejo escuch&amp;oacute planteamientos de los habitantes de La Ruana y anunci&amp;oacute la construcci&amp;oacuten de aulas para la sede local del Colegio de Estudios Cient&amp;iacute;ficos y Tecnol&amp;oacutegicos del Estado, adem&amp;aacute;s de la donaci&amp;oacuten de computadoras, inform&amp;oacute el gobierno estatal en Twitter .</content>
        </sentence>
        <sentence id="15">
          <content>10 claves para entender el conflicto en Michoac&amp;aacute;n.</content>
        </sentence>
      </sentences>
    </paragraph>
  </article>
</document>
