<?xml version="1.0" encoding="UTF-8"?>
<document id="769" link="http://mexico.cnn.com/nacional/2014/03/18/deschamps-le-quita-el-merito-de-la-expropiacion-petrolera-a-cardenas" category="Nacional" highlights_mapped="false">
  <title>Deschamps le 'quita' el m&amp;eacute;rito de la expropiaci&amp;oacuten petrolera a C&amp;aacute;rdenas - Nacional - CNNMexico.com</title>
  <keywords>expropiacion, aniversario, deschamps, lazaro cardenas, paternidad, movimiento obrero, reforma energetica, huelga</keywords>
  <summaries>
    <highlights>
      <sentence id="1" ids_sentences_article="">El titular del sindicato petrolero dijo que la expropiaci&amp;oacuten petrolera tuvo su origen en la lucha obrera, y no en la iniciativa del presidente L&amp;aacute;zaro C&amp;aacute;rdenas.</sentence>
      <sentence id="2" ids_sentences_article="">El presidente Enrique Pe&amp;ntilde;a Nieto encabez&amp;oacute el 76 aniversario de la nacionalizaci&amp;oacuten de la industria en Veracruz.</sentence>
      <sentence id="3" ids_sentences_article="">El mandatario prometi&amp;oacute a los trabajadores que con la reforma energ&amp;eacute;tica se respetar&amp;aacute;n sus derechos laborales.</sentence>
    </highlights>
  </summaries>
  <article>
    <paragraph id="1">
      <sentences>
        <sentence id="1">
          <content>Deschamps le 'quita' el m&amp;eacute;rito de la expropiaci&amp;oacuten petrolera a C&amp;aacute;rdenas.</content>
        </sentence>
        <sentence id="2">
          <content>El l&amp;iacute;der del sindicato dijo que la nacionalizaci&amp;oacuten de la industria no fue iniciativa del presidente L&amp;aacute;zaro C&amp;aacute;rdenas sino de los trabajadores.</content>
        </sentence>
        <sentence id="3">
          <content>(CNNM&amp;eacute;xico) -- El secretario general del Sindicato de Trabajadores Petroleros, Carlos Romero Deschamps, afirm&amp;oacute este martes que la expropiaci&amp;oacuten petrolera que se dio hace 76 a&amp;ntilde;os tuvo su origen en la lucha de los trabajadores de esa industria por sus derechos, y no en una iniciativa del presidente L&amp;aacute;zaro C&amp;aacute;rdenas del R&amp;iacute;o o de los mexicanos .</content>
        </sentence>
        <sentence id="4">
          <content>"Tantas paternidades surgen de este hecho, que no fue la espont&amp;aacute;nea movilizaci&amp;oacuten del pueblo en defensa de sus recursos naturales, y la iluminaci&amp;oacuten s&amp;uacute;bdita de un presidente comprometido con la gente, la raz&amp;oacuten fundamental de aquel hecho hist&amp;oacuterico", dijo en su discurso el l&amp;iacute;der sindical durante el evento conmemorativo del 76 aniversario de la Expropiaci&amp;oacuten Petrolera, encabezado por el presidente Enrique Pe&amp;ntilde;a Nieto .</content>
        </sentence>
        <sentence id="5">
          <content>Fue resultado de "la intensa y esforzada lucha que durante meses hab&amp;iacute;an dado los trabajadores petroleros en defensa de sus derechos", dijo Romero al recordar que una prolongada huelga de obreros frente a las empresas petroleras extranjeras dieron pie a la decisi&amp;oacuten de C&amp;aacute;rdenas de nacionalizar la industria .</content>
        </sentence>
        <sentence id="6">
          <content>La conmemoraci&amp;oacuten del aniversario reuni&amp;oacute a cientos de trabajadores de la secci&amp;oacuten 10 del sindicato en el estado de Veracruz, donde tambi&amp;eacute;n estuvieron el secretario de Energ&amp;iacute;a, Pedro Joaqu&amp;iacute;n Coldwell, el director de Petr&amp;oacuteleos Mexicanos (Pemex), Emilio Lozoya, y el gobernador Javier Duarte .</content>
        </sentence>
        <sentence id="7">
          <content>Romero Deschamps, quien ha encabezado al gremio desde hace dos d&amp;eacute;cadas, critic&amp;oacute a "voces supuestamente progresistas que se escandalizan" por los derechos laborales que han obtenido los obreros petroleros, como salarios, vacaciones, viviendas y beneficios m&amp;eacute;dicos .</content>
        </sentence>
        <sentence id="8">
          <content>"Prestaciones que no son producto de negociaciones extra&amp;ntilde;as, sino correspondientes a la lucha hist&amp;oacuterica del movimiento obrero en el mundo", dijo .</content>
        </sentence>
        <sentence id="9">
          <content>En alusi&amp;oacuten a los opositores a la reforma energ&amp;eacute;tica, que fue aprobada en 2013 en el Congreso y que abre el sector a la inversi&amp;oacuten extranjera, Romero Deschamps dijo que no es extra&amp;ntilde;o que haya diferencias, pues en la historia de M&amp;eacute;xico se han dado "luchas, levantamientos y confrontaciones" por la diferencia de opiniones .</content>
        </sentence>
        <sentence id="10">
          <content>Este martes, simpatizantes del Partido de la Revoluci&amp;oacuten Democr&amp;aacute;tica (PRD), el m&amp;aacute;s grande partido de izquierda del pa&amp;iacute;s, el cual se opone a las nuevas leyes energ&amp;eacute;ticas, participaron este martes en un mitin conmemorativo por la Expropiaci&amp;oacuten Petrolera .</content>
        </sentence>
        <sentence id="11">
          <content>En fotos:La izquierda marcha por el petr&amp;oacuteleoAh&amp;iacute;, Cuaut&amp;eacute;moc C&amp;aacute;rdenas, hijo del presidente L&amp;aacute;zaro C&amp;aacute;rdenas y fundador del PRD, manifest&amp;oacute nuevamente la intenci&amp;oacuten de la izquierda de buscar la derogaci&amp;oacuten de las nuevas leyes energ&amp;eacute;ticas .</content>
        </sentence>
        <sentence id="12">
          <content>En su discurso, el presidente Pe&amp;ntilde;a Nieto resalt&amp;oacute las cualidades de la reforma energ&amp;eacute;tica que, dijo, fueron producto de "decisiones audaces" en el Congreso mexicano para reformar el sector .</content>
        </sentence>
        <sentence id="13">
          <content>"El pa&amp;iacute;s iba directo a ser un importador neto de petr&amp;oacuteleo, de gas natural y de petrol&amp;iacute;feros .</content>
        </sentence>
        <sentence id="14">
          <content>Y frente a esta situaci&amp;oacuten hab&amp;iacute;a dos alternativas reales, seguir por el mismo camino o emprender una transformaci&amp;oacuten de fondo", dijo el presidente, cuya administraci&amp;oacuten impuls&amp;oacute la reforma al sector .</content>
        </sentence>
        <sentence id="15">
          <content>"Que no haya duda, con la reforma energ&amp;eacute;tica, el Estado mexicano seguir&amp;aacute; siendo el &amp;uacute;nico due&amp;ntilde;o de las reservas petroleras, de la renta petrolera y de Petr&amp;oacuteleos Mexicanos", dijo Pe&amp;ntilde;a Nieto, quien se comprometi&amp;oacute ante los trabajadores del sector a que las prestaciones y empleos se mantendr&amp;aacute;n .</content>
        </sentence>
        <sentence id="16">
          <content>Anunci&amp;oacute que 2014 ser&amp;aacute; el a&amp;ntilde;o con la "mayor inversi&amp;oacuten de la empresa (Pemex) en su historia" con 357,000 millones de pesos, que son 31,200 millones de pesos m&amp;aacute;s que el a&amp;ntilde;o anterior .</content>
        </sentence>
      </sentences>
    </paragraph>
  </article>
</document>
