<?xml version="1.0" encoding="UTF-8"?>
<document id="499" link="http://mexico.cnn.com/nacional/2014/03/11/los-15-templarios-por-los-que-la-pgr-ofrece-una-recompensa" category="Nacional" highlights_mapped="false">
  <title>Los 15 'templarios' por los que la PGR ofrece una recompensa - Nacional - CNNMexico.com</title>
  <keywords>templarios, l&amp;iacute;deres, PGR, recompensa, recompensas, Procuradur&amp;iacute;a, el chayo, el t&amp;iacute;o, el kike, plancarte, Nazario Moreno,</keywords>
  <summaries>
    <highlights>
      <sentence id="1" ids_sentences_article="">Servando G&amp;oacutemez Mart&amp;iacute;nez, 'la Tuta', es el 'templario' por el que la PGR ofrece una mayor recompensa: 30 millones de pesos.</sentence>
      <sentence id="2" ids_sentences_article="">Por Ignacio Renter&amp;iacute;a Andrade, 'el Nacho', Enrique 'Kike' Plancarte y Samer Jos&amp;eacute; Serv&amp;iacute;n Ju&amp;aacute;rez, las autoridades otorgar&amp;iacute;an 10 millones por cada uno.</sentence>
    </highlights>
  </summaries>
  <article>
    <paragraph id="1">
      <sentences>
        <sentence id="1">
          <content>Los 15 'templarios' por los que la PGR ofrece una recompensa.</content>
        </sentence>
        <sentence id="2">
          <content>Tras la muerte de 'el Chayo' y otras detenciones, el gobierno federal a&amp;uacute;n ofrece 125 millones de pesos por los l&amp;iacute;deres de ese grupo.</content>
        </sentence>
        <sentence id="3">
          <content>(CNNM&amp;eacute;xico) -- Tras la muerte del presunto l&amp;iacute;der deLos Caballeros Templarios,Nazario Moreno Gonz&amp;aacute;lez,el Chayo,el gobierno federal a&amp;uacute;n ofrece recompensas de entre 3 millones y 30 millones de pesos por 15 presuntos integrantes de este grupo criminal .</content>
        </sentence>
        <sentence id="4">
          <content>La recompensa m&amp;aacute;s alta, de 30 millones de pesos, es por Servando G&amp;oacutemez Mart&amp;iacute;nez,la Tuta, seg&amp;uacute;nel portal de recompensasdel gobierno federal .</content>
        </sentence>
        <sentence id="5">
          <content>Esa misma cifra era ofrecida a quien brindara informaci&amp;oacuten deDionicio Loya Plancarte,el T&amp;iacute;o, quien fue capturado el 27 de enero pasado .</content>
        </sentence>
        <sentence id="6">
          <content>Otro de los l&amp;iacute;deres, Francisco Galeana N&amp;uacute;&amp;ntilde;ez,el Pantera,muri&amp;oacute el 28 de febrero .</content>
        </sentence>
        <sentence id="7">
          <content>En la base de datos aparecen tambi&amp;eacute;n Enrique Kike Plancarte Sol&amp;iacute;s, Ignacio Renter&amp;iacute;a Andrade, el Nacho o el Cenizo, y Samer Jos&amp;eacute; Serv&amp;iacute;n Ju&amp;aacute;rez, por cada uno de los cuales la PGR ofrece 10 millones de pesos .</content>
        </sentence>
        <sentence id="8">
          <content>Dee estos tres miembros de LosTemplarios, las autoridades solo ubican a Kike Plancarte al mismo nivel que la Tuta, es decir, debajo de Nazario Moreno, de quien recib&amp;iacute;an &amp;oacuterdenes directas .</content>
        </sentence>
        <sentence id="9">
          <content>Leer:Nazario Moreno: el presunto l&amp;iacute;der 'templario' que 'muri&amp;oacute dos veces'Por Alfredo Ch&amp;aacute;vez Ruiz, a quien la procuradur&amp;iacute;a se&amp;ntilde;ala como "uno de los principales blanqueadores (de recursos) de la organizaci&amp;oacuten", el gobierno ofrece 5 millones de pesos; esta cantidad era tambi&amp;eacute;n ofrecida por Juan Reza S&amp;aacute;nchez, Juanito, quien fue capturado en Quer&amp;eacute;taro por fuerzas federales el 18 de febrero de 2014 .</content>
        </sentence>
        <sentence id="10">
          <content>Adem&amp;aacute;s, hay una recompensa de 3 millones de pesos por el presunto cobrador y extorsionador Nicandro Barrera Medrano, el Nica; un presunto jefe de plaza en el municipio de Zit&amp;aacute;cuaro, Pablo Maga&amp;ntilde;a Serrato, la Mora, el Trit&amp;oacuten o el M5; y el presunto operador en Morelia Omar Tafolla Rodr&amp;iacute;guez, el Gory .</content>
        </sentence>
        <sentence id="11">
          <content>Cierran el listado siete presuntos sicarios bajo el mando de la Tuta, a quienes se les vincula con el asesinato de 12 polic&amp;iacute;as federales cometido el 12 de julio de 2009 en Arteaga, Michoac&amp;aacute;n: Genaro Orozco Flores, el Cholo; Jes&amp;uacute;s Tapia S&amp;aacute;nchez, el Zanate; Eligio Hern&amp;aacute;ndez Garc&amp;iacute;a, el Lico; Jaime Bustos Cabrera, el Grande; C&amp;eacute;sar Carrillo Tapia, el Carrillo; Jovany Michel Rico, el Jocker; y Heriberto Hern&amp;aacute;ndez S&amp;aacute;nchez, el Chelis .</content>
        </sentence>
        <sentence id="12">
          <content>Los 'templarios' buscados por lasautodefensasHace m&amp;aacute;s de un a&amp;ntilde;o, civiles de Tierra Caliente de Michoac&amp;aacute;n tomaron las armas para supuestamente defenderse deLos Templarios, quienes comet&amp;iacute;an extorsi&amp;oacuten y otros delitos en la regi&amp;oacuten .</content>
        </sentence>
        <sentence id="13">
          <content>Una de las condiciones que pusieron para desarmarse era que las autoridades eliminaran a siete personas a quienes ellos se&amp;ntilde;alaban como l&amp;iacute;deres del grupo criminal .</content>
        </sentence>
        <sentence id="14">
          <content>El Chayo, la Tuta, KikePlancarte, el Tena,el Chicano, as&amp;iacute; como Jes&amp;uacute;s V&amp;aacute;zquez Mac&amp;iacute;as,el Toro--detenido en L&amp;aacute;zaro C&amp;aacute;rdenas el 19 de enero de 2014--y elT&amp;iacute;o, estaban en la lista de las autodefensas .</content>
        </sentence>
        <sentence id="15">
          <content>De estos siete l&amp;iacute;deres, solola Tuta,KikePlancarte yel T&amp;iacute;o, aparecen en la base de datos de recompensas de la PGR .</content>
        </sentence>
      </sentences>
    </paragraph>
  </article>
</document>
