<?xml version="1.0" encoding="UTF-8"?>
<document id="761" link="http://mexico.cnn.com/nacional/2013/07/20/marcelo-ebrard-relanza-la-corriente-movimiento-progresista-dentro-del-prd" category="Nacional" highlights_mapped="false">
  <title>Marcelo Ebrard relanza la corriente Movimiento Progresista dentro del PRD - Nacional - CNNMexico.com</title>
  <keywords>marcelo ebrard, relanzamiento, movimiento progresista, prd, candidatura, presidencial, dirigencia, partido,</keywords>
  <summaries>
    <highlights>
      <sentence id="1" ids_sentences_article="">Marcelo Ebrard relanz&amp;oacute la corriente interna Movimiento Progresista del Partido de la Revoluci&amp;oacuten Democr&amp;aacute;tica.</sentence>
      <sentence id="2" ids_sentences_article="">El exjefe de gobierno buscar&amp;aacute; la dirigencia del PRD a trav&amp;eacute;s de dicha corriente.</sentence>
      <sentence id="3" ids_sentences_article="">Tambi&amp;eacute;n pretende posicionarse en el debate sobre las reformas energ&amp;eacute;tica y fiscal.</sentence>
    </highlights>
  </summaries>
  <article>
    <paragraph id="1">
      <sentences>
        <sentence id="1">
          <content>Marcelo Ebrard relanza la corriente Movimiento Progresista dentro del PRD.</content>
        </sentence>
        <sentence id="2">
          <content>El exalcalde del DF afirm&amp;oacute que a trav&amp;eacute;s de la agrupaci&amp;oacuten buscar&amp;aacute; la dirigencia del partido y posicionarse en el debate sobre las reformas.</content>
        </sentence>
        <sentence id="3">
          <content>(CNNM&amp;eacute;xico) -- El exjefe de Gobierno del Distrito Federal, Marcelo Ebrard Casaubon, relanz&amp;oacute este s&amp;aacute;bado la corriente interna Movimiento Progresista del Partido de la Revoluci&amp;oacuten Democr&amp;aacute;tica (PRD), con la que buscar&amp;aacute; la dirigencia del partido y posicionarse en el debate nacional sobre las reformas energ&amp;eacute;tica y fiscal .</content>
        </sentence>
        <sentence id="4">
          <content>En su discurso, Ebrard pidi&amp;oacute que se realice un referendo nacional para decidir el futuro de la industria petrolera del pa&amp;iacute;s, tras afirmar que si los partidos Revolucionario Institucional (PRI) y Acci&amp;oacuten Nacional (PAN) quieren que se apruebe una gran reforma en dicho sentido, la poblaci&amp;oacuten debe de ser consultada .</content>
        </sentence>
        <sentence id="5">
          <content>Ebrard reconoci&amp;oacute que la nueva corriente, de la cual ser&amp;aacute; presidente, servir&amp;aacute; en su momento para buscar la dirigencia nacional del PRD, pero ahora, dijo, lo importante es incidir en las reformas .</content>
        </sentence>
        <sentence id="6">
          <content>Dijo que en esos temas la posici&amp;oacuten de la izquierda debe ser clara, fuerte y con unidad para evitar regresiones y afectaciones a las mayor&amp;iacute;as .</content>
        </sentence>
        <sentence id="7">
          <content>En ese sentido consider&amp;oacute que el objetivo a corto plazo debe ser ganar el debate de ideas ante la opini&amp;oacuten p&amp;uacute;blica .</content>
        </sentence>
        <sentence id="8">
          <content>En el evento, realizado en un hotel del centro de la Ciudad de M&amp;eacute;xico, el presidente nacional del PRD, Jes&amp;uacute;s Zambrano, dio la bienvenida al grupo y durante su mensaje defendi&amp;oacute las reformas alcanzadas por medio del Pacto por M&amp;eacute;xico .</content>
        </sentence>
        <sentence id="9">
          <content>Sin embargo, Zambrano reiter&amp;oacute que la continuidad del acuerdo est&amp;aacute; condicionada a la respuesta a las demandas que su partido y el PAN hicieron luego de los comicios del 7 de julio .</content>
        </sentence>
        <sentence id="10">
          <content>Al igual que Zambrano, Cuauht&amp;eacute;moc Velasco y Agust&amp;iacute;n Guerrero, quienes participaron en el acto inaugural como oradores, Ebrard se pronunci&amp;oacute en contra de una eventual modificaci&amp;oacuten constitucional en el marco de la reforma energ&amp;eacute;tica, as&amp;iacute; como del cobro del impuesto al valor agregado en alimentos y medicinas .</content>
        </sentence>
        <sentence id="11">
          <content>Todos los oradores se pronunciaron por reformar Pemex y el sector energ&amp;eacute;tico en general, pero sin privatizaci&amp;oacuten, y condicionaron la reforma fiscal a evaluar primero los gastos del gobierno .</content>
        </sentence>
        <sentence id="12">
          <content>El mes pasado, el exalcalde de la Ciudad de M&amp;eacute;xico envi&amp;oacute una carta al presidente Enrique Pe&amp;ntilde;a Nieto para invitarlo a un debate p&amp;uacute;blico sobre el tema energ&amp;eacute;tico .</content>
        </sentence>
        <sentence id="13">
          <content>Ebrard abandon&amp;oacute la b&amp;uacute;squeda de la candidatura a la presidencia por medio de una coalici&amp;oacuten de varios partidos de izquierda, que incluye al PRD, luego de que no result&amp;oacute favorecido en una encuesta frente al otro precandidato, Andr&amp;eacute;s Manuel L&amp;oacutepez Obrador .</content>
        </sentence>
        <sentence id="14">
          <content>Lopez Obrador, que fue alcalde de la ciudad antes que Ebrard, ya hab&amp;iacute;a sido candidato del PRD en los comicios presidenciales de 2006, en los que perdi&amp;oacute frente a Felipe Calder&amp;oacuten, del PAN, por una diferencia del 0 .</content>
        </sentence>
        <sentence id="15">
          <content>56% de los votos .</content>
        </sentence>
        <sentence id="16">
          <content>En 2012, L&amp;oacutepez Obrador volvi&amp;oacute a perder, ahora ante Pe&amp;ntilde;a Nieto, por una diferencia de 6 .</content>
        </sentence>
        <sentence id="17">
          <content>Desde que retir&amp;oacute su precandidatura, Ebrard no ha ocultado su intenci&amp;oacuten de buscar nuevamente la candidatura en el a&amp;ntilde;o 2018 .</content>
        </sentence>
        <sentence id="18">
          <content>En septiembre del a&amp;ntilde;o pasado, tras los resultados adversos, L&amp;oacutepez Obrador anunci&amp;oacute su separaci&amp;oacuten de los partidos que lo apoyaron, y que su llamado Movimiento Regeneraci&amp;oacuten Nacional (Morena) se convertir&amp;iacute;a en su 'brazo pol&amp;iacute;tico' .</content>
        </sentence>
        <sentence id="19">
          <content>Con informaci&amp;oacuten de la agencia Notimex .</content>
        </sentence>
      </sentences>
    </paragraph>
  </article>
</document>
