<?xml version="1.0" encoding="UTF-8"?>
<document id="309" link="http://mexico.cnn.com/nacional/2013/11/04/el-ejercito-controla-la-seguridad-del-puerto-de-lazaro-cardenas-michoacan" category="Nacional" highlights_mapped="false">
  <title>El Ej&amp;eacute;rcito controla la seguridad del puerto de L&amp;aacute;zaro C&amp;aacute;rdenas, Michoac&amp;aacute;n - Nacional - CNNMexico.com</title>
  <keywords>michoacan, ejercito, lazaro cardenas, policia municipal, desarme, arquimedes oseguera, caballeros templarios, autodefensas,</keywords>
  <summaries>
    <highlights>
      <sentence id="1" ids_sentences_article="">El Ej&amp;eacute;rcito asumi&amp;oacute el control de la seguridad en L&amp;aacute;zaro C&amp;aacute;rdenas, Michoac&amp;aacute;n.</sentence>
      <sentence id="2" ids_sentences_article="">L&amp;aacute;zaro C&amp;aacute;rdenas es el segundo municipio michoacano en donde la polic&amp;iacute;a municipal es relevada por elementos del Ej&amp;eacute;rcito.</sentence>
      <sentence id="3" ids_sentences_article="">Michoac&amp;aacute;n ha registrado violencia en los &amp;uacute;ltimos meses por las disputas entre c&amp;aacute;rteles antag&amp;oacutenicos y las llamadas "autodefensas".</sentence>
    </highlights>
  </summaries>
  <article>
    <paragraph id="1">
      <sentences>
        <sentence id="1">
          <content>El Ej&amp;eacute;rcito controla la seguridad del puerto de L&amp;aacute;zaro C&amp;aacute;rdenas, Michoac&amp;aacute;n.</content>
        </sentence>
        <sentence id="2">
          <content>Los elementos de la polic&amp;iacute;a municipal fueron desarmados y acuartelados por el Ej&amp;eacute;rcito, confirm&amp;oacute el alcalde Arqu&amp;iacute;medes Oseguera.</content>
        </sentence>
        <sentence id="3">
          <content>(CNNM&amp;eacute;xico) -- Elementos del Ej&amp;eacute;rcito mexicano asumieron este lunes el control de la seguridad en el puerto de L&amp;aacute;zaro C&amp;aacute;rdenas, Michoac&amp;aacute;n, confirm&amp;oacute el alcalde Arqu&amp;iacute;medes Oseguera .</content>
        </sentence>
        <sentence id="4">
          <content>El edil inform&amp;oacute que los elementos castrenses llegaron a la comandancia municipal la ma&amp;ntilde;ana de este lunes, en donde mantienen acuartelados a los miembros polic&amp;iacute;a municipal, report&amp;oacute la agencia Notimex .</content>
        </sentence>
        <sentence id="5">
          <content>Seg&amp;uacute;n Eduardo S&amp;aacute;nchez, vocero de seguridad del gobierno federal, la Secretar&amp;iacute;a de Marina (Semar) estar&amp;aacute; a cargo de las instalaciones portuarias, para lo cual incrementar&amp;aacute; el personal del Centro Unificado para la Atenci&amp;oacuten de Incidentes Mar&amp;iacute;timos y Portuarios, con lo que se pretende garantizar la seguridad de los buques .</content>
        </sentence>
        <sentence id="6">
          <content>En tanto, la Secretar&amp;iacute;a de la Defensa Nacional (Sedena) reforzar&amp;aacute; la seguridad del municipio y las v&amp;iacute;as de acceso al puerto, adem&amp;aacute;s de que evaluar&amp;aacute; y adiestrar&amp;aacute; a los polic&amp;iacute;as municipales, los cuales fueron desarmados y acuartelados la ma&amp;ntilde;ana de este lunes .</content>
        </sentence>
        <sentence id="7">
          <content>Mientras los elementos de la polic&amp;iacute;a municipal son adiestrados, elementos del Ej&amp;eacute;rcito realizar&amp;aacute;n las tareas de patrullaje en el municipio, anunci&amp;oacute S&amp;aacute;nchez .</content>
        </sentence>
        <sentence id="8">
          <content>Adem&amp;aacute;s, al operativo tambi&amp;eacute;n se uni&amp;oacute la Polic&amp;iacute;a Federal, que apoyar&amp;aacute; en sus tareas al Ej&amp;eacute;rcito, y que garantizar&amp;aacute; el libre tr&amp;aacute;nsito de personas por las carreteras locales .</content>
        </sentence>
        <sentence id="9">
          <content>La Procuradur&amp;iacute;a General de la Rep&amp;uacute;blica (PGR) coadyuvar&amp;aacute; en las revisiones de rutina que se realizan dentro y fuera del recinto portuario, y recibir&amp;aacute; las denuncias de probables actividades il&amp;iacute;citas en la zona .</content>
        </sentence>
        <sentence id="10">
          <content>Seg&amp;uacute;n el vocero, tambi&amp;eacute;n se relevar&amp;aacute;n de manera gradual en su totalidad a todos los servidores p&amp;uacute;blicos del puerto .</content>
        </sentence>
        <sentence id="11">
          <content>L&amp;aacute;zaro C&amp;aacute;rdenas es el segundo municipio en donde la polic&amp;iacute;a municipal es relevada por elementos del Ej&amp;eacute;rcito Mexicano durante los &amp;uacute;ltimos d&amp;iacute;as .</content>
        </sentence>
        <sentence id="12">
          <content>La semana pasada ocurri&amp;oacute lo mismo en el municipio de Apatzing&amp;aacute;n en donde el Ej&amp;eacute;rcito y la Polic&amp;iacute;a Federal mantienen las tareas de seguridad .</content>
        </sentence>
        <sentence id="13">
          <content>Durante la conferencia, el jefe del Servicio de Administraci&amp;oacuten Tributaria (SAT) de la Secretar&amp;iacute;a de Hacienda, Arist&amp;oacuteteles N&amp;uacute;&amp;ntilde;ez, inform&amp;oacute que el puerto de L&amp;aacute;zaro C&amp;aacute;rdenas es el segundo en volumen de manejo en contenedores y el tercero respecto al valor de la mercanc&amp;iacute;a, solo superados por Manzanillo y Veracruz .</content>
        </sentence>
        <sentence id="14">
          <content>En el puerto ocurren diariamente 91,296 operaciones de comercio exterior, un promedio de 9,130 operaciones diarias, lo que se traduce en una recaudaci&amp;oacuten de m&amp;aacute;s de 16,500 millones de pesos .</content>
        </sentence>
        <sentence id="15">
          <content>Esto convierte a L&amp;aacute;zaro C&amp;aacute;rdenas --donde operan 41 empresas privadas y entidades p&amp;uacute;blicas como Petroleos Mexicanos y Comisi&amp;oacuten Federal de Electricidad-- en el puerto n&amp;uacute;mero cuatro a nivel nacional en recaudaci&amp;oacuten, seg&amp;uacute;n N&amp;uacute;&amp;ntilde;ez .</content>
        </sentence>
        <sentence id="16">
          <content>Michoac&amp;aacute;n ha registrado violencia en los &amp;uacute;ltimos meses por las disputas entre c&amp;aacute;rteles antag&amp;oacutenicos y las recientemente formadas "autodefensas", que son grupos de civiles que se levantaron en armas supuestamente para defenderse de las extorsiones que sufren por parte de estas organizaciones criminales .</content>
        </sentence>
        <sentence id="17">
          <content>El pasado 27 de octubre, un grupo de personas no identificadas atacaron con armas de alto calibre y bombas "molotov" varias estaciones el&amp;eacute;ctricas en la subregi&amp;oacuten michoacana de Tierra Caliente, dejando sin luz a 420,000 personas durante horas, hechos por los que fueron detenidas tres personas, seg&amp;uacute;n anunci&amp;oacute el gobierno federal .</content>
        </sentence>
        <sentence id="18">
          <content>Tambi&amp;eacute;n incendiaron seis gasolineras, cuatro de ellas en Morelia, capital estatal, y se registraron diversos enfrentamientos entre hombres armados y fuerzas del orden, con un saldo oficial de siete muertos .</content>
        </sentence>
        <sentence id="19">
          <content>El sabotaje masivo de fuentes de energ&amp;iacute;a ocurri&amp;oacute pocas horas despu&amp;eacute;s de que unos 300 integrantes de las autodefensas irrumpieran en Apatzing&amp;aacute;n, basti&amp;oacuten de la organizaci&amp;oacuten delictiva Los Caballeros Templarios, en un fallido intento por hacerse del control del municipio .</content>
        </sentence>
      </sentences>
    </paragraph>
  </article>
</document>
