<?xml version="1.0" encoding="UTF-8"?>
<document id="889" link="http://mexico.cnn.com/nacional/2014/03/21/la-defensa-de-hipolito-mora-apela-el-auto-de-formal-prision" category="Nacional" highlights_mapped="false">
  <title>La defensa de Hip&amp;oacute;lito Mora apela el auto de formal prisi&amp;oacute;n - Nacional - CNNMexico.com</title>
  <keywords>hipolito, hipolito mora, apela, recurso, auto, de formal prision, carcel, michoacan, la ruana, autodefensas</keywords>
  <summaries>
    <highlights>
      <sentence id="1" ids_sentences_article="">La defensa de Hip&amp;oacute;lito Mora apel&amp;oacute; el auto de formal prisi&amp;oacute;n en su contra.</sentence>
      <sentence id="2" ids_sentences_article="">El abogado de Mora estim&amp;oacute; que el recurso se resolver&amp;aacute; en 45 d&amp;iacute;as.</sentence>
    </highlights>
  </summaries>
  <article>
    <paragraph id="1">
      <sentences>
        <sentence id="1">
          <content>La defensa de Hip&amp;oacute;lito Mora apela el auto de formal prisi&amp;oacute;n.</content>
        </sentence>
        <sentence id="2">
          <content>El abogado estim&amp;oacute; que el recurso se resolver&amp;aacute; en 45 d&amp;iacute;as y que permitir&amp;aacute; que el l&amp;iacute;der de autodefensas de La Ruana, Michoac&amp;aacute;n, quede libre.</content>
        </sentence>
        <sentence id="3">
          <content>(CNNM&amp;eacute;xico) -- La defensa de Hip&amp;oacute;lito Mora, fundador de los grupos de autodefensa de La Ruana, Michoac&amp;aacute;n, apel&amp;oacute; este viernes el auto de formal prisi&amp;oacute;n que un juez dict&amp;oacute; en contra del l&amp;iacute;der por su presunta relaci&amp;oacute;n con el homicidio de dos personas .</content>
        </sentence>
        <sentence id="4">
          <content>"El auto de formal prisi&amp;oacute;n que se dict&amp;oacute; fue ilegal sin lugar a dudas", dijo el abogado de Mora, Eduardo Quintero, en una entrevista con Milenio TV .</content>
        </sentence>
        <sentence id="5">
          <content>El recurso de apelaci&amp;oacute;n fue presentado la ma&amp;ntilde;ana de este viernes y la defensa est&amp;aacute; esperando a qu&amp;eacute; instancia se turnar&amp;aacute; para ser revisado, inform&amp;oacute; Quintero, quien estim&amp;oacute; que el caso se resolver&amp;aacute; en unos 45 d&amp;iacute;as .</content>
        </sentence>
        <sentence id="6">
          <content>"En este momento, est&amp;aacute; su situaci&amp;oacute;n pendiente de resolver", dijo .</content>
        </sentence>
        <sentence id="7">
          <content>Este jueves, un juez dict&amp;oacute; el auto de formal prisi&amp;oacute;n contra Mora por su presunta relaci&amp;oacute;n en el asesinato de Rafael S&amp;aacute;nchez, el Pollo, y de Jos&amp;eacute; Luis Torres .</content>
        </sentence>
        <sentence id="8">
          <content>Adem&amp;aacute;s, Mora enfrenta otras 35 acusaciones ante la Procuradur&amp;iacute;a General de Justicia del Estado (PGJE) .</content>
        </sentence>
        <sentence id="9">
          <content>Mora fue detenido la semana pasada y desde entonces niega los se&amp;ntilde;alamientos en su contra .</content>
        </sentence>
        <sentence id="10">
          <content>Actualmente permanece en un penal cercano a Morelia, la capital de Michoac&amp;aacute;n .</content>
        </sentence>
        <sentence id="11">
          <content>La noche de este jueves, el juez fren&amp;oacute; su traslado a una prisi&amp;oacute;n del municipio de Apatzing&amp;aacute;n, al que se preve&amp;iacute;a que fuera llevado, argumentando cuestiones de salud .</content>
        </sentence>
        <sentence id="12">
          <content>Durante las audiencias que ha tenido desde su detenci&amp;oacute;n, Mora ha dicho a medios que las autoridades estatales lo han tratado "bien", aunque teme por la seguridad de su familia .</content>
        </sentence>
        <sentence id="13">
          <content>Antes de ser detenido, Mora protagoniz&amp;oacute; un diferendo con otro l&amp;iacute;der de grupos de autodefensa, Luis Antonio Torres, el Americano .</content>
        </sentence>
        <sentence id="14">
          <content>Ambos se acusan mutuamente de participar en asesinatos y extorsiones contra pobladores .</content>
        </sentence>
        <sentence id="15">
          <content>El caso se desarrolla mientras el gobierno federal lleva a cabo un operativo en Michoac&amp;aacute;n para frenar a la delincuencia, al tiempo que busca contener a las autodefensas que se formaron para supuestamente erradicar a organizaciones criminales como Los Caballeros Templarios .</content>
        </sentence>
      </sentences>
    </paragraph>
  </article>
</document>
