<?xml version="1.0" encoding="UTF-8"?>
<document id="372" link="http://mexico.cnn.com/nacional/2013/03/07/durango-detiene-a-presuntos-atacantes-del-diario-el-siglo-de-torreon" category="Nacional" highlights_mapped="false">
  <title>Autoridades detienen a los presuntos atacantes de 'El Siglo de Torre&amp;oacuten' - Periodistas en peligro - Nacional - CNNMexico.com</title>
  <keywords>siglo de torreon, durango, criminales, coahuila, ataques, periodistas, medios de comunicacion, comarca lagunera</keywords>
  <summaries>
    <highlights>
      <sentence id="1" ids_sentences_article="">Autoridades de Durango detuvieron a 21 personas acusadas de atacar las instalaciones del diario 'El Siglo de Torre&amp;oacuten'.</sentence>
      <sentence id="2" ids_sentences_article="">Los 17 hombres y 4 mujeres tambi&amp;eacute;n son acusados de asesinar a un aspirante a alcalde.</sentence>
      <sentence id="3" ids_sentences_article="">As&amp;iacute; como de 40 asesinatos y secuestros en la Comarca Lagunera.</sentence>
    </highlights>
  </summaries>
  <article>
    <paragraph id="1">
      <sentences>
        <sentence id="1">
          <content>Autoridades detienen a los presuntos atacantes de 'El Siglo de Torre&amp;oacuten'.</content>
        </sentence>
        <sentence id="2">
          <content>La fiscal&amp;iacute;a del estado dio a conocer el arresto de 21 personas a quienes acusan de atacar y secuestrar a cinco trabajadores del peri&amp;oacutedico.</content>
        </sentence>
        <sentence id="3">
          <content>(CNNM&amp;eacute;xico) -- Las autoridades de Durango anunciaron este jueves la detenci&amp;oacuten de 21 personas presuntamente relacionadas con el secuestro de cinco trabajadores deEl Siglo de Torre&amp;oacuten, un diario de Coahuila que ha sido objeto de varias agresiones en los &amp;uacute;ltimos cuatro a&amp;ntilde;os .</content>
        </sentence>
        <sentence id="4">
          <content>La fiscal&amp;iacute;a de Durango, estado ubicado al noroeste de M&amp;eacute;xico, se&amp;ntilde;al&amp;oacute a los detenidos --17 hombres y cuatro mujeres-- como presuntos responsables del secuestro de dos administradores del sitio web del peri&amp;oacutedico, un trabajador del &amp;aacute;rea de circulaci&amp;oacuten y dos de cr&amp;eacute;dito y cobranza, quienes permanecieron retenidospor m&amp;aacute;s de diez horas el 7 de febrero .</content>
        </sentence>
        <sentence id="5">
          <content>"El secuestro de cinco trabajadores deEl Siglo de Torre&amp;oacutenes un hecho que cimbr&amp;oacute a esta casa editora y puso otra vez en relieve las nulas condiciones de seguridad para los medios de comunicaci&amp;oacuten ante la ola de violencia", indic&amp;oacute el diario en un posicionamiento publicado en su sitio web .</content>
        </sentence>
        <sentence id="6">
          <content>Los detenidos fueron presentados la ma&amp;ntilde;ana de este jueves en la Fiscal&amp;iacute;a General de Durango .</content>
        </sentence>
        <sentence id="7">
          <content>Las autoridades tambi&amp;eacute;n responsabilizan a los acusados por el asesinado delaspirante a la alcald&amp;iacute;a del municipio de Lerdo, Mario Landeros, y del atentadocontra las empresas madereras de la alcaldesa del municipio de G&amp;oacutemez Palacio, Mar&amp;iacute;a del Roc&amp;iacute;o Rebollo, indic&amp;oacute este jueves la fiscal estatal, Sonia de la Garza Fragoso .</content>
        </sentence>
        <sentence id="8">
          <content>Las 21 personas tambi&amp;eacute;n son acusadas de al menos 40 asesinatos y secuestros en la Comarca Lagunera, regi&amp;oacuten de paso entre Durango y la Ciudad de Torre&amp;oacuten, en Coahuila, detall&amp;oacute la fiscal .</content>
        </sentence>
        <sentence id="9">
          <content>Al momento de las capturas, los detenidos cargaban 20 armas largas, tres subametralladoras, siete armas cortas, chalecos antibalas y dosis de marihuana y coca&amp;iacute;na, informaron las autoridades .</content>
        </sentence>
        <sentence id="10">
          <content>El Siglo de Torre&amp;oacutenha sido objeto de agresiones durante los &amp;uacute;ltimos cuatro a&amp;ntilde;os .</content>
        </sentence>
        <sentence id="11">
          <content>En agosto de 2009 ynoviembre de 2011sus instalaciones fueron atacadas por sujetos armados .</content>
        </sentence>
        <sentence id="12">
          <content>En febrero,el diario fue atacado nuevamente en dos ocasiones por hombres armados; en una agresi&amp;oacuten muri&amp;oacute un civil, inform&amp;oacute la agencia Notimex citando a autoridades locales .</content>
        </sentence>
        <sentence id="13">
          <content>Aunque los disparos afectaron una de las entradas del edificio y la fachada, la agresi&amp;oacuten se dirigi&amp;oacute contra una patrulla de la Polic&amp;iacute;a Federal asignada a la vigilancia del medio, cuyos agentes no tuvieron oportunidad de responder la agresi&amp;oacuten, inform&amp;oacuteEl Siglo .</content>
        </sentence>
        <sentence id="14">
          <content>El edificio del diario recibi&amp;oacute 30 impactos de bala de rifles AK47, seg&amp;uacute;n el reporte .</content>
        </sentence>
      </sentences>
    </paragraph>
  </article>
</document>
