<?xml version="1.0" encoding="UTF-8"?>
<document id="757" link="http://mexico.cnn.com/nacional/2014/03/03/la-liberacion-de-policias-comunitarios-de-aquila-sera-gradual-autodefensa" category="Nacional" highlights_mapped="false">
  <title>La liberaci&amp;oacuten de polic&amp;iacute;as comunitarios de Aquila ser&amp;aacute; gradual: autodefensa - Nacional - CNNMexico.com</title>
  <keywords>nacional, michoacan, autodefensas, jose manuel mireles, tierra caliente, aquila, desarme, tepalcatepec</keywords>
  <summaries>
    <highlights>
      <sentence id="1" ids_sentences_article="">La liberaci&amp;oacuten de miembros de autodefensas se realizar&amp;aacute; gradualmente inform&amp;oacute Hip&amp;oacutelito Mora.</sentence>
      <sentence id="2" ids_sentences_article="">En agosto de 2013 fueron detenidas 45 personas armadas en el municipio de Aquila, Michoac&amp;aacute;n.</sentence>
      <sentence id="3" ids_sentences_article="">El Ministerio P&amp;uacute;blico de la PGR acus&amp;oacute a los hombres de portaci&amp;oacuten de armas de fuego exclusivas del Ej&amp;eacute;rcito.</sentence>
    </highlights>
  </summaries>
  <article>
    <paragraph id="1">
      <sentences>
        <sentence id="1">
          <content>La liberaci&amp;oacuten de polic&amp;iacute;as comunitarios de Aquila ser&amp;aacute; gradual: autodefensa.</content>
        </sentence>
        <sentence id="2">
          <content>45 polic&amp;iacute;as comunitarios del municipio en prisi&amp;oacuten desde hace 6 meses ser&amp;aacute;n liberados poco a poco, seg&amp;uacute;n Hip&amp;oacutelito Mora, l&amp;iacute;der de autodefensas.</content>
        </sentence>
        <sentence id="3">
          <content>(CNNM&amp;eacute;xico) -- La liberaci&amp;oacuten de los 40 elementos del grupo de autodefensas del municipio de Aquila, Michoac&amp;aacute;n, encarcelados desde 2013, se realizar&amp;aacute; de manera gradual, inform&amp;oacuteHip&amp;oacutelito Mora, l&amp;iacute;der de una de las autodefensas de Tierra Caliente"Estamos esperando que los que est&amp;aacute;n detenidos y tienen un a&amp;ntilde;o encerrados, puedan salir peri&amp;oacutedicamente, no los van a soltar a todos de manera simult&amp;aacute;nea, pero si de a poco", dijo Mora este lunes en entrevista con Paola Rojas en Radio F&amp;oacutermula .</content>
        </sentence>
        <sentence id="4">
          <content>El 14 de agosto de 2013, el Ej&amp;eacute;rcito y la Polic&amp;iacute;a Ministerial estatal realizaron un operativo de desarme en Aquila, en el que fueron detenidas 45 personas armadas, 40 de las cuales declararon ser parte de esta polic&amp;iacute;a comunitaria, las otras cinco fueron desconocidos como miembros de la comunidad .</content>
        </sentence>
        <sentence id="5">
          <content>El Ministerio P&amp;uacute;blico de la Procuradur&amp;iacute;a General de la Rep&amp;uacute;blica (PGR)acus&amp;oacute a los 45 hombres del delito de portaci&amp;oacuten de armas de fuego exclusivas del Ej&amp;eacute;rcito, y a los l&amp;iacute;deres --los hermanos Agust&amp;iacute;n, Vicente y Efra&amp;iacute;n Villanueva Ram&amp;iacute;rez-- les agregaron el cargo de acopio de armas .</content>
        </sentence>
        <sentence id="6">
          <content>Actualmente, los tres l&amp;iacute;deres del grupo est&amp;aacute;n en una c&amp;aacute;rcel estatal de Morelia, y otros 16 acusados permanecen en el Centro Federal de Readaptaci&amp;oacuten Social n&amp;uacute;mero 5, una prisi&amp;oacuten de alta seguridad en el estado de Veracruz .</content>
        </sentence>
        <sentence id="7">
          <content>Los otros 21 siguen el proceso en libertad bajo fianza .</content>
        </sentence>
        <sentence id="8">
          <content>Al ser un delito federal, un juez orden&amp;oacute iniciar un juicio para todos los acusados desde las prisiones de Veracruz y Morelia, y despu&amp;eacute;s concedi&amp;oacute una fianza a 21 de ellos .</content>
        </sentence>
        <sentence id="9">
          <content>Mora inform&amp;oacute que los grupos de autodefensa de Tierra Caliente ya est&amp;aacute; en "pl&amp;aacute;ticas avanzadas" con el gobierno federal para lograr su liberaci&amp;oacuten .</content>
        </sentence>
        <sentence id="10">
          <content>Hasta febrero pasado la Secretar&amp;iacute;a de Gobernaci&amp;oacuten no hab&amp;iacute;a fijado ninguna postura sobre este caso .</content>
        </sentence>
        <sentence id="11">
          <content>A diferencia del grupo de Aquila, las autodefensas de la Tierra Caliente y el gobierno federalfirmaron un acuerdo el 27 de enero para su legalizaci&amp;oacutenque incluye tenencia de armas .</content>
        </sentence>
        <sentence id="12">
          <content>La polic&amp;iacute;a comunitaria de Aquila no se considera parte de las autodefensas de la regi&amp;oacuten, pero dicen defender la misma causa de seguridad ciudadana, as&amp;iacute; como los recursos naturales de la regi&amp;oacuten rica en yacimientos de hierro, dijo el abogado de los detenidos, Leonel Rivero .</content>
        </sentence>
      </sentences>
    </paragraph>
  </article>
</document>
