<?xml version="1.0" encoding="UTF-8"?>
<document id="615" link="http://mexico.cnn.com/nacional/2013/07/19/la-periodista-mexicana-marcela-turati-sera-premiada-en-eu" category="Nacional" highlights_mapped="false">
  <title>La periodista mexicana Marcela Turati ser&amp;aacute; premiada en EU - Nacional - CNNMexico.com</title>
  <keywords>marcela turati, prensa, periodismo, periodista, mexico, recibira un premio, reconocimientos, periodistas de a pie</keywords>
  <summaries>
    <highlights>
      <sentence id="1" ids_sentences_article="">Marcela Turati recibir&amp;aacute; el premio de Derechos Humanos 2013 de una organizaci&amp;oacuten de EU.</sentence>
      <sentence id="2" ids_sentences_article="">WOLA reconoci&amp;oacute a la periodista por su cobertura de las historias de v&amp;iacute;ctimas de violencia en M&amp;eacute;xico.</sentence>
      <sentence id="3" ids_sentences_article="">As&amp;iacute; como por su trabajo en la organizaci&amp;oacuten Periodistas de a Pie.</sentence>
    </highlights>
  </summaries>
  <article>
    <paragraph id="1">
      <sentences>
        <sentence id="1">
          <content>La periodista mexicana Marcela Turati ser&amp;aacute; premiada en EU.</content>
        </sentence>
        <sentence id="2">
          <content>La organizaci&amp;oacuten civil WOLA reconocer&amp;aacute; a Marcela Turati por dar voz a las v&amp;iacute;ctimas de la violencia y su trabajo preparando periodistas.</content>
        </sentence>
        <sentence id="3">
          <content>(CNNM&amp;eacute;xico) -- La periodista mexicana Marcela Turati recibir&amp;aacute; el premio de Derechos Humanos 2013 de la Oficina en Washington para Asuntos Latinoamericanos (WOLA) por su cobertura de las historias de v&amp;iacute;ctimas de violencia y su trabajo capacitando a periodistas para trabajar en medio del conflicto .</content>
        </sentence>
        <sentence id="4">
          <content>WOLA, una organizaci&amp;oacuten no gubernamental que defiende los derechos humanos en Am&amp;eacute;rica Latina, reconoci&amp;oacute a Marcela Turati por su "valiente cobertura de la violencia relacionada a la guerra contra las drogas en M&amp;eacute;xico y su trabajo para proteger a periodistas que dan voz a las v&amp;iacute;ctimas", se&amp;ntilde;al&amp;oacute la organizaci&amp;oacuten en un comunicado .</content>
        </sentence>
        <sentence id="5">
          <content>La reportera de la revista Proceso espera que recibir el premio permita visibilizar el trabajo de los periodistas en el pa&amp;iacute;s y las historias de las v&amp;iacute;ctimas de la violencia .</content>
        </sentence>
        <sentence id="6">
          <content>"Los periodistas la est&amp;aacute;n pasando muy mal, los periodistas de las regiones principalmente", se&amp;ntilde;al&amp;oacute Marcela Turati en entrevista con CNNM&amp;eacute;xico .</content>
        </sentence>
        <sentence id="7">
          <content>"Ojal&amp;aacute; tambi&amp;eacute;n llame la atenci&amp;oacuten a tanta impunidad por las muertes y desapariciones (de periodistas), as&amp;iacute; como los desplazamientos forzados de periodistas que en un pa&amp;iacute;s democr&amp;aacute;tica no se deber&amp;iacute;an de permitir", agreg&amp;oacute .</content>
        </sentence>
        <sentence id="8">
          <content>El trabajo de la reportera se ha concentrado principalmente en cubrir las historias de las personas afectadas por la violencia por la estrategia de combate al narcotr&amp;aacute;fco del gobierno del expresidente Felipe Calder&amp;oacuten .</content>
        </sentence>
        <sentence id="9">
          <content>"Me propuse cubrir a las v&amp;iacute;ctimas porque sent&amp;iacute;a que el gobierno usaba todo su aparato de comunicaci&amp;oacuten para se&amp;ntilde;alar que no nos preocup&amp;aacute;ramos que eran bajas colaterales, que se mataban entre malos", se&amp;ntilde;al&amp;oacute .</content>
        </sentence>
        <sentence id="10">
          <content>"Es una mentira que no se puede plantear as&amp;iacute; de buenos contra malos y no se puede atacar a punta de balazos" .</content>
        </sentence>
        <sentence id="11">
          <content>Turati tambi&amp;eacute;n ha colaborado con otros periodistas, como en el libro Entre las Cenizas, en el que trabaj&amp;oacute como coordinadora y que habla sobre las historias de personas que se organizaron en sus comunidades para contrarrestar la violencia .</content>
        </sentence>
        <sentence id="12">
          <content>"Sent&amp;iacute; que hab&amp;iacute;a contarlo desde los h&amp;eacute;roes an&amp;oacutenimos para buscar que otros se unan, como respuesta a la impotencia que siente mucha gente que cuando ve las noticias siente que no hay nada que hacer, que siente una impotencia enorme, hay esperanza en estas historias", se&amp;ntilde;al&amp;oacute .</content>
        </sentence>
        <sentence id="13">
          <content>Con el premio, la organizaci&amp;oacuten reconoce el trabajo period&amp;iacute;stico de Turati as&amp;iacute; como su labor en Periodistas de a Pie, organizaci&amp;oacuten de la que es cofundadora .</content>
        </sentence>
        <sentence id="14">
          <content>Periodistas de a Pie prepara a comunicadores para defender su seguridad, crear redes de protecci&amp;oacuten y formar estrategias para evadir la censura, se&amp;ntilde;ala WOLA .</content>
        </sentence>
        <sentence id="15">
          <content>"Una prensa libre y vibrante es cr&amp;iacute;tica para la protecci&amp;oacuten de los derechos humanos, el avance la democracia y la creaci&amp;oacuten de pol&amp;iacute;ticas p&amp;uacute;blicas s&amp;oacutelidas", agreg&amp;oacute la organizaci&amp;oacuten en el comunicado .</content>
        </sentence>
        <sentence id="16">
          <content>La periodista es una de las tres personas que ser&amp;aacute;n galardonadas con el pemio este a&amp;ntilde;o .</content>
        </sentence>
        <sentence id="17">
          <content>Tambi&amp;eacute;n se encuentra el Senador estadounidense Tom Harkin por su trabajo legislativo a favor de Latinoamerica durante 40 a&amp;ntilde;os .</content>
        </sentence>
        <sentence id="18">
          <content>As&amp;iacute; como el embajador Milton Romani Gerner, representante de Uruguay en la Organizaci&amp;oacuten de Estados Americanos (OEA), por su trabajo que ha promovido un debate sobre las pol&amp;iacute;ticas contra las drogas en su pa&amp;iacute;s y el resto de Latinoam&amp;eacute;rica .</content>
        </sentence>
        <sentence id="19">
          <content>La gala en que se entregar&amp;aacute;n los premios se realizar&amp;aacute; el 24 de octubre en la Embajada de Francia en Washington, Estados Unidos .</content>
        </sentence>
        <sentence id="20">
          <content>En febrero, Marcela Turati recibi&amp;oacute el reconocimiento Louis M .</content>
        </sentence>
        <sentence id="21">
          <content>Lyons a la conciencia e integridad en el periodismoque otorga la Fundaci&amp;oacuten Niemande la Universidad de Harvard, en Estados Unidos, por su trabajo que destaca lashistorias de las v&amp;iacute;ctimas de la violencia .</content>
        </sentence>
        <sentence id="22">
          <content>Turati ha trabajado en varios peri&amp;oacutedicos nacionales y escrito para medios de Estados Unidos, Per&amp;uacute;, Venezuela, Chile, Uruguay, Colombia, Ecuador y Argentina, de acuerdo con su perfil publicado en la p&amp;aacute;gina de la organizaci&amp;oacuten Periodistas de a Pie .</content>
        </sentence>
        <sentence id="23">
          <content>En 2007 gan&amp;oacute el premio latinoamericano PNUD-IPS "Am&amp;eacute;rica Latina y los Objetivos de Desarrollo del Milenio" por una serie de reportajers sobre ni&amp;ntilde;os jornaleros .</content>
        </sentence>
        <sentence id="24">
          <content>Es autora del libroFuego Cruzado,que habla delas v&amp;iacute;ctimas de la guerra contra el narco, as&amp;iacute; como coautora deLa Guerra por Ju&amp;aacute;rezyMigraciones vemos&amp;hellip; infancias no sabemos .</content>
        </sentence>
      </sentences>
    </paragraph>
  </article>
</document>
