<?xml version="1.0" encoding="UTF-8"?>
<document id="452" link="http://mexico.cnn.com/nacional/2013/10/23/el-gobierno-mexicano-defiende-su-actuacion-en-derechos-humanos-ante-la-onu" category="Nacional" highlights_mapped="false">
  <title>El gobierno mexicano defiende su actuaci&amp;oacuten en derechos humanos - Nacional - CNNMexico.com</title>
  <keywords>derechos humanos, examen, onu, naciones unidas, mexico, jose antonio meade, migrantes,</keywords>
  <summaries>
    <highlights>
      <sentence id="1" ids_sentences_article="">M&amp;eacute;xico presenta un examen en materia de derechos humanos ante Naciones Unidas.</sentence>
      <sentence id="2" ids_sentences_article="">El organismo ha cuestionado el actuar de las autoridades en materia de justicia militar.</sentence>
      <sentence id="3" ids_sentences_article="">Tambi&amp;eacute;n ha cuestionado su actuar ante migrantes y la figura del arraigo.</sentence>
    </highlights>
  </summaries>
  <article>
    <paragraph id="1">
      <sentences>
        <sentence id="1">
          <content>El gobierno mexicano defiende su actuaci&amp;oacuten en derechos humanos.</content>
        </sentence>
        <sentence id="2">
          <content>Al iniciar el examen de M&amp;eacute;xico en la materia, realizado por la ONU, el funcionario dijo que las quejas contra las autoridades han disminuido.</content>
        </sentence>
        <sentence id="3">
          <content>GINEBRA (Notimex) -- El secretario de Relaciones Exteriores, Jos&amp;eacute; Antonio Meade defendi&amp;oacute la actuaci&amp;oacuten del gobierno de M&amp;eacute;xico en materia de derechos humanos al iniciar este mi&amp;eacute;rcoles el Examen Peri&amp;oacutedico Universal del Consejo de Derechos Humanos de Naciones Unidas, en Ginebra .</content>
        </sentence>
        <sentence id="4">
          <content>"En M&amp;eacute;xico la defensa y protecci&amp;oacuten de los derechos humanos es una tarea indeclinable (y) forma parte de la consolidaci&amp;oacuten de nuestra democracia", dijo .</content>
        </sentence>
        <sentence id="5">
          <content>El funcionario asegur&amp;oacute que en M&amp;eacute;xico han disminuido la violencia y las quejas ante la Comisi&amp;oacuten Nacional de los Derechos Humanos contra miembros de las fuerzas armadas y que el pa&amp;iacute;s tiene un nuevo enfoque en la atenci&amp;oacuten a las v&amp;iacute;ctimas de la delincuencia y de violaciones a derechos humanos .</content>
        </sentence>
        <sentence id="6">
          <content>En ese sentido, record&amp;oacute que en enero pasado se public&amp;oacute la Ley General de V&amp;iacute;ctimas, la cual cumple con los est&amp;aacute;ndares internacionales en la materia .</content>
        </sentence>
        <sentence id="7">
          <content>En cuanto a la actuaci&amp;oacuten de la justicia militar, la cual motiv&amp;oacute recomendaciones en el examen anterior, Meade coment&amp;oacute que el gobierno trabaja para redefinir la competencia de la misma .</content>
        </sentence>
        <sentence id="8">
          <content>"El Estado mexicano reconoce que ante situaciones que vulneran los derechos humanos de personas civiles, no debe operar la jurisdicci&amp;oacuten militar", indic&amp;oacute .</content>
        </sentence>
        <sentence id="9">
          <content>El informe previo entregado a M&amp;eacute;xico por las organizaciones de la sociedad civil, destacaban carencias en seguridad y acceso a la justicia, agresiones a defensores de derechos humanos y periodistas, el arraigo, la tortura, las desapariciones forzadas, as&amp;iacute; como la exclusi&amp;oacuten y violencia hacia grupos vulnerables como los ind&amp;iacute;genas, migrantes y mujeres .</content>
        </sentence>
        <sentence id="10">
          <content>Al referirse a los migrantes, quienes sufren robos, secuestros y violaciones durante su tr&amp;aacute;nsito por el pa&amp;iacute;s a Estados Unidos, Meade cit&amp;oacute las recientes acciones que incluyen la emisi&amp;oacuten de la Ley de Refugio y Protecci&amp;oacuten Complementaria de 2010, y la Ley de Migraci&amp;oacuten en 2011, as&amp;iacute; como programas de protecci&amp;oacuten de ni&amp;ntilde;as, ni&amp;ntilde;os y mujeres migrantes .</content>
        </sentence>
        <sentence id="11">
          <content>"La Constituci&amp;oacuten garantiza, hoy, el derecho de audiencia y debido proceso de los extranjeros frente a la hip&amp;oacutetesis de expulsi&amp;oacuten", dijo .</content>
        </sentence>
        <sentence id="12">
          <content>En cuanto a las desapariciones forzadas, cit&amp;oacute las reformas al C&amp;oacutedigo Penal Federal enviadas recientemente al Congreso, las cuales homologan a los est&amp;aacute;ndares internacionales la definici&amp;oacuten de ese delito, y record&amp;oacute la propuesta del Ejecutivo ante Senado para retirar la reserva formulada a la Convenci&amp;oacuten Interamericana sobre Desaparici&amp;oacuten Forzada .</content>
        </sentence>
        <sentence id="13">
          <content>"Se aprob&amp;oacute tambi&amp;eacute;n en 2011 la Ley del Registro Nacional de Personas Desaparecidas y Extraviadas que obliga al Gobierno Federal, en coordinaci&amp;oacuten con las autoridades locales, a construir un registro de personas en esta situaci&amp;oacuten", abund&amp;oacute .</content>
        </sentence>
        <sentence id="14">
          <content>Antes hab&amp;iacute;a dicho que la reforma constitucional de 2011 en materia de derechos humanos "representa la mayor ampliaci&amp;oacuten de derechos" desde que la Carta Magna fue promulgada en 1917 .</content>
        </sentence>
        <sentence id="15">
          <content>A&amp;ntilde;adi&amp;oacute que esos avances constitucionales se acompa&amp;ntilde;an del dise&amp;ntilde;o de pol&amp;iacute;ticas p&amp;uacute;blicas que integran de manera transversal la perspectiva de los derechos humanos y adelant&amp;oacute que ya se elabora el Programa Nacional de Derechos Humanos .</content>
        </sentence>
        <sentence id="16">
          <content>Record&amp;oacute que en 2009, en su examen anterior, M&amp;eacute;xico expuso las circunstancias de inseguridad y de violencia por las que atravesaba, por lo que en 2012 se replante&amp;oacute, junto con la sociedad, la Nueva Pol&amp;iacute;tica de Seguridad y Procuraci&amp;oacuten de Justicia .</content>
        </sentence>
        <sentence id="17">
          <content>Desde su punto de vista, esta pol&amp;iacute;tica atiende de manera integral las causas y no solo los efectos de ese fen&amp;oacutemeno, explic&amp;oacute .</content>
        </sentence>
        <sentence id="18">
          <content>M&amp;aacute;s adelante enumer&amp;oacute los esfuerzos que se han hecho para la protecci&amp;oacuten de los periodistas y defensores de derechos humanos .</content>
        </sentence>
        <sentence id="19">
          <content>Record&amp;oacute en 2012 M&amp;eacute;xico cre&amp;oacute el Mecanismo de Protecci&amp;oacuten para Personas Defensoras de Derechos Humanos y Periodistas, as&amp;iacute; como l&amp;iacute;neas de cooperaci&amp;oacuten con los gobiernos locales para la prevenci&amp;oacuten y protecci&amp;oacuten de la vida, integridad, libertad y seguridad de periodistas y defensores de derechos humanos .</content>
        </sentence>
        <sentence id="20">
          <content>Sobre temas de g&amp;eacute;nero, dijo que en M&amp;eacute;xico se pone en pr&amp;aacute;ctica el Programa Nacional para la Igualdad de Oportunidades y no Discriminaci&amp;oacuten contra las Mujeres 2013-2018, que por primera vez asume en la planeaci&amp;oacuten del desarrollo nacional la perspectiva de g&amp;eacute;nero .</content>
        </sentence>
        <sentence id="21">
          <content>Insisti&amp;oacute en que M&amp;eacute;xico est&amp;aacute; comprometido con el fortalecimiento del sistema internacional de los derechos humanos, y dijo que hay apertura al escrutinio internacional en este rubro .</content>
        </sentence>
        <sentence id="22">
          <content>Esa apertura se evidencia &amp;ndash;indic&amp;oacute&amp;ndash; en la "invitaci&amp;oacuten abierta y permanente a los mecanismos especializados de la ONU" .</content>
        </sentence>
        <sentence id="23">
          <content>En ese sentido se refiri&amp;oacute a la pasada visita al pa&amp;iacute;s de la Alta Comisionada de la ONU, Navi Pillay .</content>
        </sentence>
        <sentence id="24">
          <content>Meade es el funcionario de m&amp;aacute;s alto nivel que representa a M&amp;eacute;xico en el examen luego de que el secretario de Gobernaci&amp;oacuten, Miguel &amp;Aacute;ngel Osorio Chong, cancel&amp;oacute su participaci&amp;oacuten para atender la alerta por la llegada del hurac&amp;aacute;n Raymond a las costas de Guerrero y Michoac&amp;aacute;n .</content>
        </sentence>
      </sentences>
    </paragraph>
  </article>
</document>
