<?xml version="1.0" encoding="UTF-8"?>
<document id="228" link="http://mexico.cnn.com/nacional/2014/02/28/autodefensas-acuerdan-con-el-gobierno-que-no-ingresaran-a-morelia" category="Nacional" highlights_mapped="false">
  <title>Autodefensas acuerdan con el gobierno que no ingresar&amp;aacute;n a Morelia  - Nacional - CNNMexico.com</title>
  <keywords>michoacan, autodefensas, tierra caliente, templarios, violencia, narcotrafico</keywords>
  <summaries>
    <highlights>
      <sentence id="1" ids_sentences_article="">Integrantes de los grupos de autodefensa en Michoac&amp;aacute;n tuvieron un encuentro con el comisionado Alfredo Castillo.</sentence>
      <sentence id="2" ids_sentences_article="">Ah&amp;iacute; acordaron que no ingresar&amp;aacute;n a Morelia ni a ninguna cabecera municipal ni zona urbana, seg&amp;uacute;n un comunicado de Gobernaci&amp;oacuten.</sentence>
      <sentence id="3" ids_sentences_article="">Los grupos civiles de defensa no har&amp;aacute;n alg&amp;uacute;n movimiento sin antes haberlo acordado con las autoridades, agreg&amp;oacute la Secretar&amp;iacute;a.</sentence>
    </highlights>
  </summaries>
  <article>
    <paragraph id="1">
      <sentences>
        <sentence id="1">
          <content>Autodefensas acuerdan con el gobierno que no ingresar&amp;aacute;n a Morelia.</content>
        </sentence>
        <sentence id="2">
          <content>Los civiles no har&amp;aacute;n movimientos sin acordarlo con autoridades, seg&amp;uacute;n Gobernaci&amp;oacuten; autodefensas dijeron que trabajar&amp;aacute;n de 'diferente manera'.</content>
        </sentence>
        <sentence id="3">
          <content>(CNNM&amp;eacute;xico) -- A m&amp;aacute;s de un a&amp;ntilde;o de que tomaron las armas para enfrentar por su cuenta al grupo criminal de Los Caballeros Templarios en varios municipios de Michoac&amp;aacute;n, los grupos civiles conocidos como autodefensas acordaron con el gobierno federal que no ingresar&amp;aacute;n a Morelia, capital del estado, seg&amp;uacute;n un comunicado de la Secretar&amp;iacute;a de Gobernaci&amp;oacuten (Segob) .</content>
        </sentence>
        <sentence id="4">
          <content>Tampoco avanzar&amp;aacute;n a alguna cabecera municipal o zona urbana, y"solo tendr&amp;aacute;n presencia en filtros o puntos de revisi&amp;oacuten, siempre que sea de manera conjunta con las fuerzas federales", se estableci&amp;oacute tras un encuentro que ocurri&amp;oacute este viernes con el comisionado federal, Alfredo Castillo, en la43 Zona Militar de Apatzing&amp;aacute;n,de acuerdo con el mensaje .</content>
        </sentence>
        <sentence id="5">
          <content>Otro de los puntos acordados, seg&amp;uacute;n el mensaje de la Segob, es que los vigilantes civiles no har&amp;aacute;n movimiento alguno "que no sea consensado (sic) con las autoridades" del gobierno de la Rep&amp;uacute;blica y las del gobierno estatal .</content>
        </sentence>
        <sentence id="6">
          <content>"No vamos a entrar a Morelia .</content>
        </sentence>
        <sentence id="7">
          <content>Vamos a trabajar de diferente manera", mencion&amp;oacute en entrevista telef&amp;oacutenica uno de los voceros de las autodefensas michoacanas, Estanislao Beltr&amp;aacute;n, aunque rechaz&amp;oacute detallar cu&amp;aacute;l ser&amp;aacute; el cambio en su estrategia .</content>
        </sentence>
        <sentence id="8">
          <content>"Tuvimos la reuni&amp;oacuten, fue una reuni&amp;oacuten amena, y hay muy buena coordinaci&amp;oacuten . . . la tranquilidad de Michoac&amp;aacute;n se est&amp;aacute; logrando, ya estamos viendo que no ha habido disparos, y que vamos a hacer las cosas de tal manera ya, de hacerle ver, al pueblo, a los pueblos, que ya est&amp;aacute; tranquilo Michoac&amp;aacute;n", expres&amp;oacute el vocero sobre el encuentro con el comisionado Castillo .</content>
        </sentence>
        <sentence id="9">
          <content>El jueves pasado, al llegar a la zona de P&amp;aacute;tzcuaro, ciudada ubicada a unos 40 kil&amp;oacutemetros de Morelia, las autodefensas indicaron que "por el momento" no ingresar&amp;iacute;an a la capital estatal, seg&amp;uacute;n Beltr&amp;aacute;n .</content>
        </sentence>
        <sentence id="10">
          <content>"Que quede claro,vamos por los 113 municipios, pero no espec&amp;iacute;ficamente a Morelia .</content>
        </sentence>
        <sentence id="11">
          <content>A lo mejor nos regresamos a Uruapan, o vamos por otros", dijo .</content>
        </sentence>
        <sentence id="12">
          <content>El propio Beltr&amp;aacute;n hab&amp;iacute;a mencionado antes que activar&amp;iacute;an una estrategia para salir de la regi&amp;oacuten de Tierra Caliente, donde iniciaron su movimiento, para desplegarse hacia los municipios donde creen que podr&amp;iacute;an haberse replegado los templarios, tras el inicio del operativo federal, el 14 de enero pasado .</content>
        </sentence>
        <sentence id="13">
          <content>El comisionado Castillo mencion&amp;oacute entonces que las autoridades federales y estatales no permitir&amp;iacute;an que los vigilantes civiles llegaran a la capital de Michoac&amp;aacute;n .</content>
        </sentence>
        <sentence id="14">
          <content>Este viernes las autodefensas definieron que Estanislao Beltr&amp;aacute;n, Hip&amp;oacutelito Mora y Jos&amp;eacute; Manuel Mireles ser&amp;aacute;n los voceros &amp;uacute;nicos del movimiento civil, seg&amp;uacute;n el comunicado de Gobernaci&amp;oacuten .</content>
        </sentence>
        <sentence id="15">
          <content>"Lo que pudieran decir otras personas, no tendr&amp;aacute; el consentimiento de los grupos ciudadanos", se indic&amp;oacute en el texto .</content>
        </sentence>
        <sentence id="16">
          <content>En el caso de Mireles, a principios de febrero los propios grupos de autodefensa hab&amp;iacute;an acordado quitarle la vocer&amp;iacute;a, porque hab&amp;iacute;a estado "alejado del movimiento", al estar en recuperaci&amp;oacuten tras un accidente con un veh&amp;iacute;culo a&amp;eacute;reo .</content>
        </sentence>
        <sentence id="17">
          <content>Esa determinaci&amp;oacuten de descartarlo como vocero ocurri&amp;oacute despu&amp;eacute;s de que Mireles criticara en una entrevista con el diario El Pa&amp;iacute;sel acuerdo de las autodefensas para registrar sus armas con el Ej&amp;eacute;rcito, lo que calific&amp;oacute como un "teatrito" .</content>
        </sentence>
        <sentence id="18">
          <content>Las autodefensassurgieron en febrero de 2013en los municipios de Buenavista y Tepalcatepec, a unos 200 kil&amp;oacutemetros al suroeste de P&amp;aacute;tzcuaro .</content>
        </sentence>
        <sentence id="19">
          <content>Antes de cumplir un a&amp;ntilde;o de operaci&amp;oacuten, llegaron a un acuerdo con el gobierno federal para hacer institucional su labor de seguridad, al aceptar someterse a pruebas que los integraran como guardias rurales .</content>
        </sentence>
      </sentences>
    </paragraph>
  </article>
</document>
