<?xml version="1.0" encoding="UTF-8"?>
<document id="274" link="http://mexico.cnn.com/nacional/2013/10/15/ciudadanos-y-autoridades-cuestionan-certificacion-de-policias" category="Nacional" author="Lizbeth Padilla Fajardo" highlights_mapped="false">
  <title>Ciudadanos y autoridades cuestionan control de confianza de polic&amp;iacute;as - Nacional - CNNMexico.com</title>
  <keywords>seguridad, pe&amp;ntilde;a, causa en comun,morera, certificacion,policia federal</keywords>
  <summaries>
    <highlights>
      <sentence id="1" ids_sentences_article="">9% de los polic&amp;iacute;as en el pa&amp;iacute;s no ha pasado los sistemas de control de confianza.</sentence>
      <sentence id="2" ids_sentences_article="">25% no ha sido evaluado.</sentence>
      <sentence id="3" ids_sentences_article="">8% est&amp;aacute; pendiente d eobtener resultados.</sentence>
    </highlights>
  </summaries>
  <article>
    <paragraph id="1">
      <sentences>
        <sentence id="1">
          <content>Ciudadanos y autoridades cuestionan control de confianza de polic&amp;iacute;as.</content>
        </sentence>
        <sentence id="2">
          <content>Mar&amp;iacute;a Elena Morera reconoci&amp;oacute que los homicidios en el pa&amp;iacute;s han bajado 15% de enero a agosto, pero no conf&amp;iacute;an en que as&amp;iacute; contin&amp;uacute;e.</content>
        </sentence>
        <sentence id="3">
          <content>CIUDAD DE M&amp;Eacute;XICO (CNNM&amp;eacute;xico) -- El sistema de evaluaci&amp;oacuten de confianza de los polic&amp;iacute;as federales y locales fue cuestionado por organizaciones civiles y autoridades este martes .</content>
        </sentence>
        <sentence id="4">
          <content>El presidente Enrique Pe&amp;ntilde;a Nieto reconoci&amp;oacute que el sistema de certificaci&amp;oacuten de confianza es perfectible y que se requiere de invertir mayores recursos para la profesionalizaci&amp;oacuten de los elementos policiales .</content>
        </sentence>
        <sentence id="5">
          <content>Dijo que se debe adecuar el entrenamiento policial a las nuevas formas de actuar del crimen, pues la forma en que se despliega y comporta exige de las polic&amp;iacute;as una mayor profesionalizaci&amp;oacuten .</content>
        </sentence>
        <sentence id="6">
          <content>"Hay que ajustarlos" ( . . . ) para que nos den m&amp;iacute;nimos o garant&amp;iacute;as m&amp;iacute;nimas de que (los polic&amp;iacute;as) re&amp;uacute;nen el perfil adecuado", dijo este martes al participar en la inauguraci&amp;oacuten del foro "Sumemos Causas por la Seguridad, Ciudadanos + Polici&amp;#769;as"El sistema de certificaci&amp;oacuten de control de confianza es "imperfecto y debe mejorarse", dijo la presidenta de la organizaci&amp;oacuten Causa en Com&amp;uacute;n, Mar&amp;iacute;a Elena Morera .</content>
        </sentence>
        <sentence id="7">
          <content>Los estados no han cumplido con la certificaci&amp;oacuten de sus polic&amp;iacute;as, pues apenas un 58% ha sido aprobado y el 25% ni siquiera se ha sometido a la evaluaci&amp;oacuten, dijo la activista .</content>
        </sentence>
        <sentence id="8">
          <content>Morera detall&amp;oacute que 8% de los polic&amp;iacute;as del pa&amp;iacute;s espera los resultados de su evaluaci&amp;oacuten y 9% no pas&amp;oacute los ex&amp;aacute;menes; adem&amp;aacute;s, dijo, no hay capacitaci&amp;oacuten suficiente de los mandos medios los cuales tres de cada cinco no conocen los mecanismos de ascenso y uno de cada tres tienen un salario bajo .</content>
        </sentence>
        <sentence id="9">
          <content>Sobre el control de confianza, el jefe de gobierno del DF, Miguel &amp;Aacute;ngel Mancera, reconoci&amp;oacute que "ha habido resistencias, hay quienes no han querido participar en este cambio" pero destac&amp;oacute que en el DF se han certificado 80,000 polic&amp;iacute;as .</content>
        </sentence>
        <sentence id="10">
          <content>Si bien, dijo, el control de confianza "no lo es todo", pues se debe capacitar mejor a la polic&amp;iacute;a, darles mejores prestaciones y mejor seguridad social .</content>
        </sentence>
        <sentence id="11">
          <content>Manuel Mondrag&amp;oacuten, comisionado Nacional de Seguridad, dijo que trabajar&amp;aacute; como lo hizo cuanto fue el titular de la polic&amp;iacute;a de la Ciudad de M&amp;eacute;xico para "limpiar" la Polic&amp;iacute;a Federal . "</content>
        </sentence>
        <sentence id="12">
          <content>(&amp;hellip;) la polic&amp;iacute;a Federal tiene asaltantes, secuestradores y homicidas (&amp;hellip;) Lo importante es que nosotros mismos los detuvimos, nosotros los pusimos a disposici&amp;oacuten y ahora est&amp;aacute;n en la c&amp;aacute;rcel", dijo Mondrag&amp;oacuten tras recordar que hace unos d&amp;iacute;as 13 polic&amp;iacute;as fueron detenidos en Guerrero por participar en un grupo de secuestradores .</content>
        </sentence>
        <sentence id="13">
          <content>"No parar&amp;eacute; hasta que la polic&amp;iacute;a federal quede limpia, si acaso todav&amp;iacute;a hay personas que no deban estar ah&amp;iacute;, lo hice con la polic&amp;iacute;a de la Ciudad de M&amp;eacute;xico (&amp;hellip;) esto le dio confianza a la ciudadan&amp;iacute;a, lo que queremos es que la ciudadan&amp;iacute;a tenga confianza en la polic&amp;iacute;a federal, que bueno que sienta que los malos elementos ya no est&amp;aacute;n en ella", dijo a medios .</content>
        </sentence>
        <sentence id="14">
          <content>Tambi&amp;eacute;n dijo que "hay polic&amp;iacute;as municipales que est&amp;aacute;n corruptas de la A a la Z" y que necesitan ayuda del gobierno federal para acabar con la corrupci&amp;oacuten .</content>
        </sentence>
        <sentence id="15">
          <content>Sobre alargar el periodo de tiempo para que todos los estados terminen la certificaci&amp;oacuten de sus polic&amp;iacute;a, Mondrag&amp;oacuten y Kalb dijo que es importante alargar el periodo tope del 29 de octubre "pues muchos estados no han resuelto todav&amp;iacute;a el 100%" de la certificaci&amp;oacuten .</content>
        </sentence>
        <sentence id="16">
          <content>Este martes, senadores de las tres principales fuerzas pol&amp;iacute;ticas presentaron una iniciativa para una nueva pr&amp;oacuterroga de un a&amp;ntilde;o para que los gobiernos locales cumplan con el requisito de certificaci&amp;oacuten de polic&amp;iacute;as, con el fin de evitar problemas de seguridad p&amp;uacute;blica en los estados y municipios, ya que alrededor del 30% de los polic&amp;iacute;as locales del pa&amp;iacute;s no han sido evaluados y deber&amp;aacute;n ser dados de baja para el pr&amp;oacuteximo 29 de octubre .</content>
        </sentence>
        <sentence id="17">
          <content>Pensar que se lograr&amp;iacute;a la certificaci&amp;oacuten de todos los polic&amp;iacute;as del pa&amp;iacute;s en cuatro a&amp;ntilde;os "fue terriblemente ambicioso suponer que se pod&amp;iacute;a pasar en un periodo tan corto de tiempo a casi medio mill&amp;oacuten de funcionarios y polic&amp;iacute;as por un proceso intensivo en mano de obra, en recursos y ahora se ven las consecuencias", dijo Alejandro Hope, investigador del Instituto Mexicano de la Competitividad .</content>
        </sentence>
        <sentence id="18">
          <content>Menos homicidiosLa activista en temas de seguridad reconoci&amp;oacute que los homicidios en el pa&amp;iacute;s han bajado 15% de enero a agosto de este a&amp;ntilde;o .</content>
        </sentence>
        <sentence id="19">
          <content>Sin embargo, aclar&amp;oacute que no cree que se deba a la estrategia de seguridad por parte del gobierno, pues lo mismo ocurri&amp;oacute en el a&amp;ntilde;o 2005 en el caso del secuestro .</content>
        </sentence>
        <sentence id="20">
          <content>Aunque dijo que su gobierno no "echa las campanas al vuelo" en materia de seguridad, la reducci&amp;oacuten de los homicidios es uno de los primeros resultados de su estrategia nacional de seguridad, dijo el presidente Enrique Pe&amp;ntilde;a Nieto .</content>
        </sentence>
        <sentence id="21">
          <content>"S&amp;iacute; es posible lograr el M&amp;eacute;xico de paz, quiz&amp;aacute; tome tiempo, quiz&amp;aacute; ser&amp;aacute; el esfuerzo que dediquen varias administraciones pero espero que los esfuerzos de esta gesti&amp;oacuten sean una importante contribuci&amp;oacuten a lograr este objetivo", dijo el mandatario .</content>
        </sentence>
        <sentence id="22">
          <content>El mandatario dijo que el tema e la seguridad no debe verse con un tema &amp;uacute;nico y aislado, sino debe ir en conjunto con otras acciones como la mejora en la calidad de la educaci&amp;oacuten, la reducci&amp;oacuten de la pobreza .</content>
        </sentence>
        <sentence id="23">
          <content>El "Foro Sumemos Causas por la Seguridad, Ciudadanos + Polici&amp;#769;as", al que asiste el presidente Enrique Pe&amp;ntilde;a Nieto es organizado por segundo a&amp;ntilde;o por la organismo civil Causa Com&amp;uacute;n, para analizar y sugerir propuestas dirigidas al fortalecimiento de una estrategia nacional de seguridad pu&amp;#769;blica .</content>
        </sentence>
      </sentences>
    </paragraph>
  </article>
</document>
