<?xml version="1.0" encoding="UTF-8"?>
<document id="344" link="http://mexico.cnn.com/nacional/2013/07/19/ai-pide-esclarecer-si-asesinato-de-periodista-en-oaxaca-fue-represalia" category="Nacional" highlights_mapped="false">
  <title>AI pide esclarecer si asesinato de periodista en Oaxaca fue "represalia" - Nacional - CNNMexico.com</title>
  <keywords>fotografo, asesinado, Oaxaca, Amnistia Internacional, condena, peligro, periodistas,</keywords>
  <summaries>
    <highlights>
      <sentence id="1" ids_sentences_article="">El fot&amp;oacutegrafo fue encontrado muerto en la carretera de Oaxaca a Puerto Escondido.</sentence>
      <sentence id="2" ids_sentences_article="">L&amp;oacutepez Bello hab&amp;iacute;a sido detenido por polic&amp;iacute;as estatales anteriormente.</sentence>
      <sentence id="3" ids_sentences_article="">Desde 2009 han sido asesinados cinco periodistas en Oaxaca.</sentence>
    </highlights>
  </summaries>
  <article>
    <paragraph id="1">
      <sentences>
        <sentence id="1">
          <content>AI pide esclarecer si asesinato de periodista en Oaxaca fue "represalia".</content>
        </sentence>
        <sentence id="2">
          <content>El periodista hab&amp;iacute;a sido detenido por la polic&amp;iacute;a estatal mientras fotografiaba un supuesto mensaje del narcotr&amp;aacute;fico.</content>
        </sentence>
        <sentence id="3">
          <content>(CNNM&amp;eacute;xico) -- Amnist&amp;iacute;a Internacional (AI) conden&amp;oacute este viernes el asesinato del periodista mexicano Alberto L&amp;oacutepez Bello, y pidi&amp;oacute que se esclarezca si fue motivado por represalias relacionadas con su trabajo, de acuerdo con un comunicado .</content>
        </sentence>
        <sentence id="4">
          <content>"Es de grave preocupaci&amp;oacuten que un periodista m&amp;aacute;s haya sido asesinado, Amnist&amp;iacute;a Intencional considera imperativo que las autoridades investiguen el asesinato de Alberto L&amp;oacutepez con toda diligencia, lleven a las personas responsables ante la justicia y aclaren los motivos de su asesinato, especialmente si este ocurri&amp;oacute como una represalia por su trabajo", detall&amp;oacute la organizaci&amp;oacuten .</content>
        </sentence>
        <sentence id="5">
          <content>L&amp;oacutepez Bello fue encontrado muerto el pasado 17 de julio con se&amp;ntilde;ales de tortura y lesiones por disparos, junto al cuerpo de otra persona en la carretera Oaxaca-Puerto Escondido, al sur de M&amp;eacute;xico .</content>
        </sentence>
        <sentence id="6">
          <content>En mayo, el periodista del diario El imparcialfue detenido por polic&amp;iacute;as estatales mientras tomaba fotos de un supuesto mensaje del narcotr&amp;aacute;fico colocado en la carretera .</content>
        </sentence>
        <sentence id="7">
          <content>Los agentes lo acusaron a &amp;eacute;l y a otro de sus compa&amp;ntilde;eros de haber colgado la manta, y despu&amp;eacute;s los liberaron .</content>
        </sentence>
        <sentence id="8">
          <content>Durante el primer semestre del 2013, la organizaci&amp;oacuten Art&amp;iacute;culo 19 ha documentado 151 agresiones contra la libertad de expresi&amp;oacuten en M&amp;eacute;xico, 11 de ellas en Oaxaca, donde han sido asesinados cinco periodistas desde 2009 .</content>
        </sentence>
        <sentence id="9">
          <content>La organizaci&amp;oacuten de defensa a la libertad de expresi&amp;oacuten detall&amp;oacute que en el estado los principales agresores son los funcionarios p&amp;uacute;blicos .</content>
        </sentence>
        <sentence id="10">
          <content>El gobierno de Oaxaca dijo que el caso se investigar&amp;iacute;a y que desde el actual gobierno se tienen ocho averiguaciones previas por agresiones a periodistas .</content>
        </sentence>
      </sentences>
    </paragraph>
  </article>
</document>
