<?xml version="1.0" encoding="UTF-8"?>
<document id="869" link="http://mexico.cnn.com/nacional/2014/03/24/el-asesinato-del-edil-de-tanhuato-genera-acusaciones-cruzadas" category="Nacional" highlights_mapped="false">
  <title>El asesinato del edil de Tanhuato genera acusaciones cruzadas - Nacional - CNNMexico.com</title>
  <keywords>michoacan, alcalde, gustavo garibay, tanhuato, asesinato, muerte, gustavo madero, escoltas, seguridad</keywords>
  <summaries>
    <highlights>
      <sentence id="1" ids_sentences_article="">El alcalde michoacano de Tanhuato muri&amp;oacute; afuera de su casa tras sufrir un ataque.</sentence>
      <sentence id="2" ids_sentences_article="">Gustavo Garibay hab&amp;iacute;a sufrido un atentado previo en 2012.</sentence>
      <sentence id="3" ids_sentences_article="">Panistas indicaron que al presidente municipal se le retir&amp;oacute; una escolta federal.</sentence>
      <sentence id="4" ids_sentences_article="">El gobernador de Michoac&amp;aacute;n dijo que en su momento Garibay rechaz&amp;oacute; tener escoltas estatales.</sentence>
    </highlights>
  </summaries>
  <article>
    <paragraph id="1">
      <sentences>
        <sentence id="1">
          <content>El asesinato del edil de Tanhuato genera acusaciones cruzadas.</content>
        </sentence>
        <sentence id="2">
          <content>Panistas criticaron el retiro de escoltas a Garibay tras un ataque; el gobernador Vallejo dijo que el edil rechaz&amp;oacute; tener guardias estatales.</content>
        </sentence>
        <sentence id="3">
          <content>(CNNM&amp;eacute;xico) -- El asesinato en Michoac&amp;aacute;n del alcalde de Tanhuato, Gustavo Garibay, gener&amp;oacute; versiones contradictorias respecto al dispositivo de seguridad para el funcionario municipal tras sufrir un ataque previo hace un par de a&amp;ntilde;os .</content>
        </sentence>
        <sentence id="4">
          <content>Mientras militantes del Partido Acci&amp;oacute;n Nacional (PAN) en el estado acusaron desde el s&amp;aacute;bado pasado el "irresponsable" retiro de la seguridad federal asignada a Garibay, y una supuesta negativa de las autoridades estatales y federales para reponerla, el gobierno de Michoac&amp;aacute;n respondi&amp;oacute; que en su momento el propio alcalde rechaz&amp;oacute; tener como escoltas a polic&amp;iacute;as de la entidad .</content>
        </sentence>
        <sentence id="5">
          <content>Integrantes del PAN michoacano --donde milit&amp;oacute; Garibay-- indicaron que en agosto del a&amp;ntilde;o pasado se le hab&amp;iacute;a retirado al alcalde una escolta de elementos de la Polic&amp;iacute;a Federal, asignada despu&amp;eacute;s de que sobreviviera a un ataque armado en octubre de 2012 --todav&amp;iacute;a durante el sexenio del tambi&amp;eacute;n panista Felipe Calder&amp;oacute;n .</content>
        </sentence>
        <sentence id="6">
          <content>"Le fueron retirados los elementos policiales adscritos, dejando en total estado de vulnerabilidad la seguridad personal del alcalde", se indica en una solicitud escrita presentada por el PAN de Michoac&amp;aacute;n, con firma del 28 de agosto de 2013 --cuando Jes&amp;uacute;s Reyna ten&amp;iacute;a el cargo de gobernador interino en el estado .</content>
        </sentence>
        <sentence id="7">
          <content>En ese momento los panistas michoacanos pidieron que se restituyera la seguridad federal a Garibay, "ante el temor fundado de la ejecuci&amp;oacute;n de un nuevo ataque armado", seg&amp;uacute;n un comunicado que emiti&amp;oacute; este s&amp;aacute;bado el PAN de Michoac&amp;aacute;n .</content>
        </sentence>
        <sentence id="8">
          <content>"En reiteradas ocasiones el Comit&amp;eacute; Estatal en la entidad hizo una solicitud de seguridad para el alcalde, solicitud que fue ignorada", agregaron este lunes .</content>
        </sentence>
        <sentence id="9">
          <content>La copia del documento de agosto de 2013, para pedir que se restituyeran la escolta federal a Garibay --dirigido a la coordinaci&amp;oacute;n estatal de la Polic&amp;iacute;a Federal y al gobierno michoacano--, se difundi&amp;oacute; horas despu&amp;eacute;s de que se confirmara este s&amp;aacute;bado el asesinato del alcalde .</content>
        </sentence>
        <sentence id="10">
          <content>Seg&amp;uacute;n el &amp;aacute;rea de Comunicaci&amp;oacute;n del comit&amp;eacute; directivo del PAN en Michoac&amp;aacute;n, consultada este lunes, hay un reclamo tanto al gobierno federal como al estatal, porque no respondieron a la petici&amp;oacute;n de brindar seguridad a Garibay, y no es verdad que el alcalde haya rechazado a la escolta del gobierno michoacano .</content>
        </sentence>
        <sentence id="11">
          <content>CNNM&amp;eacute;xico llam&amp;oacute; este lunes a la Secretar&amp;iacute;a de Gobernaci&amp;oacute;n (Segob) para obtener un comentario sobre la seguridad federal asignada al alcalde Garibay, pero no respondieron .</content>
        </sentence>
        <sentence id="12">
          <content>Hasta el momento las autoridades federales no han dado un reporte oficial sobre el retiro de la escolta que tuvo el edil .</content>
        </sentence>
        <sentence id="13">
          <content>El gobernador priista de Michoac&amp;aacute;n, Fausto Vallejo, dijo el s&amp;aacute;bado que desde octubre de 2013 su gobierno le ofreci&amp;oacute; a Garibay elementos de seguridad estatales, "para que fungieran como escoltas del alcalde, luego de que sufriera dos atentados" .</content>
        </sentence>
        <sentence id="14">
          <content>Pero en su momento el alcalde los rechaz&amp;oacute;, seg&amp;uacute;n el mandatario estatal .</content>
        </sentence>
        <sentence id="15">
          <content>"Estuvo alg&amp;uacute;n tiempo con protecci&amp;oacute;n policiaca .</content>
        </sentence>
        <sentence id="16">
          <content>Finalmente se le retir&amp;oacute;, por alguna causa, y finalmente tenemos estos hechos tan lamentables", expres&amp;oacute; el gobernador este lunes en una entrevista con la cadena Radio F&amp;oacute;rmula .</content>
        </sentence>
        <sentence id="17">
          <content>"Yo lo fui a ver personalmente, al hospital, en alg&amp;uacute;n momento&amp;hellip; y dec&amp;iacute;a que estaba gestionando seguridad federal .</content>
        </sentence>
        <sentence id="18">
          <content>Tengo entendido que lo atendieron .</content>
        </sentence>
        <sentence id="19">
          <content>Yo tambi&amp;eacute;n entiendo que es muy dif&amp;iacute;cil que de manera muy permanente est&amp;eacute;, por meses, por a&amp;ntilde;os, con esa seguridad, pero bueno, desgraciadamente sucedi&amp;oacute; esto", agreg&amp;oacute; .</content>
        </sentence>
        <sentence id="20">
          <content>Vallejo dijo que Garibay hab&amp;iacute;a recibido amenazas de la delincuencia organizada, porque lo quer&amp;iacute;an extorsionar, as&amp;iacute; que esa puede ser una l&amp;iacute;nea de investigaci&amp;oacute;n .</content>
        </sentence>
        <sentence id="21">
          <content>Leer:Opositores critican la estrategia en Michoac&amp;aacute;n, tras el asesinato de edil"Pienso que es dif&amp;iacute;cil aceptar la seguridad en el estado, porque pues todos desconfiamos de la seguridad estatal", dijo este domingo la senadora panista Luisa Mar&amp;iacute;a Calder&amp;oacute;n, al acudir al velatorio de Garibay en Michoac&amp;aacute;n, durante una entrevista con la cadena Milenio TV .</content>
        </sentence>
        <sentence id="22">
          <content>La presidenta nacional del PAN, Cecilia Romero, expres&amp;oacute; este s&amp;aacute;bado que el gobierno federal hab&amp;iacute;a cometido una "grav&amp;iacute;sima omisi&amp;oacute;n" al negarse a restituir la escolta federal a Garibay, que "de manera inexplicable" se retir&amp;oacute; a pesar de la solicitud de agosto de 2013 .</content>
        </sentence>
        <sentence id="23">
          <content>"Adem&amp;aacute;s de engrosar la cifra de ejecuciones en Michoac&amp;aacute;n, el caso de Garibay Garc&amp;iacute;a nos muestra la faceta de negligencia criminal", public&amp;oacute; en su cuenta de Twitter el senador panista Javier Lozano .</content>
        </sentence>
        <sentence id="24">
          <content>"Como recordamos Gustavo Garibay ya hab&amp;iacute;a sufrido un atentado ante su vida contra hace ya varios meses, incluso el secretario general del ayuntamiento Jos&amp;eacute; Pedro C&amp;oacute;rdoba Aguirre hab&amp;iacute;a sido asesinado el lunes 11 de febrero del a&amp;ntilde;o pasado", dijo el aspirante a dirigir el PAN, Gustavo Madero .</content>
        </sentence>
        <sentence id="25">
          <content>Contrario a lo q afirman, desde hace 6 meses la solicitud al Gob d Michoac&amp;aacute;n p el Alcalde d Tanhuato Gustavo Garibay pic .</content>
        </sentence>
        <sentence id="26">
          <content>com/8NU1YXp6OJ-- Gustavo Madero (@GustavoMadero) marzo 23, 2014Jes&amp;uacute;s Zambrano, presidente de otra fuerza pol&amp;iacute;tica opositora, el Partido de la Revoluci&amp;oacute;n Democr&amp;aacute;tica (PRD), tambi&amp;eacute;n critic&amp;oacute; lo que consider&amp;oacute; como una "irresponsabilidad oficial", relacionada con la seguridad que debi&amp;oacute; darse a Garibay .</content>
        </sentence>
        <sentence id="27">
          <content>Tanto panistas como perredistas criticaron la situaci&amp;oacute;n de inseguridad que prevalece en Michoac&amp;aacute;n, con hechos como el del asesinato del alcalde, incluso cuando el gobierno federal tiene activo en la entidad, desde enero pasado, un despliegue de fuerzas federales y programas sociales para reducir los niveles de violencia .</content>
        </sentence>
        <sentence id="28">
          <content>El secretario de Gobernaci&amp;oacute;n, Miguel &amp;Aacute;ngel Osorio Chong, y el comisionado federal para Michoac&amp;aacute;n, Alfredo Castillo, expresaron que el gobierno federal y el gobierno estatal trabajar&amp;aacute;n para esclarecer el asesinato .</content>
        </sentence>
        <sentence id="29">
          <content>"No podemos ponerle un cuerpo de seguridad a cada presidente municipal, pero ellos tienen que cooperar mejor para regresar la seguridad a su municipio", dijo Osorio Chong el 8 de noviembre pasado, tras confirmar que muri&amp;oacute; asesinado el alcalde de Sana Ana Maya, Michoac&amp;aacute;n, Ygnacio L&amp;oacute;pez Mendoza .</content>
        </sentence>
      </sentences>
    </paragraph>
  </article>
</document>
