<?xml version="1.0" encoding="UTF-8"?>
<document id="856" link="http://mexico.cnn.com/nacional/2013/03/23/el-equipo-para-llegar-a-la-presidencia" category="Nacional" author="Tania L. Montalvo" highlights_mapped="false">
  <title>El equipo para llegar a la presidencia - Nacional - CNNMexico.com</title>
  <keywords>luis donaldo colosio, colosio, candidato del pri asesinado, pri, revolucionario institucional, ernesto zedillo, campa&amp;ntilde;a de colosio, Samuel Palma, Alfonso Durazo, Guillermo Hopkins, Ramiro Pineda</keywords>
  <summaries>
    <highlights>
      <sentence id="1" ids_sentences_article="">El candidato presidencial del PRI en 1994 fue asesinado cuatro meses antes de la elecci&amp;oacute;n.</sentence>
    </highlights>
  </summaries>
  <article>
    <paragraph id="1">
      <sentences>
        <sentence id="1">
          <content>Tras 20 a&amp;ntilde;os, &amp;iquest;qu&amp;eacute; hacen los 'aliados' de Colosio?</content>
        </sentence>
        <sentence id="2">
          <content>Al cumplirse otro a&amp;ntilde;o del asesinato del candidato presidencial del PRI, los miembros de su equipo de campa&amp;ntilde;a se han mantenido en la pol&amp;iacute;tica.</content>
        </sentence>
        <sentence id="3">
          <content>(CNNM&amp;eacute;xico) -- Despu&amp;eacute;s de 20 a&amp;ntilde;os de la muerte del candidato presidencial Luis Donaldo Colosio, ocurrida el 23 de marzo de 1994, quienes integraron su equipo de campa&amp;ntilde;a se han mantenido en la pol&amp;iacute;tica nacional, aunque no todos con el Partido Revolucionario Institucional (PRI) .</content>
        </sentence>
        <sentence id="4">
          <content>Despu&amp;eacute;s de dos meses y 13 d&amp;iacute;as en campa&amp;ntilde;a, Mario Aburto, identificado por las autoridades como el homicida, dispar&amp;oacute; contra Colosio al conluir un mitin en la Colonia Lomas Taurinas, en la ciudad fronteriza de Tijuana, Baja California, en el norte del pa&amp;iacute;s .</content>
        </sentence>
        <sentence id="5">
          <content>Tras el asesinato, el coordinador de la campa&amp;ntilde;a, Ernesto Zedillo fue nombrado candidato el candidato presidencial del PRI .</content>
        </sentence>
      </sentences>
    </paragraph>
  </article>
</document>
