<?xml version="1.0" encoding="UTF-8"?>
<document id="468" link="http://mexico.cnn.com/nacional/2014/03/10/la-prg-reconoce-retraso-en-la-investigacion-del-caso-oceanografia" category="Nacional" author="Mauricio Torres" highlights_mapped="false">
  <title>La PGR reconoce "retraso" en la investigaci&amp;oacuten del caso Oceanograf&amp;iacute;a - Nacional - CNNMexico.com</title>
  <keywords>nacional, pgr, jesus murillo karam, petroleos mexicanos, pemex, oceanografia, emilio lozoya, fraude, lavado de dinero, camara de diputados</keywords>
  <summaries>
    <highlights>
      <sentence id="1" ids_sentences_article="">El procurador Jes&amp;uacute;s Murillo Karam reconoci&amp;oacute que hay retrasos en la investigaci&amp;oacuten del caso Oceanograf&amp;iacute;a.</sentence>
      <sentence id="2" ids_sentences_article="">Emilio Lozoya, titular de Pemex, dijo ante diputados que explicar&amp;aacute; lo que ocurri&amp;oacute con el presunto fraude millonario.</sentence>
      <sentence id="3" ids_sentences_article="">Oceanograf&amp;iacute;a fue inhabilitada por 21 meses tras contratar con el gobierno federal tras detect&amp;aacute;rsele varias irregularidades operativas.</sentence>
    </highlights>
  </summaries>
  <article>
    <paragraph id="1">
      <sentences>
        <sentence id="1">
          <content>La PGR reconoce "retraso" en la investigaci&amp;oacuten del caso Oceanograf&amp;iacute;a.</content>
        </sentence>
        <sentence id="2">
          <content>Las indagatorias avanzan "despacio pero preciso" para ubicar a los responsables del presunto fraude, dijo el procurador a diputados.</content>
        </sentence>
        <sentence id="3">
          <content>CIUDAD DE M&amp;Eacute;XICO (CNNM&amp;eacute;xico) -- Un mes despu&amp;eacute;s de que el gobierno federal diera a conocer las presuntas irregularidades de la empresa Oceanograf&amp;iacute;a, contratista de Petr&amp;oacuteleos Mexicanos (Pemex), el procurador Jes&amp;uacute;s Murillo Karam reconoci&amp;oacute que las investigaciones tienen un "retraso" por la dificultad para ubicar a los posibles responsables .</content>
        </sentence>
        <sentence id="4">
          <content>"Yo les dir&amp;iacute;a que en lo que m&amp;aacute;s retrasados estamos es en la fijaci&amp;oacuten de responsabilidades .</content>
        </sentence>
        <sentence id="5">
          <content>Actualmente una consignaci&amp;oacuten (ante un juez) amerita sustento en evidencias plenas, claras, cre&amp;iacute;bles .</content>
        </sentence>
        <sentence id="6">
          <content>Y esas evidencias se logran con an&amp;aacute;lisis t&amp;eacute;cnicos, con b&amp;uacute;squedas cient&amp;iacute;ficas, con evidencias concretas, para que la consignaci&amp;oacuten no sea f&amp;aacute;cilmente rebatible y provoque la libertad de quienes puedan ser los responsables", dijo Murillo Karam, titular de la Procuradur&amp;iacute;a General de la Rep&amp;uacute;blica (PGR), este lunes ante diputados . "</content>
        </sentence>
        <sentence id="7">
          <content>(Esto) hace que vayamos despacio, pero muy preciso, con mucha contundencia en la b&amp;uacute;squeda de algo que tambi&amp;eacute;n es fundamental para el pa&amp;iacute;s, detener a los responsables, para que quede claro el mensaje de que no hay impunidad", agreg&amp;oacute .</content>
        </sentence>
        <sentence id="8">
          <content>Murillo Karam y el director de Pemex, Emilio Lozoya, comparecieron este lunes ante comisiones de la C&amp;aacute;mara de Diputados, para explicar qu&amp;eacute; ocurri&amp;oacute con el presunto fraude por unos 360 millones de d&amp;oacutelares que Oceanograf&amp;iacute;a cometi&amp;oacute contra el banco Banamex, perteneciente al grupo financiero estadounidense Citi .</content>
        </sentence>
        <sentence id="9">
          <content>La compa&amp;ntilde;&amp;iacute;a --que en 13 a&amp;ntilde;os obtuvo alrededor de 160 contratos con Pemex-- fue inhabilitada por 21 meses para contratar con el gobierno federal, luego de que en febrero pasado la Secretar&amp;iacute;a de la Funci&amp;oacuten P&amp;uacute;blica (SFP) inform&amp;oacute que encontr&amp;oacute diversas irregularidades en sus operaciones .</content>
        </sentence>
        <sentence id="10">
          <content>Citi, a su vez, abri&amp;oacute una investigaci&amp;oacuten y denunci&amp;oacute un fraude presuntamente cometido con facturas falsas, mientras que la Secretar&amp;iacute;a de Hacienda y Cr&amp;eacute;dito P&amp;uacute;blico (SHCP) y la PGR tomaron control de las instalaciones de la empresa .</content>
        </sentence>
        <sentence id="11">
          <content>Ante los diputados, Lozoya dijo que la situaci&amp;oacuten hasta ahora no ha impactado en las actividades de Pemex y que representa "un caso aislado" .</content>
        </sentence>
        <sentence id="12">
          <content>Oceanograf&amp;iacute;a, dirigida por el empresario Amado Y&amp;aacute;&amp;ntilde;ez, a&amp;uacute;n tiene 39 contratos vigentes con Pemex, por tareas como mantenimiento de pozos y transporte o alojamiento de personal .</content>
        </sentence>
        <sentence id="13">
          <content>De esos contratos, tres han sido rescindidos por Pemex, inform&amp;oacute Lozoya .</content>
        </sentence>
        <sentence id="14">
          <content>La mayor parte de sus licitaciones las gan&amp;oacute durante los gobiernos de los presidentes Vicente Fox (2000-2006) y Felipe Calder&amp;oacuten (2006-2012), del Partido Acci&amp;oacuten Nacional (PAN) .</content>
        </sentence>
        <sentence id="15">
          <content>Murillo Karam indic&amp;oacute que hasta ahora se desconoce el monto total de las posibles afectaciones derivadas del presunto fraude, en tanto Lozoya detall&amp;oacute que se inici&amp;oacute proceso de sanci&amp;oacuten contra Mario Alberto &amp;Aacute;vila Liz&amp;aacute;rraga, exfuncionario de la paraestatal que firm&amp;oacute un ad&amp;eacute;ndum a un contrato sin tener autorizaci&amp;oacuten para hacerlo .</content>
        </sentence>
        <sentence id="16">
          <content>Antes de la comparecencia de este lunes, Lozoya inform&amp;oacute a la C&amp;aacute;mara de Diputados que gran parte de la informaci&amp;oacuten de los contratos de Pemex con Oceanograf&amp;iacute;a debe permanecer reservada moment&amp;aacute;neamente, porque forma parte de una investigaci&amp;oacuten judicial en curso .</content>
        </sentence>
        <sentence id="17">
          <content>Diputados izquierda reclamaron a Lozoya y lo acusaron de "ocultar" informaci&amp;oacuten del caso .</content>
        </sentence>
        <sentence id="18">
          <content>En respuesta, los titulares de Pemex y de la PGR se&amp;ntilde;alaron que la reserva de datos es necesaria para conducir la indagatoria con cautela .</content>
        </sentence>
      </sentences>
    </paragraph>
  </article>
</document>
