<?xml version="1.0" encoding="UTF-8"?>
<document id="225" link="http://mexico.cnn.com/nacional/2012/07/26/el-71-de-crimenes-contra-periodistas-en-mexico-estan-impunes-cndh" category="Nacional" highlights_mapped="false">
  <title>El 71% de cr&amp;iacute;menes contra periodistas en M&amp;eacute;xico est&amp;aacute;n impunes: CNDH - Periodistas en peligro - Nacional - CNNMexico.com</title>
  <keywords>crimenes contra periodistas, derechos humanos, libertad de expresion, atencion a las victimas, CNDH</keywords>
  <summaries>
    <highlights>
      <sentence id="1" ids_sentences_article="">Casi tres cuartas partes de los cr&amp;iacute;menes contra periodistas permanecen impunes, inform&amp;oacute la CNDH.</sentence>
      <sentence id="2" ids_sentences_article="">El &amp;oacutergano registra desde 2000, 82 homicidios y 16 desapariciones de periodistas.</sentence>
      <sentence id="3" ids_sentences_article="">Los &amp;uacute;ltimos cr&amp;iacute;menes se han concentrado en Veracruz, estado ubicado en el oriente de M&amp;eacute;xico.</sentence>
    </highlights>
  </summaries>
  <article>
    <paragraph id="1">
      <sentences>
        <sentence id="1">
          <content>El 71% de cr&amp;iacute;menes contra periodistas en M&amp;eacute;xico est&amp;aacute;n impunes: CNDH.</content>
        </sentence>
        <sentence id="2">
          <content>El &amp;oacutergano de derechos humanos consider&amp;oacute "de importancia capital" abatir la impunidad tras la implementaci&amp;oacuten del mecanismo de protecci&amp;oacuten.</content>
        </sentence>
        <sentence id="3">
          <content>(CNNM&amp;eacute;xico) -- De los cr&amp;iacute;menes contra periodistas y medios de comunicaci&amp;oacuten que la Comisi&amp;oacuten Nacional de Derechos Humanos (CNDH) ha registrado, el 71% de ellos siguen impunes, inform&amp;oacute este jueves el &amp;oacutergano .</content>
        </sentence>
        <sentence id="4">
          <content>Desde 2000, la Comisi&amp;oacuten ha registrado82 casos de homicidio de periodistas, 16 desapariciones y 28 atentadoscontra medios de comunicaci&amp;oacuten, de los cuales 19% han sido investigados y solo 7% derivaron en una condena .</content>
        </sentence>
        <sentence id="5">
          <content>"La CNDH considera de importancia capital abatir la impunidad, sobre todo despu&amp;eacute;s de la reforma que permiti&amp;oacute la creaci&amp;oacuten de unMecanismo para la Protecci&amp;oacuten de Personas Defensoras de Derechos Humanos y Periodistas", inform&amp;oacute la CNDH en un comunicado .</content>
        </sentence>
        <sentence id="6">
          <content>El mecanismo referido por el &amp;oacutergano fue establecido a trav&amp;eacute;s la Ley para la Protecci&amp;oacuten de Personas de Derechos Humanos y Periodistas, que entr&amp;oacute en vigor el 25 de junio pasado con su publicaci&amp;oacuten en la Gaceta Oficial de la Federaci&amp;oacuten .</content>
        </sentence>
        <sentence id="7">
          <content>El mecanismo busca "que el Estado atienda su responsabilidad fundamental de proteger, promover y garantizar los derechos humanos", seg&amp;uacute;n establece la ley .</content>
        </sentence>
        <sentence id="8">
          <content>"La impunidad obedece, en gran medida, al hecho de que las autoridades encargadas de integrar las averiguaciones previas, incumplen su obligaci&amp;oacuten de investigar y recabar pruebas para llegar a la verdad de los hechos", se&amp;ntilde;al&amp;oacute la CNDH .</content>
        </sentence>
        <sentence id="9">
          <content>El &amp;oacutergano que dirige Ra&amp;uacute;l Plascencia Villanueva consider&amp;oacute "fundamental atacar el problema de fondo" para evitar m&amp;aacute;s ataques contra periodistas .</content>
        </sentence>
        <sentence id="10">
          <content>El se&amp;ntilde;alamiento de la CNDH ocurre despu&amp;eacute;s de llamados similares por parte de activistas y &amp;oacuterganos internacionales .</content>
        </sentence>
        <sentence id="11">
          <content>El jueves pasado, la organizaci&amp;oacuten Article 19 y la Alta Comisionada de Naciones Unidas para los Derechos Humanos coincidieron en queel gobierno mexicano ha fallado en dar protecci&amp;oacuten a los periodistas .</content>
        </sentence>
        <sentence id="12">
          <content>"Los protocolos y metodolog&amp;iacute;as de las procuradur&amp;iacute;as para abordar este tipo de delitos no encajan con la urgencia y necesidad y el clamor del gremio period&amp;iacute;stico de siempre mantener como una poderosa hip&amp;oacutetesis de investigaci&amp;oacuten, tal vez la primera, el que estas agresiones, desapariciones y asesinatos se est&amp;aacute;n dando en raz&amp;oacuten de la actividad period&amp;iacute;stica", dijo a CNNM&amp;eacute;xico Javier Hern&amp;aacute;ndez, representante de la ONU .</content>
        </sentence>
        <sentence id="13">
          <content>Tras la entrada en vigor de la ley y del mecanismo de protecci&amp;oacuten, la CNDH emiti&amp;oacute una lista de recomendaciones para las autoridadesconsideraran en sus acciones para dar seguridad a periodistas .</content>
        </sentence>
        <sentence id="14">
          <content>La organizaci&amp;oacutenAmnist&amp;iacute;a Internacional (AI) tambi&amp;eacute;n ha denunciado las omisiones y fallasdel gobierno mexicano en los esfuerzos por proteger a periodistas .</content>
        </sentence>
        <sentence id="15">
          <content>En mayo pasado, en su informe anual sobre la situaci&amp;oacuten de los derechos humanos en el mundo, se&amp;ntilde;al&amp;oacute que "la provisi&amp;oacuten de protecci&amp;oacuten a defensores y defensoras era a menudo lenta, burocr&amp;aacute;tica e inadecuada" .</content>
        </sentence>
        <sentence id="16">
          <content>A mediados de mayo,expertos de Naciones Unidas y de la Comisi&amp;oacuten Interamericana de Derechos Humanos (CIDH) emitieron un comunicadopidiendo al gobierno mexicano un alto a la muerte de periodistas en el pa&amp;iacute;s .</content>
        </sentence>
        <sentence id="17">
          <content>Estos llamados al gobierno mexicano se registraron luego de que en la semana del 28 de abril al 3 de mayo, cuatro periodistas fueron asesinados:Regina Mart&amp;iacute;nez, del semanarioProceso, y los fot&amp;oacutegrafos Gabriel Huge, Guillermo Luna y Esteban Rodr&amp;iacute;guez .</content>
        </sentence>
        <sentence id="18">
          <content>Luna Varela era fot&amp;oacutegrafo en veracruznews .</content>
        </sentence>
        <sentence id="19">
          <content>mx, Esteban Rodr&amp;iacute;guez deNotiver, y Huge "se dedicaba a actividades particulares", detall&amp;oacute la Procuradur&amp;iacute;a General de Justicia de Veracruz .</content>
        </sentence>
        <sentence id="20">
          <content>"Los asesinatos y amenazas repetidamente sufridos por defensores de derechos y periodistas en M&amp;eacute;xico deben detenerse inmediatamente", informaron los expertos de la CIDH .</content>
        </sentence>
        <sentence id="21">
          <content>El 14 de juniofue asesinado, tambi&amp;eacute;n en Veracruz, V&amp;iacute;ctor B&amp;aacute;ez, periodista del diarioMilenioen Xalapa .</content>
        </sentence>
        <sentence id="22">
          <content>El &amp;uacute;ltimo crimen de este tipo ocurri&amp;oacute el martes pasado, cuandofue reportado como desaparecido Miguel Morales Estrada, fot&amp;oacutegrafo delDiario de Poza Rica, tambi&amp;eacute;n en Veracruz .</content>
        </sentence>
        <sentence id="23">
          <content>El gobierno deVeracruz se comprometi&amp;oacute en mayo pasado a esclarecer los cr&amp;iacute;menescontra periodistas en el estado .</content>
        </sentence>
      </sentences>
    </paragraph>
  </article>
</document>
