<?xml version="1.0" encoding="UTF-8"?>
<document id="799" link="http://mexico.cnn.com/nacional/2014/03/18/el-gobierno-federal-ordena-detener-por-peculado-al-extesorero-de-michoacan" category="Nacional" highlights_mapped="false">
  <title>El extesorero de Michoac&amp;aacute;n, acusado de peculado, es detenido en Jalisco - Nacional - CNNMexico.com</title>
  <keywords>michoacan, tesorero, extesorero, aprehension,</keywords>
  <summaries>
    <highlights>
      <sentence id="1" ids_sentences_article="">NUEVO: El extesorero de Michoac&amp;aacute;n, Humberto Su&amp;aacute;rez, fue detenido en Guadalajara y trasladado a Morelia.</sentence>
      <sentence id="2" ids_sentences_article="">El exfuncionario es acusado de robar recursos p&amp;uacute;blicos y abuso de autoridad.</sentence>
      <sentence id="3" ids_sentences_article="">Su&amp;aacute;rez fue colaborador de los gobernadores L&amp;aacute;zaro C&amp;aacute;rdenas Batel y Leonel Godoy, del PRD.</sentence>
    </highlights>
  </summaries>
  <article>
    <paragraph id="1">
      <sentences>
        <sentence id="1">
          <content>El extesorero de Michoac&amp;aacute;n, acusado de peculado, es detenido en Jalisco.</content>
        </sentence>
        <sentence id="2">
          <content>Humberto Su&amp;aacute;rez, funcionario en los pasados gobiernos estatales, del PRD, es acusado de robar recursos p&amp;uacute;blicos y abuso de autoridad.</content>
        </sentence>
        <sentence id="3">
          <content>CIUDAD DE M&amp;Eacute;XICO (CNNM&amp;eacute;xico) -- Las autoridades de Michoac&amp;aacute;n informaron de la detenci&amp;oacuten de Humberto Su&amp;aacute;rez L&amp;oacutepez, exsecretario de Finanzas de Michoac&amp;aacute;n, quien est&amp;aacute; acusado de robar recursos p&amp;uacute;blicos (peculado) y de abuso de autoridad, seg&amp;uacute;n la Secretar&amp;iacute;a de Seguridad P&amp;uacute;blica del estado .</content>
        </sentence>
        <sentence id="4">
          <content>Tras ser detenido en Guadalajara, Jalisco, Su&amp;aacute;rez L&amp;oacutepez fue trasladado a Morelia, capital de Michoac&amp;aacute;n .</content>
        </sentence>
        <sentence id="5">
          <content>En cumplimiento de la orden de aprehensi&amp;oacuten por los delitos de peculado y abuso de autoridad (2/3)-- SSP MICHOAC&amp;Aacute;N (@MICHOACANSSP) marzo 19, 2014El anuncio se produce tres meses despu&amp;eacute;s de que el gobierno federal iniciara un operativo especial en Michoac&amp;aacute;n, para combatir la inseguridad derivada de las actividades de organizaciones delictivas y contener la expansi&amp;oacuten de grupos de autodefensa .</content>
        </sentence>
        <sentence id="6">
          <content>Su&amp;aacute;rez fue funcionario en los gobiernos de L&amp;aacute;zaro C&amp;aacute;rdenas Batel y Leonel Godoy, militantes del Partido de la Revoluci&amp;oacuten Democr&amp;aacute;tica (PRD) que gobernaron la entidad de 2002 a 2012 .</content>
        </sentence>
        <sentence id="7">
          <content>Durante ambos mandatos, la deuda p&amp;uacute;blica de Michoac&amp;aacute;n creci&amp;oacute en 870% hasta llegar a 15,528 millones de pesos, un incremento que ha generado cr&amp;iacute;ticas al PRD de parte del Partido Revolucionario Institucional (PRI) y del Partido Acci&amp;oacuten Nacional (PAN) .</content>
        </sentence>
        <sentence id="8">
          <content>Alrededor del mediod&amp;iacute;a de este martes, el comisionado para la seguridad de Michoac&amp;aacute;n, Alfredo Castillo dijo en rueda de prensa que tambi&amp;eacute;n se orden&amp;oacute detener a otros cinco exfuncionarios y que las autoridades catearon cuatro domicilios relacionados con el caso, seg&amp;uacute;n un reporte de la agencia Notimex .</content>
        </sentence>
        <sentence id="9">
          <content>El comisionado rechaz&amp;oacute detallar los montos presuntamente robados por Su&amp;aacute;rez y los nombres de los exservidores p&amp;uacute;blicos buscados, argumentando que con ello se quiere evitar entorpecer las investigaciones, indic&amp;oacute Notimex .</content>
        </sentence>
        <sentence id="10">
          <content>Michoac&amp;aacute;n, un estado del Pac&amp;iacute;fico mexicano, tiene una poblaci&amp;oacuten de unos 4 millones 300,000 personas y desde febrero de 2012 es gobernado por Fausto Vallejo, militante del PRI igual que el presidente Enrique Pe&amp;ntilde;a Nieto .</content>
        </sentence>
      </sentences>
    </paragraph>
  </article>
</document>
