<?xml version="1.0" encoding="UTF-8"?>
<document id="812" link="http://mexico.cnn.com/nacional/2014/03/19/el-mexicano-ramiro-hernandez-esta-en-la-antesala-de-la-muerte-en-texas" category="Nacional" highlights_mapped="false">
  <title>El mexicano Ramiro Hern&amp;aacute;ndez est&amp;aacute; en la antesala de la muerte en Texas  - Nacional - CNNMexico.com</title>
  <keywords>pena de muerte, ramiro hernandez llanas, texas, gobernador, rick perry, edgar tamayo, caso avena</keywords>
  <summaries>
    <highlights>
      <sentence id="1" ids_sentences_article="">La pena de muerte del mexicano Ramiro Hern&amp;aacute;ndez Llanas est&amp;aacute; programada para el 9 de abril en Texas.</sentence>
      <sentence id="2" ids_sentences_article="">El presidente de la Comisi&amp;oacute;n de Derechos Humanos pidi&amp;oacute; suspender esa condena e imponer un castigo de prisi&amp;oacute;n.</sentence>
      <sentence id="3" ids_sentences_article="">Hace un par de meses muri&amp;oacute; ejecutado con inyecci&amp;oacute;n letal el mexicano &amp;Eacute;dgar Tamayo.</sentence>
      <sentence id="4" ids_sentences_article="">Tanto el expediente de Tamayo como el de Hern&amp;aacute;ndez Llanas forman parte del Caso Avena.</sentence>
    </highlights>
  </summaries>
  <article>
    <paragraph id="1">
      <sentences>
        <sentence id="1">
          <content>El mexicano Ramiro Hern&amp;aacute;ndez est&amp;aacute; en la antesala de la muerte en Texas.</content>
        </sentence>
        <sentence id="2">
          <content>Derechos Humanos pidi&amp;oacute; detener la pena de muerte del mexicano, programada para el 9 de abril, a unos meses de la ejecuci&amp;oacute;n de &amp;Eacute;dgar Tamayo.</content>
        </sentence>
        <sentence id="3">
          <content>(CNNM&amp;eacute;xico) -- En 21 d&amp;iacute;as morir&amp;aacute; en Texas el mexicano Ramiro Hern&amp;aacute;ndez Llanas&amp;hellip; a menos de que fructifiquen los llamados para detener la pena de muerte .</content>
        </sentence>
        <sentence id="4">
          <content>El presidente de la Comisi&amp;oacute;n Nacional de Derechos Humanos (CNDH), Ra&amp;uacute;l Plascencia, envi&amp;oacute; una carta al gobernador texano, Rick Perry, para solicitar la suspensi&amp;oacute;n de la condena contra Hern&amp;aacute;ndez, acusado por un asesinato y una violaci&amp;oacute;n en EU .</content>
        </sentence>
        <sentence id="5">
          <content>Plascencia pidi&amp;oacute; "que se conmute la sentencia impuesta --programada para el 9 de abril--, por otra de prisi&amp;oacute;n", de acuerdo con un comunicado de la CNDH, emitido este mi&amp;eacute;rcoles .</content>
        </sentence>
        <sentence id="6">
          <content>"Para las instituciones encargadas de la protecci&amp;oacute;n y defensa de los derechos humanos, la vida representa el bien jur&amp;iacute;dico m&amp;aacute;s valioso", manifest&amp;oacute; el ombudsman nacional .</content>
        </sentence>
        <sentence id="7">
          <content>Ramiro Hern&amp;aacute;ndez Llanas, de 44 a&amp;ntilde;os y originario de Nuevo Laredo, Tamaulipas, est&amp;aacute; acusado por el homicidio de Glen Lich, un ranchero del condado de Kerr, al noroeste de San Antonio, Estados Unidos, apunt&amp;oacute; Notimex .</content>
        </sentence>
        <sentence id="8">
          <content>De acuerdo con la acusaci&amp;oacute;n, Hern&amp;aacute;ndez trabajaba para Lich, cuando la noche del 15 de octubre de 1997 presuntamente irrumpi&amp;oacute; en la casa del ranchero, de 49 a&amp;ntilde;os, y lo mat&amp;oacute; .</content>
        </sentence>
        <sentence id="9">
          <content>Seg&amp;uacute;n el reporte de la Polic&amp;iacute;a, Hern&amp;aacute;ndez at&amp;oacute; luego a la esposa de Lich y la viol&amp;oacute; .</content>
        </sentence>
        <sentence id="10">
          <content>Hern&amp;aacute;ndez recibi&amp;oacute; la fecha de ejecuci&amp;oacute;n tras haber agotado sus recursos ante las cortes federales y estatales .</content>
        </sentence>
        <sentence id="11">
          <content>En la &amp;uacute;ltima apelaci&amp;oacute;n ante una corte federal, los abogados defensores del mexicano argumentaron que su coeficiente intelectual era menor a 70 puntos, lo que lo colocaba como un hombre con discapacidad mental inelegible para la pena de muerte, seg&amp;uacute;n la agencia oficial mexicana .</content>
        </sentence>
        <sentence id="12">
          <content>El caso de Hern&amp;aacute;ndez forma parte del grupo de 51 expedientes considerados en el llamado Caso Avena, en el que la Corte Internacional de Justicia (CIJ) orden&amp;oacute; a Estados Unidos en 2004 iniciar un proceso de revisi&amp;oacute;n por clara violaci&amp;oacute;n al derecho consular de los acusados .</content>
        </sentence>
        <sentence id="13">
          <content>"Estados Unidos reconoce el fallo en materia internacional, pero en ausencia de una legislaci&amp;oacute;n habilitante por parte del Congreso americano, la Corte Suprema de ese pa&amp;iacute;s estim&amp;oacute; que el fallo no era vinculante para los estados", coment&amp;oacute; este mi&amp;eacute;rcoles sobre lo que ocurre con Ramiro Hern&amp;aacute;ndez el canciller mexicano, Jos&amp;eacute; Antonio Meade .</content>
        </sentence>
        <sentence id="14">
          <content>"El respeto al debido proceso es un tema que es de inter&amp;eacute;s no solo para los mexicanos, no solo en el tema espec&amp;iacute;fico del caso Avena, sino que es una garant&amp;iacute;a para cualquiera que sea objeto de una investigaci&amp;oacute;n criminal en cualquier parte del mundo", agreg&amp;oacute; .</content>
        </sentence>
        <sentence id="15">
          <content>El canciller dijo que se brindar&amp;iacute;a apoyo a la defensa del mexicano, y que se insistir&amp;iacute;a ante las autoridades de Texas para buscar que el resultado sea distinto .</content>
        </sentence>
        <sentence id="16">
          <content>"Seguimos trabajando en el tema .</content>
        </sentence>
        <sentence id="17">
          <content>Nosotros pensamos que es muy importante generar acciones de presi&amp;oacute;n" .</content>
        </sentence>
        <sentence id="18">
          <content>Hace un par de meses, en Texas muri&amp;oacute; ejecutado por inyecci&amp;oacute;n letal el mexicano &amp;Eacute;dgar Tamayo Arias --su expediente tambi&amp;eacute;n form&amp;oacute; parte del Caso Avena--, acusado por el asesinato de un polic&amp;iacute;a en Houston en 1994 .</content>
        </sentence>
        <sentence id="19">
          <content>Un fallo en 2004 de la CIJ hab&amp;iacute;a indicado que Tamayo Arias estuvo privado de sus derechos consulares, en violaci&amp;oacute;n de la Convenci&amp;oacute;n de Viena, ratificada por Estados Unidos y otros 174 pa&amp;iacute;ses .</content>
        </sentence>
        <sentence id="20">
          <content>En ella se prev&amp;eacute; que todo extranjero reciba asistencia de sus representantes consulares, tras ser informado de sus derechos .</content>
        </sentence>
        <sentence id="21">
          <content>Organizaciones como Amnist&amp;iacute;a Internacional y Human Rights Watch condenaron lo ocurrido en el caso de Tamayo .</content>
        </sentence>
        <sentence id="22">
          <content>Si se concreta la ejecuci&amp;oacute;n de Hern&amp;aacute;ndez Llanas, ser&amp;iacute;a la primera vez que Texas aplica la pena de muerte a dos mexicanos en el mismo a&amp;ntilde;o, seg&amp;uacute;n Notimex .</content>
        </sentence>
        <sentence id="23">
          <content>Adem&amp;aacute;s seria el cuarto mexicano que forme parte del Caso Avena y reciba la pena de muerte .</content>
        </sentence>
        <sentence id="24">
          <content>Antes ocurri&amp;oacute; la muerte de Jos&amp;eacute; Ernesto Medell&amp;iacute;n, en mayo de 2008, y Humberto Leal Garc&amp;iacute;a, en julio de 2011 .</content>
        </sentence>
        <sentence id="25">
          <content>Adem&amp;aacute;s de la carta al gobernador Perry, el ombudsman nacional envi&amp;oacute; un escrito a la Junta de Indultos y Libertad Condicional del Estado de Texas .</content>
        </sentence>
        <sentence id="26">
          <content>En ella se record&amp;oacute; que "el 31 de marzo de 2004, la Corte Internacional de Justicia determin&amp;oacute; que se viol&amp;oacute; en perjuicio del se&amp;ntilde;or Ramiro Hern&amp;aacute;ndez Llanas el derecho de notificaci&amp;oacute;n y asistencia consular que previene el art&amp;iacute;culo 36 de la Convenci&amp;oacute;n de Viena sobre relaciones consulares, dentro del juicio conocido como Caso Avena", indic&amp;oacute; la CNDH .</content>
        </sentence>
        <sentence id="27">
          <content>El reporte de la Comisi&amp;oacute;n detall&amp;oacute; que esa instancia da seguimiento a 63 casos de mexicanos sentenciados a la pena capital: 60 en Estados Unidos y tres en Malasia .</content>
        </sentence>
      </sentences>
    </paragraph>
  </article>
</document>
