<?xml version="1.0" encoding="UTF-8"?>
<document id="789" link="http://mexico.cnn.com/nacional/2014/03/04/la-onu-ve-con-inquietud-posible-legalizacion-de-la-marihuana-en-el-df" category="Nacional" highlights_mapped="false">
  <title>La ONU ve con 'inquietud' posible legalizaci&amp;oacuten de la marihuana en el DF - Nacional - CNNMexico.com</title>
  <keywords>legalizaci&amp;oacute;n, marihuana, discusion, debate, jife, presentacion, informe, onu, drogas, canabis, distrito federal, asamblea, iniciativa</keywords>
  <summaries>
    <highlights>
      <sentence id="1" ids_sentences_article="">La JIFE present&amp;oacute su informe anual sobre el impacto social y econ&amp;oacutemico de las drogas en el mundo.</sentence>
      <sentence id="2" ids_sentences_article="">La Junta ve con inquietud la legalizaci&amp;oacuten con fines recreativos de la marihuana en Uruguay, Colorado y Washington.</sentence>
      <sentence id="3" ids_sentences_article="">As&amp;iacute; como la discusi&amp;oacuten de la legalizaci&amp;oacuten en la Ciudad de M&amp;eacute;xico.</sentence>
    </highlights>
  </summaries>
  <article>
    <paragraph id="1">
      <sentences>
        <sentence id="1">
          <content>La ONU ve con 'inquietud' posible legalizaci&amp;oacuten de la marihuana en el DF.</content>
        </sentence>
        <sentence id="2">
          <content>La Junta Internacional de Fiscalizaci&amp;oacuten de Estupefacientes dijo que el DF debe respetar los tratados internacionales y el derecho federal.</content>
        </sentence>
        <sentence id="3">
          <content>(CNNM&amp;eacute;xico) -- La Organizaci&amp;oacuten de las Naciones Unidas (ONU) ve con preocupaci&amp;oacuten la discusi&amp;oacuten de la legalizaci&amp;oacuten de la marihuana en la Asamblea Legislativa del Distrito Federal (ALDF), cuya aprobaci&amp;oacuten claramente violentar&amp;iacute;a los tratados internacionales, asegur&amp;oacute Alejandro Mohar, miembro de la Junta Internacional de Fiscalizaci&amp;oacuten de Estupefacientes (JIFE) .</content>
        </sentence>
        <sentence id="4">
          <content>El organismo perteneciente a la ONU dio a conocer este martes su informe de 2013 que detalla los costos econ&amp;oacutemicos y sociales del uso de drogas en los &amp;aacute;mbitos de la salud, la seguridad p&amp;uacute;blica, la delincuencia, la productividad y la gobernanza .</content>
        </sentence>
        <sentence id="5">
          <content>La Junta se&amp;ntilde;ala que en el Distrito Federal se est&amp;aacute;n preparando proyectos de ley para legalizar la marihuana que "deber&amp;iacute;an respetar" los tratados internacionales y el derecho federal, advierte en el documento .</content>
        </sentence>
        <sentence id="6">
          <content>El informe "se&amp;ntilde;ala la inquietud de la ONU de legalizar la producci&amp;oacuten de marihuana", asegur&amp;oacute Mohar en conferencia de prensa desde la sede de la ONU en M&amp;eacute;xico .</content>
        </sentence>
        <sentence id="7">
          <content>Lo cual "claramente est&amp;aacute; violentando un tratado internacional" .</content>
        </sentence>
        <sentence id="8">
          <content>La ALDF discutir&amp;aacute; este mes un paquete de iniciativas enviadas por legisladores de izquierda en febrero en que se busca reducir la persecuci&amp;oacuten judicial de quienes consumen marihuana,as&amp;iacute; como la creaci&amp;oacuten de "dispensarios" de esta droga .</content>
        </sentence>
        <sentence id="9">
          <content>La propuesta se basa en modificaciones a la Ley para la Atenci&amp;oacuten Integral del Consumo de Sustancias Psicoactivas en el DF, una legislaci&amp;oacuten sobre la que la Asamblea s&amp;iacute; tiene injerencia, a diferencia del tema de las drogas, que es una facultad exclusiva del Congreso federal .</content>
        </sentence>
        <sentence id="10">
          <content>Raymond Yans, presidente de la JIFE, se&amp;ntilde;al&amp;oacute en un mensaje para prensa que la Junta observ&amp;oacute con preocupaci&amp;oacuten como el Parlamento de Uruguay aprob&amp;oacute el a&amp;ntilde;o pasado un proyecto de ley que permite al Estado asumir el control y la regulaci&amp;oacuten de la importaci&amp;oacuten, producci&amp;oacuten, almacenamiento y comercializaci&amp;oacuten de la droga, modelo &amp;uacute;nico en su tipo en el mundo .</content>
        </sentence>
        <sentence id="11">
          <content>"La JIFE se&amp;ntilde;ala que esa ley contraviene lo dispuesto en la Convenci&amp;oacuten de 1961 y recuerda al Uruguay la necesidad de respetar los tratados" .</content>
        </sentence>
        <sentence id="12">
          <content>La Junta tambi&amp;eacute;n "lament&amp;oacute profundamente", la aprobaci&amp;oacuten del uso de la marihuana con fines recreativos en Colorado y Washington, se se&amp;ntilde;ala en el informe .</content>
        </sentence>
        <sentence id="13">
          <content>El estado de Colorado hizo historia al iniciar el a&amp;ntilde;o al ser el primero de Estados Unidos en permitir tiendas especiales para la venta de marihuana de uso recreativo a los mayores de 21 a&amp;ntilde;os .</content>
        </sentence>
        <sentence id="14">
          <content>Yans reitero la voluntad de la JIFE de mantener un di&amp;aacute;logo continuo con todos los pa&amp;iacute;ses, "incluidos aquellos en que se han puesto en marcha ese tipo de iniciativas, con miras a asegurar la plena aplicaci&amp;oacuten de los tratados y proteger la salud p&amp;uacute;blica", seg&amp;uacute;n la presentaci&amp;oacuten del informe dada a conocer este martes .</content>
        </sentence>
        <sentence id="15">
          <content>Fernando Cano Valle, titular de la Comisi&amp;oacuten Nacional contra las Adicciones, asegur&amp;oacute en la conferencia que pese a que el paquete de iniciativas en la ALDF "no est&amp;aacute;n basadas en la mala fe", los legisladores no cuentan con el conocimiento suficiente .</content>
        </sentence>
        <sentence id="16">
          <content>"La marihuana no es innocua, hay suficiente conocimiento y evidencia de que produce da&amp;ntilde;o en todo el organismo", dijo .</content>
        </sentence>
        <sentence id="17">
          <content>Opini&amp;oacuten que respald&amp;oacute Carmen Fern&amp;aacute;ndez, directora de los Centros de Integraci&amp;oacuten Juvenil "no hay estudios con la validez suficiente para poder decir que la marihuana tenga propiedades medicinales y mucho menos curativas", se&amp;ntilde;al&amp;oacute .</content>
        </sentence>
        <sentence id="18">
          <content>M&amp;eacute;xico, eje del paso de la coca&amp;iacute;naLa JIFE destaca en su informe que M&amp;eacute;xico contin&amp;uacute;a siendo una regi&amp;oacuten de tr&amp;aacute;fico de drogas .</content>
        </sentence>
        <sentence id="19">
          <content>"M&amp;aacute;s del 90% del total de la coca&amp;iacute;na que se introduce il&amp;iacute;citamente en los Estados Unidos de Am&amp;eacute;rica procede de Colombia y atraviesa M&amp;eacute;xico y el corredor de Centroamerica" .</content>
        </sentence>
        <sentence id="20">
          <content>Aunque con el arresto de Joaqu&amp;iacute;n el Chapo Guzm&amp;aacute;n,-l&amp;iacute;der del c&amp;aacute;rtel de Sinaloa y uno de los principales distribuidores de coca&amp;iacute;na a Estados Unidos y Europa-, estas cifras podr&amp;iacute;an reducirse, de acuerdo con los especialistas .</content>
        </sentence>
        <sentence id="21">
          <content>"Claramente tendr&amp;aacute; impactos sobre lo que es hoy en d&amp;iacute;a los mercados internacionales de la droga", se&amp;ntilde;al&amp;oacute Antonio L .</content>
        </sentence>
        <sentence id="22">
          <content>Mazzietelli, representante de la Oficina de las Naciones Unidas contra la Droga y el Delito para M&amp;eacute;xico, en conferencia de prensa este martes .</content>
        </sentence>
        <sentence id="23">
          <content>"El cartel de Sinaloa estaba conformado como un triunvirato, hab&amp;iacute;an relacionado una multinacional de las drogas porque traficaban todas las drogas il&amp;iacute;citas conocidas y pr&amp;aacute;cticamente lograban distribuir al por mayor estas drogas en todo el mundo (&amp;hellip;) La captura de uno de los tres elementos seguramente genera desbalances", agreg&amp;oacute .</content>
        </sentence>
        <sentence id="24">
          <content>El c&amp;aacute;rtel de Sinaloa tiene a&amp;uacute;n dos l&amp;iacute;deres que son buscados por las autoridades, Ismael El Mayo Zambada, y Jos&amp;eacute; Esparragoza Moreno, El Azul .</content>
        </sentence>
      </sentences>
    </paragraph>
  </article>
</document>
