<?xml version="1.0" encoding="UTF-8"?>
<document id="541" link="http://mexico.cnn.com/nacional/2014/03/18/funcionarios-los-principales-agresores-de-periodistas-en-mexico-reporte" category="Nacional" highlights_mapped="false">
  <title>Funcionarios, los principales agresores de periodistas en M&amp;eacute;xico: reporte - Nacional - CNNMexico.com</title>
  <keywords>prensa, agresiones, periodistas, articulo 19, reporte, violencia, asesinatos, muertes, crimenes, impunidad</keywords>
  <summaries>
    <highlights>
      <sentence id="1" ids_sentences_article="">Las agresiones contra la prensa crecieron 59% de 2012 a 2013, seg&amp;uacute;n Art&amp;iacute;culo 19.</sentence>
      <sentence id="2" ids_sentences_article="">Las 330 agresiones de 2013 incluyen amenazas, actos de intimidaci&amp;oacuten y cuatro asesinatos.</sentence>
      <sentence id="3" ids_sentences_article="">Seis de cada 10 agresiones fueron cometidas por funcionarios p&amp;uacute;blicos, se&amp;ntilde;ala la organizaci&amp;oacuten.</sentence>
    </highlights>
  </summaries>
  <article>
    <paragraph id="1">
      <sentences>
        <sentence id="1">
          <content>Funcionarios, los principales agresores de periodistas en M&amp;eacute;xico: reporte.</content>
        </sentence>
        <sentence id="2">
          <content>El a&amp;ntilde;o pasado se registraron 330 agresiones contra periodistas, seg&amp;uacute;n la organizaci&amp;oacuten Art&amp;iacute;culo 19.</content>
        </sentence>
        <sentence id="3">
          <content>CIUDAD DE M&amp;Eacute;XICO (CNNM&amp;eacute;xico) -- De las 330 agresiones que periodistas en M&amp;eacute;xico enfrentaron en 2013, el 60% fueron cometidas por funcionarios de distintos niveles de gobierno, seg&amp;uacute;n un informe de la organizaci&amp;oacuten Art&amp;iacute;culo 19 emitido este martes .</content>
        </sentence>
        <sentence id="4">
          <content>La cifra refleja un alza del 59% respecto de 2012 y que la prensa del pa&amp;iacute;s enfrent&amp;oacute su a&amp;ntilde;o m&amp;aacute;s violento desde 2007 .</content>
        </sentence>
        <sentence id="5">
          <content>Las agresiones documentadas incluyen amenazas, actos de intimidaci&amp;oacuten, detenciones arbitrarias, secuestros y los asesinatos de cuatro comunicadores --Jaime Gonz&amp;aacute;lez, Daniel Alejandro Mart&amp;iacute;nez, Mario Ch&amp;aacute;vez Jorge y Alberto L&amp;oacutepez Bello--, se&amp;ntilde;ala el reporte .</content>
        </sentence>
        <sentence id="6">
          <content>"Polic&amp;iacute;as estatales y municipales fueron responsables de 87 ataques .</content>
        </sentence>
        <sentence id="7">
          <content>Otros 24 periodistas fueron detenidos ilegalmente por la polic&amp;iacute;a mientras se dispon&amp;iacute;an a realizar una cobertura period&amp;iacute;stica", indica el informe .</content>
        </sentence>
        <sentence id="8">
          <content>En cuanto a los asesinatos de periodistas, tres de los cuatro casos documentados se atribuyeron al crimen organizado y en uno no se identific&amp;oacute al responsable .</content>
        </sentence>
        <sentence id="9">
          <content>Las m&amp;aacute;s de 80 muertes de comunicadores registradas desde 2000 han llevado a la Organizaci&amp;oacuten de las Naciones Unidas (ONU) a considerar a M&amp;eacute;xico como el pa&amp;iacute;s m&amp;aacute;s peligroso de Am&amp;eacute;rica Latina para ejercer el periodismo .</content>
        </sentence>
        <sentence id="10">
          <content>En su informe, Art&amp;iacute;culo 19 se&amp;ntilde;ala el problema de la violencia contra la prensa se concentra en los estados de Chihuahua, Coahuila, Tamaulipas y Veracruz, aunque en 2013 se agudiz&amp;oacute en otras siete entidades: Baja California, Distrito Federal, Guerrero, Michoac&amp;aacute;n, Oaxaca, Tlaxcala y Zacatecas .</content>
        </sentence>
        <sentence id="11">
          <content>En el caso del DF, la organizaci&amp;oacuten se&amp;ntilde;ala que el aumento de las agresiones contra la prensa se relacion&amp;oacute con la respuesta de las autoridades de la capital mexicana a las manifestaciones que se realizaron a lo largo del a&amp;ntilde;o .</content>
        </sentence>
        <sentence id="12">
          <content>Algunas de esas marchas derivaron en enfrentamientos entre polic&amp;iacute;as y manifestantes, y en ellas "atestiguamos agresiones y detenciones contra periodistas que cubr&amp;iacute;an protestas en sus calles", indica el reporte .</content>
        </sentence>
        <sentence id="13">
          <content>La difusi&amp;oacuten del documento se da mientras el gobierno de M&amp;eacute;xico prepara su respuesta a las recomendaciones que emiti&amp;oacute la ONU en derechos humanos durante 2013, luego de que el pa&amp;iacute;s fuera sometido al Examen Peri&amp;oacutedico Universal en la materia .</content>
        </sentence>
        <sentence id="14">
          <content>M&amp;eacute;xico debe responder cu&amp;aacute;les de las 176 recomendaciones aceptar&amp;aacute; y cu&amp;aacute;les no .</content>
        </sentence>
        <sentence id="15">
          <content>De ese total, el mayor n&amp;uacute;mero corresponde a que el Estado mexicano todav&amp;iacute;a carece de mecanismos para proteger a periodistas y defensores de derechos humanos .</content>
        </sentence>
        <sentence id="16">
          <content>Para Art&amp;iacute;culo 19, la situaci&amp;oacuten de violencia que enfrentan los periodistas en el pa&amp;iacute;s afecta la libertad de expresi&amp;oacuten y el derecho a la informaci&amp;oacuten, porque los comunicadores optan por limitar su trabajo para no sufrir represalias .</content>
        </sentence>
        <sentence id="17">
          <content>"En ninguno de los casos documentados (&amp;hellip;) los comunicadores pudieron retomar su actividad period&amp;iacute;stica al 100% .</content>
        </sentence>
        <sentence id="18">
          <content>El miedo a sufrir nuevas agresiones sin protecci&amp;oacuten del Estado los llev&amp;oacute a modificar su actividad profesional .</content>
        </sentence>
        <sentence id="19">
          <content>En ocasiones, dejan de cubrir sucesos policiacos, se autocensuran o directamente cierran los medios", concluye el informe .</content>
        </sentence>
        <sentence id="20">
          <content>Este lunes, Art&amp;iacute;culo 19 report&amp;oacute un allanamiento en la casa del director para M&amp;eacute;xico y Centroam&amp;eacute;rica, Dar&amp;iacute;o Ram&amp;iacute;rez, aunque no confirm&amp;oacute ni descart&amp;oacute que se tratara de una agresi&amp;oacuten por el trabajo de defensa de derechos humanos .</content>
        </sentence>
      </sentences>
    </paragraph>
  </article>
</document>
