<?xml version="1.0" encoding="UTF-8"?>
<document id="314" link="http://mexico.cnn.com/nacional/2014/03/05/titular-de-la-cndh-plantea-desaparecer-poderes-en-municipios-de-michoacan" category="Nacional" highlights_mapped="false">
  <title>Titular de la CNDH plantea desaparecer poderes en municipios de Michoac&amp;aacute;n - Nacional - CNNMexico.com</title>
  <keywords>michoacan, gobierno, violencia, declaraciones, plascencia, villanueva, poderes, ausencia, administracion, desaparecer</keywords>
  <summaries>
    <highlights>
      <sentence id="1" ids_sentences_article="">El Congreso de Michoac&amp;aacute;n puede declarar la desaparici&amp;oacuten de poderes en municipios de Michoac&amp;aacute;n, se&amp;ntilde;al&amp;oacute Plascencia.</sentence>
      <sentence id="2" ids_sentences_article="">'Hay incapacidad en materia de seguridad p&amp;uacute;blica por parte de gobiernos municipales', consider&amp;oacute el titular de la CNDH.</sentence>
      <sentence id="3" ids_sentences_article="">El ayuntamiento de Apatzing&amp;aacute;n permanece tomado desde el lunes por civiles que piden destituir al alcalde.</sentence>
    </highlights>
  </summaries>
  <article>
    <paragraph id="1">
      <sentences>
        <sentence id="1">
          <content>Titular de la CNDH plantea desaparecer poderes en municipios de Michoac&amp;aacute;n.</content>
        </sentence>
        <sentence id="2">
          <content>Ra&amp;uacute;l Plascencia Villanueva consider&amp;oacute que en la toma del ayuntamiento de Apatzing&amp;aacute;n se nota que existe 'ausencia de gobierno' en municipios.</content>
        </sentence>
        <sentence id="3">
          <content>(Notimex) -- El Congreso de Michoac&amp;aacute;n debe revisar si "hay ausencia de administraci&amp;oacuten p&amp;uacute;blica municipal" y considerar en su caso la desaparici&amp;oacuten de poderes en algunos ayuntamientos, se&amp;ntilde;al&amp;oacute el presidente de la Comisi&amp;oacuten Nacional de los Derechos Humanos (CNDH), Ra&amp;uacute;l Plascencia Villanueva .</content>
        </sentence>
        <sentence id="4">
          <content>"Observamos que hab&amp;iacute;a y hay incapacidad en materia de seguridad p&amp;uacute;blica por parte de gobiernos municipales, incapacidad en materia de administraci&amp;oacuten del propio ayuntamiento y ahora observamos, con esta toma del ayuntamiento de Apatzing&amp;aacute;n el d&amp;iacute;a de ayer, una ausencia de gobierno", declar&amp;oacute este martes .</content>
        </sentence>
        <sentence id="5">
          <content>Personas mantienen tomado desde el lunes el ayuntamiento de Apatzing&amp;aacute;n, al que llegaron exigiendo la renuncia del alcalde Uriel Ch&amp;aacute;vez, quien tuvo que ser sacado del edificio por fuerzas federales .</content>
        </sentence>
        <sentence id="6">
          <content>La toma de la alcald&amp;iacute;a deriv&amp;oacute de un problema personal entre Ch&amp;aacute;vez y un sacerdote local, Gregorio L&amp;oacutepez, de acuerdo con el comisionado federal para la seguridad del estado, Alfredo Castillo .</content>
        </sentence>
        <sentence id="7">
          <content>Sin embargo, L&amp;oacutepez se&amp;ntilde;al&amp;oacute este martes que sus problemas con Ch&amp;aacute;vez, militante del Partido Revolucionario Institucional (PRI), no son personales, sino que es "el pueblo" el que exige su renuncia por presuntos v&amp;iacute;nculos con el grupo delictivo de Los Caballeros Templarios .</content>
        </sentence>
        <sentence id="8">
          <content>Plascencia Villanueva plante&amp;oacute este martes la posibilidad de que el Congreso estatal nombre "a responsables en la materia" y desaparecer a ayuntamientos donde haya incapacidad en materia de seguridad, dijo en entrevista despu&amp;eacute;s de firmar un convenio de colaboraci&amp;oacuten entre la CNDH y el Instituto Nacional de las Mujeres (Inmujeres), en el marco del D&amp;iacute;a Internacional de los Derechos de la Mujer .</content>
        </sentence>
        <sentence id="9">
          <content>Ayuntamientos como Coalcom&amp;aacute;n y Tepalcatepec viven una condici&amp;oacuten donde "no hay gobierno, no hay administraci&amp;oacuten p&amp;uacute;blica", expres&amp;oacute .</content>
        </sentence>
        <sentence id="10">
          <content>Tepalcatepec, junto con La Ruana, fueron unos de los primeros municipios donde surgieron grupos de autodefensa, que tomaron el control de la seguridad p&amp;uacute;blica ante la desconfianza en las autoridades locales y la acci&amp;oacuten de Los Caballeros Templarios .</content>
        </sentence>
        <sentence id="11">
          <content>"Tienen que analizarse uno a uno, pero tomarse las decisiones porque es muy lamentable que se caiga en anarqu&amp;iacute;a existiendo un gobierno como es el del municipio, a trav&amp;eacute;s de un ayuntamiento con regidores que deber&amp;iacute;an estar cumpliendo una funci&amp;oacuten, pero est&amp;aacute;n ausentes del ejercicio de gobierno", dijo .</content>
        </sentence>
        <sentence id="12">
          <content>Plascencia Villanueva se&amp;ntilde;al&amp;oacute que entre las facultades del Congreso michoacano se encuentra el an&amp;aacute;lisis del cumplimiento de las funciones propias del ayuntamiento, para que en caso de que no ocurra, se declare la desaparici&amp;oacuten de poderes y sea nombrado "un concejo que se haga cargo de la vida municipal", particularmente en materia de seguridad p&amp;uacute;blica y administraci&amp;oacuten municipal .</content>
        </sentence>
        <sentence id="13">
          <content>Ante el surgimiento de las autodefensas y los enfrentamientos con Los Caballeros Templarios, el gobierno federal anunci&amp;oacute en enero que tomar&amp;iacute;a el control de la seguridad en la regi&amp;oacuten de Tierra Caliente .</content>
        </sentence>
        <sentence id="14">
          <content>El gobierno federal envi&amp;oacute al estado tropas del Ej&amp;eacute;rcito y la Marina, as&amp;iacute; como agentes del Ministerio P&amp;uacute;blico federal que desarmaron a las polic&amp;iacute;as locales, acusadas por los grupos de autodefensa de colaborar con los criminales .</content>
        </sentence>
      </sentences>
    </paragraph>
  </article>
</document>
