<?xml version="1.0" encoding="UTF-8"?>
<document id="521" link="http://mexico.cnn.com/nacional/2014/03/07/307-personas-aspiran-a-un-lugar-en-el-nuevo-instituto-nacional-electoral" category="Nacional" highlights_mapped="false">
  <title>307 personas aspiran a un lugar en el nuevo Instituto Nacional Electoral - Nacional - CNNMexico.com</title>
  <keywords>instituto nacional electoral, ife, aspirantes, consejeros, ine, reforma politica, electoral, diputados</keywords>
  <summaries>
    <highlights>
      <sentence id="1" ids_sentences_article="">307 personas se registraron como aspirantes a consejeros del INE.</sentence>
      <sentence id="2" ids_sentences_article="">Entre ellos hay consejeros y exconsejeros del IFE, magistrados electorales y acad&amp;eacute;micos.</sentence>
      <sentence id="3" ids_sentences_article="">A m&amp;aacute;s tardar el 1 de abril, un comit&amp;eacute; t&amp;eacute;cnico entregar&amp;aacute; una lista de finalistas.</sentence>
    </highlights>
  </summaries>
  <article>
    <paragraph id="1">
      <sentences>
        <sentence id="1">
          <content>307 personas aspiran a un lugar en el nuevo Instituto Nacional Electoral.</content>
        </sentence>
        <sentence id="2">
          <content>La C&amp;aacute;mara baja elegir&amp;aacute; entre este grupo de consejeros y exconsejeros del IFE, magistrados electorales y acad&amp;eacute;micos.</content>
        </sentence>
        <sentence id="3">
          <content>CIUDAD DE M&amp;Eacute;XICO (CNNM&amp;eacute;xico) -- La C&amp;aacute;mara de Diputados recibi&amp;oacute el registro de 307 personas que aspiran a un lugar en el Consejo General del nuevo Instituto Nacional Electoral (INE), el organismo creado con la reciente reforma pol&amp;iacute;tico-electoral y que a m&amp;aacute;s tardar en junio sustituir&amp;aacute; al Instituto Federal Electoral (IFE) .</content>
        </sentence>
        <sentence id="4">
          <content>Entre los aspirantes est&amp;aacute;n los actuales cuatro consejeros del IFE --Mar&amp;iacute;a Marv&amp;aacute;n, Marco Ba&amp;ntilde;os, Benito Nacif y Lorenzo C&amp;oacuterdova--, quienes se registraron al proceso de selecci&amp;oacuten tras recibir el respaldo de los tres principales partidos, as&amp;iacute; como el secretario ejecutivo de la instituci&amp;oacuten, Edmundo Jacobo Molina .</content>
        </sentence>
        <sentence id="5">
          <content>La lista tambi&amp;eacute;n est&amp;aacute; integrada por Arturo S&amp;aacute;nchez, exconsejero del IFE; Javier Santiago Castillo, exconsejero electoral en el Distrito Federal, y Arturo Bolio Cerd&amp;aacute;n, consejero electoral en el Estado de M&amp;eacute;xico, seg&amp;uacute;n el documento publicado este viernes en la p&amp;aacute;gina web de la C&amp;aacute;mara de Diputados .</content>
        </sentence>
        <sentence id="6">
          <content>Entre los aspirantes tambi&amp;eacute;n hay exmagistrados y magistrados electorales, como Jos&amp;eacute; Fernando Ojesto y Santiago Nieto Castillo, exintegrantes del Tribunal Electoral del Poder Judicial de la Federaci&amp;oacuten (TEPJF), y Adolfo Riva Palacio y Alejandro Delint, del Tribunal Electoral del Distrito Federal (TEDF) .</content>
        </sentence>
        <sentence id="7">
          <content>Otro exfuncionario que aspira a entrar al INE es Jos&amp;eacute; Luis Vargas Valdez, titular de la Fiscal&amp;iacute;a Especializada para la Atenci&amp;oacuten de Delitos Electorales (Fepade) durante el gobierno de Felipe Calder&amp;oacuten (2006-2012) .</content>
        </sentence>
        <sentence id="8">
          <content>Adem&amp;aacute;s est&amp;aacute;n Jorge Eduardo Navarrete, pol&amp;iacute;tico cercano al excandidato presidencial Andr&amp;eacute;s Manuel L&amp;oacutepez Obrador --a quien &amp;eacute;ste propuso como canciller en caso de ganar los comicios presidenciales de 2012--, y los acad&amp;eacute;micos Ciro Murayama y Jos&amp;eacute; Fern&amp;aacute;ndez Santill&amp;aacute;n, quienes participaron en anteriores convocatorias para lugares en el IFE .</content>
        </sentence>
        <sentence id="9">
          <content>Los perfiles de los 307 aspirantes ser&amp;aacute;n revisados por un Comit&amp;eacute; T&amp;eacute;cnico de Evaluaci&amp;oacuten, que deber&amp;aacute; verificar que cumplan con los requisitos legales y de imparcialidad para entrar al INE .</content>
        </sentence>
        <sentence id="10">
          <content>A m&amp;aacute;s tardar el 1 de abril, el comit&amp;eacute; tendr&amp;aacute; que enviar a la Junta de Coordinaci&amp;oacuten Pol&amp;iacute;tica (Jucopo) de la c&amp;aacute;mara una lista con 55 finalistas, es decir, cinco por cada uno de los 11 asientos disponibles .</content>
        </sentence>
        <sentence id="11">
          <content>Una vez que la Jucopo tenga ese listado, a m&amp;aacute;s tardar el 8 de abril enviar&amp;aacute; al pleno una propuesta con los 11 candidatos, que se someter&amp;aacute; a discusi&amp;oacuten y necesitar&amp;aacute; los votos de una mayor&amp;iacute;a calificada para ser aprobada .</content>
        </sentence>
        <sentence id="12">
          <content>La creaci&amp;oacuten del INE es uno de los puntos clave de la reforma pol&amp;iacute;tico-electoral promulgada el 10 de febrero pasado .</content>
        </sentence>
        <sentence id="13">
          <content>El nuevo instituto tendr&amp;aacute; m&amp;aacute;s facultades que el IFE, pues no s&amp;oacutelo organizar&amp;aacute; elecciones federales sino que, bajo ciertas condiciones, podr&amp;aacute; atraer comicios en estados y municipios .</content>
        </sentence>
        <sentence id="14">
          <content>Tambi&amp;eacute;n tendr&amp;aacute; m&amp;aacute;s poder para fiscalizar los recursos de los partidos, aunque el Congreso todav&amp;iacute;a debe definir las leyes secundarias que establezcan las reglas con las que el nuevo instituto realizar&amp;aacute; esta tarea .</content>
        </sentence>
      </sentences>
    </paragraph>
  </article>
</document>
