<?xml version="1.0" encoding="UTF-8"?>
<document id="304" link="http://mexico.cnn.com/nacional/2014/02/13/el-gobierno-delinea-planes-a-la-medida-para-seis-municipios-en-michoacan" category="Nacional" highlights_mapped="false">
  <title>El gobierno delinea planes "a la medida" para seis municipios en Michoac&amp;aacute;n - Nacional - CNNMexico.com</title>
  <keywords>michoacan, nuevo esquema, gobierno federal, anuncia,</keywords>
  <summaries>
    <highlights>
      <sentence id="1" ids_sentences_article="">El esquema se aplicar&amp;aacute; en los municipios de L&amp;aacute;zaro C&amp;aacute;rdenas, Uruapan, Morelia, Apatzing&amp;aacute;n, Los Reyes y M&amp;uacute;gica.</sentence>
      <sentence id="2" ids_sentences_article="">Estos seis municipios albergan a 30 % de la poblaci&amp;oacuten del estado.</sentence>
      <sentence id="3" ids_sentences_article="">Michoac&amp;aacute;n se ha visto afectado por cap&amp;iacute;tulos violentos en el &amp;uacute;ltimo a&amp;ntilde;o.</sentence>
    </highlights>
  </summaries>
  <article>
    <paragraph id="1">
      <sentences>
        <sentence id="1">
          <content>El gobierno delinea planes "a la medida" para seis municipios en Michoac&amp;aacute;n.</content>
        </sentence>
        <sentence id="2">
          <content>El gobierno federal anunci&amp;oacute un programa que busca reactivar la econom&amp;iacute;a y promover el desarrollo social para el 30% de la poblaci&amp;oacuten.</content>
        </sentence>
        <sentence id="3">
          <content>MORELIA (Notimex) -- El gobierno federal aplicar&amp;aacute; un programa pare reducir la violencia, la delincuencia y la vulnerabilidad social en seis municipios que concentran a 30% de la poblaci&amp;oacuten de Michoac&amp;aacute;n, un estado particularmente afectado por la violencia en a&amp;ntilde;os reciente, inform&amp;oacute este jueves el subsecretario de Prevenci&amp;oacuten y Participaci&amp;oacuten Ciudadana de la Secretar&amp;iacute;a de Gobernaci&amp;oacuten, Roberto Campa Cifri&amp;aacute;n .</content>
        </sentence>
        <sentence id="4">
          <content>El programa se aplicar&amp;aacute; en L&amp;aacute;zaro C&amp;aacute;rdenas, Uruapan, Morelia, Apatzing&amp;aacute;n, detall&amp;oacute Campa Cifri&amp;aacute;n sobre el proceso que incluir&amp;aacute; 10 pasos, entre ellos, recorridos, diagn&amp;oacutesticos de la problem&amp;aacute;tica de cada municipios y consensos entre los gobierno local, estatal y federal sobre la metodolog&amp;iacute;a a seguir .</content>
        </sentence>
        <sentence id="5">
          <content>"Se crear&amp;aacute; un traje a la medida de las necesidades de cada municipio", con base en la evaluaci&amp;oacuten, dijo Campa Cifri&amp;aacute;n sobre el programa que iniciar&amp;aacute; con 250 millones de pesos .</content>
        </sentence>
        <sentence id="6">
          <content>Campa Cifri&amp;aacute;n indic&amp;oacute que la prioridad ser&amp;aacute;nlas mujeres, los ni&amp;ntilde;os y los j&amp;oacutevenes, entre quienes se buscar&amp;aacute; generar inter&amp;eacute;s, apego y valores positivos, as&amp;iacute; como fortalecer su sentido de identidad y pertenencia a la comunidad .</content>
        </sentence>
        <sentence id="7">
          <content>El anuncio ocurre a un mes de que el gobierno federal anunciara su intervenci&amp;oacuten para recuperar el control de la entidad, a casi un a&amp;ntilde;o de la violencia derivada de enfrentamientos en el crimen organizado y autodefensas (civiles armados) .</content>
        </sentence>
        <sentence id="8">
          <content>Los autodefensas son pobladores de la regi&amp;oacuten de Tierra Caliente que se alzaron en armas desde febrero del 2013 para combatir la presencia de presuntos integrantes de Los Caballeros Templarios, a quienes acusan de cometer asesinados y extorsiones .</content>
        </sentence>
        <sentence id="9">
          <content>En el nuevo esquema de intervenci&amp;oacuten anunciado este jueves participar&amp;aacute;n la Secretar&amp;iacute;a de Desarrollo Social (Sedesol), la Secretar&amp;iacute;a de Desarrollo Agrario, Territorial y Urbano (Sedatu) .</content>
        </sentence>
        <sentence id="10">
          <content>El comisionado para la Seguridad y Desarrollo Integral del estado, Alfredo Castillo, indic&amp;oacute que el gobierno federal le apuesta a disminuir los niveles delictivos y de inseguridad, a trav&amp;eacute;s del desarrollo social y la prevenci&amp;oacuten .</content>
        </sentence>
        <sentence id="11">
          <content>"El programa integral que trae la Secretar&amp;iacute;a de Gobernaci&amp;oacuten tiene como finalidad mejorar las condiciones de vida de los michoacanos y si mejoran las condiciones de vida, a trav&amp;eacute;s de &amp;aacute;reas de desarrollo social, econ&amp;oacutemico y urbano, necesariamente y como consecuencia tendremos una disminuci&amp;oacuten en delincuencia", dijo .</content>
        </sentence>
        <sentence id="12">
          <content>Las secretar&amp;iacute;as pondr&amp;aacute;n en marcha proyectos de desarrollo social, salud, reactivaci&amp;oacuten econ&amp;oacutemica y laboral, de educaci&amp;oacuten, cultura, deportes, entre otros .</content>
        </sentence>
        <sentence id="13">
          <content>El presidente Enrique Pe&amp;ntilde;a Nieto anunci&amp;oacute a principios de febrero queinvertir&amp;aacute; 45,500 millonesde pesos para impulsar el desarrollo en la entidad .</content>
        </sentence>
      </sentences>
    </paragraph>
  </article>
</document>
