<?xml version="1.0" encoding="UTF-8"?>
<document id="481" link="http://mexico.cnn.com/nacional/2014/03/07/el-chapo-intento-esconderse-en-el-bano-para-evitar-su-detencion" category="Nacional" highlights_mapped="false">
  <title>'El Chapo&amp;apost intent&amp;oacute esconderse en el ba&amp;ntilde;o para evitar su detenci&amp;oacuten - Nacional - CNNMexico.com</title>
  <keywords>Chapo Guzman, escondido, ba&amp;ntilde;o, PGR, detencion, cartel de Sinaloa,</keywords>
  <summaries>
    <highlights>
      <sentence id="1" ids_sentences_article="">En el departamento se encontraba su esposa, sus dos hijas, una cocinera y una nana.</sentence>
      <sentence id="2" ids_sentences_article="">Joaqu&amp;iacute;n Guzm&amp;aacute;n Loera permaneci&amp;oacute pr&amp;oacutefugo durante 13 a&amp;ntilde;os.</sentence>
    </highlights>
  </summaries>
  <article>
    <paragraph id="1">
      <sentences>
        <sentence id="1">
          <content>'El Chapo&amp;apost intent&amp;oacute esconderse en el ba&amp;ntilde;o para evitar su detenci&amp;oacuten.</content>
        </sentence>
        <sentence id="2">
          <content>El narcotraficante m&amp;aacute;s buscado de M&amp;eacute;xico fue sometido por las fuerzas especiales en un lapso de tres minutos, sin oponer resistencia.</content>
        </sentence>
        <sentence id="3">
          <content>(CNNM&amp;eacute;xico) -- El narcotraficante m&amp;aacute;s buscado de M&amp;eacute;xico y quien permaneci&amp;oacute 13 a&amp;ntilde;os pr&amp;oacutefugo, Joaqu&amp;iacute;n el Chapo Guzm&amp;aacute;n, intent&amp;oacute esconderse en el ba&amp;ntilde;o del condominio Miramar en el puerto de Mazatl&amp;aacute;n para evitar ser aprehendido por las fuerzas especiales .</content>
        </sentence>
        <sentence id="4">
          <content>La captura del l&amp;iacute;der del c&amp;aacute;rtel de Sinaloa, el s&amp;aacute;bado 22 de febrero, dur&amp;oacute escasos tres minutos y fue encontrado junto a su esposa, dos hijas, una cocinera y una nana, inform&amp;oacute la noche de este viernes la Procuradur&amp;iacute;a General de la Rep&amp;uacute;blica (PGR) en un comunicado .</content>
        </sentence>
        <sentence id="5">
          <content>"El lapso entre la irrupci&amp;oacuten al departamento y el sometimiento de Guzm&amp;aacute;n Loera fue de 3 minutos .</content>
        </sentence>
        <sentence id="6">
          <content>Una vez detenido, Guzm&amp;aacute;n Loera fue trasladado al estacionamiento del edificio ubicado en el s&amp;oacutetano .</content>
        </sentence>
        <sentence id="7">
          <content>Ah&amp;iacute; permaneci&amp;oacute mientras un helic&amp;oacuteptero de la Armada de M&amp;eacute;xico aterrizaba en un predio cercano", seg&amp;uacute;n la PGR .</content>
        </sentence>
        <sentence id="8">
          <content>El lugar de captura de 'el Chapo' se vuelve una atracci&amp;oacuten tur&amp;iacute;sticaLa Procuradur&amp;iacute;a revel&amp;oacute los detalles de la captura de Guzm&amp;aacute;n Loera, quien era buscado por las autoridades mexicanas y estadounidenses acusado de delitos contra la salud, narcotr&amp;aacute;fico y delincuencia organizada .</content>
        </sentence>
        <sentence id="9">
          <content>"A las 06:15 hrs .</content>
        </sentence>
        <sentence id="10">
          <content>, del s&amp;aacute;bado, se confirm&amp;oacute la localizaci&amp;oacuten del objetivo en el condominio Miramar, un edificio de 11 pisos con 27 departamentos .</content>
        </sentence>
        <sentence id="11">
          <content>El per&amp;iacute;metro del edificio fue asegurado para impedir cualquier intento de escape", detall&amp;oacute el comunicado de la PGR .</content>
        </sentence>
        <sentence id="12">
          <content>Infantes de la Marina irrumpieron a las 06:40 en el departamento 401; en el vest&amp;iacute;bulo detuvieron a Carlos Manuel Hoo Ram&amp;iacute;rez, responsable del manejo de las telecomunicaciones de Guzm&amp;aacute;n Loera y en una de las rec&amp;aacute;maras encontraron a dos hijas delChapo, mientras que en la sala se encontraban la cocinera y la nana de las menores, seg&amp;uacute;n el relato de la PGR .</content>
        </sentence>
        <sentence id="13">
          <content>"Al ingresar a la rec&amp;aacute;mara principal, (los infantes) encontraron a Emma Coronel Aispuro, esposa de Guzm&amp;aacute;n Loera, recostada en la cama .</content>
        </sentence>
        <sentence id="14">
          <content>El l&amp;iacute;der del grupo delincuencial se hab&amp;iacute;a escondido en el ba&amp;ntilde;o de la habitaci&amp;oacuten, donde fue asegurado sin oponer resistencia" .</content>
        </sentence>
        <sentence id="15">
          <content>Tras su captura, el l&amp;iacute;der del c&amp;aacute;rtel de Sinaloa fue trasladado hasta las instalaciones de la Cuarta Zona Naval con sede en Mazatl&amp;aacute;n, donde abord&amp;oacute una aeronave de la Secretar&amp;iacute;a de Marina, que lo llev&amp;oacute al hangar de operaciones aeronavales en la Ciudad de M&amp;eacute;xico, donde fue captado por las c&amp;aacute;maras de los medios de comunicaci&amp;oacuten .</content>
        </sentence>
        <sentence id="16">
          <content>Guzm&amp;aacute;n Loera est&amp;aacute; recluido en el penal m&amp;aacute;xima seguridad del Altiplano, ubicado en el Estado de M&amp;eacute;xico y hasta este viernes acumula cinco autos de formal prisi&amp;oacuten y seis procesos judiciales .</content>
        </sentence>
        <sentence id="17">
          <content>El ChapoGuzm&amp;aacute;n tambi&amp;eacute;n enfrenta procesos por posesi&amp;oacuten de armas y cartuchos de uso exclusivo del Ej&amp;eacute;rcito .</content>
        </sentence>
        <sentence id="18">
          <content>El l&amp;iacute;der del c&amp;aacute;rtel de Sinaloa se fug&amp;oacute en enero de 2001 de la prisi&amp;oacuten de m&amp;aacute;xima seguridad de Puente Grande en el estado de Jalisco, supuestamente escondido en un carro de lavander&amp;iacute;a .</content>
        </sentence>
        <sentence id="19">
          <content>Adem&amp;aacute;s de los procesos que enfrenta en M&amp;eacute;xico, autoridades de Estados Unidos han dicho que buscar&amp;aacute;n su extradici&amp;oacuten, aunque todav&amp;iacute;a no han formalizado la petici&amp;oacuten a sus contrapartes mexicanas .</content>
        </sentence>
      </sentences>
    </paragraph>
  </article>
</document>
