<?xml version="1.0" encoding="UTF-8"?>
<document id="883" link="http://mexico.cnn.com/nacional/2014/03/21/autodefensas-bloquean-la-entrada-de-una-base-de-la-marina-en-michoacan" category="Nacional" highlights_mapped="false">
  <title>Autodefensas bloquean la entrada de una base de la Marina en Michoac&amp;aacute;n - Nacional - CNNMexico.com</title>
  <keywords>bloqueo, base, militar, marina, michocan, aquila, la placita, aquila, violencia, desarme, juan hernandez</keywords>
  <summaries>
    <highlights>
      <sentence id="1" ids_sentences_article="">El bloqueo inici&amp;oacute; el mi&amp;eacute;rcoles y los autodefensas buscan que les regresen las armas.</sentence>
      <sentence id="2" ids_sentences_article="">El gobierno local est&amp;aacute; dialogando con los autodefensas, se&amp;ntilde;al&amp;oacute; el alcalde de Aquila.</sentence>
    </highlights>
  </summaries>
  <article>
    <paragraph id="1">
      <sentences>
        <sentence id="1">
          <content>Autodefensas bloquean la entrada de una base de la Marina en Michoac&amp;aacute;n.</content>
        </sentence>
        <sentence id="2">
          <content>El grupo impide la entrada y salida de la base desde el mi&amp;eacute;rcoles como presi&amp;oacute;n para que les devuelvan las armas que les quitaron los marinos.</content>
        </sentence>
        <sentence id="3">
          <content>(CNNM&amp;eacute;xico) -- Un grupo de entre 300 y 400 autodefensas mantienen bloqueada la entrada de la base de la Secretar&amp;iacute;a de Marina en la comunidad de La Placita en Michoac&amp;aacute;n para exigir a los marinos que les devuelvan las armas que les fueron quitadas, dio a conocer el alcalde de Aquila, Juan Hern&amp;aacute;ndez .</content>
        </sentence>
        <sentence id="4">
          <content>El bloqueo en la base de la Marina inici&amp;oacute; el mi&amp;eacute;rcoles, luego de que los marinos desarmaran a los autodefensas de los municipios de Coalcoman, Aquila, Coahuayana y Chinicuila .</content>
        </sentence>
        <sentence id="5">
          <content>El gobierno de la localidad est&amp;aacute; intentando dialogar con los autodefensas para buscar llegar a un acuerdo, inform&amp;oacute; en entrevista el alcalde del municipio de Aquila, Juan Hern&amp;aacute;ndez .</content>
        </sentence>
        <sentence id="6">
          <content>El funcionario se&amp;ntilde;al&amp;oacute; que los autodefensas buscan presionar a los militares para que les regresen las armas, por lo que est&amp;aacute;n impidiendo la entrada y salida de los marinos que se encuentran en las instalaciones .</content>
        </sentence>
        <sentence id="7">
          <content>La Secretar&amp;iacute;a de Marina no respondi&amp;oacute; a la solicitud de CNNM&amp;eacute;xico para confirmar si hay marinos en las instalaciones y el n&amp;uacute;mero de ellos, se&amp;ntilde;alando que no ten&amp;iacute;an informaci&amp;oacute;n sobre el bloqueo .</content>
        </sentence>
        <sentence id="8">
          <content>"Ah&amp;iacute; est&amp;aacute; el s&amp;iacute;ndico para mediar el di&amp;aacute;logo con los autodefensas y la secretar&amp;iacute;a de Marina .</content>
        </sentence>
        <sentence id="9">
          <content>El s&amp;iacute;ndico est&amp;aacute; dialogando con ellos", se&amp;ntilde;al&amp;oacute; Hern&amp;aacute;ndez en entrevistaEl gobierno federal inici&amp;oacute; en enero una estrategia conjunta con el gobierno estatal para recuperar el control de la seguridad en Michoac&amp;aacute;n, afectado por la organizaci&amp;oacute;n criminal Los Caballeros Templarios y el crecimiento de los grupos de autodefensa que comenzaron a tomar municipios acusando a las autoridades locales de estar coludidos en los criminales .</content>
        </sentence>
        <sentence id="10">
          <content>Entre las primeras acciones del gobierno federal fue pedir a los autodefensas que registraran sus armas para integrarlos oficialmente a los cuerpos de defensa rurales y quitarles las armas de alto poder .</content>
        </sentence>
        <sentence id="11">
          <content>El bloqueo ocurre mientras el l&amp;iacute;der del grupo de autodefensa de La Ruana, Hip&amp;oacute;lito Mora, se encuentra en prisi&amp;oacute;n por su presunta relaci&amp;oacute;n con el homicidio de dos personas .</content>
        </sentence>
        <sentence id="12">
          <content>Mora fue detenido la semana pasada y ha negado los se&amp;ntilde;alamientos en su contra .</content>
        </sentence>
      </sentences>
    </paragraph>
  </article>
</document>
