<?xml version="1.0" encoding="UTF-8"?>
<document id="839" link="http://mexico.cnn.com/nacional/2013/11/04/eu-subasta-en-3-millones-de-dolares-caballos-decomisados-a-los-zetas" category="Nacional" highlights_mapped="false">
  <title>EU subasta en 3 millones de d&amp;oacutelares caballos decomisados a 'Los Zetas' - Nacional - CNNMexico.com</title>
  <keywords>caballos, zetas, subasta, estados unidos, texas, decomiso</keywords>
  <summaries>
    <highlights>
      <sentence id="1" ids_sentences_article="">Autoridades de EU subastaron caballos decomisados a 'Los Zetas' en junio de 2012.</sentence>
      <sentence id="2" ids_sentences_article="">Un semental alcanz&amp;oacute un precio de 1 . 7 millones de d&amp;oacutelares.</sentence>
    </highlights>
  </summaries>
  <article>
    <paragraph id="1">
      <sentences>
        <sentence id="1">
          <content>EU subasta en 3 millones de d&amp;oacutelares caballos decomisados a 'Los Zetas'.</content>
        </sentence>
        <sentence id="2">
          <content>El gobierno federal estadounidense concluy&amp;oacute la venta de los caballos decomisados al grupo criminal en junio de 2012.</content>
        </sentence>
        <sentence id="3">
          <content>DALLAS (Notimex) -- Autoridades de Estados Unidos subastaron en 3 .</content>
        </sentence>
        <sentence id="4">
          <content>1 millones de d&amp;oacutelareslos &amp;uacute;ltimos cinco caballos cuarto de milla y cuatro embriones de los cientos de equinos decomisados en junio de 2012 al c&amp;aacute;rtel mexicano de Los Zetas .</content>
        </sentence>
        <sentence id="5">
          <content>La subasta se realiz&amp;oacute el pasado fin de semana en Oklahoma, EU .</content>
        </sentence>
        <sentence id="6">
          <content>El procurador federal para el suroeste de Texas, Robert Pitman, inform&amp;oacute que entre los cuatro caballos incautados y comercializados en la puja se incluye el semental Tempting Dash, que se vendi&amp;oacute en 1 .</content>
        </sentence>
        <sentence id="7">
          <content>7 millones de d&amp;oacutelares, el precio m&amp;aacute;s alto de los 525 caballos subastados .</content>
        </sentence>
        <sentence id="8">
          <content>Tempting Dash, ganador en octubre de 2009 de la carrera Dash for Cash en el hip&amp;oacutedromo Lone Star Park en Grand Prairie, Texas, fue comprado por John Simmons, un criador de caballos cuarto de milla, due&amp;ntilde;o de los Ranchos Simmons del condado de Burnet, centro de Texas .</content>
        </sentence>
        <sentence id="9">
          <content>Otros caballos subastados son Separate Fire, de dos a&amp;ntilde;os y vendido en 460,000 d&amp;oacutelares; Dashin Follies, yegua subastada en 250,000 d&amp;oacutelares y Mr .</content>
        </sentence>
        <sentence id="10">
          <content>Piloto, ganador de All American Futurity y vendido en 85,000 d&amp;oacutelares .</content>
        </sentence>
        <sentence id="11">
          <content>Con la subasta, el gobierno federal estadounidense concluy&amp;oacute la venta de los caballos decomisados a Los Zetas en junio de 2012, la gran mayor&amp;iacute;a rematados en noviembre de ese a&amp;ntilde;o .</content>
        </sentence>
        <sentence id="12">
          <content>Pitman, el procurador federal para el suroeste de Texas, dijo que los cerca de 12 millones obtenidos se mantienen en una cuenta especial, en espera de una decisi&amp;oacuten judicial definitiva sobre el decomiso .</content>
        </sentence>
        <sentence id="13">
          <content>Documentos ante la corte sostienen que los caballos fueron comprados por y para los miembros del c&amp;aacute;rtel de Los Zetas con dinero proveniente del tr&amp;aacute;fico de estupefacientes .</content>
        </sentence>
        <sentence id="14">
          <content>"Al igual que todas las organizaciones criminales, Los Zetas est&amp;aacute;n motivados por el dinero .</content>
        </sentence>
        <sentence id="15">
          <content>Identificar y tomar sus activos es una manera importante de cortar de ra&amp;iacute;z el &amp;aacute;rbol", dijo Pitman .</content>
        </sentence>
        <sentence id="16">
          <content>Los animales eran mantenidos en el Rancho Zule Farms en las afueras de Lexington, Oklahoma, propiedad que tambi&amp;eacute;n fue decomisada .</content>
        </sentence>
      </sentences>
    </paragraph>
  </article>
</document>
