<?xml version="1.0" encoding="UTF-8"?>
<document id="306" link="http://mexico.cnn.com/nacional/2014/01/30/morena-rechaza-invitacion-de-cardenas-para-consulta-sobre-ley-energetica" category="Nacional" highlights_mapped="false">
  <title>Morena rechaza invitaci&amp;oacuten de C&amp;aacute;rdenas para consulta sobre ley energ&amp;eacute;tica - Nacional - CNNMexico.com</title>
  <keywords>morena, consulta, descarta, unidad, prd, marcha, batres, lopez obrador, cardenas, carta</keywords>
  <summaries>
    <highlights>
      <sentence id="1" ids_sentences_article="">Morena no participar&amp;aacute; en alianza con el PRD en manifestaciones en contra de la reforma energ&amp;eacute;tica, dijo Mar&amp;iacute; Batres.</sentence>
      <sentence id="2" ids_sentences_article="">El presidente del movimiento descart&amp;oacute formar un bloque unido de la izquierda, pues dijo que hay diferencias por las reformas aprobadas en el Pacto por M&amp;eacute;xico.</sentence>
      <sentence id="3" ids_sentences_article="">Cuauht&amp;eacute;moc C&amp;aacute;rdenas envi&amp;oacute una carta al l&amp;iacute;der de Morena, pero dijo que nadie es indispensable en la manifestaci&amp;oacuten de este 31 de enero.</sentence>
    </highlights>
  </summaries>
  <article>
    <paragraph id="1">
      <sentences>
        <sentence id="1">
          <content>Morena rechaza invitaci&amp;oacuten de C&amp;aacute;rdenas para consulta sobre ley energ&amp;eacute;tica.</content>
        </sentence>
        <sentence id="2">
          <content>El presidente de la organizaci&amp;oacuten dijo que no coinciden con el proyecto pol&amp;iacute;tico del PRD, porque rechazan todas las reformas de Pe&amp;ntilde;a Nieto.</content>
        </sentence>
        <sentence id="3">
          <content>(CNNM&amp;eacute;xico) -- Por apoyar las reformas estructurales del presidente Enrique Pe&amp;ntilde;a Nieto, la dirigencia del Movimiento Regeneraci&amp;oacuten Nacional (Morena) rechaz&amp;oacute la invitaci&amp;oacuten de Cuauht&amp;eacute;moc C&amp;aacute;rdenas, fundador del Partido de la Revoluci&amp;oacuten Democr&amp;aacute;tica (PRD), para unirse a favor de una consulta que eche abajo las nuevas leyes energ&amp;eacute;ticas .</content>
        </sentence>
        <sentence id="4">
          <content>El presidente nacional de Morena, Mart&amp;iacute; Batres, dijo este jueves a CNNM&amp;eacute;xico que su movimiento no prev&amp;eacute; realizar acuerdos pol&amp;iacute;ticos con el PRD porque "no coincidimos en el mismo proyecto .</content>
        </sentence>
        <sentence id="5">
          <content>Nosotros estamos en contra de todas las reformas estructurales" .</content>
        </sentence>
        <sentence id="6">
          <content>Este mi&amp;eacute;rcoles C&amp;aacute;rdenas envi&amp;oacute una carta a Andr&amp;eacute;s Manuel L&amp;oacutepez Obrador, el presidente del Consejo Nacional de Morena, para pedirle que participara en una marcha por la consulta energ&amp;eacute;tica este 31 de enero en la Ciudad de M&amp;eacute;xico y con ello se diera "un mensaje de unidad" de la izquierda en contra de las leyes energ&amp;eacute;ticas .</content>
        </sentence>
        <sentence id="7">
          <content>Sobre la posible ausencia de Morena en la marcha de este viernes, C&amp;aacute;rdenas dijo a reporteros que "nadie es indispensable", seg&amp;uacute;n medios locales .</content>
        </sentence>
        <sentence id="8">
          <content>"Queremos ser consultados sobre todo aquello que pueda afectar la marcha del pa&amp;iacute;s .</content>
        </sentence>
        <sentence id="9">
          <content>El presente y el futuro de M&amp;eacute;xico o que tenga que ver con los mexicanos .</content>
        </sentence>
        <sentence id="10">
          <content>En todas estas cuestiones los mexicanos hemos ganado el derecho a ser consultados", dijo C&amp;aacute;rdenas, acompa&amp;ntilde;ado deartistas e intelectuales que apoyan la propuesta .</content>
        </sentence>
        <sentence id="11">
          <content>Batres asegur&amp;oacute que la invitaci&amp;oacuten no lleg&amp;oacute a las oficinas de Morena, que este jueves present&amp;oacute susolicitud para ser registrado como partidopol&amp;iacute;tico nacional, y descart&amp;oacute la participaci&amp;oacuten de su agrupaci&amp;oacuten en el mitin de este viernes .</content>
        </sentence>
        <sentence id="12">
          <content>"Respetamos a quienes la convocan y respetamos las iniciativas que impulsan", pero no habr&amp;aacute;n de participar, a&amp;ntilde;adi&amp;oacute .</content>
        </sentence>
        <sentence id="13">
          <content>Lasdiferencias con el PRDgiran en torno al voto a favor que dio la mayor&amp;iacute;a de legisladores del PRD, que hizola alianza Pacto por M&amp;eacute;xicocon otros partidos en el Congreso, en reformas como la reforma hacendaria y la reforma educativa, explic&amp;oacute Batres .</content>
        </sentence>
        <sentence id="14">
          <content>"Estamos por la unidad, pero con todo el pueblo de M&amp;eacute;xico y con todos los que luchen en contra de las reformas estructurales", agreg&amp;oacute .</content>
        </sentence>
        <sentence id="15">
          <content>L&amp;oacutepez Obrador se encuentra de gira por el estado de Tabasco y hasta el momento no ha hecho declaraciones sobre la carta que le envi&amp;oacute C&amp;aacute;rdenas .</content>
        </sentence>
        <sentence id="16">
          <content>El &amp;uacute;nico evento que por el momento tiene programado el movimiento de L&amp;oacutepez Obrador sobre las leyes nuevas energ&amp;eacute;ticas es una "denuncia por traici&amp;oacuten a la patria" en contra de Pe&amp;ntilde;a Nieto que ser&amp;aacute; presentada ante la Procuradur&amp;iacute;a General de la Rep&amp;uacute;blica este 5 de febrero .</content>
        </sentence>
      </sentences>
    </paragraph>
  </article>
</document>
