<?xml version="1.0" encoding="UTF-8"?>
<document id="392" link="http://mexico.cnn.com/nacional/2013/06/08/el-gobierno-solo-ha-resuelto-9-de-agresiones-contra-periodistas-cndh" category="Nacional" highlights_mapped="false">
  <title>El gobierno solo ha resuelto 9% de agresiones contra periodistas: CNDH - Periodistas en peligro - Nacional - CNNMexico.com</title>
  <keywords>crimenes, periodistas, comision nacional de derechos humanos, agresiones, periodistas, asesinatos de periodistas, mexico</keywords>
  <summaries>
    <highlights>
      <sentence id="1" ids_sentences_article="">La CNDH exhort&amp;oacute a las autoridades mexicanas a proteger el trabajo de los periodistas y resolver las agresiones contra el gremio.</sentence>
      <sentence id="2" ids_sentences_article="">La PGR es la dependencia contra la que se han presentado m&amp;aacute;s quejas ante la CNDH por agresiones a periodistas.</sentence>
      <sentence id="3" ids_sentences_article="">La Ciudad de M&amp;eacute;xico y Veracruz est&amp;aacute;n entre las entidades donde han ocurrido m&amp;aacute;s agresiones a comunicadores.</sentence>
    </highlights>
  </summaries>
  <article>
    <paragraph id="1">
      <sentences>
        <sentence id="1">
          <content>El gobierno solo ha resuelto 9% de agresiones contra periodistas: CNDH.</content>
        </sentence>
        <sentence id="2">
          <content>El organismo asegur&amp;oacute que existe 91% de impunidad por parte de las autoridades mexicanas para resolver los cr&amp;iacute;menes contra comunicadores.</content>
        </sentence>
        <sentence id="3">
          <content>(CNNM&amp;eacute;xico) -- En M&amp;eacute;xico existe un 91% de impunidad en cuanto a las agresiones que desde el a&amp;ntilde;o 2000 a la fecha se han cometido contra periodistas, de 143 casos que se tienen documentados, solo en 12 se ha dictado una sentencia condenatoria, se&amp;ntilde;al&amp;oacute la Comisi&amp;oacuten Nacional de Derechos Humanos (CNDH) .</content>
        </sentence>
        <sentence id="4">
          <content>En M&amp;eacute;xico, el organismo p&amp;uacute;blico aut&amp;oacutenomo ha documentado de 2000 a la fecha 84 homicidios de periodistas y de 2005 al 30 de abril de 2013, 20 desapariciones de trabajadores de los medios de comunicaci&amp;oacuten, as&amp;iacute; como 39 atentados en contra de sus instalaciones, seg&amp;uacute;n un comunicado emitido este s&amp;aacute;bado .</content>
        </sentence>
        <sentence id="5">
          <content>La Procuradur&amp;iacute;a General de la Rep&amp;uacute;blica (PGR) es la principal dependencia contra la que se han presentado quejas documentadas ante la CNDH por agresiones contra periodistas .</content>
        </sentence>
        <sentence id="6">
          <content>Seguida de la Polic&amp;iacute;a Federal, la Secretar&amp;iacute;a de la Defensa Nacional, la Procuradur&amp;iacute;a General de Justicia del estado de Veracruz y la Secretar&amp;iacute;a de Gobernaci&amp;oacuten, inform&amp;oacute el organismo .</content>
        </sentence>
        <sentence id="7">
          <content>Las entidades de la Rep&amp;uacute;blica Mexicana donde han ocurrido la mayor&amp;iacute;a de las agresiones son la Ciudad de M&amp;eacute;xico, Veracruz, Chiapas, el Estado de M&amp;eacute;xico y Chihuahua .</content>
        </sentence>
        <sentence id="8">
          <content>Ante este panorama, la CNDH exhort&amp;oacute a las autoridades de los tres &amp;aacute;mbitos de gobierno a "poner en pr&amp;aacute;ctica acciones efectivas" para proteger el desempe&amp;ntilde;o de los trabajadores de los medios de comunicaci&amp;oacuten .</content>
        </sentence>
        <sentence id="9">
          <content>"Este organismo nacional aut&amp;oacutenomo hace un llamado para erradicar cualquier manifestaci&amp;oacuten de impunidad, y llevar ante la justicia a quienes cometen agresiones en contra de los profesionales de la comunicaci&amp;oacuten", se&amp;ntilde;al&amp;oacute la CNDH .</content>
        </sentence>
        <sentence id="10">
          <content>CNNM&amp;eacute;xico contact&amp;oacute a la Secretar&amp;iacute;a de Gobernaci&amp;oacuten para obtener la postura del gobierno federal respecto al comunicado de la CNDH pero no obtuvo una respuesta inmediata .</content>
        </sentence>
        <sentence id="11">
          <content>En mayo, Reporteros Sin Fronteras dio a conocer que en los &amp;uacute;ltimos cinco a&amp;ntilde;os14 periodistas han emigrado del pa&amp;iacute;stras recibir amenazas de muerte .</content>
        </sentence>
        <sentence id="12">
          <content>Desde diciembre de 2012, cuando tom&amp;oacute posesi&amp;oacuten el presidente Enrique Pe&amp;ntilde;a Nieto, se han registrado36 agresiones contra periodistas o medios de comunicaci&amp;oacuten, seg&amp;uacute;n la organizaci&amp;oacuten Freedom House .</content>
        </sentence>
        <sentence id="13">
          <content>El estado de Veracruz ha registrado m&amp;aacute;s muertes de periodistas de 2010 a la fecha que otros estados .</content>
        </sentence>
        <sentence id="14">
          <content>El asesinato de la corresponsal del semanarioProceso, Regina Mart&amp;iacute;nez, el tercero en un a&amp;ntilde;o, deton&amp;oacute la salida de corresponsales nacionales del estado ante la amenaza de su seguridad .</content>
        </sentence>
        <sentence id="15">
          <content>Pero hubo m&amp;aacute;s muertes y m&amp;aacute;s casos que atrajeron la atenci&amp;oacuten internacional al estado .</content>
        </sentence>
        <sentence id="16">
          <content>En noviembre pasado, el gobernador, Javier Duarte, se congratul&amp;oacute de quesu estado ya no era una mala noticia, cuando muchos periodistas estaban en el exilio .</content>
        </sentence>
        <sentence id="17">
          <content>El gobierno ha dado por resueltos todos los homicidios de periodistas de una forma en queno ha dejado satisfechos ni a medios ni a defensores de libertad de expresi&amp;oacuten .</content>
        </sentence>
        <sentence id="18">
          <content>Entre esos casos est&amp;aacute;n el asesinato de Milo Vela y Yolanda D&amp;iacute;az, ambos de Notiver .</content>
        </sentence>
        <sentence id="19">
          <content>En abril, elcuerpo del fotoperiodista Daniel Alejandro Mart&amp;iacute;nez Bazald&amp;uacute;a, de 22 a&amp;ntilde;os, quien trabajaba para el peri&amp;oacutedicoVanguardiade Saltillo fue encontrado en la colonia Miravalle, de Coahuila .</content>
        </sentence>
      </sentences>
    </paragraph>
  </article>
</document>
