<?xml version="1.0" encoding="UTF-8"?>
<document id="894" link="http://mexico.cnn.com/nacional/2014/01/08/el-prd-define-consulta-popular-como-prioridad-legislativa-este-2014" category="Nacional" author="Lizbeth Padilla" highlights_mapped="false">
  <title>El PRD define consulta popular como prioridad legislativa este 2014 - Nacional - CNNMexico.com</title>
  <keywords>prd, zambrano, comiison politica, consulta popular</keywords>
  <summaries>
    <highlights>
      <sentence id="1" ids_sentences_article="">El PRD est&amp;aacute; por definir la ruta para elegir a su nueva dirigencia.</sentence>
      <sentence id="2" ids_sentences_article="">Aunque sali&amp;oacute del Pacto por M&amp;eacute;xico, buscar&amp;aacute; el di&amp;aacute;logo con otros partidos.</sentence>
    </highlights>
  </summaries>
  <article>
    <paragraph id="1">
      <sentences>
        <sentence id="1">
          <content>El PRD define consulta popular como prioridad legislativa este 2014.</content>
        </sentence>
        <sentence id="2">
          <content>El dirigente nacional, Jes&amp;uacute;s Zambrano, dej&amp;oacute abierta la posibilidad de buscar acuerdos en el Congreso, a pesar de su salida del Pacto.</content>
        </sentence>
        <sentence id="3">
          <content>CIUDAD DE M&amp;Eacute;XICO (CNNM&amp;eacute;xico) -- El PRD buscar&amp;aacute; que los legisladores aprueben los temas que quedaron pendientes, como la ley de consulta popular, durante el pr&amp;oacuteximo periodo de sesiones del Congreso que inicia el 1 de febrero pr&amp;oacuteximo, antes de buscar nuevos acuerdos sobre otros temas .</content>
        </sentence>
        <sentence id="4">
          <content>"Que se legisle, que cumplan la palabra empe&amp;ntilde;ada sobre la consulta popular (&amp;hellip;) En el camino veremos si se pueden construir nuevos acuerdos", dijo Jes&amp;uacute;s Zambrano despu&amp;eacute;s de sostener una reuni&amp;oacuten por m&amp;aacute;s de tres horas con la comisi&amp;oacuten pol&amp;iacute;tica del PRD .</content>
        </sentence>
        <sentence id="5">
          <content>El pr&amp;oacuteximo jueves 16 de enero, la dirigencia del PRD se reunir&amp;aacute; con las mesas directivas de los grupos parlamentarios de ambas C&amp;aacute;maras para "dar armon&amp;iacute;a, coordinaci&amp;oacuten a la agenda legislativa del pr&amp;oacuteximo periodo ordinario de sesiones", inform&amp;oacute Alejandro S&amp;aacute;nchez Camacho, secretario general del partido .</content>
        </sentence>
        <sentence id="6">
          <content>Ante las declaraciones de algunos legisladores del PRI y PAN sobre que los cambios constitucionales en materia energ&amp;eacute;tica no podr&amp;aacute;n ser sometidos a consulta por tratarse de un tema de ingresos, Zambrano dijo que ser&amp;aacute; la Suprema Corte de Justicia de la Naci&amp;oacuten (SCJN) la que tenga la tarea de resolver qu&amp;eacute; temas s&amp;iacute; y cu&amp;aacute;les no se podr&amp;aacute;n poner a consulta .</content>
        </sentence>
        <sentence id="7">
          <content>La ley reglamentaria de la consulta popular, las leyes de la reforma pol&amp;iacute;tica, las de telecomunicaciones y las de la energ&amp;eacute;tica son, en ese orden, las prioridades que tendr&amp;aacute; la agenda legislativa del PRD para este periodo de sesiones del Congreso, detall&amp;oacute el dirigente nacional .</content>
        </sentence>
        <sentence id="8">
          <content>Dijo que es en los transitorios "donde viene esta artima&amp;ntilde;a, esta chicana legislativa de decir que no se puede porque es un tema de ingresos", pero dijo que si la Corte aprueba que se someta a consulta ellos esperan que la gran mayor&amp;iacute;a de los ciudadanos se pronuncien por echar abajo los cambios a los art&amp;iacute;culos 25, 27 y 28 constitucionales y con ellos tambi&amp;eacute;n a los transitorios .</content>
        </sentence>
        <sentence id="9">
          <content>Preparan uni&amp;oacuten con grupos de izquierdaEl presidente del PRD reiter&amp;oacute el llamado a las fuerzas de izquierda para sumarse a su lucha en defensa del petr&amp;oacuteleo, incluido el Movimiento de Regeneraci&amp;oacuten Nacional (Morena) liderado por Andr&amp;eacute;s Manuel L&amp;oacutepez Obrador .</content>
        </sentence>
        <sentence id="10">
          <content>La primera acci&amp;oacuten visible que realizar&amp;aacute; el partido contra la reforma energ&amp;eacute;tica ser&amp;aacute; "participar junto con otras organizaciones pol&amp;iacute;ticas y sociales para caminar juntos y echar todos los esfuerzos que correspondan para la movilizaci&amp;oacuten del 31 de enero", dijo Zambrano, aunque a&amp;uacute;n no tienen definido ni el lugar, la hora o si se sumaran otros partidos como el del Trabajo (PT) a la movilizaci&amp;oacuten .</content>
        </sentence>
        <sentence id="11">
          <content>S&amp;aacute;nchez Camacho dijo que buscar&amp;aacute;n la m&amp;aacute;s amplia unidad posible con todos los grupos para que se apruebe la ley de consulta popular .</content>
        </sentence>
        <sentence id="12">
          <content>Con esta consulta, el PRD busca en 2015 revocar los cambios constitucionales aprobados en diciembre pasado, que permiten al Estado celebrar contratos con empresas privadas para la extracci&amp;oacuten y explotaci&amp;oacuten de los hidrocarburos .</content>
        </sentence>
        <sentence id="13">
          <content>El l&amp;iacute;der del PRD dijo que ellos seguir&amp;aacute;n insistiendo en la necesidad y conveniencia pol&amp;iacute;tica de que todas las fuerzas de izquierda, como Morena, sumen esfuerzos "sin condicionamientos de ninguna parte" .</content>
        </sentence>
        <sentence id="14">
          <content>Este martes el coordinador de los senadores del PRD en el Senado, Miguel Barbosa, dijo que buscar&amp;iacute;an a L&amp;oacutepez Obrador para que unidos lucharan contra la reforma energ&amp;eacute;tica .</content>
        </sentence>
        <sentence id="15">
          <content>El senador dijo que una comisi&amp;oacuten tendr&amp;aacute; la tarea de establecer comunicaci&amp;oacuten y alianzas con otras fuerzas de izquierda .</content>
        </sentence>
        <sentence id="16">
          <content>La renovaci&amp;oacuten en esperaZambrano dijo que se integrar&amp;aacute; un grupo de trabajo que determine la ruta para el cambio de dirigencia y la aplicaci&amp;oacuten de los cambios a distintos reglamentos y sus estatutos aprobados en su Congreso Nacional del a&amp;ntilde;o pasado .</content>
        </sentence>
        <sentence id="17">
          <content>Destac&amp;oacute que esperaran que en enero el IFE valide estos cambios para luego, el 5 de febrero se pueda realizar el Consejo Nacional y ah&amp;iacute; emitir la convocatoria para la renovaci&amp;oacuten de la dirigencia y tener la ruta cr&amp;iacute;tica clara .</content>
        </sentence>
        <sentence id="18">
          <content>Durante el Congreso Nacional del partido se acord&amp;oacute mantener dos m&amp;eacute;todos posibles para la elecci&amp;oacuten de la dirigencia nacional, que podr&amp;aacute;n ser por voto indirecto en el Consejo Nacional, o en votaci&amp;oacuten universal, directa y secreta en urnas de la militancia .</content>
        </sentence>
        <sentence id="19">
          <content>La dirigencia perredista y algunos grupos al interior buscaban que fuera el fundador del partido, Cuauht&amp;eacute;moc C&amp;aacute;rdenas quien asumiera la presidencia, como un factor de unidad, pero en la carrera por la dirigencia hay tres aspirantes m&amp;aacute;s: el exjefe de Gobierno del DF, Marcelo Ebrard y los exsenadores Carlos Navarrete y Carlos Sotelo .</content>
        </sentence>
      </sentences>
    </paragraph>
  </article>
</document>
