<?xml version="1.0" encoding="UTF-8"?>
<document id="310" link="http://mexico.cnn.com/nacional/2013/04/12/activistas-aceptan-con-reservas-reforma-para-combatir-ataques-a-la-prensa" category="Nacional" author="Rodrigo Aguiar" highlights_mapped="false">
  <title>Activistas aceptan con reservas reforma para combatir ataques a la prensa - Periodistas en peligro - Nacional - CNNMexico.com</title>
  <keywords>periodistas, ataques, reglamentacion, articulo 73, federalizacion, delitos, comunicadores, medios,</keywords>
  <summaries>
    <highlights>
      <sentence id="1" ids_sentences_article="">Se deben garantizar recursos humanos y materiales para implementar la reforma, afirmaron organizaciones.</sentence>
      <sentence id="2" ids_sentences_article="">"Tenemos que ver si realmente hay voluntad pol&amp;iacute;tica" para proteger a periodistas, afirm&amp;oacute Reporteros Sin Fronteras.</sentence>
      <sentence id="3" ids_sentences_article="">Art&amp;iacute;culo 19 reconoci&amp;oacute el avance en materia legislativa.</sentence>
      <sentence id="4" ids_sentences_article="">Seg&amp;uacute;n Cencos, la actual fiscal&amp;iacute;a para la protecci&amp;oacuten de periodistas no ha cumplido con lo prometido.</sentence>
    </highlights>
  </summaries>
  <article>
    <paragraph id="1">
      <sentences>
        <sentence id="1">
          <content>Activistas aceptan con reservas reforma para combatir ataques a la prensa.</content>
        </sentence>
        <sentence id="2">
          <content>Garantizar recursos para investigar los delitos, restituir los expedientes y restaurar la confianza con las autoridades son los pendientes.</content>
        </sentence>
        <sentence id="3">
          <content>CIUDAD DE M&amp;Eacute;XICO (CNNM&amp;eacute;xico) -- La reforma para combatir la violencia contra los periodistas en M&amp;eacute;xico representa "un paso hacia adelante" que no debe quedarse solamente en el papel, se&amp;ntilde;alaron este viernes organizaciones que defienden la libertad de prensa .</content>
        </sentence>
        <sentence id="4">
          <content>"Antes de gritar victoria hay que ver c&amp;oacutemo se empieza a aplicar (la reforma)", dijo en entrevista con CNNM&amp;eacute;xico Benoit Hervieu, jefe del despacho para las Am&amp;eacute;ricas de Reporteros Sin Fronteras (RSF) .</content>
        </sentence>
        <sentence id="5">
          <content>El Senado aprob&amp;oacute el jueves reglas para que la Procuradur&amp;iacute;a General de la Rep&amp;uacute;blica (PGR) atraiga la investigaci&amp;oacuten de los delitos del fuero com&amp;uacute;n que afecten a los periodistas, una medida que busca reducir la impunidad de las agresiones contra comunicadores .</content>
        </sentence>
        <sentence id="6">
          <content>La reforma avalada por unanimidad reglamenta una reforma previa al art&amp;iacute;culo 73 de la Constituci&amp;oacuten .</content>
        </sentence>
        <sentence id="7">
          <content>RSF, con sede en Par&amp;iacute;s, Francia, hab&amp;iacute;a urgido en los &amp;uacute;ltimos meses a que se aprobara la reglamentaci&amp;oacuten para que las autoridades federales atrajeran los casos .</content>
        </sentence>
        <sentence id="8">
          <content>Tras la aprobaci&amp;oacuten de la reforma este jueves, la cual a&amp;uacute;n tiene que ser discutida en la C&amp;aacute;mara de Diputados, "ahora tenemos que ver si realmente hay la voluntad pol&amp;iacute;tica" para proteger a los periodistas, afirm&amp;oacute Hervieu .</content>
        </sentence>
        <sentence id="9">
          <content>Por su parte, la organizaci&amp;oacuten Art&amp;iacute;culo 19 reconoci&amp;oacute el avance en materia legislativa, pero afirm&amp;oacute que "si bien no se alcanz&amp;oacute el m&amp;aacute;ximo est&amp;aacute;ndar son los m&amp;iacute;nimos necesarios para lograr su objetivo" .</content>
        </sentence>
        <sentence id="10">
          <content>Desaparecer&amp;aacute; una fiscal&amp;iacute;a "sin dientes"Art&amp;iacute;culo 19, que desde 2008 junto con las organizaciones Freedom House y Cimac, busc&amp;oacute que se aprobaran reformas a la ley para castigar los delitos contra periodistas, afirm&amp;oacute que la actual fiscal&amp;iacute;a especial para atender los delitos contra la libertad de expresi&amp;oacuten deber&amp;aacute; desaparecer .</content>
        </sentence>
        <sentence id="11">
          <content>Al igual que RSF, la agrupaci&amp;oacuten pidi&amp;oacute garantizar que se tengan "las facultades y los recursos necesarios para cumplir la investigaci&amp;oacuten de las agresiones" .</content>
        </sentence>
        <sentence id="12">
          <content>"En M&amp;eacute;xico las cosas tomaron mucho tiempo, la burocracia es muy fuerte, por eso hay que saber c&amp;oacutemo concretamente se implementar&amp;aacute;n esos nuevos mecanismos", dijo Hervieu, quien tambi&amp;eacute;n hizo un llamado a que se garanticen los recursos y los medios humanos para implementar las modificaciones a la ley .</content>
        </sentence>
        <sentence id="13">
          <content>En el mismo sentido, el Centro Nacional de Comunicaci&amp;oacuten Social (Cencos), una asociaci&amp;oacuten civil que registra casos de agresiones contra periodistas, afirm&amp;oacute que se debe "tener presupuesto y tener un &amp;aacute;mbito que le permita la atracci&amp;oacuten de los casos" .</content>
        </sentence>
        <sentence id="14">
          <content>La actual fiscal&amp;iacute;a ya hab&amp;iacute;a sido criticada por RSF, que la calific&amp;oacute de inoperante .</content>
        </sentence>
        <sentence id="15">
          <content>"Hay una impunidad total en la mayor&amp;iacute;a de los casos que afectaron la profesi&amp;oacuten en la &amp;uacute;ltima d&amp;eacute;cada", dijo Hervieu, que llam&amp;oacute a que un nuevo &amp;oacutergano reconstituya los expedientes .</content>
        </sentence>
        <sentence id="16">
          <content>Brisa Maya Sol&amp;iacute;s, directora de Cencos, dijo en entrevista con CNNM&amp;eacute;xico que la fiscal&amp;iacute;a aperturada en 2010 no cumpli&amp;oacute con las expectativas, principalmente debido a la falta de facultades .</content>
        </sentence>
        <sentence id="17">
          <content>Seg&amp;uacute;n Sol&amp;iacute;s, del 1 de enero al 31 de octubre de 2012, la fiscal&amp;iacute;a recibi&amp;oacute 131 denuncias, de las cuales abri&amp;oacute 99 averiguaciones, en las que a dos se neg&amp;oacute el ejercicio de la acci&amp;oacuten penal .</content>
        </sentence>
        <sentence id="18">
          <content>En dicho periodo dict&amp;oacute 69 medidas cautelares a favor de los periodistas, pero no gir&amp;oacute &amp;oacuterdenes de aprehensi&amp;oacuten ni citatorios para llamar a comparecer a los agresores .</content>
        </sentence>
        <sentence id="19">
          <content>Falta restaurar la confianza entre periodistas y autoridadesPara RSF, a&amp;uacute;n queda pendiente dar la cara a familiares de periodistas que han sido afectados por la violencia, los cuales no han sido apoyados por las autoridades .</content>
        </sentence>
        <sentence id="20">
          <content>"De parte de las autoridades, (los familiares) te dicen que no han tenido apoyo, o muy poco", asegura Hervieu, quien recientemente se reuni&amp;oacute con varios de ellos .</content>
        </sentence>
        <sentence id="21">
          <content>Los familiares son apoyados por organismos que defensa de la libertad de expresi&amp;oacuten en sus reclamos por saber la verdad, seg&amp;uacute;n Hervieu, pero afirm&amp;oacute que "ninguna organizaci&amp;oacuten puede sustituir a las autoridades de un pa&amp;iacute;s" .</content>
        </sentence>
        <sentence id="22">
          <content>Seg&amp;uacute;n RSF, en 2012 en M&amp;eacute;xico se registraron seis asesinatos de periodistas, solo por debajo de pa&amp;iacute;ses como Siria, Somalia y Paquist&amp;aacute;n .</content>
        </sentence>
        <sentence id="23">
          <content>Seg&amp;uacute;n el Comit&amp;eacute; para la Protecci&amp;oacuten de Periodistas (CPJ, por sus siglas en ingl&amp;eacute;s), al menos uno de los seis periodistas asesinados --el independienteAdri&amp;aacute;n Silva Moreno-- muri&amp;oacute por su labor period&amp;iacute;stica .</content>
        </sentence>
      </sentences>
    </paragraph>
  </article>
</document>
