<?xml version="1.0" encoding="UTF-8"?>
<document id="837" link="http://mexico.cnn.com/nacional/2014/03/21/un-juez-fija-en-50-mdp-la-fianza-para-el-extesorero-de-michoacan" category="Nacional" highlights_mapped="false">
  <title>Un juez fija en 50 mdp la fianza para el extesorero de Michoac&amp;aacute;n - Nacional - CNNMexico.com</title>
  <keywords>michoacan, tesorero, extesorero, fianza, humberto suarez, godoy, lazaro cardenas</keywords>
  <summaries>
    <highlights>
      <sentence id="1" ids_sentences_article="">Un juez fij&amp;oacute; en casi 50 millones de pesos la fianza para el extesorero de Michoac&amp;aacute;n.</sentence>
      <sentence id="2" ids_sentences_article="">El exfuncionario fue detenido y es acusado de peculado y abuso de autoridad.</sentence>
    </highlights>
  </summaries>
  <article>
    <paragraph id="1">
      <sentences>
        <sentence id="1">
          <content>Un juez fija en 50 mdp la fianza para el extesorero de Michoac&amp;aacute;n.</content>
        </sentence>
        <sentence id="2">
          <content>Humberto Su&amp;aacute;rez L&amp;oacute;pez, detenido este martes, permanece hospitalizado porque sufri&amp;oacute; una descompensaci&amp;oacute;n, seg&amp;uacute;n las autoridades.</content>
        </sentence>
        <sentence id="3">
          <content>(CNNM&amp;eacute;xico) -- Un juez de Michoac&amp;aacute;n fij&amp;oacute; una fianza de casi 50 millones de pesos para el extesorero del estado Humberto Su&amp;aacute;rez L&amp;oacute;pez, acusado de robo de recursos del erario (peculado) y abuso de autoridad .</content>
        </sentence>
        <sentence id="4">
          <content>El monto de la fianza --49 millones 895,455 pesos-- fue fijado durante la ma&amp;ntilde;ana de este viernes, report&amp;oacute; la agencia Notimex citando informaci&amp;oacute;n de la Procuradur&amp;iacute;a General de Justicia del Estado (PGJE) .</content>
        </sentence>
        <sentence id="5">
          <content>Su&amp;aacute;rez L&amp;oacute;pez fue detenido la noche del martes en Jalisco, un estado vecino a Michoac&amp;aacute;n, horas despu&amp;eacute;s de que el gobierno federal informara que se hab&amp;iacute;an girado &amp;oacute;rdenes de aprehensi&amp;oacute;n en su contra .</content>
        </sentence>
        <sentence id="6">
          <content>Tras su detenci&amp;oacute;n, el extesorero fue hospitalizado porque sufri&amp;oacute; una descompensaci&amp;oacute;n, seg&amp;uacute;n las autoridades .</content>
        </sentence>
        <sentence id="7">
          <content>Los delitos que se atribuyen a Su&amp;aacute;rez L&amp;oacute;pez presuntamente fueron cometidos cuando dirig&amp;iacute;a la Secretar&amp;iacute;a de Finanzas del estado, durante los gobiernos de L&amp;aacute;zaro C&amp;aacute;rdenas Batel (2002-2008) y de Leonel Godoy Rangel (2008-2012), ambos militantes del Partido de la Revoluci&amp;oacute;n Democr&amp;aacute;tica (PRD) .</content>
        </sentence>
        <sentence id="8">
          <content>Al dar a conocer las acusaciones, el comisionado federal para Michoac&amp;aacute;n, Alfredo Castillo, dijo que las autoridades buscan a otros cinco exfuncionarios implicados en el caso y rechaz&amp;oacute; detallar el monto en cuesti&amp;oacute;n .</content>
        </sentence>
        <sentence id="9">
          <content>El secretario de Gobernaci&amp;oacute;n, Miguel &amp;Aacute;ngel Osorio Chong, se&amp;ntilde;al&amp;oacute; el jueves durante una visita a Michoac&amp;aacute;n que no habr&amp;aacute; tolerancia en las sanciones contra funcionarios corruptos en el estado, donde el gobierno del presidente Enrique Pe&amp;ntilde;a Nieto inici&amp;oacute; en enero un operativo especial para combatir la inseguridad .</content>
        </sentence>
      </sentences>
    </paragraph>
  </article>
</document>
