<?xml version="1.0" encoding="UTF-8"?>
<document id="203" link="http://mexico.cnn.com/nacional/2013/10/02/el-68-de-los-mexicanos-considera-que-su-ciudad-es-insegura-inegi" category="Nacional" highlights_mapped="false">
  <title>El 68% de los mexicanos considera que su ciudad es insegura: Inegi - Nacional - CNNMexico.com</title>
  <keywords>inegi, encuesta, mexico, percepci&amp;oacute;n, seguridad, inseguridad, delincuencia, delito, robo, policia</keywords>
  <summaries>
    <highlights>
      <sentence id="1" ids_sentences_article="">El 66 . 2% de los encuestados asegur&amp;oacute que en los &amp;uacute;ltimos tres meses ha presenciado robos o asaltos.</sentence>
      <sentence id="2" ids_sentences_article="">La ENSU se aplic&amp;oacute en 32 ciudades del pa&amp;iacute;s, entre ellas Tijuana, Le&amp;oacuten, Acapulco, Canc&amp;uacute;n y la Ciudad de M&amp;eacute;xico.</sentence>
    </highlights>
  </summaries>
  <article>
    <paragraph id="1">
      <sentences>
        <sentence id="1">
          <content>El 68% de los mexicanos considera que su ciudad es insegura: Inegi.</content>
        </sentence>
        <sentence id="2">
          <content>Al menos la mitad de los ciudadanos evitan caminar en los alrededores de su casa despu&amp;eacute;s de las 20:00 horas, seg&amp;uacute;n una encuesta.</content>
        </sentence>
        <sentence id="3">
          <content>(CNNM&amp;eacute;xico) -- El 68% de los mexicanos considera que vivir en su ciudad es inseguro, por lo que evitan caminar en los alrededores de su casa a partir de las 20:00 horas, entre otros cambios de h&amp;aacute;bitos para protegerse,de acuerdo con una encuesta que el Instituto Nacional de Estad&amp;iacute;stica y Geograf&amp;iacute;a (Inegi) .</content>
        </sentence>
        <sentence id="4">
          <content>La Encuesta Nacional de Seguridad P&amp;uacute;blica Urbana (ENSU), aplicada en 32 de las principales ciudades de M&amp;eacute;xico y que sustituye a laEncuesta Continua sobre la Percepci&amp;oacuten de la Seguridad P&amp;uacute;blica (ECOSEP), revel&amp;oacute que solo el 31 .</content>
        </sentence>
        <sentence id="5">
          <content>7% considera que su localidad es segura .</content>
        </sentence>
        <sentence id="6">
          <content>La ENSU re&amp;uacute;ne las respuestas de una muestra de 2,336 viviendas distribuidas en todas las entidades del pa&amp;iacute;s y ser&amp;aacute; realizada cada tres meses, inform&amp;oacute este mi&amp;eacute;rcoles el Inegi .</content>
        </sentence>
        <sentence id="7">
          <content>Los encuestados respondieron que en los &amp;uacute;ltimos tres meses ha escuchado o visto en los alrededores de su vivienda situaciones como consumo de alcohol en las calles (70 .</content>
        </sentence>
        <sentence id="8">
          <content>9%), robos o asaltos (66 .</content>
        </sentence>
        <sentence id="9">
          <content>2%), vandalismo (56 .</content>
        </sentence>
        <sentence id="10">
          <content>1%), venta o consumo de drogas (43 .</content>
        </sentence>
        <sentence id="11">
          <content>0%), bandas o pandillerismo (35 .</content>
        </sentence>
        <sentence id="12">
          <content>1%) y disparos frecuentes con armas (27%) .</content>
        </sentence>
        <sentence id="13">
          <content>Por ello, el 64 .</content>
        </sentence>
        <sentence id="14">
          <content>5%indicaron que por temor a sufrir alg&amp;uacute;n delito modificaron sus h&amp;aacute;bitos respecto a portar cosas de valor como joyas, dinero o tarjetas de cr&amp;eacute;dito, dio a conocer el Inegi .</content>
        </sentence>
        <sentence id="15">
          <content>Asimismo, el 48 .</content>
        </sentence>
        <sentence id="16">
          <content>5% no permite que sus hijos salgan de su vivienda sin vigilancia y 35 .</content>
        </sentence>
        <sentence id="17">
          <content>3% cambi&amp;oacute sus rutinas respecto a visitar parientes o amigos .</content>
        </sentence>
        <sentence id="18">
          <content>Durante la encuesta aplicada en septiembre, el 32 .</content>
        </sentence>
        <sentence id="19">
          <content>8% de la poblaci&amp;oacuten se&amp;ntilde;al&amp;oacute que percibi&amp;oacute el desempe&amp;ntilde;o de la polic&amp;iacute;a como muy efectivo o algo efectivo, mientras que 66 .</content>
        </sentence>
        <sentence id="20">
          <content>7% consider&amp;oacute el desempe&amp;ntilde;o como poco efectivo o nada efectivo en sus labores de prevenir la delincuencia en su vecindario .</content>
        </sentence>
        <sentence id="21">
          <content>El nivel de confianza de los resultados de la ENSU es del 90% con un error relativo m&amp;aacute;ximo del 15%, se&amp;ntilde;al&amp;oacute el Inegien la presentaci&amp;oacuten de los resultados este mi&amp;eacute;rcoles .</content>
        </sentence>
        <sentence id="22">
          <content>La ENSU se aplic&amp;oacute en 32 ciudades del pa&amp;iacute;s, entre ellas las capitales de 27 estados, 4 ciudades seleccionadas de m&amp;aacute;s de 100,000 habitantes (Tijuana, Le&amp;oacuten, Acapulco y Canc&amp;uacute;n), as&amp;iacute; como la Ciudad de M&amp;eacute;xico .</content>
        </sentence>
        <sentence id="23">
          <content>El martes, el Inegi dio a conocer que durante 2012hubo 105,682 secuestros en M&amp;eacute;xico, pero los ciudadanos solo denunciaron 1,317 ante las autoridades, de acuerdo con una encuesta elaborada por el Inegi que por primera vez contabiliza delitos graves .</content>
        </sentence>
        <sentence id="24">
          <content>La Encuesta Nacional de Victimizaci&amp;oacuten y Percepci&amp;oacuten sobre Seguridad P&amp;uacute;blica (Envipe), que realiza el Instituto por tercer a&amp;ntilde;o consecutivo, incluy&amp;oacute por primera vez cifras de homicidios, secuestros y desaparaciones forzadas .</content>
        </sentence>
      </sentences>
    </paragraph>
  </article>
</document>
