<?xml version="1.0" encoding="UTF-8"?>
<document id="779" link="http://mexico.cnn.com/nacional/2013/10/24/la-camara-de-diputados-aprueba-la-pension-universal-para-adultos-mayores" category="Nacional" highlights_mapped="false">
  <title>Los diputados avalan la pensi&amp;oacuten universal para adultos mayores - Nacional - CNNMexico.com</title>
  <keywords>pension universal, adultos mayores, seguro de desempleo, camara de diputados, dictamen, avalan, estado, seguridad social, senado</keywords>
  <summaries>
    <highlights>
      <sentence id="1" ids_sentences_article="">Con 417 votos a favor, la C&amp;aacute;mara de Diputados aprob&amp;oacute elevar a rango constitucional la pensi&amp;oacuten universal para adultos mayores.</sentence>
      <sentence id="2" ids_sentences_article="">Tambi&amp;eacute;n se elev&amp;oacute a rango constituci&amp;oacuten el seguro de desempleo.</sentence>
      <sentence id="3" ids_sentences_article="">El texto ahora pasar&amp;aacute; al Senado para su revisi&amp;oacuten.</sentence>
    </highlights>
  </summaries>
  <article>
    <paragraph id="1">
      <sentences>
        <sentence id="1">
          <content>Los diputados avalan la pensi&amp;oacuten universal para adultos mayores.</content>
        </sentence>
        <sentence id="2">
          <content>Los diputados aprobaron elevar a rango constitucional la pensi&amp;oacuten universal y el seguro de desempleo; el texto pasar&amp;aacute; al Senado.</content>
        </sentence>
        <sentence id="3">
          <content>(CNNM&amp;eacute;xico) -- La pensi&amp;oacuten universal para adultos mayores y el seguro de desempleo se elevaron a rango constitucional por la C&amp;aacute;mara de Diputados, y pasar&amp;aacute;n ahora al Senado .</content>
        </sentence>
        <sentence id="4">
          <content>El presidente Enrique Pe&amp;ntilde;a Nieto present&amp;oacute ambas iniciativas el pasado 8 de septiembre como parte del Paquete Econom&amp;iacute;co 2014, en el que propuso nuevos impuestos .</content>
        </sentence>
        <sentence id="5">
          <content>La propuesta de la pensi&amp;oacuten a adultos mayores prev&amp;eacute; que las personas de m&amp;aacute;s de 65 a&amp;ntilde;os a partir de 2014, reciban una pensi&amp;oacuten a partir de ese a&amp;ntilde;o, inform&amp;oacute Notimex .</content>
        </sentence>
        <sentence id="6">
          <content>Los #15senadores + 5 que pueden cambiar la Reforma Fiscal&amp;Eacute;sta es una bandera de la izquierda que impuls&amp;oacute el excandidato presidencial Andr&amp;eacute;s Manuel L&amp;oacutepez Obrador, rival de Pe&amp;ntilde;a Nieto en las pasadas elecciones .</content>
        </sentence>
        <sentence id="7">
          <content>Como jefe de Gobierno (2000-2006) instaur&amp;oacute el apoyo econ&amp;oacutemico para los adultos mayores, lo que le dio amplia popularidad en este sector de la poblaci&amp;oacuten .</content>
        </sentence>
        <sentence id="8">
          <content>Durante su campa&amp;ntilde;a pol&amp;iacute;tica, L&amp;oacutepez Obrador acus&amp;oacute a Pe&amp;ntilde;a Nieto en varias ocasiones de plagiar sus propuestas .</content>
        </sentence>
        <sentence id="9">
          <content>La Ley de la Pensi&amp;oacuten Universal presentada por Pe&amp;ntilde;a Nieto propone que los beneficiarios reciban 1,092 pesos al mes (alrededor de 84 d&amp;oacutelares) .</content>
        </sentence>
        <sentence id="10">
          <content>Actualmente, las personas inscritas en el programa federal 65 y m&amp;aacute;s reciben 1,050 pesos bimestrales .</content>
        </sentence>
        <sentence id="11">
          <content>Para 2014, el gobierno de Pe&amp;ntilde;a Nieto plantea que 65 y m&amp;aacute;s obtenga un presupuesto de 45,225 millones de pesos, que ser&amp;iacute;an transferidos al fondo de pensiones universales en caso de que el Congreso apruebe su creaci&amp;oacuten .</content>
        </sentence>
        <sentence id="12">
          <content>La reforma prev&amp;eacute; que se revise peri&amp;oacutedicamente esa edad para que, con base en los estudios demogr&amp;aacute;ficos que determine la ley, se incremente en funci&amp;oacuten de la esperanza de vida de la poblaci&amp;oacuten .</content>
        </sentence>
        <sentence id="13">
          <content>Se modific&amp;oacute la propuesta inicial del presidente Pe&amp;ntilde;a Nieto para que las entidades federativas y el Distrito Federal mantengan sus programas de atenci&amp;oacuten a adultos mayores y que sigan oper&amp;aacute;ndolos en los mismos t&amp;eacute;rminos en que fueron establecidos, asegur&amp;oacute el diputado Julio C&amp;eacute;sar Moreno Rivera, presidente de la Comisi&amp;oacuten de Puntos Constitucionales de la C&amp;aacute;mara de Diputados .</content>
        </sentence>
        <sentence id="14">
          <content>El texto, aprobado por 417 votos a favor, 19 en contra y tres abstenciones, reforma los art&amp;iacute;culos 4, 73 y 123 de la Constituci&amp;oacuten en materia de seguridad social universal y ocurre mientras el Senado discute la reforma fiscal y la Ley de Ingresos para el pr&amp;oacuteximo a&amp;ntilde;o .</content>
        </sentence>
        <sentence id="15">
          <content>Tambi&amp;eacute;n se modifica la fracci&amp;oacuten XXIX del apartado A del Art&amp;iacute;culo 123 Constitucional, por el que se se&amp;ntilde;ala que la Ley del Seguro Social, comprender&amp;aacute; seguros de cesant&amp;iacute;a en edad avanzada y de desempleo .</content>
        </sentence>
        <sentence id="16">
          <content>1 millones de adultos mayores de 60 a&amp;ntilde;os en el pa&amp;iacute;s, de acuerdo con cifras del censo de 2010 del Instituto Nacional de Estad&amp;iacute;stica y Geograf&amp;iacute;a (Inegi) que podr&amp;iacute;an beneficiarse de la pensi&amp;oacuten universal de ser aprobada por el Senado .</content>
        </sentence>
        <sentence id="17">
          <content>Avalan seguro de desempleo, con cambiosLos diputados modificaron este jueves la iniciativa enviada por Pe&amp;ntilde;a Nieto y dejaron fuera del seguro de desempleo a los bur&amp;oacutecratas, trabajadores regidos por el apartado B del art&amp;iacute;culo 123 constitucional, a diferencia de la propuesta inicial del presidente .</content>
        </sentence>
        <sentence id="18">
          <content>Los legisladores no llegaron a un acuerdo sobre c&amp;oacutemo financiar el seguro de desempleo y decidieron aprobar la reforma constitucional sin un acuerdo sobre el esquema de financiamiento, el cual debe estar detallado en la Ley del Seguro de Desempleo, inform&amp;oacute ADNPol&amp;iacute;tico .</content>
        </sentence>
        <sentence id="19">
          <content>As&amp;iacute;, el debate sobre el origen de los recursos seguir&amp;aacute; durante la discusi&amp;oacuten de la legislaci&amp;oacuten secundaria .</content>
        </sentence>
        <sentence id="20">
          <content>Las reformas constitucionales avaladas este jueves fueron propuestas por el presidente Enrique Pe&amp;ntilde;a Nieto en septiembre .</content>
        </sentence>
        <sentence id="21">
          <content>El mandatario dijo en ese momento que los recursos del seguro se obtendr&amp;iacute;an de una subcuenta del trabajador a la que el patr&amp;oacuten tendr&amp;iacute;a que ir aportando cuotas cada mes y se sacar&amp;iacute;an de los fondos de ahorro para la vivienda .</content>
        </sentence>
        <sentence id="22">
          <content>Si ese dinero resultara insuficiente, el gobierno federal aportar&amp;iacute;a m&amp;aacute;s fondos para cubrir los dos &amp;uacute;ltimos meses del seguro .</content>
        </sentence>
        <sentence id="23">
          <content>El presidente propuso que, del 5% del sueldo base que constituyen las aportaciones para la vivienda, dos puntos porcentuales fueran utilizados para un fondo mixto y otro punto m&amp;aacute;s para un fondo no recuperable .</content>
        </sentence>
        <sentence id="24">
          <content>De ambos fondos, seg&amp;uacute;n la iniciativa original, se financiar&amp;iacute;a el seguro de desempleo .</content>
        </sentence>
        <sentence id="25">
          <content>Esa propuesta de financiamiento dividi&amp;oacute a los diputados este jueves, quienes afirmaron que el seguro de desempleo era una "falacia", pues no ser&amp;iacute;a una prestaci&amp;oacuten social otorgada por el gobierno sino estar&amp;iacute;a financiada por los propios trabajadores, sacrificando los fondos de vivienda .</content>
        </sentence>
        <sentence id="26">
          <content>Este mes, los diputados tambi&amp;eacute;n aprobaron la reforma fiscal que incluye impuestos a refrescos y alimentos "chatarra", as&amp;iacute; como a la adquisici&amp;oacuten de mascotas .</content>
        </sentence>
        <sentence id="27">
          <content>Los diputados rechazaron la propuesta original del Ejecutivo que inclu&amp;iacute;a impuestos a colegiaturas, a la renta de vivienda y a los espect&amp;aacute;culos .</content>
        </sentence>
        <sentence id="28">
          <content>En el segundo trimestre de 2013 hab&amp;iacute;a 2 millones 607,369 personas sin empleo, de acuerdo con cifras del Instituto Nacional de Estad&amp;iacute;stica y Geograf&amp;iacute;a (Inegi) , aunque el seguro de desempleo no podr&amp;iacute;a beneficiar a aquellos que hayan trabajado para el Estado y perdido por alg&amp;uacute;n motivo su empleo .</content>
        </sentence>
        <sentence id="29">
          <content>Con informaci&amp;oacuten de Imelda Garc&amp;iacute;ay Notimex.</content>
        </sentence>
      </sentences>
    </paragraph>
  </article>
</document>
