<?xml version="1.0" encoding="UTF-8"?>
<document id="777" link="http://mexico.cnn.com/nacional/2014/03/11/las-fallas-en-la-linea-mas-joven-del-metro-del-df-recortan-su-servicio" category="Nacional" highlights_mapped="false">
  <title>Las fallas en la l&amp;iacute;nea m&amp;aacute;s joven del Metro del DF 'recortan' su servicio - Nacional - CNNMexico.com</title>
  <keywords>metro, sistema de transporte colectivo, l&amp;iacute;nea 12, fallas, servicio, miguel angel mancera, Joel ortega, suspension, usuarios, twitter, redes sociales</keywords>
  <summaries>
    <highlights>
      <sentence id="1" ids_sentences_article="">La L&amp;iacute;nea 12 del Metro suspender&amp;aacute; el servicio de forma temporal en 11 de sus estaciones.</sentence>
      <sentence id="2" ids_sentences_article="">El gobierno del DF indic&amp;oacute que se realizar&amp;aacute;n obras de "mantenimiento mayor" al detectar fallas.</sentence>
      <sentence id="3" ids_sentences_article="">Durante la administraci&amp;oacuten de Marcelo Ebrard se inaugur&amp;oacute la que tambi&amp;eacute;n se conoce como 'L&amp;iacute;nea dorada'.</sentence>
      <sentence id="4" ids_sentences_article="">A lo largo de 2013 traslad&amp;oacute a 91 millones 982,732 pasajeros.</sentence>
    </highlights>
  </summaries>
  <article>
    <paragraph id="1">
      <sentences>
        <sentence id="1">
          <content>Las fallas en la l&amp;iacute;nea m&amp;aacute;s joven del Metro del DF 'recortan' su servicio.</content>
        </sentence>
        <sentence id="2">
          <content>11 estaciones de la L&amp;iacute;nea 12 dejar&amp;aacute;n de operar hasta seis meses despu&amp;eacute;s de que se detectara una "falla sistem&amp;aacute;tica" en la infraestructura.</content>
        </sentence>
        <sentence id="3">
          <content>(CNNM&amp;eacute;xico) -- Un a&amp;ntilde;o y cuatro meses despu&amp;eacute;s de su inicio de operaciones, la L&amp;iacute;nea 12 del Metro --la m&amp;aacute;s joven del Sistema de Transporte Colectivo (STC) en la capital mexicana-- suspender&amp;aacute; de forma temporal el servicio en 11 de sus 20 estaciones a partir de este mi&amp;eacute;rcoles, para que reciban "mantenimiento mayor" por tener una "falla sistem&amp;aacute;tica", indic&amp;oacute el gobierno del DF .</content>
        </sentence>
        <sentence id="4">
          <content>Las estaciones corresponden al tramo elevado: Tl&amp;aacute;huac, Tlaltenco, Zapotitl&amp;aacute;n, Nopalera, Olivos, Tezonco, Perif&amp;eacute;rico Oriente, Calle 11, Lomas Estrella, San Andr&amp;eacute;s Tomatl&amp;aacute;n y Culhuac&amp;aacute;n .</content>
        </sentence>
        <sentence id="5">
          <content>La suspensi&amp;oacuten del servicio busca "garantizar la seguridad y mejorar las condiciones de operaci&amp;oacuten para beneficio de los usuarios", apunt&amp;oacute el mensaje de la administraci&amp;oacuten capitalina .</content>
        </sentence>
        <sentence id="6">
          <content>La "falla sist&amp;eacute;matica" detectada en la L&amp;iacute;nea 12 es "generada por un desgaste ondulotario" en la v&amp;iacute;a, dijo Joel Ortega, director del STC del DF, en entrevista con la cadena Radio F&amp;oacutermula .</content>
        </sentence>
        <sentence id="7">
          <content>"Tenemos un problema en las curvas que est&amp;aacute;n en la parte elevada", detall&amp;oacute, y por esa raz&amp;oacuten se decidi&amp;oacute la suspensi&amp;oacuten y ofrecer un "servicio recortado" .</content>
        </sentence>
        <sentence id="8">
          <content>La L&amp;iacute;nea solo operar&amp;aacute; de las estaciones Mixcoac hasta Mexicaltzingo .</content>
        </sentence>
        <sentence id="9">
          <content>Ortega dijo de que el gobierno de la Ciudad activ&amp;oacute medidas legales para establecer si las empresas involucradas con la construcci&amp;oacuten de la L&amp;iacute;nea --ICA, Alstom Mexicana y Carso Infraestructura y Construcci&amp;oacuten-- incurrieron en incumplimientos contractuales, que afectaron el servicio .</content>
        </sentence>
        <sentence id="10">
          <content>"Seguramente" habr&amp;aacute; sanciones, expres&amp;oacute .</content>
        </sentence>
        <sentence id="11">
          <content>Esto ya fue informado a la Contralor&amp;iacute;a General del DF para que investigue y determine si existen responsabilidades de servidores p&amp;uacute;blicos y de las empresas participantes, y en su caso consideren "si existe incumplimiento contractual y a qui&amp;eacute;n corresponde resarcir los costos y da&amp;ntilde;os que estos ocasionan", indic&amp;oacute el gobierno local .</content>
        </sentence>
        <sentence id="12">
          <content>Se prev&amp;eacute; que el tramo de 11 estaciones permanezca cerrado hasta por seis meses, indic&amp;oacute Ortega, aunque eso depende del proceso de revisi&amp;oacuten que se haga en la infraestructura, seg&amp;uacute;n Notimex .</content>
        </sentence>
        <sentence id="13">
          <content>En el proyecto de construcci&amp;oacuten de la L&amp;iacute;nea 12, seg&amp;uacute;n la p&amp;aacute;gina de internet el STC, se contempl&amp;oacute que tendr&amp;iacute;a una afluencia de m&amp;aacute;s de 367,000 pasajeros al d&amp;iacute;a en el DF, durante un d&amp;iacute;a laboral .</content>
        </sentence>
        <sentence id="14">
          <content>Durante 2013 traslad&amp;oacute a 91 millones 982,732 pasajeros: unos 252,000 por d&amp;iacute;a .</content>
        </sentence>
        <sentence id="15">
          <content>Ofrecemos disculpas a los usuarios de la L12 pero lo m&amp;aacute;s importante es su seguridad #mm-- Miguel &amp;Aacute;ngel Mancera (@ManceraMiguelMX) marzo 11, 2014La inauguraci&amp;oacuten de las 20 estaciones que integran la L&amp;iacute;nea 12 del Metro --que van de Mixcoac a Tl&amp;aacute;huac-- ocurri&amp;oacute el 30 de octubre de 2012, durante la administraci&amp;oacuten de Marcelo Ebrard como jefe de Gobierno de la capital mexicana .</content>
        </sentence>
        <sentence id="16">
          <content>Esa obra se ubic&amp;oacute como una de las m&amp;aacute;s importantes para el gobierno de Ebrard .</content>
        </sentence>
        <sentence id="17">
          <content>Al respecto, el exfuncionario dijo este martes en rueda de prensa que est&amp;aacute; "tranquilo" con las medidas que inici&amp;oacute el gobierno capitalino .</content>
        </sentence>
        <sentence id="18">
          <content>"Yo estoy muy tranquilo y orgulloso de esa l&amp;iacute;nea y respaldo que la autoridad considere que debe hacerse una suspensi&amp;oacuten, ellos tienen la responsabilidad operativa, les reiter&amp;oacute yo estoy tranquilo y limpio de cualquier proceso", se&amp;ntilde;al&amp;oacute .</content>
        </sentence>
        <sentence id="19">
          <content>Se detect&amp;oacute que las fallas "ya estaban presentes desde la apertura de la l&amp;iacute;nea, pero se agudizaron en el tiempo y llegaron a un grado mayor de complicaci&amp;oacuten cuando entraron la totalidad de trenes a operar", mencion&amp;oacute Ortega, director del STC, de acuerdo con Notimex .</content>
        </sentence>
        <sentence id="20">
          <content>El 17 de febrero pasado se aplic&amp;oacute una reducci&amp;oacuten en la velocidad de sus trenes y labores de mantenimiento, como renivelaci&amp;oacuten y realineaci&amp;oacuten de las v&amp;iacute;as .</content>
        </sentence>
        <sentence id="21">
          <content>"La tambi&amp;eacute;n llamada L&amp;iacute;nea dorada cost&amp;oacute 26,000 millones de pesos (mdp), 47 .</content>
        </sentence>
        <sentence id="22">
          <content>9% m&amp;aacute;s que los 17,583 mdp que el Gobierno del Distrito Federal hab&amp;iacute;a estimado al inicio", seg&amp;uacute;n datos de CNNExpansi&amp;oacuten .</content>
        </sentence>
        <sentence id="23">
          <content>En redes sociales los usuarios publicaron cr&amp;iacute;ticas sobre la suspensi&amp;oacuten del servicio en la L&amp;iacute;nea Dorada .</content>
        </sentence>
        <sentence id="24">
          <content>"Desde el principio no estaba en condiciones y solo pon&amp;iacute;an en riesgo a la gente", expres&amp;oacute una tuitera .</content>
        </sentence>
        <sentence id="25">
          <content>Hace 88 d&amp;iacute;as el precio del boleto por viaje en este transportesubi&amp;oacute de tres a cinco pesos .</content>
        </sentence>
        <sentence id="26">
          <content>El gobierno capitalino asegur&amp;oacute que el dinero recaudado servir&amp;iacute;a para mejorar las estaciones y brindar un mejor servicio .</content>
        </sentence>
        <sentence id="27">
          <content>Para personas desempleadas, estudiantes que lo requieran y otros grupos se establecieron tarifas especiales .</content>
        </sentence>
        <sentence id="28">
          <content>Sin embargo, el aumento provoc&amp;oacute protestas de ciudadanos, que se organizaron en redes sociales para hacer campa&amp;ntilde;as como #PosMeSalto, en las que acudieron a diferentes estaciones para saltarse los torniquetes y usar el servicio sin pagar .</content>
        </sentence>
        <sentence id="29">
          <content>De acuerdo con autoridades del DF, los recursos extra que han obtenido por el aumento en la tarifa "no se tocar&amp;aacute;n" en el procedimiento para hacer las "correcciones necesarias" en la L&amp;iacute;nea 12, despu&amp;eacute;s de que expertos internacionales lleven a cabo "una revisi&amp;oacuten exhaustiva" .</content>
        </sentence>
        <sentence id="30">
          <content>Unos 300 autobuses de la Red de Transporte de Pasajeros (RTP) transportar&amp;aacute;n a partir de este mi&amp;eacute;rcoles de forma gratuita a ciudadanos que utilizan la L&amp;iacute;nea 12, para apoyarlos durante la suspensi&amp;oacuten del servicio en 11 estaciones, apunt&amp;oacute el gobierno del DF .</content>
        </sentence>
        <sentence id="31">
          <content>Los autobuses operar&amp;aacute;n en tres rutas: de Tl&amp;aacute;huac a Atlalilco; de Tl&amp;aacute;huac a Constituci&amp;oacuten de 1917 y de Perif&amp;eacute;rico Oriente a Tasque&amp;ntilde;a .</content>
        </sentence>
        <sentence id="32">
          <content>#SetraviInforma @STCMetroCDMX suspender&amp;aacute; servicio de L12 a partir de ma&amp;ntilde;ana en el tramo de Tl&amp;aacute;huac a Culhuac&amp;aacute;n .</content>
        </sentence>
        <sentence id="33">
          <content>com/zjdOrwfp3g-- SetraviCDMX (@SetraviCDMX) marzo 11, 2014.</content>
        </sentence>
      </sentences>
    </paragraph>
  </article>
</document>
