<?xml version="1.0" encoding="UTF-8"?>
<document id="841" link="http://mexico.cnn.com/nacional/2014/03/08/el-supuesto-hijo-de-la-tuta-dio-informacion-sobre-templarios-castillo" category="Nacional" highlights_mapped="false">
  <title>El supuesto hijo de 'la Tuta' dio informaci&amp;oacuten sobre 'templarios': Castillo - Nacional - CNNMexico.com</title>
  <keywords>hijo, tuta, dio, datos, informacion, castillo, comisionado, actividades, caballeros templarios, michoacan</keywords>
  <summaries>
    <highlights>
      <sentence id="1" ids_sentences_article="">El hijo de 'la Tuta' proporcion&amp;oacute informaci&amp;oacuten importante sobre su padre, dijo Alfredo Castillo.</sentence>
      <sentence id="2" ids_sentences_article="">El comisionado de seguridad en Michoac&amp;aacute;n se reuni&amp;oacute con alcaldes priistas de Michoac&amp;aacute;n para ofrecerles apoyo.</sentence>
    </highlights>
  </summaries>
  <article>
    <paragraph id="1">
      <sentences>
        <sentence id="1">
          <content>El supuesto hijo de 'la Tuta' dio informaci&amp;oacuten sobre 'templarios': Castillo.</content>
        </sentence>
        <sentence id="2">
          <content>Luis Alfredo Aguilera, detenido esta semana, proporcion&amp;oacute datos sobre las actividades de 'Los Caballeros Templarios', se&amp;ntilde;ala el gobierno.</content>
        </sentence>
        <sentence id="3">
          <content>(Notimex) -- Luis Alfredo Aguilera Esquivel, hijo no reconocido de Servando G&amp;oacutemez Mart&amp;iacute;nez,la Tuta, el presunto l&amp;iacute;der del grupo delictivo deLos Caballeros Templarios, proporcion&amp;oacute informaci&amp;oacuten importante sobre las actividades de G&amp;oacutemez, se&amp;ntilde;alaron este viernes autoridades federales .</content>
        </sentence>
        <sentence id="4">
          <content>Aguilera Esquivel, de 23 a&amp;ntilde;os y detenido la semana pasada, ha proporcionado importantes datos sobre las actividades delincuenciales de su padre y de la organizaci&amp;oacuten, as&amp;iacute; como el n&amp;uacute;mero de hijos y otros datos personales de G&amp;oacutemez, se&amp;ntilde;al&amp;oacute el comisionado para la Seguridad y el Desarrollo Integral de Michoac&amp;aacute;n, Alfredo Castillo, en rueda de prensa en Morelia .</content>
        </sentence>
        <sentence id="5">
          <content>Castillo mencion&amp;oacute que la detenci&amp;oacuten del que se identific&amp;oacute como el hijo menor del l&amp;iacute;der del grupo criminal no tuvo que ver con su parentesco, sino con los delitos de extorsi&amp;oacuten y contra la salud, por los que deber&amp;aacute; responder .</content>
        </sentence>
        <sentence id="6">
          <content>El comisionado se reuni&amp;oacute este viernes en privado con los 49 alcaldes del estado emanados del Partido Revolucionario Institucional (PRI) y acordaron estrategias de seguridad para sus municipios, se&amp;ntilde;al&amp;oacute .</content>
        </sentence>
        <sentence id="7">
          <content>Dijo adem&amp;aacute;s que se mantiene abierto para platicar con los 113 presidentes municipales del estado, as&amp;iacute; como para escuchar sus inconformidades e inquietudes .</content>
        </sentence>
        <sentence id="8">
          <content>Fuerzas de seguridad estatales detuvieron la noche del 3 de marzo a Aguilera Esquivel junto a Christian Salinas Ruiz, durante la investigaci&amp;oacuten del secuestro de un agricultor .</content>
        </sentence>
      </sentences>
    </paragraph>
  </article>
</document>
