<?xml version="1.0" encoding="UTF-8"?>
<document id="878" link="http://mexico.cnn.com/nacional/2014/03/22/el-alcalde-de-tanhuato-municipio-de-michoacan-es-asesinado" category="Nacional" highlights_mapped="false">
  <title>El alcalde de Tanhuato, municipio de Michoac&amp;aacute;n, es asesinado - Nacional - CNNMexico.com</title>
  <keywords>tanhuato, alcalde, asesinado, asesinato, muerte, michoacan, bala, procuraduria, estatal, violencia</keywords>
  <summaries>
    <highlights>
      <sentence id="1" ids_sentences_article="">El alcalde de Tanhuato, Gustavo Garibay, fue asesinado afuera de su casa.</sentence>
      <sentence id="2" ids_sentences_article="">Garibay era militante del PAN.</sentence>
    </highlights>
  </summaries>
  <article>
    <paragraph id="1">
      <sentences>
        <sentence id="1">
          <content>El alcalde de Tanhuato, municipio de Michoac&amp;aacute;n, es asesinado.</content>
        </sentence>
        <sentence id="2">
          <content>Gustavo Garibay falleci&amp;oacute; por herida de bala; el asesinato ocurri&amp;oacute; afuera de su casa, inform&amp;oacute; la procuradur&amp;iacute;a estatal.</content>
        </sentence>
        <sentence id="3">
          <content>(CNNM&amp;eacute;xico) -- Gustavo Garibay, alcalde del municipio de Tanhuato, en Michoac&amp;aacute;n, fue asesinado la ma&amp;ntilde;ana de este s&amp;aacute;bado afuera de su casa, inform&amp;oacute; la Procuradur&amp;iacute;a General de Justicia del estado .</content>
        </sentence>
        <sentence id="4">
          <content>Garibay Garc&amp;iacute;a, militante del Partido Acci&amp;oacute;n Nacional (PAN), falleci&amp;oacute; por herida de arma de fuego, se&amp;ntilde;al&amp;oacute; la dependencia estatal .</content>
        </sentence>
        <sentence id="5">
          <content>Al lugar llegaron agentes del Ministerio P&amp;uacute;blico que ordenaron trasladar el cuerpo a La Piedad, donde el servicio m&amp;eacute;dico forense le realizar&amp;aacute; una necropsia .</content>
        </sentence>
        <sentence id="6">
          <content>Tanhuato est&amp;aacute; ubicado en el oeste de Michoac&amp;aacute;n .</content>
        </sentence>
        <sentence id="7">
          <content>Garibay hab&amp;iacute;asobrevivido a un atentado en octubre de 2012,cuando un grupo armado lo intercept&amp;oacute; mientras viajaba en un veh&amp;iacute;culo y le dispar&amp;oacute; .</content>
        </sentence>
        <sentence id="8">
          <content>El edil result&amp;oacute; lesionado y fue trasladado a un hospital donde se le report&amp;oacute; como estable .</content>
        </sentence>
        <sentence id="9">
          <content>El secretario general del alcalde, Jos&amp;eacute; Pedro C&amp;oacute;rdoba Aguirre, fue asesinado el 11 de febrero de 2013, inform&amp;oacute; el PAN .</content>
        </sentence>
        <sentence id="10">
          <content>El l&amp;iacute;der nacional de Acci&amp;oacute;n Nacional, Gustavo Madero, lament&amp;oacute; los hechos .</content>
        </sentence>
        <sentence id="11">
          <content>"Estamos muy indignados porque no se respeta la vida en Michoac&amp;aacute;n, no se brinda una m&amp;iacute;nima seguridad, ni se dan garant&amp;iacute;as a los funcionarios leg&amp;iacute;timamente electos para cumplir con su trabajo", dijo Madero en Manzanillo, Colima, de acuerdo con un comunicado del PAN .</content>
        </sentence>
        <sentence id="12">
          <content>El gobernador de Michoac&amp;aacute;n, Fusto Vallejo, expres&amp;oacute; sus condolencias a la familia del alcalde .</content>
        </sentence>
        <sentence id="13">
          <content>"No escatimaremos esfuerzos hasta dar con los responsables", escribi&amp;oacute; en su cuenta de Twitter .</content>
        </sentence>
        <sentence id="14">
          <content>He girado instrucciones al Procurador para que todos los recursos t&amp;eacute;cnicos y operativos existentes se empleen para esclarecer este crimen .</content>
        </sentence>
        <sentence id="15">
          <content>-- Fausto Vallejo F (@faustovallejof) marzo 22, 2014El PAN de Michoac&amp;aacute;n expres&amp;oacute; su indignaci&amp;oacute;n por el asesinato .</content>
        </sentence>
        <sentence id="16">
          <content>#YaBasta .</content>
        </sentence>
        <sentence id="17">
          <content>Exigimos al @Comisionadomich justicia y castigo a los responsables del crimen de Gustavo Garibay G .</content>
        </sentence>
        <sentence id="18">
          <content>com/9o3O3tRleE-- PAN Michoac&amp;aacute;n (@panmichoacan) marzo 22, 2014Ygnacio L&amp;oacute;pez Mendoza, alcalde del municipio de Santa Ana Maya, en Michoac&amp;aacute;n, fue asesinado en noviembre de 2012 luego de recibir amenazas del crimen organizado .</content>
        </sentence>
        <sentence id="19">
          <content>Su cuerpo fue encontrado en una camioneta, a una distancia de diez minutos de su casa .</content>
        </sentence>
        <sentence id="20">
          <content>Michoac&amp;aacute;n es un estado donde operan grupos criminales como Los Caballeros Templarios .</content>
        </sentence>
        <sentence id="21">
          <content>En enero, el gobierno federal implement&amp;oacute; una estrategia junto con el gobierno estatal y el apoyo de grupos de autodefensa para restablecer la seguridad en la entidad .</content>
        </sentence>
      </sentences>
    </paragraph>
  </article>
</document>
