<?xml version="1.0" encoding="UTF-8"?>
<document id="820" link="http://mexico.cnn.com/nacional/2013/05/16/un-instituto-electoral-unico-una-medida-para-bajar-el-gasto-en-comicios" category="Nacional" author="Mauricio Torres" highlights_mapped="false">
  <title>Un instituto electoral &amp;uacute;nico, &amp;iquestuna medida para bajar el gasto en comicios? - Nacional - CNNMexico.com</title>
  <keywords>ife, nuevo ife, costos, dinero, ine, instituto nacional de elecciones, consejeros,</keywords>
  <summaries>
    <highlights>
      <sentence id="1" ids_sentences_article="">Tener un solo instituto electoral permitir&amp;iacute;a reducir el costo en comicios, dicen exconsejeros.</sentence>
      <sentence id="2" ids_sentences_article="">Fusionar los 33 &amp;oacuterganos actuales ayudar&amp;iacute;a a simplificar profesos y reducir gastos, se&amp;ntilde;alan.</sentence>
      <sentence id="3" ids_sentences_article="">En 2013, los institutos recibir&amp;aacute;n 17,750 millones de pesos, m&amp;aacute;s que la PGR o la Canciller&amp;iacute;a.</sentence>
      <sentence id="4" ids_sentences_article="">Los panistas, que proponen crear un solo instituto, dicen que los gastos bajar&amp;iacute;an "casi a la mitad".</sentence>
    </highlights>
  </summaries>
  <article>
    <paragraph id="1">
      <sentences>
        <sentence id="1">
          <content>Un instituto electoral &amp;uacute;nico, &amp;iquestuna medida para bajar el gasto en comicios?</content>
        </sentence>
        <sentence id="2">
          <content>Fusionar los 33 institutos electorales ayudar&amp;iacute;a a simplificar procesos y reducir el costo de organizar las elecciones, dicen exconsejeros.</content>
        </sentence>
        <sentence id="3">
          <content>CIUDAD DE M&amp;Eacute;XICO (CNNM&amp;eacute;xico) -- La propuesta de desaparecer los 33 institutos electorales de M&amp;eacute;xico, para fusionarlos en una sola instituci&amp;oacuten, abre la posibilidad de disminuir el costo de organizar comicios, consideraron exconsejeros electorales .</content>
        </sentence>
        <sentence id="4">
          <content>Arturo S&amp;aacute;nchez, exconsejero del Instituto Federal Electoral (IFE), se&amp;ntilde;al&amp;oacute que si se aprueba su creaci&amp;oacuten, el nuevo Instituto Nacional de Elecciones que propone fundar el Partido Acci&amp;oacuten Nacional (PAN) podr&amp;iacute;a construirse sobre la estructura de oficinas y funcionarios del propio IFE .</content>
        </sentence>
        <sentence id="5">
          <content>En su opini&amp;oacuten, esa medida y la homologaci&amp;oacuten de las leyes electorales del pa&amp;iacute;s permitir&amp;iacute;an simplificar los procesos para registrar votantes, capacitar personal y organizar comicios y, con ello, ahorrar recursos .</content>
        </sentence>
        <sentence id="6">
          <content>Eduardo Huchim, exconsejero del Instituto Electoral del Distrito Federal (IEDF), coincidi&amp;oacute con ese punto de vista .</content>
        </sentence>
        <sentence id="7">
          <content>"Seguramente habr&amp;iacute;a un ahorro, no demasiado grande pero s&amp;iacute; importante, en el gasto que supone el financiamiento de 32 institutos electorales locales, adem&amp;aacute;s del federal", dijo .</content>
        </sentence>
        <sentence id="8">
          <content>En 2013, el IFE y los institutos locales recibir&amp;aacute;n en conjunto 17,750 millones de pesos, un presupuesto que supera en casi 2,000 millones de pesos al asignado a la Procuradur&amp;iacute;a General de la Rep&amp;uacute;blica (PGR), que casi triplicaal de la Secretar&amp;iacute;a de Relaciones Exteriores (SRE) y que es cuatro veces el de la Secretar&amp;iacute;a del Trabajo y Previsi&amp;oacuten Social (STyPS) .</content>
        </sentence>
        <sentence id="9">
          <content>Con ese dinero, los &amp;oacuterganos electorales deben mantener actualizado el listado de electores, fiscalizar las actividades de los partidos, vigilar que no hagan proselitismo fuera de periodos de campa&amp;ntilde;a y convocar a votaciones en a&amp;ntilde;os de elecciones: comprar materiales, capacitar funcionarios de casilla, supervisar la instalaci&amp;oacuten de las urnas y registrar el conteo de los sufragios .</content>
        </sentence>
        <sentence id="10">
          <content>En 2012, &amp;uacute;nicamente el IFE recibi&amp;oacute m&amp;aacute;s de 15,000 millones de pesos para organizar las elecciones presidenciales, de diputados y de senadores .</content>
        </sentence>
        <sentence id="11">
          <content>Al presentar la propuesta del PAN este martes, el dirigente del partido, Gustavo Madero, dijo que la iniciativa ayudar&amp;iacute;a a hacer m&amp;aacute;s eficiente la organizaci&amp;oacuten de los comicios y disminuir "casi a la mitad" el gasto electoral actual .</content>
        </sentence>
        <sentence id="12">
          <content>Desde entonces, el panista ha evitado dar mayores detalles y ha llamado a que se discuta el documento .</content>
        </sentence>
        <sentence id="13">
          <content>Madero tambi&amp;eacute;n se&amp;ntilde;al&amp;oacute que espera que su propuesta obtenga el apoyo de los otros firmantes del Pacto por M&amp;eacute;xico, el gobernante Partido Revolucionario Institucional (PRI) y el Partido de la Revoluci&amp;oacuten Democr&amp;aacute;tica (PRD), de izquierda .</content>
        </sentence>
        <sentence id="14">
          <content>Tanto S&amp;aacute;nchez como Huchim rechazaron estimar en qu&amp;eacute; porcentaje bajar&amp;iacute;a el monto, aunque consideraron que el c&amp;aacute;lculo del dirigente del PAN es "muy optimista" .</content>
        </sentence>
        <sentence id="15">
          <content>El dinero para los partidosPara Huchim, el tama&amp;ntilde;o de la disminuci&amp;oacuten depender&amp;iacute;a de si tambi&amp;eacute;n se reduce el financiamiento p&amp;uacute;blico a los partidos pol&amp;iacute;ticos .</content>
        </sentence>
        <sentence id="16">
          <content>En M&amp;eacute;xico, la mayor parte de los fondos que reciben los partidos proviene del Estado .</content>
        </sentence>
        <sentence id="17">
          <content>Esos recursos son calculados anualmente con base en el aumento del electorado y de la votaci&amp;oacuten de las fuerzas pol&amp;iacute;ticas en elecciones anteriores, y son administrados por el IFE y los institutos locales .</content>
        </sentence>
        <sentence id="18">
          <content>Del presupuesto total que reciben cada a&amp;ntilde;o los &amp;oacuterganos electorales, alrededor del 40% corresponde a los recursos que deben distribuir entre los partidos, en montos que les entregan cada mes .</content>
        </sentence>
        <sentence id="19">
          <content>La creaci&amp;oacuten de una autoridad electoral &amp;uacute;nica es uno de los puntos del Pacto por M&amp;eacute;xico, el acuerdo pol&amp;iacute;tico que firmaron en diciembre el gobierno del priista Enrique Pe&amp;ntilde;a Nieto y los principales partidos con el objetivo de impulsar 95 reformas en el periodo 2012-2018 .</content>
        </sentence>
        <sentence id="20">
          <content>La iniciativa del PAN fue entregada este mi&amp;eacute;rcoles a la Comisi&amp;oacuten Permanente del Congreso, donde se prev&amp;eacute; que empiece a ser analizada en las pr&amp;oacuteximas semanas .</content>
        </sentence>
        <sentence id="21">
          <content>Consejeros del IFE consultados por CNNM&amp;eacute;xico consideraron que el planteamiento es viable, aunque para concretarse requiere un diagn&amp;oacutestico amplio del sistema electoral actual, as&amp;iacute; como un proceso largo para ajustar la Constituci&amp;oacuten, las constituciones de los estados y las leyes federales y locales .</content>
        </sentence>
        <sentence id="22">
          <content>"Es factible t&amp;eacute;cnicamente, s&amp;iacute; .</content>
        </sentence>
        <sentence id="23">
          <content>Conviene en t&amp;eacute;rminos de calidad y transparencia electoral, creo que tambi&amp;eacute;n, porque esto tender&amp;aacute; a homogeneizar pr&amp;aacute;cticas democr&amp;aacute;ticas en todos los estados", dijo S&amp;aacute;nchez .</content>
        </sentence>
        <sentence id="24">
          <content>Adem&amp;aacute;s de crear un solo instituto electoral, la propuesta del PAN plantea convertir a la Fiscal&amp;iacute;a Especializada para la Atenci&amp;oacuten de Delitos Electorales (Fepade) en una instituci&amp;oacuten aut&amp;oacutenoma --en vez de que dependa de la PGR--, crear una ley de partidos pol&amp;iacute;ticos y que todos los juicios sobre comicios sean resueltos por el Tribunal Electoral federal, en lugar de ser turnados a tribunales locales .</content>
        </sentence>
      </sentences>
    </paragraph>
  </article>
</document>
