<?xml version="1.0" encoding="UTF-8"?>
<document id="158" link="http://mexico.cnn.com/nacional/2013/12/20/consejo-de-seguridad-diciembre-de-2013" category="Nacional" author="Mauricio Torres" highlights_mapped="false">
  <title>El aumento de los secuestros alerta al gobierno de Pe&amp;ntilde;a Nieto - Nacional - CNNMexico.com</title>
  <keywords>secuestro, mexico, alza,osorio chong,estrategia, pe&amp;ntilde;a, consejo de seguridad, 2013, gobierno, pe&amp;ntilde;a nieto,</keywords>
  <summaries>
    <highlights>
      <sentence id="1" ids_sentences_article="">El gobierno federal reconoci&amp;oacute que el &amp;iacute;ndice de secuestros va al alza.</sentence>
      <sentence id="2" ids_sentences_article="">El presidente orden&amp;oacute a Gobernaci&amp;oacuten dise&amp;ntilde;ar una estrategia contra ese delito.</sentence>
      <sentence id="3" ids_sentences_article="">El mandatario tambi&amp;eacute;n orden&amp;oacute a gobernadores que aceleren la aplicaci&amp;oacuten de la reforma penal.</sentence>
      <sentence id="4" ids_sentences_article="">Mandos policiales y personal operativo ser&amp;aacute;n sometidos a evaluaciones diferentes, anunci&amp;oacute la Segob.</sentence>
    </highlights>
  </summaries>
  <article>
    <paragraph id="1">
      <sentences>
        <sentence id="1">
          <content>El aumento de los secuestros alerta al gobierno de Pe&amp;ntilde;a Nieto.</content>
        </sentence>
        <sentence id="2">
          <content>El presidente admiti&amp;oacute que la incidencia de ese delito va al alza y orden&amp;oacute a Gobernaci&amp;oacuten dise&amp;ntilde;ar una estrategia para frenarlo.</content>
        </sentence>
        <sentence id="3">
          <content>CIUDAD DE M&amp;Eacute;XICO (CNNM&amp;eacute;xico) -- El aumento en el n&amp;uacute;mero de secuestros en el &amp;uacute;ltimo a&amp;ntilde;o encendi&amp;oacute las alarmas en el gobierno del presidente Enrique Pe&amp;ntilde;a Nieto, quien este viernes orden&amp;oacute a la Secretar&amp;iacute;a de Gobernaci&amp;oacuten (Segob) que a m&amp;aacute;s tardar en enero pr&amp;oacuteximo dise&amp;ntilde;e y d&amp;eacute; a conocer una estrategia para enfrentar este delito .</content>
        </sentence>
        <sentence id="4">
          <content>Durante la 35 reuni&amp;oacuten del Consejo Nacional de Seguridad P&amp;uacute;blica, el mandatario dijo que si bien el &amp;iacute;ndice de homicidios ha bajado en 15% y el de robos en 5% entre diciembre de 2012 y noviembre de este a&amp;ntilde;o, el de secuestros va al alza .</content>
        </sentence>
        <sentence id="5">
          <content>"A&amp;uacute;n hay temas sensibles que no podemos soslayar .</content>
        </sentence>
        <sentence id="6">
          <content>Me refiero al secuestro (&amp;hellip;) que lamentablemente ha tenido una tendencia contraria", se&amp;ntilde;al&amp;oacute el presidente ante funcionarios y gobernadores, sin precisar una cifra .</content>
        </sentence>
        <sentence id="7">
          <content>Entre enero y octubre de este a&amp;ntilde;o, los gobiernos estatales reportaron 1,425 denuncias por secuestro, 347 m&amp;aacute;s que en el mismo periodo de 2012, cuando hubo 1,078, seg&amp;uacute;n datos del Sistema Nacional de Seguridad P&amp;uacute;blica (SNSP) .</content>
        </sentence>
        <sentence id="8">
          <content>Junto con el homicidio, el robo con violencia y la extorsi&amp;oacuten, el secuestro es uno de los delitos de alto impacto social que el gobierno de Pe&amp;ntilde;a Nieto considera prioritario combatir .</content>
        </sentence>
        <sentence id="9">
          <content>En la sesi&amp;oacuten del consejo tambi&amp;eacute;n se acord&amp;oacute que a partir del primer trimestre de 2014, los gobiernos estatales tendr&amp;aacute;n que informar al SNSP el n&amp;uacute;mero de v&amp;iacute;ctimas que registren por homicidio, extorsi&amp;oacuten y secuestro .</content>
        </sentence>
        <sentence id="10">
          <content>Actualmente, las procuradur&amp;iacute;as locales informan al SNSP cada mes del n&amp;uacute;mero de denuncias que reciben por esos delitos, pero no detallan cu&amp;aacute;ntas personas resultaron afectadas .</content>
        </sentence>
        <sentence id="11">
          <content>"La incorporaci&amp;oacuten de estos datos representa una nueva etapa en la generaci&amp;oacuten de informaci&amp;oacuten delictiva", dijo al respecto el titular del SNSP, Monte Alejandro Rubido .</content>
        </sentence>
        <sentence id="12">
          <content>Retraso en la reforma penalEl gobierno federal tambi&amp;eacute;n reconoci&amp;oacute que existe un atraso en la ejecuci&amp;oacuten de la reforma de justicia penal de 2008, que marca que todos los juicios deban ser orales y p&amp;uacute;blicos para junio de 2016 .</content>
        </sentence>
        <sentence id="13">
          <content>Mar&amp;iacute;a de los &amp;Aacute;ngeles Fromow, titular de la Secretar&amp;iacute;a T&amp;eacute;cnica del Consejo de Coordinaci&amp;oacuten para la Implementaci&amp;oacuten del Sistema de Justicia Penal (Setec), inform&amp;oacute que s&amp;oacutelo tres de las 32 entidades del pa&amp;iacute;s llevan a cabo juicios orales en todo su territorio .</content>
        </sentence>
        <sentence id="14">
          <content>En 13 hay un avance "parcial", mientras en 11 s&amp;oacutelo se tiene prevista una fecha para comenzar a aplicar la reforma y cinco apenas est&amp;aacute;n en la etapa de planeaci&amp;oacuten .</content>
        </sentence>
        <sentence id="15">
          <content>"Por el tiempo que falta, la reforma deber&amp;iacute;a tener un avance mayor", dijo Fromow .</content>
        </sentence>
        <sentence id="16">
          <content>Al respecto, Pe&amp;ntilde;a Nieto afirm&amp;oacute que el gobierno federal apoya a los estados, pero exige que a cambio asuman su responsabilidad para cumplir con la "fecha fatal" .</content>
        </sentence>
        <sentence id="17">
          <content>"Quiero convocar a todos los gobernadores y al jefe de gobierno del Distrito Federal para que asuman en este objetivo un compromiso real y que ser&amp;aacute; medible .</content>
        </sentence>
        <sentence id="18">
          <content>(&amp;hellip;) Estamos en ruta y estamos en tiempo para cumplir con este objetivo", dijo .</content>
        </sentence>
        <sentence id="19">
          <content>Nueva evaluaci&amp;oacuten policialAl principio de la reuni&amp;oacuten del consejo, el secretario de Gobernaci&amp;oacuten, Miguel &amp;Aacute;ngel Osorio Chong, inform&amp;oacute que se acord&amp;oacute que los mandos policiales y el personal operativo de las instituciones de seguridad p&amp;uacute;blica sean sometidos a evaluaciones diferenciadas .</content>
        </sentence>
        <sentence id="20">
          <content>El "nuevo modelo de control de confianza" es una respuesta a las cr&amp;iacute;ticas que ha recibido el esquema actual, que contempla las mismas pruebas para todos los agentes .</content>
        </sentence>
        <sentence id="21">
          <content>Las nuevas evaluaciones ser&amp;aacute;n dise&amp;ntilde;adas durante los primeros meses de 2014, con la participaci&amp;oacuten de funcionarios federales y locales, as&amp;iacute; como de legisladores, dijo Osorio Chong .</content>
        </sentence>
        <sentence id="22">
          <content>Rubido adelant&amp;oacute que se prev&amp;eacute; que los mandos policiales sean sometidos tanto a pruebas de confianza como a la revisi&amp;oacuten de su entorno socioec&amp;oacutenomico .</content>
        </sentence>
        <sentence id="23">
          <content>El personal operativo y administrativo ser&amp;iacute;a evaluado con otros mecanismos, salvo aquellos funcionarios que trabajen en &amp;aacute;reas "sensibles" .</content>
        </sentence>
        <sentence id="24">
          <content>Las evaluaciones actuales se aplican desde principios de 2009 y deb&amp;iacute;an haber concluido a principios de 2013 .</content>
        </sentence>
        <sentence id="25">
          <content>Sin embargo, el retraso en la certificaci&amp;oacuten llev&amp;oacute al Congreso a aprobar una pr&amp;oacuterroga que venc&amp;iacute;a en octubre pasado .</content>
        </sentence>
        <sentence id="26">
          <content>El objetivo tampoco se cumpli&amp;oacute en el nuevo plazo, por lo que los legisladores aprobaron una segunda pr&amp;oacuterroga de un a&amp;ntilde;o y acordaron con el gobierno federal y los legisladores que se trabajar&amp;aacute; en un nuevo modelo de evaluaci&amp;oacuten .</content>
        </sentence>
      </sentences>
    </paragraph>
  </article>
</document>
