<?xml version="1.0" encoding="UTF-8"?>
<document id="220" link="http://mexico.cnn.com/nacional/2013/04/25/autoridades-encuentran-el-cuerpo-de-un-fotoperiodista-en-coahuila" category="Nacional" highlights_mapped="false">
  <title>Autoridades encuentran el cuerpo de un fotoperiodista en Coahuila - Periodistas en peligro - Nacional - CNNMexico.com</title>
  <keywords>mexico, violencia contra periodistas y medios de comunicaci&amp;oacute;n, agreciones contra periodistas, articulo 19, asesinato regina mar&amp;iacute;nez, amenazas</keywords>
  <summaries>
    <highlights>
      <sentence id="1" ids_sentences_article="">Daniel Alejandro Mart&amp;iacute;nez Bazald&amp;uacute;a trabajaba como fot&amp;oacutegrafo en el diario 'Vanguardia' de Saltillo.</sentence>
      <sentence id="2" ids_sentences_article="">Desapareci&amp;oacute el martes 23 despu&amp;eacute;s de salir de la redacci&amp;oacuten.</sentence>
      <sentence id="3" ids_sentences_article="">Junto a su cuerpo fue hallado el del estudiante de ingenier&amp;iacute;a Juli&amp;aacute;n Alejandro Zamora Gracia.</sentence>
    </highlights>
  </summaries>
  <article>
    <paragraph id="1">
      <sentences>
        <sentence id="1">
          <content>Autoridades encuentran el cuerpo de un fotoperiodista en Coahuila.</content>
        </sentence>
        <sentence id="2">
          <content>Daniel Alejandro Mart&amp;iacute;nez Bazald&amp;uacute;a, de 22 a&amp;ntilde;os, desapareci&amp;oacute el 23 de abril tras dejar la redacci&amp;oacuten del diario 'Vanguardia'.</content>
        </sentence>
        <sentence id="3">
          <content>(CNNM&amp;eacute;xico) -- El cuerpo del fotoperiodista Daniel Alejandro Mart&amp;iacute;nez Bazald&amp;uacute;a, de 22 a&amp;ntilde;os, quien trabajaba para el peri&amp;oacutedico Vanguardia de Saltillo fue encontrado este mi&amp;eacute;rcoles, inform&amp;oacute la Procuradur&amp;iacute;a General de Justicia del Estado (PGJE) de Coahuila .</content>
        </sentence>
        <sentence id="4">
          <content>Tambi&amp;eacute;n fue localizado el de Juli&amp;aacute;n Alejandro Zamora Gracia, de 23 a&amp;ntilde;os, estudiante de ingenier&amp;iacute;a pl&amp;aacute;stica en la Universidad Aut&amp;oacutenoma del Noreste (UANE), seg&amp;uacute;n un reporte de Notimex .</content>
        </sentence>
        <sentence id="5">
          <content>Los cad&amp;aacute;veres fueron hallados en la colonia Miravalle de Saltillo en los primeros minutos del mi&amp;eacute;rcoles, seg&amp;uacute;n la Procuradur&amp;iacute;a, las v&amp;iacute;ctimas perdieron el contacto son sus familiares desde el martes pasado, detall&amp;oacute la PGJE .</content>
        </sentence>
        <sentence id="6">
          <content>Seg&amp;uacute;n un reporte del diario Vanguardia, Mart&amp;iacute;nez Bazald&amp;uacute;a fue en la redacci&amp;oacuten cerca de las 15:00 del martes para recoger las &amp;oacuterdenes de trabajo que deber&amp;iacute;a cubrir esa tarde y a las que no lleg&amp;oacute .</content>
        </sentence>
        <sentence id="7">
          <content>El mi&amp;eacute;rcoles por la ma&amp;ntilde;ana personal del peri&amp;oacutedico trat&amp;oacute de localizarlo comunic&amp;aacute;ndose con familiares y amigos .</content>
        </sentence>
        <sentence id="8">
          <content>Mart&amp;iacute;nez Bazald&amp;uacute;a se hab&amp;iacute;a incorporado aVanguardia como fot&amp;oacutegrafo del &amp;aacute;rea de Sociales, un mes antes de su fallecimiento, seg&amp;uacute;nel diario coahuilense .</content>
        </sentence>
        <sentence id="9">
          <content>"Como en todos los asesinatos, Vanguardiaexige a las autoridades militares, federales, estatales y municipales, una investigaci&amp;oacuten a fondo", indic&amp;oacute el diario .</content>
        </sentence>
        <sentence id="10">
          <content>"De la misma, se deber&amp;aacute; desprender si estos cr&amp;iacute;menes est&amp;aacute;n vinculados con el ejercicio period&amp;iacute;stico" .</content>
        </sentence>
        <sentence id="11">
          <content>Desde diciembre de 2012, cuando tomo posesi&amp;oacuten el presidente Enrique Pe&amp;ntilde;a Nieto, se han registrado36 agresiones contra periodistas o medios de comunicaci&amp;oacuten,seg&amp;uacute;n la organizaci&amp;oacuten Freedom House .</content>
        </sentence>
        <sentence id="12">
          <content>A principios de marzo fue asesinado Guadalupe Gonz&amp;aacute;lez Dom&amp;iacute;nguez, director de un sitio de noticias con sede en Ojinaga, Chihuahua .</content>
        </sentence>
        <sentence id="13">
          <content>El medio ces&amp;oacute sus actividades tras el crimen .</content>
        </sentence>
        <sentence id="14">
          <content>La organizaci&amp;oacuten Art&amp;iacute;culo 19 ha recibido amenazas en las &amp;uacute;ltimas semanas y cuatro instalaciones de medios han sido atacadas en el norte y occidente del pa&amp;iacute;s .</content>
        </sentence>
        <sentence id="15">
          <content>Organizaciones mexicanas de periodistas y de derechos humanos se manifestar&amp;aacute;n en demanda de seguridadel pr&amp;oacuteximo domingo 28,d&amp;iacute;a en que se cumple un a&amp;ntilde;o del asesinato de la reportera Regina Mart&amp;iacute;nez, corresponsal de la revista Proceso en el estado de Veracruz .</content>
        </sentence>
      </sentences>
    </paragraph>
  </article>
</document>
