<?xml version="1.0" encoding="UTF-8"?>
<document id="303" link="http://mexico.cnn.com/nacional/2014/03/06/autoridades-de-michoacan-detienen-a-persona-que-dice-ser-hijo-de-la-tuta" category="Nacional" highlights_mapped="false">
  <title>Autoridades de Michoac&amp;aacute;n detienen a persona que dice ser hijo de 'la Tuta' - Nacional - CNNMexico.com</title>
  <keywords>nacional, michoacan, secretaria de seguridad publica, servando gomez la tuta, los caballeros templarios</keywords>
  <summaries>
    <highlights>
      <sentence id="1" ids_sentences_article="">La Secretar&amp;iacute;a de Seguridad P&amp;uacute;blica de Michoac&amp;aacute;n inform&amp;oacute que detuvieron este mi&amp;eacute;rcoles a un hombre que dijo ser hijo de 'la Tuta'.</sentence>
      <sentence id="2" ids_sentences_article="">'La Tuta' es uno de los l&amp;iacute;deres de 'Los Caballeros Templarios', grupo del crimen organizado que opera en Michoac&amp;aacute;n.</sentence>
    </highlights>
  </summaries>
  <article>
    <paragraph id="1">
      <sentences>
        <sentence id="1">
          <content>Autoridades de Michoac&amp;aacute;n detienen a persona que dice ser hijo de 'la Tuta'.</content>
        </sentence>
        <sentence id="2">
          <content>La Secretar&amp;iacute;a de Seguridad P&amp;uacute;blica michoacana inform&amp;oacute en Twitter que fue aprehendido Luis Alfredo Aguilera Esquivel.</content>
        </sentence>
        <sentence id="3">
          <content>(CNNM&amp;eacute;xico) -- La Secretar&amp;iacute;a de Seguridad P&amp;uacute;blica de Michoac&amp;aacute;n inform&amp;oacute en su cuenta de Twitter que este mi&amp;eacute;rcoles detuvo a Luis Alfredo Aguilera Esquivel, quien se identific&amp;oacute como hijo de Servando G&amp;oacutemez Mart&amp;iacute;nez,laTuta .</content>
        </sentence>
        <sentence id="4">
          <content>En su cuenta de Twitter, la dependencia estatal dio a conocer el hecho .</content>
        </sentence>
        <sentence id="5">
          <content>Luis Alfredo se identific&amp;oacute como hijo de Servando G&amp;oacutemez Mart&amp;iacute;nez-- SSP MICHOAC&amp;Aacute;N (@MICHOACANSSP) marzo 6, 2014Junto a Aguilera Esquivel tambi&amp;eacute;n se detuvo a Christian Salinas Ruiz, seg&amp;uacute;n los reportes de la SSP estatal, que inform&amp;oacute que la detenci&amp;oacuten se realiz&amp;oacute en coordinaci&amp;oacuten con la Procuradur&amp;iacute;a General de Justicia de Michoac&amp;aacute;n .</content>
        </sentence>
        <sentence id="6">
          <content>Este jueves a las 09:00 horas se ofrecer&amp;aacute; una conferencia de prensa en la que se dar&amp;aacute; a conocer m&amp;aacute;s detalles del hecho, seg&amp;uacute;n la dependencia .</content>
        </sentence>
        <sentence id="7">
          <content>CNNM&amp;eacute;xico busc&amp;oacute a funcionarios de las dependencias, pero no obtuvo respuesta de la informaci&amp;oacuten dada a conocer en las redes sociales .</content>
        </sentence>
        <sentence id="8">
          <content>Servando G&amp;oacutemez Mart&amp;iacute;nez, la Tuta, es considerado uno de los l&amp;iacute;deres de Los Caballeros Templarios, una organizaci&amp;oacuten que opera principalmente en Michoac&amp;aacute;n, de donde es originario .</content>
        </sentence>
        <sentence id="9">
          <content>Desde el pasado 13 de enero, el gobierno federal implementa un operativo en Michoac&amp;aacute;n que incluye el despliegue de fuerzas en la regi&amp;oacuten y 45,500 millones de pesos para diversos programas, tras la violencia generada por enfrentamientos entre grupos criminales y grupos ciudadanos armados que se organizaron para defenderse .</content>
        </sentence>
        <sentence id="10">
          <content>Este plan ha conseguido la detenci&amp;oacuten de 532 presuntos delincuentes, de los cuales 227 "est&amp;aacute;n relacionados con il&amp;iacute;citos del fuero federal", de acuerdo con un comunicado de la Secretar&amp;iacute;a de Gobernaci&amp;oacuten emitido el pasado 16 de febrero .</content>
        </sentence>
        <sentence id="11">
          <content>El principal grupo de la delincuencia organizada en Michoac&amp;aacute;n es el de Los Caballeros Templarios, contra el que los civiles de las autodefensas se levantaron en armas hace casi un a&amp;ntilde;o en la regi&amp;oacuten de Tierra Caliente del estado .</content>
        </sentence>
      </sentences>
    </paragraph>
  </article>
</document>
