<?xml version="1.0" encoding="UTF-8"?>
<document id="338" link="http://mexico.cnn.com/nacional/2014/02/20/el-campo-concentra-56-de-los-desvios-de-recursos-detectados-por-la-asf" category="Nacional" highlights_mapped="false">
  <title>El campo concentra 56% de los desv&amp;iacute;os de recursos detectados por la ASF - Nacional - CNNMexico.com</title>
  <keywords>asf, informe, auditoria, desvios, recursos, campo, agricola, denuncias</keywords>
  <summaries>
    <highlights>
      <sentence id="1" ids_sentences_article="">Tras revisar la Cuenta P&amp;uacute;blica de 2012, la Auditor&amp;iacute;a present&amp;oacute 147 denuncias a la PGR.</sentence>
      <sentence id="2" ids_sentences_article="">De esos posibles delitos, 83 est&amp;aacute;n relacionados con dependencias del sector agr&amp;iacute;cola.</sentence>
      <sentence id="3" ids_sentences_article="">Sagarpa, Sedatu, Financiera Rural y otras dos instituciones federales est&amp;aacute;n involucradas.</sentence>
    </highlights>
  </summaries>
  <article>
    <paragraph id="1">
      <sentences>
        <sentence id="1">
          <content>El campo concentra 56% de los desv&amp;iacute;os de recursos detectados por la ASF.</content>
        </sentence>
        <sentence id="2">
          <content>Tras revisar el gasto de 2012, la Auditor&amp;iacute;a Superior de la Federaci&amp;oacuten hall&amp;oacute posibles delitos en cinco dependencias del sector agr&amp;iacute;cola.</content>
        </sentence>
        <sentence id="3">
          <content>CIUDAD DE M&amp;Eacute;XICO (CNNM&amp;eacute;xico) -- Las dependencias federales del sector agr&amp;iacute;cola son un terreno f&amp;eacute;rtil para el desv&amp;iacute;o de recursos, seg&amp;uacute;n el informe sobre la Cuenta P&amp;uacute;blica de 2012 que la Auditor&amp;iacute;a Superior de la Federaci&amp;oacuten (ASF) dio a conocer este jueves .</content>
        </sentence>
        <sentence id="4">
          <content>Despu&amp;eacute;s de revisar los gastos del &amp;uacute;ltimo a&amp;ntilde;o de la presidencia del panista Felipe Calder&amp;oacuten (2006-2012), la ASF encontr&amp;oacute elementos suficientes para considerar que se cometieron presuntos desv&amp;iacute;os en cinco instituciones, las cuales concentran el 56% de las 147 denuncias que la ASF present&amp;oacute ante la Procuradur&amp;iacute;a General de la Rep&amp;uacute;blica (PGR) .</content>
        </sentence>
        <sentence id="5">
          <content>"Cuando presentamos denuncias de hechos es porque tenemos la presunci&amp;oacuten de un delito, no por errores de registro contable", dijo este jueves a medios el auditor Juan Manuel Portal .</content>
        </sentence>
        <sentence id="6">
          <content>Las cinco dependencias involucradas son las secretar&amp;iacute;as de Agricultura, Ganader&amp;iacute;a, Desarrollo Rural, Pesca y Alimentaci&amp;oacuten (Sagarpa) y de Desarrollo Agrario, Territorial y Urbano (Sedatu) --antes llamada de la Reforma Agraria (SRA)--, as&amp;iacute; como Financiera Rural, el Fideicomiso de Riesgo Compartido (Firco) y el Servicio Nacional de Sanidad, Inocuidad y Calidad Agroalimentaria .</content>
        </sentence>
        <sentence id="7">
          <content>En total, los desv&amp;iacute;os presuntamente realizados en esas instituciones ascienden a unos 74 millones de pesos .</content>
        </sentence>
        <sentence id="8">
          <content>CNNM&amp;eacute;xico busc&amp;oacute a las autoridades de Sagarpa, Sedatu y Financiera Rural sobre las denuncias hechas por la ASF pero no se obtuvo respuesta .</content>
        </sentence>
        <sentence id="9">
          <content>De todas ellas, la Sagarpa concentra el mayor n&amp;uacute;mero de denuncias, con 44, lo que representar&amp;iacute;a 34 millones de pesos .</content>
        </sentence>
        <sentence id="10">
          <content>Seg&amp;uacute;n el informe de la ASF, la instituci&amp;oacuten incurri&amp;oacute en irregularidades como entregar apoyos econ&amp;oacutemicos a empresas que no utilizaron el dinero para lo que deb&amp;iacute;an hacerlo, por ejemplo, ampliar sus sistemas de riego .</content>
        </sentence>
        <sentence id="11">
          <content>Desde 2009 hasta el final del mandato de Calder&amp;oacuten, la Sagarpa fue encabezada por Francisco Mayorga, economista y empresario que ya hab&amp;iacute;a ocupado el cargo durante el &amp;uacute;ltimo a&amp;ntilde;o de gobierno del tambi&amp;eacute;n panista Vicente Fox (2000-2006) .</content>
        </sentence>
        <sentence id="12">
          <content>La segunda dependencia con m&amp;aacute;s denuncias es la Sedatu --entonces, SRA-- con 25 .</content>
        </sentence>
        <sentence id="13">
          <content>En su caso, la ASF detect&amp;oacute que funcionarios incurrieron en faltas como recibir facturas ap&amp;oacutecrifas de beneficiarios de programas gubernamentales .</content>
        </sentence>
        <sentence id="14">
          <content>Durante todo el mandato de Calder&amp;oacuten, la dependencia fue dirigida por Abelardo Escobar, un pol&amp;iacute;tico panista originario del estado de Chihuahua .</content>
        </sentence>
        <sentence id="15">
          <content>Con siete denuncias, el tercer lugar lo ocupa el Fideicomiso de Riesgo Compartido, creado para fomentar agronegocios, mientras en el cuarto est&amp;aacute; Financiera Rural con seis denuncias, y en el quinto, con una, el Servicio Nacional de Sanidad, Inocuidad y Calidad Agroalimentaria .</content>
        </sentence>
        <sentence id="16">
          <content>En su informe, la ASF se&amp;ntilde;ala irregularidades como que beneficiarios del Firco le negaron el acceso a las instalaciones de sus empresas para verificar el uso de apoyos econ&amp;oacutemicos, o que solicitantes simularon cumplir los requisitos del programa para obtener recursos .</content>
        </sentence>
        <sentence id="17">
          <content>Al respecto, el auditor dijo este jueves que las 147 denuncias presentadas implican un monto de alrededor de 4,300 millones de pesos .</content>
        </sentence>
        <sentence id="18">
          <content>Tras la presentaci&amp;oacuten del informe de la ASF, todas las dependencias fiscalizadas tienen un plazo de 30 d&amp;iacute;as para aclarar las observaciones de la revisi&amp;oacuten .</content>
        </sentence>
        <sentence id="19">
          <content>La agricultura es una actividad de la que viven 24 millones de mexicanos, es decir, casi la cuarta parte de la poblaci&amp;oacuten nacional, seg&amp;uacute;n laOrganizaci&amp;oacutende las Naciones Unidas para la Agricultura y la Alimentaci&amp;oacuten (FAO) .</content>
        </sentence>
        <sentence id="20">
          <content>Este organismo se&amp;ntilde;ala que 12 .</content>
        </sentence>
        <sentence id="21">
          <content>2 millones de habitantes de zonas rurales viven en pobreza alimentaria .</content>
        </sentence>
        <sentence id="22">
          <content>Seg&amp;uacute;n datos de la FAO, m&amp;aacute;s del 80% de los productores agropecuarios en M&amp;eacute;xico recibe menos de 10% de los apoyos gubernamentales, mientras que los grandes empresarios del sector reciben el 80% de esos apoyos .</content>
        </sentence>
        <sentence id="23">
          <content>5% de los trabajadores del campo ganan de cero a dos salarios m&amp;iacute;nimos, seg&amp;uacute;n el Centro de Estudios de las Finanzas P&amp;uacute;blicas (CEFP) de la C&amp;aacute;mara de Diputados .</content>
        </sentence>
        <sentence id="24">
          <content>A finales de 2011, el 33 .</content>
        </sentence>
        <sentence id="25">
          <content>2% no recib&amp;iacute;a ingresos por su trabajo, 25 .</content>
        </sentence>
        <sentence id="26">
          <content>4% percib&amp;iacute;a hasta un salario m&amp;iacute;nimo y 21 .</content>
        </sentence>
        <sentence id="27">
          <content>9% ganaba entre uno y dos salarios m&amp;iacute;nimos, se&amp;ntilde;ala el CEPF .</content>
        </sentence>
      </sentences>
    </paragraph>
  </article>
</document>
