<?xml version="1.0" encoding="UTF-8"?>
<document id="868" link="http://mexico.cnn.com/nacional/2011/03/23/el-magnicidio-que-cimbro-a-mexico-en-1994" category="Nacional" author="Luis Brito" highlights_mapped="false">
  <title>El magnicidio que cimbr&amp;oacute; a M&amp;eacute;xico en 1994 - Nacional - CNNMexico.com</title>
  <keywords>colosio, asesinato, aburto, salinas</keywords>
  <summaries>
    <highlights>
      <sentence id="1" ids_sentences_article="">El asesinato de Colosio cumple 20 a&amp;ntilde;os este domingo.</sentence>
      <sentence id="2" ids_sentences_article="">El contexto en que ocurri&amp;oacute; el crimen levant&amp;oacute; dudas sobre sus motivos.</sentence>
    </highlights>
  </summaries>
  <article>
    <paragraph id="1">
      <sentences>
        <sentence id="1">
          <content>Las teor&amp;iacute;as sobre la muerte de Colosio.</content>
        </sentence>
        <sentence id="2">
          <content>El asesinato del candidato presidencial del PRI en 1994 ha sido objeto de teor&amp;iacute;as de todo tipo a lo largo de 20 a&amp;ntilde;os.</content>
        </sentence>
        <sentence id="3">
          <content>Nota del editor: Este texto se public&amp;oacute; por primera vez el 23 de marzo de 2011 .</content>
        </sentence>
        <sentence id="4">
          <content>Algunos datos fueron actualizados con motivo del 20 aniversario del asesinato de Luis Donaldo Colosio .</content>
        </sentence>
        <sentence id="5">
          <content>(CNNM&amp;eacute;xico) --El asesinato de Luis Donaldo Colosio, el &amp;uacute;ltimo magnicidio que ha cimbrado a M&amp;eacute;xico en la historia reciente, cumple este domingo 20 de a&amp;ntilde;os de haber sido perpetrado por un hombre que contin&amp;uacute;a preso .</content>
        </sentence>
        <sentence id="6">
          <content>La tarde del 23 de marzo de 1994, el candidato del Partido Revolucionario Institucional (PRI) a la Presidencia de la Rep&amp;uacute;blica fue asesinado de dos disparos en la colonia Lomas Taurinas, en Tijuana, Baja California, tras finalizar un acto de campa&amp;ntilde;a .</content>
        </sentence>
        <sentence id="7">
          <content>Mario Aburto, el homicida, era entonces un hombre de 24 a&amp;ntilde;os que fue atrapado instantes despu&amp;eacute;s de que dispar&amp;oacute; su rev&amp;oacute;lver mientras Colosiocaminaba entre los asistentes .</content>
        </sentence>
        <sentence id="8">
          <content>Exdiputado, exsenador, exl&amp;iacute;der del PRI y exsecretario de Estado en el gobierno del entonces presidente Carlos Salinas, el candidato ten&amp;iacute;a dos meses y 13 d&amp;iacute;as de haber iniciado su campa&amp;ntilde;a .</content>
        </sentence>
        <sentence id="9">
          <content>Pugnas pol&amp;iacute;ticas, el levantamiento del Ej&amp;eacute;rcito Zapatista de Liberaci&amp;oacute;n Nacional (EZLN) en Chiapas, narcotr&amp;aacute;fico y una idea generalizada entre la poblaci&amp;oacute;n sobre un complot para acabar con la vida de Colosio fueron ingredientes que aportaron un c&amp;uacute;mulo de confusiones y dudas a las pesquisas oficiales .</content>
        </sentence>
        <sentence id="10">
          <content>La investigaci&amp;oacute;n del magnicidio se prolong&amp;oacute; por m&amp;aacute;s de seis a&amp;ntilde;os .</content>
        </sentence>
      </sentences>
    </paragraph>
  </article>
</document>
