<?xml version="1.0" encoding="UTF-8"?>
<document id="700" link="http://mexico.cnn.com/nacional/2014/01/26/los-estados-toman-medidas-ante-los-casos-de-influenza-a-h1n1" category="Nacional" highlights_mapped="false">
  <title>Los estados toman medidas ante los casos de influenza A H1N1 - Nacional - CNNMexico.com</title>
  <keywords>influenza ah1n1, temporada invernal, virus estacional, contagios, vacunas, enfermedades, salud, suspension de clases, no hay clases, hidalgo, campeche, jalisco, nuevo leon, san luis potosi, gripe, distrito federal, ciudad de mexico, campa&amp;ntilde;a de vacunacion</keywords>
  <summaries>
    <highlights>
      <sentence id="1" ids_sentences_article="">Planteles de educaci&amp;oacuten b&amp;aacute;sica en Hidalgo suspendieron clases ante la influenza.</sentence>
      <sentence id="2" ids_sentences_article="">El estado registr&amp;oacute 92 casos de esta enfermedad y 12 fallecimientos en lo que va de 2014.</sentence>
      <sentence id="3" ids_sentences_article="">En la Ciudad de M&amp;eacute;xico y Campeche fueron reforzadas las campa&amp;ntilde;as de vacunaci&amp;oacuten.</sentence>
    </highlights>
  </summaries>
  <article>
    <paragraph id="1">
      <sentences>
        <sentence id="1">
          <content>Los estados toman medidas ante los casos de influenza A H1N1.</content>
        </sentence>
        <sentence id="2">
          <content>Escuelas de Hidalgo suspendieron clases de forma preventiva mientras aumentan casos del virus en estados como Jalisco y San Luis Potos&amp;iacute;.</content>
        </sentence>
        <sentence id="3">
          <content>(CNNM&amp;eacute;xico) -- El aumento en el n&amp;uacute;mero de casos de influenza en M&amp;eacute;xico ha llevado a autoridades estatales a suspender clases, reforzar las campa&amp;ntilde;as de vacunaci&amp;oacuten e implementar otras medidas preventivas a casi la mitad de la temporada invernal .</content>
        </sentence>
        <sentence id="4">
          <content>Al menos 380 escuelas de nivel b&amp;aacute;sico en Hidalgo, ubicado en el centro de M&amp;eacute;xico, cancelaron sus actividades como estrategia preventiva ante los brotes de influenza, seg&amp;uacute;n el reporte de medios nacionales que citan a la secretaria de Educaci&amp;oacuten, M&amp;oacutenica N&amp;uacute;&amp;ntilde;ez .</content>
        </sentence>
        <sentence id="5">
          <content>Entre el 1 y el 24 de enero 92 casos de influenza (86 de ellos del tipo AH1N1) y 12 fallecimientos, inform&amp;oacute la Secretar&amp;iacute;a de Salud del estado en un comunicado .</content>
        </sentence>
        <sentence id="6">
          <content>Seg&amp;uacute;n la dependencia, la suspensi&amp;oacuten de clases obedece a una decisi&amp;oacuten de la Secretar&amp;iacute;a de Educaci&amp;oacuten pues no se han indicado "medidas de aislamiento social" .</content>
        </sentence>
        <sentence id="7">
          <content>El gobierno de la Ciudad de M&amp;eacute;xico lleva a cabo una campa&amp;ntilde;a de vacunaci&amp;oacuten en el Metro, el Metrob&amp;uacute;s y el Aeropuerto .</content>
        </sentence>
        <sentence id="8">
          <content>En Jalisco, en tanto, la Secretar&amp;iacute;a de Salud local exhort&amp;oacute a la poblaci&amp;oacuten mantener "filtros familiares" .</content>
        </sentence>
        <sentence id="9">
          <content>"Cuando un familiar se enferma, sobre todo los ni&amp;ntilde;os que est&amp;eacute;n enfermos, hay que dejarlos en sus casas, evitar que vaya a la escuela, atenderlos de manera pronta y oportuna", dijo eldirector general de Salud P&amp;uacute;blica de la Secretar&amp;iacute;a,Jorge Blackaller Ayala, seg&amp;uacute;n un reporte de la agencia estatal Notimex .</content>
        </sentence>
        <sentence id="10">
          <content>En ese estado, ubicado en el occidente del pa&amp;iacute;s, se han registrado 219 casos y 13 fallecimientos en lo que va del a&amp;ntilde;o, seg&amp;uacute;n Blackaller .</content>
        </sentence>
        <sentence id="11">
          <content>Del total de muertes, 12 ocurrieron por A H1N1 y una se debi&amp;oacute un virus de influenza A no especificado .</content>
        </sentence>
        <sentence id="12">
          <content>Los municipios que registraron los casos son Guadalajara, Lagos de Moreno, Tonal&amp;aacute;, Ayotl&amp;aacute;n, La Huerta, Ojuelos, San Juan de los Lagos y Zapopan .</content>
        </sentence>
        <sentence id="13">
          <content>#Dato&amp;Uacute;til Conoce los s&amp;iacute;ntomas de la #Influenza AH1N1 para diferenciarlos de una gripe com&amp;uacute;n pic .</content>
        </sentence>
        <sentence id="14">
          <content>com/WHwTo8bGIh v&amp;iacute;a @S_SaludDF-- Sr&amp;iacute;a .</content>
        </sentence>
        <sentence id="15">
          <content>Educaci&amp;oacuten DF (@educacionGDF) enero 25, 2014En tanto, Campeche reforzar&amp;aacute; su campa&amp;ntilde;a de vacunaci&amp;oacuten luego de la detecci&amp;oacuten de 13 casos sospechosos de influenza .</content>
        </sentence>
        <sentence id="16">
          <content>El estado ha aplicado ya unas 70,000 vacunas de una remesa de 96,000, indic&amp;oacute el titular de la Secretar&amp;iacute;a de Salud estatal, Alfonso Cobos, seg&amp;uacute;n Notimex .</content>
        </sentence>
        <sentence id="17">
          <content>"Nuestra prioridad son los grupos de riesgo como las ni&amp;ntilde;as y ni&amp;ntilde;os de entre seis meses y 5 a&amp;ntilde;os de edad, las personas mayores de 60 a&amp;ntilde;os y las mujeres embarazadas, en cualquier trimestre de su gestaci&amp;oacuten", dijo Cobos .</content>
        </sentence>
        <sentence id="18">
          <content>San Luis Potos&amp;iacute; registra el mayor n&amp;uacute;mero de contagios, con 250, seguido por Jalisco; Nuevo Le&amp;oacuten, con 109; el Distrito Federal, con 104, y el Estado de M&amp;eacute;xico, con 91, inform&amp;oacute la Secretar&amp;iacute;a de Salud estatal .</content>
        </sentence>
        <sentence id="19">
          <content>Al menos 10 muertes se han registrado en San Luis Potos&amp;iacute; a causa de este virus, cinco m&amp;aacute;s que la semana pasada, seg&amp;uacute;n el reporte de la dependencia citado por Notimex .</content>
        </sentence>
        <sentence id="20">
          <content>Piden apoyos para personas vulnerablesEl diputado Silvano Aureoles, presidente de la Junta de Coordinaci&amp;oacuten Pol&amp;iacute;tica de la C&amp;aacute;mara baja, exhort&amp;oacute a las autoridades de salud a redoblar los esfuerzos ante el aumento de casos de influenza, con &amp;eacute;nfasis en las zonas con menores recursos .</content>
        </sentence>
        <sentence id="21">
          <content>Aureoles indic&amp;oacute que la ola de fr&amp;iacute;o que registra el pa&amp;iacute;s afecta de forma m&amp;aacute;s severa en cuanto a enfermedades respiratorias a personas que viven en zonas de alto riesgo, pobreza y marginaci&amp;oacuten .</content>
        </sentence>
        <sentence id="22">
          <content>"Hasta hoy hemos escuchado casos de contagios en las principales ciudades o poblados, sin embargo, existe la preocupaci&amp;oacuten de que haya zonas del pa&amp;iacute;s de las que no se tenga noticia y que en este momento est&amp;eacute;n brotando casos de influenza, y lo peor aun es que haya muertes por falta de atenci&amp;oacuten oportuna", dijo .</content>
        </sentence>
        <sentence id="23">
          <content>Seg&amp;uacute;n el Servicio Meteorol&amp;oacutegico Nacional, el frente fr&amp;iacute;o n&amp;uacute;mero 30 empezar&amp;aacute; a debilitarse este domingo, por lo que subir&amp;aacute;n las temperaturas .</content>
        </sentence>
        <sentence id="24">
          <content>Sin embargo, a partir del 27 de enero y hasta el 29, el frente fr&amp;iacute;o 31 cruzar&amp;aacute; el pa&amp;iacute;s desde Chihuahua hasta Tamaulipas .</content>
        </sentence>
        <sentence id="25">
          <content>Nuevo Frente Fr&amp;iacute;o 31 cruzara el territorio nacional del 27 al 29 de enero pic .</content>
        </sentence>
        <sentence id="26">
          <content>com/zhVCU9GUR0-- CONAGUA Clima (@conagua_clima) enero 26, 2014.</content>
        </sentence>
      </sentences>
    </paragraph>
  </article>
</document>
