<?xml version="1.0" encoding="UTF-8"?>
<document id="467" link="http://mexico.cnn.com/nacional/2014/03/18/el-chayo-obligaba-supuestamente-a-comer-organos-humanos-castillo" category="Nacional" highlights_mapped="false">
  <title>'El Chayo' obligaba supuestamente a comer &amp;oacuterganos humanos: Castillo - Nacional - CNNMexico.com</title>
  <keywords>Nazario, Moreno, organos, humanos, corazon, Caballeros Templarios, Manuel Plancarte,</keywords>
  <summaries>
    <highlights>
      <sentence id="1" ids_sentences_article="">Manuel Plancarte, miembro de 'Los Caballeros Templarios', admiti&amp;oacute extraer &amp;oacuterganos a ni&amp;ntilde;os.</sentence>
      <sentence id="2" ids_sentences_article="">Alfredo Castillo dijo que Nazario Moreno daba de comer &amp;oacuterganos a colaboradores como rito de iniciaci&amp;oacuten.</sentence>
    </highlights>
  </summaries>
  <article>
    <paragraph id="1">
      <sentences>
        <sentence id="1">
          <content>'El Chayo' obligaba supuestamente a comer &amp;oacuterganos humanos: Castillo.</content>
        </sentence>
        <sentence id="2">
          <content>El comisionado dijo que existen testimonios que relatan que Nazario Moreno 'serv&amp;iacute;a' corazones humanos como rito de iniciaci&amp;oacuten.</content>
        </sentence>
        <sentence id="3">
          <content>(CNNM&amp;eacute;xico) -- El comisionado por la seguridad en Michoac&amp;aacute;n, Alfredo Castillo, dijo que existen declaraciones de personas detenidas que se&amp;ntilde;alan que Nazario Moreno, El Chayo, presunto fundador del c&amp;aacute;rtel de Los Caballeros Templarios,hac&amp;iacute;a que sus colaboradores comieran &amp;oacuterganos humanos .</content>
        </sentence>
        <sentence id="4">
          <content>"Como un proceso de iniciaci&amp;oacuten --a Los Caballeros Templarios-- tambi&amp;eacute;n utilizaban los &amp;oacuterganos como el coraz&amp;oacuten, que se va a escuchar como algo maquiav&amp;eacute;lico, en el que obligaban a las personas en este proceso de iniciaci&amp;oacuten a com&amp;eacute;rselo", dijo Castillo este martesen una entrevista con la periodista Carmen Aristegui transmitida por MVS Radio .</content>
        </sentence>
        <sentence id="5">
          <content>El comisionado reconoci&amp;oacute que hasta el momento solo tienen testimonios y no pruebas materiales de que se haya llevado a cabo la antropofagia .</content>
        </sentence>
        <sentence id="6">
          <content>"No nos constan, porque no tenemos qui&amp;eacute;n estuvo ah&amp;iacute; para validarlo, pero hubo gente que nos lleg&amp;oacute a hacer ese tipo de declaraciones", dijo, y a&amp;ntilde;adi&amp;oacute que "hab&amp;iacute;amos tenido una l&amp;iacute;nea de investigaci&amp;oacuten donde como un proceso de iniciaci&amp;oacuten tambi&amp;eacute;n utilizaban los &amp;oacuterganos como el coraz&amp;oacuten" .</content>
        </sentence>
        <sentence id="7">
          <content>Este lunes, el gobierno de Michoac&amp;aacute;n inform&amp;oacute la detenci&amp;oacuten de Manuel Plancarte, sobrino de Enrique Plancarte, presunto l&amp;iacute;der de Los Caballeros Templarios, involucrado en una banda de traficantes de &amp;oacuterganos y quien reconoci&amp;oacute haber sido part&amp;iacute;cipe de secuestros y extracci&amp;oacuten de &amp;oacuterganos a ni&amp;ntilde;os, seg&amp;uacute;n Castillo .</content>
        </sentence>
        <sentence id="8">
          <content>LEER: La polic&amp;iacute;a detiene a Manuel Plancarte, sobrino de un l&amp;iacute;der 'templario'Estas declaraciones se suman a una l&amp;iacute;nea de investigaci&amp;oacuten previa en la que testigos dijeron haber visto a El Chayo obligando a otros a comer &amp;oacuterganos .</content>
        </sentence>
        <sentence id="9">
          <content>"Cuando &amp;eacute;l (Nazario Moreno) sent&amp;iacute;a alg&amp;uacute;n tipo de traici&amp;oacuten o cuando quer&amp;iacute;a poner a prueba a alguien los invitaba a cenar y en el tema de la cena o comida, dec&amp;iacute;a: 'esta va a ser la cena o la comida y se lo tienen que comer'", asegur&amp;oacute el comisionado, seg&amp;uacute;n testimonios .</content>
        </sentence>
        <sentence id="10">
          <content>Castillo dijo que lo &amp;uacute;nico que se sabe con certeza hasta ahora es que la banda criminal realizaba "extracci&amp;oacuten de &amp;oacuterganos" a ni&amp;ntilde;os, aunque no con qu&amp;eacute; fin espec&amp;iacute;fico, ni cu&amp;aacute;ntos menores fueron asesinados .</content>
        </sentence>
        <sentence id="11">
          <content>"Lo que s&amp;iacute; es que como hecho tal cual estamos hablando de ni&amp;ntilde;os a los que les estaban extrayendo los &amp;oacuterganos y ya ser&amp;aacute; una cuesti&amp;oacuten t&amp;eacute;cnica ver si hablamos de sustracci&amp;oacuten, tr&amp;aacute;fico, privaci&amp;oacuten ilegal con agravante de acusar la muerte u homicidio" .</content>
        </sentence>
        <sentence id="12">
          <content>Tambi&amp;eacute;n en entrevista con Carmen Aristegui, el doctor Mireles, un miembro de las autodefensas dijo tener conocimiento de que Manuel Plancarte estaba involucrado en tr&amp;aacute;fico de &amp;oacuterganos y que en una ocasi&amp;oacuten fueron encontrados ni&amp;ntilde;os vivos dentro de un refrigerador .</content>
        </sentence>
        <sentence id="13">
          <content>"Aqu&amp;iacute; mismo en Tepalcatepec alguna vez se detuvo un avi&amp;oacuten que tra&amp;iacute;a ni&amp;ntilde;os dentro de una caja refrigerador (y en la que iban) bien cobijados .</content>
        </sentence>
        <sentence id="14">
          <content>Eran de la misma escuelita y por error llegaron a Tepalcatepec porque iban a ser entregados en L&amp;aacute;zaro C&amp;aacute;rdenas .</content>
        </sentence>
        <sentence id="15">
          <content>Eran puros ni&amp;ntilde;os de un colegio que sus pap&amp;aacute;s los hab&amp;iacute;an dejado ir a la playa supuestamente .</content>
        </sentence>
        <sentence id="16">
          <content>Se les habl&amp;oacute a sus papas y vinieron a recogerlos" .</content>
        </sentence>
        <sentence id="17">
          <content>Moreno es uno de los presuntos fundadores de La familia Michoacana, un grupo que precedi&amp;oacute al c&amp;aacute;rtel de Los Caballeros Templarios .</content>
        </sentence>
        <sentence id="18">
          <content>Tambi&amp;eacute;n es conocido como El m&amp;aacute;s loco y se caracteriz&amp;oacute por predicar pasajes b&amp;iacute;blicos con mensaje de autoayuda, adem&amp;aacute;s de reclutar seguidores en centros de rehabilitaci&amp;oacuten .</content>
        </sentence>
        <sentence id="19">
          <content>En marzo del 2014, el gobierno federal confirm&amp;oacute su muerte, despu&amp;eacute;s de que tres a&amp;ntilde;os antes el gobierno del expresidente Felipe Calder&amp;oacuten tambi&amp;eacute;n hubiera anunciado su deceso .</content>
        </sentence>
      </sentences>
    </paragraph>
  </article>
</document>
