<?xml version="1.0" encoding="UTF-8"?>
<document id="219" link="http://mexico.cnn.com/nacional/2013/02/14/el-sexenio-de-calderon-el-mas-violento-para-la-prensa-dice-el-cpj" category="Nacional" highlights_mapped="false">
  <title>El sexenio de Calder&amp;oacuten, el "m&amp;aacute;s violento" para la prensa, seg&amp;uacute;n reporte - Periodistas en peligro - Nacional - CNNMexico.com</title>
  <keywords>periodismo, mexico, comite para la proteccion de periodistas, periodistas asesinados, ataques, medios, diarios,</keywords>
  <summaries>
    <highlights>
      <sentence id="1" ids_sentences_article="">Siete periodistas fueron asesinados en M&amp;eacute;xico durante el 2012.</sentence>
      <sentence id="2" ids_sentences_article="">Seis medios de comunicaci&amp;oacuten fueron atacados durante el a&amp;ntilde;o.</sentence>
      <sentence id="3" ids_sentences_article="">Uno de los periodistas muertos fue asesinado a causa de su trabajo, seg&amp;uacute;n el CPJ.</sentence>
    </highlights>
  </summaries>
  <article>
    <paragraph id="1">
      <sentences>
        <sentence id="1">
          <content>El sexenio de Calder&amp;oacuten, el "m&amp;aacute;s violento" para la prensa, seg&amp;uacute;n reporte.</content>
        </sentence>
        <sentence id="2">
          <content>El Comit&amp;eacute; para la Protecci&amp;oacuten de Periodistas report&amp;oacute 14 periodistas asesinados en represalia por su trabajo durante este periodo.</content>
        </sentence>
        <sentence id="3">
          <content>(CNNM&amp;eacute;xico) -- El sexenio de Felipe Calder&amp;oacuten es "uno de los periodos m&amp;aacute;s violentos para la prensa que jam&amp;aacute;s se haya registrado en el mundo", seg&amp;uacute;n el &amp;uacute;ltimo informe del Comit&amp;eacute; para la Protecci&amp;oacuten de Periodistas (CPJ, por sus siglas en ingl&amp;eacute;s) .</content>
        </sentence>
        <sentence id="4">
          <content>Un total de 14 periodistas fueron asesinados entre 2006 y 2012 en represalia por su trabajo .</content>
        </sentence>
        <sentence id="5">
          <content>Otros 27 periodistas murieron durante el mismo per&amp;iacute;odo, seg&amp;uacute;n la organizaci&amp;oacuten, pero no a&amp;uacute;n se sabe si dichos homicidios estuvieron relacionados con su profesi&amp;oacuten .</content>
        </sentence>
        <sentence id="6">
          <content>Seg&amp;uacute;n el CPJ, la violencia contra los periodistas y los medios ocurri&amp;oacute en el contexto de la lucha entre c&amp;aacute;rteles de la droga con las fuerzas de seguridad, en lo que el Comit&amp;eacute; calific&amp;oacute como una "sangrienta" estrategia de seguridad del presidente Felipe Calder&amp;oacuten .</content>
        </sentence>
        <sentence id="7">
          <content>En diciembre de 2006 unos meses despu&amp;eacute;s de tomar el poder, Calder&amp;oacuten puso en marcha la Estrategia Nacional de Seguridad para combatir a los c&amp;aacute;rteles del narcotr&amp;aacute;fico .</content>
        </sentence>
        <sentence id="8">
          <content>El a&amp;ntilde;o pasado siete periodistas fueron asesinados en M&amp;eacute;xico, incluyendo el homicidio de Adri&amp;aacute;n Silva Moreno, que muri&amp;oacute a tiros en puebla poco despu&amp;eacute;s de haber recabado informaci&amp;oacuten sobre un robo de gasolina a gran escala .</content>
        </sentence>
        <sentence id="9">
          <content>Las muertes de los otros seis periodistas a&amp;uacute;n son investigadas por la organizaci&amp;oacuten para intentar determinar si est&amp;aacute;n vinculadas a su labor period&amp;iacute;stica, seg&amp;uacute;n CPJ .</content>
        </sentence>
        <sentence id="10">
          <content>La organizaci&amp;oacuten con sede en Nueva York document&amp;oacute adem&amp;aacute;s seis ataques a medios de comunicaci&amp;oacuten en varios estados del pa&amp;iacute;s: uno fue atacado con un coche bomba en marzo; dos fueron atacados con granadas; en otros dos estallaron artefactos explosivos, uno fue atacado a disparos, y uno m&amp;aacute;s fue incendiado, seg&amp;uacute;n la organizaci&amp;oacuten .</content>
        </sentence>
        <sentence id="11">
          <content>El CPJ record&amp;oacute que El Ma&amp;ntilde;ana de Nuevo Laredo, Tamaulipas, anunci&amp;oacute que no publicar&amp;iacute;a informaci&amp;oacuten relacionada con la criminalidad luego de ser v&amp;iacute;ctima de represalias, y tras quejarse de la falta de condiciones para ejercer la libertad de prensa .</content>
        </sentence>
        <sentence id="12">
          <content>Debido a la violencia contra los medios y sus trabajadores, en Tamaulipas, Nuevo Le&amp;oacuten y Coahuila, los periodistas han implementado protocolos para protegerse: no importa qui&amp;eacute;n reporte la noticia primero, lo que importa es protegerse; adem&amp;aacute;s mantienen una constante comunicaci&amp;oacuten entre ellos, contaron algunos de ellos a CNNM&amp;eacute;xico en agosto pasado .</content>
        </sentence>
        <sentence id="13">
          <content>Adem&amp;aacute;s, se ha eliminado el periodismo de investigaci&amp;oacuten, y se ha adoptado la autocensura cuando se trata de asuntos relacionados con el crimen .</content>
        </sentence>
        <sentence id="14">
          <content>Este a&amp;ntilde;o no ha iniciado de forma diferente para los medios .</content>
        </sentence>
        <sentence id="15">
          <content>En el &amp;uacute;ltimo ataque, cinco trabajadores del diario El Siglo de Torre&amp;oacuten fueron secuestrados por hombres armados la semana pasada .</content>
        </sentence>
        <sentence id="16">
          <content>Aunque fueron liberados horas despu&amp;eacute;s, el hecho caus&amp;oacute conmoci&amp;oacuten en la prensa local .</content>
        </sentence>
      </sentences>
    </paragraph>
  </article>
</document>
