<?xml version="1.0" encoding="UTF-8"?>
<document id="200" link="http://mexico.cnn.com/nacional/2013/04/27/el-caso-regina-martinez-enciende-la-alerta-nacional" category="Nacional" highlights_mapped="false">
  <title>El caso Regina Mart&amp;iacute;nez enciende la alerta nacional - Periodistas en peligro - Nacional - CNNMexico.com</title>
  <keywords>peridoistas, veracruz, mexico, seguridad, narco, los queremos vivos</keywords>
  <summaries>
    <highlights>
      <sentence id="1" ids_sentences_article="">Mart&amp;iacute;nez era una de los periodistas m&amp;aacute;s experimentadas en Veracruz.</sentence>
      <sentence id="2" ids_sentences_article="">Fue hallada muerta en su domicilio, supuestamente por un m&amp;oacutevil de robo.</sentence>
    </highlights>
  </summaries>
  <article>
    <paragraph id="1">
      <sentences>
        <sentence id="1">
          <content>10 asesinatos de periodistas en Veracruz en dos a&amp;ntilde;os.</content>
        </sentence>
        <sentence id="2">
          <content>Durante el gobierno de Javier Duarte, desde 2010, se ha registrado la muerte de al menos 10 periodistas, el &amp;uacute;ltimo fue Gregorio Jim&amp;eacute;nez.</content>
        </sentence>
        <sentence id="3">
          <content>La corresponsal de la revista Proceso en Veracruz Regina Mart&amp;iacute;nez fue encontrada muerta el 28 de abril de 2012 dentro de su casa, en la ciudad de Xalapa, capital del estado .</content>
        </sentence>
        <sentence id="4">
          <content>El 30 de octubre de 2012, la Procuradur&amp;iacute;a General de Justicia (PGJ) de Veracruz present&amp;oacute como presunto culpable del asesinato a Jorge Antonio Hern&amp;aacute;ndez Silva e inform&amp;oacute que tuvo un c&amp;oacutemplice llamado Jos&amp;eacute; Adri&amp;aacute;n Hern&amp;aacute;ndez Dom&amp;iacute;nguez .</content>
        </sentence>
        <sentence id="5">
          <content>De acuerdo con la versi&amp;oacuten oficial, los presuntos homicidas conoc&amp;iacute;an a Regina Mart&amp;iacute;nez y trataron de obligarla a que les dijera d&amp;oacutende guardaba objetos de valor antes de quitarle la vida .</content>
        </sentence>
        <sentence id="6">
          <content>Fuentes cercanas a la Fiscal&amp;iacute;a Especial para la Atenci&amp;oacuten de Delitos Cometidos contra la Libertad de Expresi&amp;oacuten (FEADLE) de la Procuradur&amp;iacute;a General de la Rep&amp;uacute;blica (PGR) informaron a CNNM&amp;eacute;xico que no daban por esclarecido el caso .</content>
        </sentence>
        <sentence id="7">
          <content>El pasado 9 de abril de 2013, una juez de Xalapa sentenci&amp;oacute a 38 a&amp;ntilde;os de c&amp;aacute;rcel a Jorge Antonio Hern&amp;aacute;ndez por homicidio calificado y robo agravado, un fallo que fue rechazado por la revista Proceso, que es coadyuvante en la investigaci&amp;oacuten .</content>
        </sentence>
        <sentence id="8">
          <content>En agosto pasado, la condena de 38 a&amp;ntilde;os fue revocada por un Tribunal, por considerar que la investigaci&amp;oacuten "se centr&amp;oacute exclusivamente en su confesi&amp;oacuten", y fue obtenida "bajo tortura" .</content>
        </sentence>
      </sentences>
    </paragraph>
  </article>
</document>
