<?xml version="1.0" encoding="UTF-8"?>
<document id="738" link="http://mexico.cnn.com/nacional/2014/02/27/el-senado-aprueba-la-consulta-popular-pero-no-para-la-reforma-energetica" category="Nacional" highlights_mapped="false">
  <title>El Senado aprueba la Consulta Popular pero no para la reforma energ&amp;eacute;tica - Nacional - CNNMexico.com</title>
  <keywords>senado, consulta popular, partidos politicos, politica, reforma, suprema corte,  decisiones</keywords>
  <summaries>
    <highlights>
      <sentence id="1" ids_sentences_article="">Los senadores aprobaron en lo general y en lo particular la Ley Federal de Consulta Popular.</sentence>
      <sentence id="2" ids_sentences_article="">Se excluyeron temas de seguridad nacional y de ingresos y gastos del Estado.</sentence>
    </highlights>
  </summaries>
  <article>
    <paragraph id="1">
      <sentences>
        <sentence id="1">
          <content>El Senado aprueba la Consulta Popular pero no para la reforma energ&amp;eacute;tica.</content>
        </sentence>
        <sentence id="2">
          <content>El proyecto que volver&amp;aacute; a los diputados excluye de esta figura temas como derechos humanos, seguridad nacional e ingresos del Estado.</content>
        </sentence>
        <sentence id="3">
          <content>CIUDAD DE M&amp;Eacute;XICO (Notimex) -- El Senado aprob&amp;oacute durante la madrugada de este jueves, en lo general y en lo particular, el dictamen para expedir la Ley Federal de Consulta Popular, pero excluy&amp;oacute de esta figura temas como derechos humanos, seguridad nacional e ingresos y gastos del estado, dentro del cual entran aspectos de la reforma energ&amp;eacute;tica .</content>
        </sentence>
        <sentence id="4">
          <content>La legislaci&amp;oacuten regular&amp;aacute; el procedimiento para la convocatoria, organizaci&amp;oacuten, desarrollo, c&amp;oacutemputo y declaraci&amp;oacuten de resultados de esta figura de participaci&amp;oacuten ciudadana .</content>
        </sentence>
        <sentence id="5">
          <content>La aprobaci&amp;oacuten en lo general tuvo 103 votos a favor, 10 en contra y una abstenci&amp;oacuten, mientras que se rechazaron las reservas presentadas por senadores de los grupos parlamentarios del Partido Acci&amp;oacuten Nacional (PAN), de la Revoluci&amp;oacuten Democr&amp;aacute;tica (PRD) y del Trabajo (PT) .</content>
        </sentence>
        <sentence id="6">
          <content>Ahora regresar&amp;aacute; a la C&amp;aacute;mara de Diputados para su aprobaci&amp;oacuten .</content>
        </sentence>
        <sentence id="7">
          <content>El senador del PT, Manuel Bartlett D&amp;iacute;az, consider&amp;oacute que la ley avalada es una "farsa" .</content>
        </sentence>
        <sentence id="8">
          <content>El gobierno en turno --liderado por el Partido Revolucionario Institucional (PRI)-- no permitir&amp;aacute; abrir la consulta popular, porque la reforma energ&amp;eacute;tica se habr&amp;iacute;a "ca&amp;iacute;do con una claridad absoluta", dijo Bartlett .</content>
        </sentence>
        <sentence id="9">
          <content>"Era una ingenuidad pensar que iban a poder buscar el camino democr&amp;aacute;tico", agreg&amp;oacute .</content>
        </sentence>
        <sentence id="10">
          <content>En ADNPol&amp;iacute;tico .</content>
        </sentence>
        <sentence id="11">
          <content>com: &amp;iquest;Una consulta popular puede revertir la reforma energ&amp;eacute;tica?Una de las modificaciones a la ley precisa que ser&amp;aacute;n objeto de consultar popular los temas de trascendencia nacional, que repercutan en la mayor parte del territorio nacional e impacten de manera significativa en la poblaci&amp;oacuten .</content>
        </sentence>
        <sentence id="12">
          <content>De estos, excluye temas como la restricci&amp;oacuten de los derechos humanos reconocidos por la Constituci&amp;oacuten, los principios consagrados en el art&amp;iacute;culo 40 de la misma y la materia electoral, adem&amp;aacute;s de losingresos y gastos del Estado, la seguridad nacional y la organizaci&amp;oacuten, funcionamiento y disciplina de la Fuerza Armada .</content>
        </sentence>
        <sentence id="13">
          <content>En espec&amp;iacute;fico, los senadores avalaron los t&amp;eacute;rminos de 65 art&amp;iacute;culos y el r&amp;eacute;gimen transitorio del dictamen, con las modificaciones que de manera previa se incluyeron a los art&amp;iacute;culos 5, 6, 12, 14, 15, 20, 21, 25, 28, 30, 32, 33, 41, 64 y Sexto Transitorio .</content>
        </sentence>
        <sentence id="14">
          <content>Por parte del PRD, Alejandro Encinas dijo que la ley tiene "visos de inconstitucionalidad" porque viola tratados internacionales suscritos por el gobierno mexicano, por lo que su grupo parlamentario presentar&amp;aacute; una controversia ante la Suprema Corte de Justicia de la Naci&amp;oacuten (SCJN) o a la Corte Interamericana de Derechos Humanos .</content>
        </sentence>
        <sentence id="15">
          <content>Leer: La consulta popular, prioridad legislativa del PRDAl presentar el proyecto, la senadora priistaMar&amp;iacute;a Cristina D&amp;iacute;az Salazar dijo que este mecanismo no sustituye las decisiones del Estado, sino que es complementaria .</content>
        </sentence>
        <sentence id="16">
          <content>"Habr&amp;aacute; una expresi&amp;oacuten legal que indicar&amp;aacute; al Congreso de la Uni&amp;oacuten el sentir de la poblaci&amp;oacuten o de la sociedad en temas espec&amp;iacute;ficos que puedan generar pol&amp;eacute;mica", precis&amp;oacute D&amp;iacute;as Salazar .</content>
        </sentence>
        <sentence id="17">
          <content>El senador priista Gerardo S&amp;aacute;nchez Garc&amp;iacute;a coincidi&amp;oacute y advirti&amp;oacute sobre la "tentaci&amp;oacuten" de usar esta herramienta en exceso .</content>
        </sentence>
        <sentence id="18">
          <content>&amp;iquest;Qui&amp;eacute;n podr&amp;aacute; solicitarla y cu&amp;aacute;ndo?El presidente, el 33% de los integrantes de cualquiera de las c&amp;aacute;maras del Congreso y al menos el 2% de los ciudadanos inscritos en el padr&amp;oacuten electoral podr&amp;aacute;n solicitar una consulta popular, seg&amp;uacute;n el proyecto .</content>
        </sentence>
        <sentence id="19">
          <content>La SCJN tendr&amp;aacute; el encargo de velar por la constitucionalidad de la materia de consulta popular, indica el dictamen .</content>
        </sentence>
        <sentence id="20">
          <content>La petici&amp;oacuten para realizar una consulta popular podr&amp;aacute; presentarse ante las c&amp;aacute;maras del Congreso, seg&amp;uacute;n corresponda, a partir del 1 de septiembre del segundo a&amp;ntilde;o del ejercicio de cada legislatura y hasta el 15 de septiembre del a&amp;ntilde;o previo al que se realice la jornada electoral federal .</content>
        </sentence>
        <sentence id="21">
          <content>El car&amp;aacute;cter vinculatorioEl Senado acord&amp;oacute que cuando el resultado de una consulta sea vinculatorio, tendr&amp;aacute; efectos durante los tres a&amp;ntilde;os siguientes contados a partir de la declaratoria de validez .</content>
        </sentence>
        <sentence id="22">
          <content>Adem&amp;aacute;s, la trascendencia nacional de los temas ser&amp;aacute; calificada por la mayor&amp;iacute;a de los legisladores presentes en cada C&amp;aacute;mara, con excepci&amp;oacuten de los que promuevan los ciudadanos, en cuyo caso ser&amp;aacute; competencia de la Suprema Corte de Justicia de la Naci&amp;oacuten (SCJN) .</content>
        </sentence>
        <sentence id="23">
          <content>El proyecto sugiere que el resultado de la consulta popular sea vinculante para los poderes Ejecutivo y Legislativo federales, as&amp;iacute; como para las autoridades competentes, cuando la participaci&amp;oacuten total corresponda a por lo menos 40% de los ciudadanos inscritos en la lista nominal de electores .</content>
        </sentence>
        <sentence id="24">
          <content>Sobre los participantesLos senadores realizaron cambios a la minuta para permitir que los ciudadanos respalden m&amp;aacute;s de una consulta popular .</content>
        </sentence>
        <sentence id="25">
          <content>Sin embargo, aclararon, "no proceder&amp;aacute; el tr&amp;aacute;mite de las consultas que sean respaldadas por los mismos ciudadanos cuando &amp;eacute;stos rebasen 20% de las firmas de apoyo" .</content>
        </sentence>
        <sentence id="26">
          <content>En este caso, solo proceder&amp;aacute; la primera solicitud .</content>
        </sentence>
        <sentence id="27">
          <content>Los ciudadanos que participen en una consulta popular deber&amp;aacute;n presentar como requisito el nombre, la firma, la clave de elector y el n&amp;uacute;mero identificador al reverso de la credencial para votar, derivado del reconocimiento &amp;oacuteptico de caracteres (OCR) de dicha identificaci&amp;oacuten con fotograf&amp;iacute;a vigente .</content>
        </sentence>
        <sentence id="28">
          <content>Si las firmas que corresponden a ciudadanos que ya respaldaron otra consulta en el mismo proceso y excedan 20% del total de rubricas requeridas, solo se contabilizar&amp;aacute; la primera firma que haya sido recibida .</content>
        </sentence>
        <sentence id="29">
          <content>La propagandaLa legislaci&amp;oacuten instruye al Instituto Federal Electoral (IFE) para que promueva la difusi&amp;oacuten y discusi&amp;oacuten informada de las consultas que hayan sido convocadas por el Congreso de la Uni&amp;oacuten, a trav&amp;eacute;s de los tiempos de radio y televisi&amp;oacuten que correspondan al propio Instituto .</content>
        </sentence>
        <sentence id="30">
          <content>Asimismo, el IFE ordenar&amp;aacute; la cancelaci&amp;oacuten de cualquier propaganda e iniciar&amp;aacute; el proceso de sanci&amp;oacuten que corresponda .</content>
        </sentence>
      </sentences>
    </paragraph>
  </article>
</document>
