<?xml version="1.0" encoding="UTF-8"?>
<document id="898" link="http://mexico.cnn.com/nacional/2014/03/04/pena-nieto-pide-a-militantes-del-pri-ser-portavoces-de-sus-reformas" category="Nacional" highlights_mapped="false">
  <title>Pe&amp;ntilde;a Nieto pide a militantes del PRI ser promotores de sus reformas - Nacional - CNNMexico.com</title>
  <keywords>nacional, partido revolucionario institucional, pri, enrique pena nieto, reforma energetica, petroleos mexicanos, comision federal de electricidad</keywords>
  <summaries>
    <highlights>
      <sentence id="1" ids_sentences_article="">Enrique Pe&amp;ntilde;a Nieto pidi&amp;oacute a los priistas que sean portavoces de las reformas que se han aprobado durante su mandato.</sentence>
      <sentence id="2" ids_sentences_article="">El mandatario hizo un recuento de las instituciones que el PRI 'construy&amp;oacute' y las de reciente creaci&amp;oacuten.</sentence>
      <sentence id="3" ids_sentences_article="">C&amp;eacute;sar Camacho Quiroz, dirigente nacional del Revolucionario Institucional, mencion&amp;oacute que el partido mantiene una sana cercan&amp;iacute;a con el presidente.</sentence>
    </highlights>
  </summaries>
  <article>
    <paragraph id="1">
      <sentences>
        <sentence id="1">
          <content>Pe&amp;ntilde;a Nieto pide a militantes del PRI ser promotores de sus reformas.</content>
        </sentence>
        <sentence id="2">
          <content>En el aniversario 85 del PRI, el presidente record&amp;oacute las instituciones creadas por su partido y los cambios impulsados en el &amp;uacute;ltimo a&amp;ntilde;o.</content>
        </sentence>
        <sentence id="3">
          <content>(CNNM&amp;eacute;xico) -- El presidente de M&amp;eacute;xico Enrique Pe&amp;ntilde;a Nieto pidi&amp;oacute a sus correligionarios del Partido Revolucionario Institucional (PRI) ser portavoces de las reformas que han sido aprobadas durante su mandato .</content>
        </sentence>
        <sentence id="4">
          <content>"Cada priista debe ser portavoz del momento que est&amp;aacute; viviendo M&amp;eacute;xico y del futuro prometedor que estamos construyendo juntos", dijo el presidente durante la ceremonia de conmemoraci&amp;oacuten por el 85 aniversario del PRI, este martes en la Ciudad de M&amp;eacute;xico .</content>
        </sentence>
        <sentence id="5">
          <content>Al evento, en el que estuvieron presentes gobernadores, senadores, diputados federales y locales de extracci&amp;oacuten priista as&amp;iacute; como integrantes de la administraci&amp;oacuten federal, el mandatario mexicano hizo un recuento de las instituciones que el PRI "ayud&amp;oacute a construir durante sus 85 a&amp;ntilde;os de existencia" .</content>
        </sentence>
        <sentence id="6">
          <content>Destac&amp;oacute las nuevas instituciones como el Insituto Nacional de Elecciones (INE), laComisi&amp;oacuten Federal de Competencia Econ&amp;oacutemica (Cofeco), el Fondo Mexicano del Petr&amp;oacuteleo, entre otros, que consider&amp;oacute ayudar&amp;aacute;n a cumplir con los compromisos adquiridos con la ciudadan&amp;iacute;a durante la campa&amp;ntilde;a presidencial de 2012 .</content>
        </sentence>
        <sentence id="7">
          <content>Pe&amp;ntilde;a Nieto fue interrumpido por aplausos de la audiencia cuando record&amp;oacute que con la reci&amp;eacute;n aprobada reforma pol&amp;iacute;tica, se dio un "gran paso en la equidad de g&amp;eacute;nero, ya que ahora los partidos pol&amp;iacute;ticos est&amp;aacute;n obligados a que el 50% de las candidaturas sean para mujeres" .</content>
        </sentence>
        <sentence id="8">
          <content>El presidente mexicano manifest&amp;oacute su "convicci&amp;oacuten" como militante del PRI, pues dijo que en ese partido "est&amp;aacute;n las mujeres y hombres con la capacidad y liderazgo para transformar a sus comunidades, hoy como ayer, nuestra &amp;uacute;nica bandera es M&amp;eacute;xico, por eso asumo mi responsabilidad de trabajar y gobernar para todos los mexicanos" .</content>
        </sentence>
        <sentence id="9">
          <content>Previo a las palabras de Pe&amp;ntilde;a Nieto, el dirigente nacional del Revolucionario Institucional, C&amp;eacute;sar Camacho Quiroz, dijo que el instituto pol&amp;iacute;tico mantiene una "leg&amp;iacute;tima, franca y sana cercan&amp;iacute;a" con el Ejecutivo federal .</content>
        </sentence>
        <sentence id="10">
          <content>El PRI es el partido m&amp;aacute;s antiguo de M&amp;eacute;xico .</content>
        </sentence>
        <sentence id="11">
          <content>Ocup&amp;oacute la presidencia mexicana durante 71 a&amp;ntilde;os, desde 1929 hasta el 2000, cuando fue derrotado en las elecciones porVicente Fox, militante del PAN .</content>
        </sentence>
        <sentence id="12">
          <content>En 2006, Fox fue sucedido en el poder por otro panista,Felipe Calder&amp;oacuten .</content>
        </sentence>
        <sentence id="13">
          <content>"El nuestro es mucho m&amp;aacute;s que un partido grande, es el gran partido pol&amp;iacute;tico de M&amp;eacute;xico, que pondera sus valiosas experiencias y asume con hombr&amp;iacute;a sus yerros y se enorgullece de sus aciertos, ha adquirido madurez y prudencia", dijo Camacho .</content>
        </sentence>
        <sentence id="14">
          <content>El l&amp;iacute;der del PRI destac&amp;oacute que este proceso de cambio se ha realizado en "unidad que no es disciplinada ni ciega sino de acci&amp;oacuten pol&amp;iacute;tica, con el prop&amp;oacutesito de ensanchar las oportunidades y devolver la esperanza a los mexicanos" .</content>
        </sentence>
      </sentences>
    </paragraph>
  </article>
</document>
