<?xml version="1.0" encoding="UTF-8"?>
<document id="766" link="http://mexico.cnn.com/nacional/2014/03/13/medio-millon-de-pesos-en-limones-el-botin-de-un-grupo-armado-en-veracruz" category="Nacional" author="Melva Navarro" highlights_mapped="false">
  <title>Medio mill&amp;oacuten de pesos en limones: el bot&amp;iacute;n de un grupo armado en Veracruz - Nacional - CNNMexico.com</title>
  <keywords>limon, asalto, camion, grupo armado, veracruz, municipio, cuitlahuac, tinaja, cosamaloapan, asalto, inseguridad, aumento, precio</keywords>
  <summaries>
    <highlights>
      <sentence id="1" ids_sentences_article="">Una empresa empacadora denunci&amp;oacute el robo de una carga de 15 . 8 toneladas de limones.</sentence>
      <sentence id="2" ids_sentences_article="">La empresa calcula que el precio del embarque es de 575,000 pesos.</sentence>
      <sentence id="3" ids_sentences_article="">Durante febrero el costo del lim&amp;oacuten se increment&amp;oacute en un 68% en el pa&amp;iacute;s.</sentence>
      <sentence id="4" ids_sentences_article="">La empacadora Costa de Veracruz inform&amp;oacute que el veh&amp;iacute;culo fue encontrado vac&amp;iacute;o.</sentence>
    </highlights>
  </summaries>
  <article>
    <paragraph id="1">
      <sentences>
        <sentence id="1">
          <content>Medio mill&amp;oacuten de pesos en limones: el bot&amp;iacute;n de un grupo armado en Veracruz.</content>
        </sentence>
        <sentence id="2">
          <content>Una empresa empacadora denunci&amp;oacute el robo de 15 .</content>
        </sentence>
        <sentence id="3">
          <content>8 toneladas de limones, fruto que tuvo un aumento de precio de hasta 68% en M&amp;eacute;xico.</content>
        </sentence>
        <sentence id="4">
          <content>CIUDAD DE M&amp;Eacute;XICO (CNNM&amp;eacute;xico) -- Un grupo de hombres con armas rob&amp;oacute en el estado de Veracruz un cami&amp;oacuten que transportaba 15 .</content>
        </sentence>
        <sentence id="5">
          <content>8 toneladas de limones, cargamento con un valor estimado de 575,000 pesos, de acuerdo con la empresa empacadora que los trasladaba .</content>
        </sentence>
        <sentence id="6">
          <content>El robo de limones --un fruto cuyo precio ha aumentado en M&amp;eacute;xico m&amp;aacute;s de 143% entre diciembre y principios de marzo-- fue denunciado ante el Ministerio P&amp;uacute;blico, confirm&amp;oacute el gobierno del estado de Veracruz a CNNM&amp;eacute;xico .</content>
        </sentence>
        <sentence id="7">
          <content>El lim&amp;oacuten mexicano: M&amp;aacute;s caro que en Roma, Madrid y AustraliaMientras el cami&amp;oacuten viajaba sobre la carretera La Tinaja-Cosamaloapan, dos veh&amp;iacute;culos --un autom&amp;oacutevil y una camioneta roja-- se emparejaron con el que llevaba la fruta, cerca de las 2:30 horas de este jueves, obligando a que se orillara .</content>
        </sentence>
        <sentence id="8">
          <content>El conductor fue sometido, golpeado, subido a la camioneta roja y abandonado metros despu&amp;eacute;s, dijo en entrevista Selina Hern&amp;aacute;ndez, administradora de la empresa Costa de Veracruz, que transportaba los limones desde Tabasco .</content>
        </sentence>
        <sentence id="9">
          <content>"A &amp;eacute;l lo dejaron entre brechas, pidi&amp;oacute auxilio a la Polic&amp;iacute;a Federal de Caminos y despu&amp;eacute;s nos habl&amp;oacute", se&amp;ntilde;al&amp;oacute Hern&amp;aacute;ndez .</content>
        </sentence>
        <sentence id="10">
          <content>El cami&amp;oacuten llevaba 632 cajas, de 25 kilos cada una .</content>
        </sentence>
        <sentence id="11">
          <content>La empresa calcula que el precio total del embarque es de 575,000 pesos y el precio comercial asciende a 948,000 pesos, debido a que el kilo de lim&amp;oacuten se est&amp;aacute; vendiendo hasta en 60 pesos en partes de Veracruz, entre ellas Xalapa, la capital .</content>
        </sentence>
        <sentence id="12">
          <content>La polic&amp;iacute;a ministerial de Veracruz inici&amp;oacute la b&amp;uacute;squeda del cargamento este jueves y hall&amp;oacute el cami&amp;oacuten en el kil&amp;oacutemetro 37 + 500, a la altura del rancho San Rafael, ubicado en el municipio de Cuitl&amp;aacute;huac, inform&amp;oacute la Procuradur&amp;iacute;a General de Justicia del estado (PGJ) en un comunicado .</content>
        </sentence>
        <sentence id="13">
          <content>"Se encontr&amp;oacute el cami&amp;oacuten con limones tirados pero se llevaron la carga completa, solo encontraron cajas vac&amp;iacute;as", dijo Hern&amp;aacute;ndez .</content>
        </sentence>
        <sentence id="14">
          <content>La PGJ se&amp;ntilde;al&amp;oacute en el comunicado que recuperaron parte de la mercanc&amp;iacute;a, sin especificar cu&amp;aacute;nto de la fruta se encontr&amp;oacute .</content>
        </sentence>
        <sentence id="15">
          <content>Cuitl&amp;aacute;huac es una zona de empacadoras donde "se comercializa muy r&amp;aacute;pido el lim&amp;oacuten, hay mucha competencia y ahorita hay mucha demanda, creemos que ah&amp;iacute; mismo lo van a vender", dijo Hern&amp;aacute;ndez .</content>
        </sentence>
        <sentence id="16">
          <content>"Con esto no queremos ya que los camiones trabajen de noche, es muy arriesgado", agreg&amp;oacute .</content>
        </sentence>
        <sentence id="17">
          <content>La empresa Costa de Veracruz inform&amp;oacute que por el momento han suspendido la compra de cargas de lim&amp;oacuten mientras implementan estrategias de seguridad .</content>
        </sentence>
        <sentence id="18">
          <content>Durante febrero el precio del lim&amp;oacutense increment&amp;oacute en un 68% en el pa&amp;iacute;s, de acuerdo con un reporte del gobierno federal publicado el 7 de marzo .</content>
        </sentence>
        <sentence id="19">
          <content>Productores de lim&amp;oacuten coinciden en que es debido a la baja producci&amp;oacuten .</content>
        </sentence>
        <sentence id="20">
          <content>Los sucesos de violencia que afectan a Michoac&amp;aacute;n, uno de los principales productores; la baja de producci&amp;oacuten en Colima, por la afectaci&amp;oacuten de la plaga denominada HLB; as&amp;iacute; como las fuertes lluvias registradas a fines de 2013 en Michoac&amp;aacute;n y Oaxaca contribuyeron al encarecimiento .</content>
        </sentence>
      </sentences>
    </paragraph>
  </article>
</document>
