<?xml version="1.0" encoding="UTF-8"?>
<document id="861" link="http://mexico.cnn.com/nacional/2014/03/19/fallas-en-linea-12-por-culpa-de-los-trenes-no-de-la-obra-constructora" category="Nacional" highlights_mapped="false">
  <title>Fallas en L&amp;iacute;nea 12 por culpa de los trenes, no de la obra: constructora - Nacional - CNNMexico.com</title>
  <keywords>metro, linea 12, dorada, fallas, suspension, vias, trenes, vocero, compa&amp;ntilde;ia, constructora, ica, dos semanas</keywords>
  <summaries>
    <highlights>
      <sentence id="1" ids_sentences_article="">NUEVO: El encargado del Proyecto Metro de la L&amp;iacute;nea 12 fue destituido para transparentar la investigaci&amp;oacute;n sobre las fallas en la l&amp;iacute;nea.</sentence>
      <sentence id="2" ids_sentences_article="">El vocero del consorcio que coloc&amp;oacute; las v&amp;iacute;as de la L&amp;iacute;nea 12 culp&amp;oacute; a los trenes de su desgaste.</sentence>
      <sentence id="3" ids_sentences_article="">"Por un lado se ejecutaron las obras ferroviarias y por otro el proceso de compra de trenes", dijo.</sentence>
      <sentence id="4" ids_sentences_article="">El gobierno del DF anunci&amp;oacute; este mes que 11 estaciones de la L&amp;iacute;nea 12 estar&amp;aacute;n cerradas por seis meses.</sentence>
    </highlights>
  </summaries>
  <article>
    <paragraph id="1">
      <sentences>
        <sentence id="1">
          <content>Fallas en L&amp;iacute;nea 12 por culpa de los trenes, no de la obra: constructora.</content>
        </sentence>
        <sentence id="2">
          <content>El vocero de la compa&amp;ntilde;&amp;iacute;a ICA dijo los da&amp;ntilde;os en las v&amp;iacute;as, hechos por los trenes, se reparar&amp;aacute;n en dos semanas; falta que el GDF adapte trenes.</content>
        </sentence>
        <sentence id="3">
          <content>(CNNM&amp;eacute;xico) -- Las v&amp;iacute;as de la L&amp;iacute;nea 12 del Metro pueden repararse y estar listas para funcionar en dos semanas, aunque la restauraci&amp;oacute;n del servicio depender&amp;aacute; de si el Sistema de Transporte Colectivo (SCT) puede tener listos los trenes, dijo el vocero de la empresa constructora que dise&amp;ntilde;o la l&amp;iacute;nea .</content>
        </sentence>
        <sentence id="4">
          <content>"En lo que toca al sistema de v&amp;iacute;as, nosotros podr&amp;iacute;amos tener las v&amp;iacute;as plenamente disponibles para operaci&amp;oacute;n en dos semanas", dijo Gabriel Ibarra, director general de Relaciones Institucionales de la empresa ICA .</content>
        </sentence>
        <sentence id="5">
          <content>"El tema es que por la parte de los trenes estos est&amp;eacute;n disponibles y se d&amp;eacute; el servicio completo", se&amp;ntilde;al&amp;oacute; en entrevista con Radio F&amp;oacute;rmula .</content>
        </sentence>
        <sentence id="6">
          <content>La L&amp;iacute;nea 12 dej&amp;oacute; de dar servicio en 11 de sus 20 estaciones desde el 12 de marzo debido a que requiere mantenimiento por problemas en las v&amp;iacute;as .</content>
        </sentence>
        <sentence id="7">
          <content>El gobierno del Distrito Federal marc&amp;oacute; como plazo m&amp;iacute;nimo para su reapertura un periodo de seis meses .</content>
        </sentence>
        <sentence id="8">
          <content>La Asamblea Legislativa del Distrito Federal (ALDF) aprob&amp;oacute; esta semana la creaci&amp;oacute;n de una Comisi&amp;oacute;n de Investigaci&amp;oacute;n sobre la L&amp;iacute;nea 12 para "conocer las razones t&amp;eacute;cnicas que originaron la suspensi&amp;oacute;n temporal del servicio" y el Metroanunci&amp;oacute; que compensar&amp;aacute; el costo del viaje a sus usuariospor el tiempo que permanezca cerrada .</content>
        </sentence>
        <sentence id="9">
          <content>Este mi&amp;eacute;rcoles, el jefe de Gobierno del Distrito Federal, Miguel &amp;Aacute;ngel Mancera, inform&amp;oacute; sobre la destituci&amp;oacute;n del director del Proyecto Metro, Enrique Horcasitas para garantizar una investigaci&amp;oacute;n transparente sobre las fallas en la L&amp;iacute;nea 12 .</content>
        </sentence>
        <sentence id="10">
          <content>En su lugar nombr&amp;oacute; a Marco Antonio Ciriaco Arroyo, que estar&amp;aacute; en el cargo de forma provisional, inform&amp;oacute; el gobierno del Distrito Federal a trav&amp;eacute;s de su cuenta de Twitter .</content>
        </sentence>
        <sentence id="11">
          <content>Ibarra, vocero del consorcio ICA-Carso-Alstom, asegur&amp;oacute; que el desgaste en las v&amp;iacute;as de la L&amp;iacute;nea 12 se debe a que el dise&amp;ntilde;o de la l&amp;iacute;nea y la compra de trenes se realizaron de forma separada .</content>
        </sentence>
        <sentence id="12">
          <content>"El problema es de un proyecto en el que por un lado se ejecutaron las obras civiles, ferroviarias electromec&amp;aacute;nicas, creo que la ejecuci&amp;oacute;n fue correcta, se hizo t&amp;eacute;cnicamente bien, con participaci&amp;oacute;n de empresas supervisoras (&amp;hellip;) pero por otro lado se llev&amp;oacute; un proceso de selecci&amp;oacute;n y compra del tren, ese proceso se hizo de forma desfasada, un a&amp;ntilde;o despu&amp;eacute;s de la firma del contrato y obras", explic&amp;oacute; .</content>
        </sentence>
        <sentence id="13">
          <content>Ibarra se&amp;ntilde;al&amp;oacute; que a la empresa se le pidi&amp;oacute; que el dise&amp;ntilde;o "se fundamentara en el concepto de la L&amp;iacute;nea A del Metro", que junto con la B son l&amp;iacute;neas con ruedas f&amp;eacute;rreas y no neum&amp;aacute;ticas, como el resto .</content>
        </sentence>
        <sentence id="14">
          <content>"Al realizarse las pruebas de trenes s&amp;iacute; empezamos a notar que hab&amp;iacute;a cierta incompatibilidad del tren con las v&amp;iacute;as, sin embargo, seguimos trabajando en que el sistema operara correctamente", dijo .</content>
        </sentence>
        <sentence id="15">
          <content>Sin embargo, Mancera dijo d&amp;iacute;as despu&amp;eacute;s del cierre que la l&amp;iacute;nea present&amp;oacute; problem&amp;aacute;ticas, incluso antes de su inauguraci&amp;oacute;n, pues entonces se cambi&amp;oacute; todo un tramo de v&amp;iacute;a .</content>
        </sentence>
        <sentence id="16">
          <content>Ibarra se&amp;ntilde;al&amp;oacute; que el STC no les dio acceso a trabajos de renivelaci&amp;oacute;n, ajustes y reparaciones de urgencia en el sistema de v&amp;iacute;as de abril a julio de 2013 .</content>
        </sentence>
        <sentence id="17">
          <content>"Eso provoc&amp;oacute; que cuando se nos dio de nueva cuenta acceso completo, esto fue julio del a&amp;ntilde;o 2013, el sistema de v&amp;iacute;as presentara ya da&amp;ntilde;os considerables", afirm&amp;oacute; .</content>
        </sentence>
        <sentence id="18">
          <content>Ibarra culpa del desgaste a los trenes seleccionados que son "muy diferentes a los otros trenes del Metro, no solo por la rueda f&amp;eacute;rrea, es muy diferente a los instalados en la l&amp;iacute;nea A y B, usa menos carros, cada carro tiene un ancho mayor, son m&amp;aacute;s pesados", explic&amp;oacute; .</content>
        </sentence>
        <sentence id="19">
          <content>El vocero asegur&amp;oacute; que la l&amp;iacute;nea necesitar&amp;aacute; siempre un nivel de mantenimiento superior al del resto debido a los niveles de curvas que tiene .</content>
        </sentence>
        <sentence id="20">
          <content>"Entendemos la decisi&amp;oacute;n que tom&amp;oacute; el STC de detener la operaci&amp;oacute;n de la L&amp;iacute;nea 12 de forma parcial pero no compartimos esa decisi&amp;oacute;n, pensamos que el sistema habiendo tenido las intervenciones oportunas en el sistema de v&amp;iacute;as podr&amp;iacute;a haber seguido prestando servicio completo a los usuarios", dijo .</content>
        </sentence>
      </sentences>
    </paragraph>
  </article>
</document>
