<?xml version="1.0" encoding="UTF-8"?>
<document id="872" link="http://mexico.cnn.com/nacional/2014/03/07/un-juez-dicta-auto-de-formal-prision-contra-el-asistente-del-chapo" category="Nacional" highlights_mapped="false">
  <title>Un juez dicta auto de formal prisi&amp;oacuten contra el asistente del 'Chapo' - Nacional - CNNMexico.com</title>
  <keywords>el chapo, formal prision, colaborador, sinaloa,</keywords>
  <summaries>
    <highlights>
      <sentence id="1" ids_sentences_article="">Hoo Ram&amp;iacute;rez fue detenido junto con Guzm&amp;aacute;n Loera en Mazatl&amp;aacute;n.</sentence>
      <sentence id="2" ids_sentences_article="">Es el presunto responsable del manejo de las telecomunicaciones del l&amp;iacute;der de Sinaloa.</sentence>
    </highlights>
  </summaries>
  <article>
    <paragraph id="1">
      <sentences>
        <sentence id="1">
          <content>Un juez dicta auto de formal prisi&amp;oacuten contra el asistente del 'Chapo'.</content>
        </sentence>
        <sentence id="2">
          <content>Carlos Manuel Hoo Ram&amp;iacute;rez, detenido junto con Guzm&amp;aacute;n Loera en Sinaloa, era adem&amp;aacute;s de su asistente encargado de sus telecomunicaciones.</content>
        </sentence>
        <sentence id="3">
          <content>(Notimex) -- Un juez federal del Estado de M&amp;eacute;xico dict&amp;oacute auto de formal prisi&amp;oacuten a Carlos Manuel Hoo Ram&amp;iacute;rez, presunto asistente de Joaqu&amp;iacute;n el Chapo Guzm&amp;aacute;n, detenido tambi&amp;eacute;n el 22 de febrero pasado en Mazatl&amp;aacute;n, Sinaloa .</content>
        </sentence>
        <sentence id="4">
          <content>El hombre es probable responsable de los delitos de portaci&amp;oacuten y posesi&amp;oacuten de armas de fuego, as&amp;iacute; como de posesi&amp;oacuten de cartuchos para armas de fuego del uso exclusivo del Ej&amp;eacute;rcito, Armada o Fuerza A&amp;eacute;rea Nacionales, seg&amp;uacute;n un bolet&amp;iacute;n del Consejo de la Judicatura Federal .</content>
        </sentence>
        <sentence id="5">
          <content>El 26 de febrero la Procuradur&amp;iacute;a General de la Rep&amp;uacute;blica (PGR) consign&amp;oacute a Hoo Ram&amp;iacute;rez al penal de m&amp;aacute;xima seguridad del Altiplano, ubicado en Almoloya de Ju&amp;aacute;rez, Estado de M&amp;eacute;xico, para continuar con las indagatorias sobre sus presuntos nexos con la organizaci&amp;oacuten delictiva encabezada por Guzm&amp;aacute;n Loera .</content>
        </sentence>
        <sentence id="6">
          <content>Los t&amp;uacute;neles por los cuales escapaba 'el Chapo' Guzm&amp;aacute;n en Culiac&amp;aacute;nEn su declaraci&amp;oacuten ante el agente del Ministerio P&amp;uacute;blico de la Federaci&amp;oacuten adscrito a la Subprocuradur&amp;iacute;a Especializada en Investigaci&amp;oacuten de Delincuencia Organizada (SEIDO), reconoci&amp;oacute ser asistente personal del l&amp;iacute;der del C&amp;aacute;rtel de Sinaloa desde hace aproximadamente tres a&amp;ntilde;os .</content>
        </sentence>
        <sentence id="7">
          <content>De acuerdo con las indagatorias, al momento de su captura a Hoo Ram&amp;iacute;rez se le asegur&amp;oacute un f&amp;uacute;sil calibre 5 .</content>
        </sentence>
        <sentence id="8">
          <content>56 con 59 cartuchos &amp;uacute;tiles, por lo que fue puesto a disposici&amp;oacuten de las autoridades correspondientes para deslindar responsabilidades .</content>
        </sentence>
        <sentence id="9">
          <content>Guzm&amp;aacute;n Loera fue detenido durante un operativo de la Marina en un departamento en la costera de Mazatl&amp;aacute;n, en Sinaloa, estado natal del narcotraficante .</content>
        </sentence>
        <sentence id="10">
          <content>Los marinos entraron en el departamento 401 .</content>
        </sentence>
        <sentence id="11">
          <content>En el vest&amp;iacute;bulo aseguraron a Carlos Manuel Hoo Ram&amp;iacute;rez, responsable del manejo de las telecomunicaciones de Guzm&amp;aacute;n Loera, seg&amp;uacute;n datos de la PGR .</content>
        </sentence>
        <sentence id="12">
          <content>En una de las rec&amp;aacute;maras encontraron a dos hijas de Guzm&amp;aacute;n Loera, en la sala se encontraban la cocinera y la nana de las menores .</content>
        </sentence>
      </sentences>
    </paragraph>
  </article>
</document>
