<?xml version="1.0" encoding="UTF-8"?>
<document id="470" link="http://mexico.cnn.com/nacional/2014/03/13/una-orden-judicial-da-el-ok-al-primer-matrimonio-gay-en-michoacan" category="Nacional" author="Miguel &amp;Atilde;?ngel Vargas V." highlights_mapped="false">
  <title>Una orden judicial da el 'ok' al primer matrimonio gay en Michoac&amp;aacute;n - Nacional - CNNMexico.com</title>
  <keywords>Matrimonio gay, gay, homesexual, LGBT, personas del mismo sexo, Michoac&amp;aacute;n, legislaci&amp;oacute;n, orden judicial, derechos humanos, tolerancia</keywords>
  <summaries>
    <highlights>
      <sentence id="1" ids_sentences_article="">En 2010, el Distrito Federal fue el primero en avalar los matrimonios entre personas del mismo sexo.</sentence>
      <sentence id="2" ids_sentences_article="">En entidades como Colima, Jalisco, Quintana Roo y Oaxaca se han concretado enlaces entre personas del mismo sexo bajo diversas figuras legales.</sentence>
      <sentence id="3" ids_sentences_article="">En la Ciudad de M&amp;eacute;xico se efectuaron 6,092 matrimonios gay entre 2010 y 2013.</sentence>
    </highlights>
  </summaries>
  <article>
    <paragraph id="1">
      <sentences>
        <sentence id="1">
          <content>Una orden judicial da el 'ok' al primer matrimonio gay en Michoac&amp;aacute;n.</content>
        </sentence>
        <sentence id="2">
          <content>Alejandra Banderas y Claudia L&amp;oacutepez firmaron el enlace tras la resoluci&amp;oacuten de un juez federal que orden&amp;oacute al registro civil realizar el tr&amp;aacute;mite.</content>
        </sentence>
        <sentence id="3">
          <content>(CNNM&amp;eacute;xico) -- Alejandra Banderas, de 24 a&amp;ntilde;os, y Claudia L&amp;oacutepez, de 31, se convirtieron este jueves en el primer matrimonio de personas del mismo sexo en el estado de Michoac&amp;aacute;n .</content>
        </sentence>
        <sentence id="4">
          <content>El mi&amp;eacute;rcoles yahab&amp;iacute;an firmado el acta matrimonial tras recibir la suspensi&amp;oacuten provisional del amparo que promovieron ante un juzgado federal por la negativa del registro civil para realizar el enlace; y este jueves obtuvieron la suspensi&amp;oacuten definitiva .</content>
        </sentence>
        <sentence id="5">
          <content>Gerardo Herrera, dirigente de Grupo de Facto Diversidad Sexual, una organizaci&amp;oacuten civil que apoy&amp;oacute la lucha legal de estas mujeres, confi&amp;oacute en que este primer enlace matrimonial homosexual en la entidad provoque una mayor discusi&amp;oacuten sobre los derechos de la comunidad L&amp;eacute;sbico, Gay, Bisexual y Transg&amp;eacute;nero (LGBT) en Michoac&amp;aacute;n .</content>
        </sentence>
        <sentence id="6">
          <content>"A m&amp;iacute; me parece que lo que hizo el Poder Judicial de la Federaci&amp;oacuten fue establecer un nuevo paradigma dentro de Michoac&amp;aacute;n; el hecho de ordenar al registro civil a que realizara este acto jur&amp;iacute;dico constituye ya un avance fundamental en el reconocimiento de los derechos de la poblaci&amp;oacuten homosexual del estado", dijo Herrera a CNNM&amp;eacute;xico .</content>
        </sentence>
        <sentence id="7">
          <content>Adem&amp;aacute;s, el actvista explic&amp;oacute que en 2006 y 2010 su organizaci&amp;oacuten promovi&amp;oacute un par de iniciativas ante el Congreso estatal para que el matrimonio gay fuera reconocido en las leyes estatales; sin embargo, &amp;eacute;stas no prosperaron . . . Pero espera que la situaci&amp;oacuten cambie en los pr&amp;oacuteximos meses .</content>
        </sentence>
        <sentence id="8">
          <content>"El Legislativo de Michoac&amp;aacute;n tendr&amp;aacute; que ajustar sus propias visiones, su irracionalidad, sus ideolog&amp;iacute;as machistas, mis&amp;oacuteginas, sexistas, excluyentes e intolerantes, que discriminan, violentan, estigmatizan y tratan de invisibilizar a la diversidad sexual, y pues tendr&amp;aacute;n que armonizar las normas secundarias estatales", coment&amp;oacute Gerardo Herrera, quien en 2012 obtuvo la Presea al M&amp;eacute;rito en Derechos Humanos que otorga la Comisi&amp;oacuten Estatal de Derechos Humanos (CEDH) de Michoac&amp;aacute;n .</content>
        </sentence>
        <sentence id="9">
          <content>Por su parte, las reci&amp;eacute;n casadas se manifestaron esperanzadas en que su matrimonio sirva para apoyar la lucha a nivel nacional en contra de la discriminaci&amp;oacuten y reconocieron que, a pesar de ser el primer matrimonio gay del estado, la sociedad michoacana se ha mostrado respetuosa y educada respecto a su relaci&amp;oacuten .</content>
        </sentence>
        <sentence id="10">
          <content>En marzo de 2010,el Distrito Federal se convirti&amp;oacute en la primera entidaden permitir los matrimonios del mismo sexo; desde esa fecha y hasta finales de 2013, en la capital mexicana se han celebrado m&amp;aacute;s de 6,000 matrimonios con estas caracter&amp;iacute;sticas .</content>
        </sentence>
        <sentence id="11">
          <content>En Colima y Jalisco se han aprobado reformas para aprobar los enlaces entre personas del mismo sexo bajo otras figuras legales; y en otras entidades como Quintana Roo y Oaxaca se han logrado estos enlaces por diversas resoluciones judiciales que han avalado su legalidad .</content>
        </sentence>
        <sentence id="12">
          <content>El Instituto Mexicano del Seguro Social (IMSS) anunci&amp;oacute en febrero pasado que a los matrimonios de personas del mismo sexo en el Distrito Federal les ser&amp;aacute;n reconocidos los mismos derechos que a cualquier otro matrimonio, tras unaresoluci&amp;oacuten de la Suprema Corte de Justicia de la Naci&amp;oacuten(SCJN) .</content>
        </sentence>
        <sentence id="13">
          <content>*Con informaci&amp;oacuten de Notimex .</content>
        </sentence>
      </sentences>
    </paragraph>
  </article>
</document>
