<?xml version="1.0" encoding="UTF-8"?>
<document id="765" link="http://mexico.cnn.com/nacional/2014/03/17/el-metro-devolvera-el-costo-del-viaje-cuando-haya-fallas-en-su-operacion" category="Nacional" highlights_mapped="false">
  <title>El Metro devolver&amp;aacute; el costo del viaje cuando haya fallas en su operaci&amp;oacuten - Nacional - CNNMexico.com</title>
  <keywords>metro, linea 12, estaciones, cierre, devolucion, dinero, pago, viaje, boleto, fallas, trenes</keywords>
  <summaries>
    <highlights>
      <sentence id="1" ids_sentences_article="">El Metro compensar&amp;aacute; a usuarios afectados por el cierre de estaciones en la L&amp;iacute;nea 12, seg&amp;uacute;n el director del STC.</sentence>
      <sentence id="2" ids_sentences_article="">Los usuarios recibir&amp;aacute;n una recarga en sus tarjetas cuando existan fallas en la operaci&amp;oacuten como las registradas en 11 estaciones de esa l&amp;iacute;nea.</sentence>
      <sentence id="3" ids_sentences_article="">Un tren rehabilitado tras el alza en la tarifa fue puesto en circulaci&amp;oacuten en la L&amp;iacute;nea A del Metro.</sentence>
    </highlights>
  </summaries>
  <article>
    <paragraph id="1">
      <sentences>
        <sentence id="1">
          <content>El Metro devolver&amp;aacute; el costo del viaje cuando haya fallas en su operaci&amp;oacuten.</content>
        </sentence>
        <sentence id="2">
          <content>El director del transporte masivo del DF dijo que los reembolsos del boleto comenzar&amp;aacute;n en la L&amp;iacute;nea 12, afectada por reparaciones.</content>
        </sentence>
        <sentence id="3">
          <content>(CNNM&amp;eacute;xico) -- Para compensar a los usuarios del Metro de la Ciudad de M&amp;eacute;xico afectados por la suspensi&amp;oacuten de actividades en estaciones de la L&amp;iacute;nea 12, el Sistema de Transporte Colectivo (STC) har&amp;aacute; una compensaci&amp;oacuten del costo del viaje para los afectados .</content>
        </sentence>
        <sentence id="4">
          <content>Joel Ortega, director del STC, dijo que este reembolso se har&amp;aacute; a trav&amp;eacute;s de las tarjetas electr&amp;oacutenicas del Metro, y corresponder&amp;aacute; cuando exista alg&amp;uacute;n tipo de afectaci&amp;oacuten como las del cierre en las estaciones de la L&amp;iacute;nea 12, inaugurada en 2012 .</content>
        </sentence>
        <sentence id="5">
          <content>Ortega Cuevas dijo en un acto p&amp;uacute;blico este lunes que es una "justa medida de una resoluci&amp;oacuten que emiti&amp;oacute el Consejo de Administraci&amp;oacuten para que cuando falle el Metro, &amp;eacute;ste tenga que devolver el boletaje" a los afectados, seg&amp;uacute;n un reporte de la agencia Notimex .</content>
        </sentence>
        <sentence id="6">
          <content>El funcionario dijo que en principio el reintegro del costo del viaje est&amp;aacute; destinado a los usuarios de la L&amp;iacute;nea 12, que cruza de oriente a poniente en el sur de la Ciudad de M&amp;eacute;xico .</content>
        </sentence>
        <sentence id="7">
          <content>Sin embargo, tambi&amp;eacute;n consider&amp;oacute que la medida puede ser empleada en otras l&amp;iacute;neas que registren problemas .</content>
        </sentence>
        <sentence id="8">
          <content>En total, 11 de las 20 estaciones de la L&amp;iacute;nea dorada permanecen cerradas esta semana .</content>
        </sentence>
        <sentence id="9">
          <content>Las autoridades dicen que necesitan realizar un "mantenimiento mayor", aunque otras versiones sobre cu&amp;aacute;les son los problemas han surgido conforme se informa de las fallas en toda la l&amp;iacute;nea inaugurada el 30 de octubre de 2012 .</content>
        </sentence>
        <sentence id="10">
          <content>El cierre parcial ha ocasionadomolestias y retrasosen los cerca de 400,000 capitalinos que diariamente la utilizaban .</content>
        </sentence>
        <sentence id="11">
          <content>Las autoridades dispusieron las rutasTl&amp;aacute;huac-Atlalilco; Tl&amp;aacute;huac-Constituci&amp;oacuten de 1917 y Perif&amp;eacute;rico Oriente-Tasque&amp;ntilde;a con autobuses gratuitos para auxiliar a los usuarios .</content>
        </sentence>
        <sentence id="12">
          <content>Este lunes, Ortega Cuevas acompa&amp;ntilde;&amp;oacute al jefe del Gobierno del Distrito Federal, Miguel &amp;Aacute;ngel Mancera, a la puesta en circulaci&amp;oacuten del quinto tren rehabilitado desde que el costo del viaje en Metro se elev&amp;oacute el pasado 13 de diciembre de tres a cinco pesos, lo cual ha causado molestias en los usuarios .</content>
        </sentence>
        <sentence id="13">
          <content>Tanto Mancera como Ortega prometieron a fin de a&amp;ntilde;o que el alza en el costo del pasaje tendr&amp;iacute;a como fin mejorar el servicio, eliminar el comercio ambulante en sus instalaciones, y satisfacer la demanda cercana a los 5 millones de usuarios diarios con m&amp;aacute;s trenes .</content>
        </sentence>
        <sentence id="14">
          <content>Mancera dijo este lunes, seg&amp;uacute;n Notimex, que el STC est&amp;aacute; haciendo estudios para ampliar la L&amp;iacute;nea 12 hasta el municipio mexiquense de Chalco, en la zona conurbada de la capital del pa&amp;iacute;s, la cual es una de las regiones m&amp;aacute;s densamente pobladas del Valle de M&amp;eacute;xico .</content>
        </sentence>
        <sentence id="15">
          <content>En esa zona tambi&amp;eacute;n transita la L&amp;iacute;nea A del Metro, la cual ha registrado problemas de hundimientos debido a que existen oquedades en el subsuelo, explic&amp;oacute Cuevas este lunes .</content>
        </sentence>
        <sentence id="16">
          <content>Por ello dio a conocer que para encontrar soluciones a ese problema, el STC encarg&amp;oacute un estudio al Instituto de Ingenier&amp;iacute;a de la Universidad Nacional Aut&amp;oacutenoma de M&amp;eacute;xico, el cual calcul&amp;oacute que estas reparaciones de ingenier&amp;iacute;a de subsuelos podr&amp;iacute;an requerir de hasta 950 millones de pesos .</content>
        </sentence>
      </sentences>
    </paragraph>
  </article>
</document>
