<?xml version="1.0" encoding="UTF-8"?>
<document id="846" link="http://mexico.cnn.com/nacional/2014/01/04/las-agresiones-a-periodistas-un-tema-de-impunidad-pendiente-en-mexico" category="Nacional" highlights_mapped="false">
  <title>Las agresiones a periodistas: un tema de impunidad pendiente en M&amp;eacute;xico - Periodistas en peligro - Nacional - CNNMexico.com</title>
  <keywords>periodistas en mexico, asesinador, muertes, cndh, onu, libertad de expersion, dia del periodista</keywords>
  <summaries>
    <highlights>
      <sentence id="1" ids_sentences_article="">En 2013 disminuy&amp;oacute el n&amp;uacute;mero de muertes violentas de periodistas, aunque no est&amp;aacute; confirmado si est&amp;aacute;n vinculadas con su actividad profesional.</sentence>
      <sentence id="2" ids_sentences_article="">Este viernes cuatro periodistas fueron agredidos en Oaxaca.</sentence>
    </highlights>
  </summaries>
  <article>
    <paragraph id="1">
      <sentences>
        <sentence id="1">
          <content>Las agresiones a periodistas: un tema de impunidad pendiente en M&amp;eacute;xico.</content>
        </sentence>
        <sentence id="2">
          <content>Aunque en 2013 se registraron menos muertes de comunicadores, permanece la impunidad en la mayor&amp;iacute;a de los casos.</content>
        </sentence>
        <sentence id="3">
          <content>CIUDAD DE M&amp;Eacute;XICO (CNNM&amp;eacute;xico) -- La cifra de periodistas asesinados en 2013 disminuy&amp;oacute en contraste con el a&amp;ntilde;o anterior, seg&amp;uacute;n el Comit&amp;eacute; de Protecci&amp;oacuten de Periodistas (CPJ) aunque organismos de protecci&amp;oacuten a los derechos humanos critican que en la mayor&amp;iacute;a de los casos persiste la impunidad .</content>
        </sentence>
        <sentence id="4">
          <content>De 1994 a la fecha, elCPJ ha confirmado la muerte de 29 periodistasen M&amp;eacute;xico, los motivos de las agresiones en su contra han sido su actividad profesional .</content>
        </sentence>
        <sentence id="5">
          <content>El comit&amp;eacute; detalla 40 casos m&amp;aacute;s de muertes de periodistas, cuyos motivos a&amp;uacute;n no han sido confirmados .</content>
        </sentence>
        <sentence id="6">
          <content>La Comisi&amp;oacuten Nacional de Derechos Humanos report&amp;oacute que se han registrado 85 homicidios de periodistas de 2000 a 2013 en M&amp;eacute;xico, donde Veracruz y Tamaulipas son las entidades que encabezan la lista con 12 casos, cada uno .</content>
        </sentence>
        <sentence id="7">
          <content>En el mismo lapso han desaparecido 20 y se han dado 40 ataques a medios de comunicaci&amp;oacuten, seg&amp;uacute;n el reporte .</content>
        </sentence>
        <sentence id="8">
          <content>En su &amp;uacute;ltima recomendaci&amp;oacuten general, laCNDH inform&amp;oacute que de 2000 a 2013 se han iniciado 145averiguaciones previaspor agresiones a periodistas, de los que un 89% de ellos qued&amp;oacute impune .</content>
        </sentence>
        <sentence id="9">
          <content>En 2013, al menos tres periodistas mexicanos fueron asesinados .</content>
        </sentence>
        <sentence id="10">
          <content>Jaime Guadalupe Gonz&amp;aacute;lez Dom&amp;iacute;nguez, del desaparecido portal Ojinaga Noticias, en Chihuahua, fue hallado muerto el 3 en marzo de 2013 .</content>
        </sentence>
        <sentence id="11">
          <content>Sigui&amp;oacute el caso de Miguel AlejandroMart&amp;iacute;nez Bazald&amp;uacute;a, del diario Vanguardia, en Saltillo, Coahuila, uno de los estados con mayores &amp;iacute;ndices de violencia en el pa&amp;iacute;s .</content>
        </sentence>
        <sentence id="12">
          <content>El fot&amp;oacutegrafo Alberto L&amp;oacutepez Bello fue hallado sin vida en la ciudad de Oaxaca en julio de 2013 .</content>
        </sentence>
        <sentence id="13">
          <content>En noviembre, la Procuradur&amp;iacute;a General de la Rep&amp;uacute;blicadesvincul&amp;oacute su muerte de su labor period&amp;iacute;stica .</content>
        </sentence>
        <sentence id="14">
          <content>D&amp;iacute;as antes de ser hallado muerto, L&amp;oacutepez Bello hab&amp;iacute;a sido detenido por agentes de la polic&amp;iacute;a estatal junto con otro de sus compa&amp;ntilde;eros, mientras tomaba fotos de un supuesto mensaje del narcotr&amp;aacute;fico colocado en un puente peatonal de la carretera Oaxaca-Puerto Escondido, cerca del aeropuerto local .</content>
        </sentence>
        <sentence id="15">
          <content>En esa ocasi&amp;oacuten, el periodista denunci&amp;oacute que los polic&amp;iacute;as estatales los acusaron de haber colgado la manta .</content>
        </sentence>
        <sentence id="16">
          <content>Este viernes, la organizaci&amp;oacuten Art&amp;iacute;culo 19 alert&amp;oacute de agresiones a tres comunicadores en el estado de Oaxaca, las primeras de 2014 .</content>
        </sentence>
        <sentence id="17">
          <content>Cuatro periodistas del diario oaxaque&amp;ntilde;oEl Tuxtepecanofueron agredidos con machetes, palos y piedras en la toma de protesta del presidente municipal de San Miguel Soyaltepec, Oaxaca, en presencia de elementos de la Polic&amp;iacute;a Estatal .</content>
        </sentence>
        <sentence id="18">
          <content>Art&amp;iacute;culo 19, que promueve la protecci&amp;oacuten a periodistas en el mundo y la libertad de expresi&amp;oacuten, considera que la agresi&amp;oacuten reitera "que las autoridades de Oaxaca no han sido capaces de garantizar la libertad de expresi&amp;oacuten en el estado", e hizo un llamado a sancionar a los responsables .</content>
        </sentence>
        <sentence id="19">
          <content>De acuerdo con la Oficina del Alto Comisionado de las Naciones Unidas en M&amp;eacute;xico el 98% de las agresiones contra defensores y periodistas est&amp;aacute;n impunes y a pesar de que existe una Fiscal&amp;iacute;a Especializada en Delitos contra la Libertad de Expresi&amp;oacuten, s&amp;oacutelo ha emitido una sentencia condenatoria por agresiones contra periodistas .</content>
        </sentence>
        <sentence id="20">
          <content>En el &amp;uacute;ltimoExamen Peri&amp;oacutedico Universal de M&amp;eacute;xico ante la ONU, la agresi&amp;oacuten a periodistas y defensores de derechos humanos fue uno de los temas m&amp;aacute;s se&amp;ntilde;alados por los representantes de Suiza, Noruega, Austria, Espa&amp;ntilde;a, Canad&amp;aacute;, Rep&amp;uacute;blica Checa, Finlandia, Francia y Alemania .</content>
        </sentence>
      </sentences>
    </paragraph>
  </article>
</document>
