<?xml version="1.0" encoding="UTF-8"?>
<document id="683" link="http://mexico.cnn.com/nacional/2014/03/16/mondragon-se-retira-del-campo-operativo-en-labores-de-seguridad" category="Nacional" highlights_mapped="false">
  <title>Mondrag&amp;oacuten se retira del "campo operativo" en labores de seguridad  - Nacional - CNNMexico.com</title>
  <keywords>manuel mondragon y kalb, renuncia, comision nacional de seguridad, secretario, distrito federal, salud, enrique pena nieto, sexenio</keywords>
  <summaries>
    <highlights>
      <sentence id="1" ids_sentences_article="">Manuel Mondrag&amp;oacuten pidi&amp;oacute "retirarse del campo operativo".</sentence>
      <sentence id="2" ids_sentences_article="">Se incorporar&amp;aacute; a tareas de dise&amp;ntilde;o estrat&amp;eacute;gico en materia de seguridad.</sentence>
    </highlights>
  </summaries>
  <article>
    <paragraph id="1">
      <sentences>
        <sentence id="1">
          <content>Mondrag&amp;oacuten se retira del "campo operativo" en labores de seguridad.</content>
        </sentence>
        <sentence id="2">
          <content>El comisionado nacional de seguridad se incorporar&amp;aacute; a tareas de dise&amp;ntilde;o estrat&amp;eacute;gico, inform&amp;oacute el secretario de Gobernaci&amp;oacuten.</content>
        </sentence>
        <sentence id="3">
          <content>(CNNM&amp;eacute;xico) -- Manuel Mondrag&amp;oacuten y Kalb, quien se ha desempe&amp;ntilde;ado como comisionado nacional de seguridad, se retirar&amp;aacute; del "campo operativo" y se incorporar&amp;aacute; a tareas de dise&amp;ntilde;o estrat&amp;eacute;gico en materia de seguridad, inform&amp;oacute este domingo el secretario de Gobernaci&amp;oacuten, Miguel &amp;Aacute;ngel Osorio Chong, en su cuenta de Twitter .</content>
        </sentence>
        <sentence id="4">
          <content>El pr&amp;oacuteximo martes har&amp;eacute; el anuncio oficial .</content>
        </sentence>
        <sentence id="5">
          <content>Nuestra gratitud al Dr @MondragonyKalb por su eficiente y patri&amp;oacutetico trabajo .</content>
        </sentence>
        <sentence id="6">
          <content>-- Miguel A .</content>
        </sentence>
        <sentence id="7">
          <content>OsorioChong (@osoriochong) marzo 16, 2014El titular de la dependencia no precis&amp;oacute si dejar&amp;aacute; el puesto de comisionado nacional de seguridad, que ha ocupado durante poco m&amp;aacute;s de un a&amp;ntilde;o .</content>
        </sentence>
        <sentence id="8">
          <content>Mondrag&amp;oacuten y Kalb ha tenido como tarea conformar una Gendarmer&amp;iacute;a Nacional --cuya activaci&amp;oacuten sigue pendiente--, y ha encabezado operativos de la Polic&amp;iacute;a Federal para desalojar a manifestantes de la Coordinadora Nacional de Trabajadores de la Educaci&amp;oacuten en sitios como la Autopista del Sol de Guerrero y el Z&amp;oacutecalo de la capital mexicana .</content>
        </sentence>
        <sentence id="9">
          <content>Hace un a&amp;ntilde;o y 18 d&amp;iacute;as, el Senado lo ratific&amp;oacute por unanimidad como el nuevo comisionado nacional de seguridad, el 26 de febrero de 2013 .</content>
        </sentence>
        <sentence id="10">
          <content>Antes de la ratificaci&amp;oacuten, desde el inicio del gobierno de Pe&amp;ntilde;a Nieto tuvo el cargo de subsecretario de Planeaci&amp;oacuten y Protecci&amp;oacuten Institucional .</content>
        </sentence>
        <sentence id="11">
          <content>La Comisi&amp;oacuten Nacional de Seguridad (CNS) --que depende de la Secretar&amp;iacute;a de Gobernaci&amp;oacuten-- sustituy&amp;oacute a la desaparecida Secretar&amp;iacute;a de Seguridad P&amp;uacute;blica, que estuvo bajo el mando de Genaro Garc&amp;iacute;a Luna durante el gobierno de Felipe Calder&amp;oacuten (2006-2012) .</content>
        </sentence>
        <sentence id="12">
          <content>En dos de las operaciones de seguridad claves para el gobierno de Pe&amp;ntilde;a Nieto, los titulares de la Procuradur&amp;iacute;a General de la Rep&amp;uacute;blica (PGR), la Secretar&amp;iacute;a de Gobernaci&amp;oacuten, el Sistema Nacional de Seguridad y de la comisi&amp;oacuten especial para Michoac&amp;aacute;n han estado a cargo de brindar informaci&amp;oacuten, sin que Mondrag&amp;oacuten tuviera un papel destacado en los anuncios .</content>
        </sentence>
        <sentence id="13">
          <content>El 22 de febrero pasado, despu&amp;eacute;s de que el presidente Enrique Pe&amp;ntilde;a Nieto confirmara en Twitter que hab&amp;iacute;a sido detenido el l&amp;iacute;der del c&amp;aacute;rtel de Sinaloa, Joaqu&amp;iacute;n el Chapo Guzm&amp;aacute;n --la captura m&amp;aacute;s importante de su gobierno--, el encargado de dar m&amp;aacute;s detalles sobre la operaci&amp;oacuten en una primera instancia fue el procurador general de la Rep&amp;uacute;blica, Jes&amp;uacute;s Murillo Karam, en una conferencia en el hangar de la Secretar&amp;iacute;a de Marina .</content>
        </sentence>
        <sentence id="14">
          <content>En el caso de Michoac&amp;aacute;n, el titular del Sistema Nacional de Seguridad P&amp;uacute;blica, Monte Alejandro Rubido, y el comisionado federal asignado a la entidad, Alfredo Castillo, han estado a cargo de la mayor&amp;iacute;a reportes, y en el caso del &amp;uacute;ltimo de la coordinaci&amp;oacuten de las tareas para disminuir la violencia en la entidad .</content>
        </sentence>
        <sentence id="15">
          <content>La Polic&amp;iacute;a Federal, bajo el mando de Mondrag&amp;oacuten y Kalb, se encarg&amp;oacute de sustituir a los polic&amp;iacute;as locales en 27 municipios de territorio michoacano, donde el gobierno federal activ&amp;oacute un programa de apoyo para reducir la inseguridad provocada por la actividad del grupo criminal de Los Caballeros Templarios, enfrentados con grupos de autodefensa .</content>
        </sentence>
        <sentence id="16">
          <content>El 5 de noviembre de 2013, al presentar su primer informe de labores al frente de la CNS, Mondrag&amp;oacuten y Kalb reconoci&amp;oacute que el gobierno a&amp;uacute;n no hab&amp;iacute;a logrado "limpiar" a la Polic&amp;iacute;a Federal y sacar a todos los elementos que hab&amp;iacute;an cometido actos de corrupci&amp;oacuten .</content>
        </sentence>
        <sentence id="17">
          <content>En ese entonces dijo que se hab&amp;iacute;an presentado 156 denuncias ante delitos cometidos por elementos "que se desviaron en su deber" .</content>
        </sentence>
        <sentence id="18">
          <content>El 15 de octubre de 2013 hab&amp;iacute;a reconocido que en la Polic&amp;iacute;a Federal algunos elementos eran "asaltantes, secuestradores y homicidas", despu&amp;eacute;s de que 13 elementos federales fueran detenidos en Guerrero por presuntas actividades criminales .</content>
        </sentence>
        <sentence id="19">
          <content>El a&amp;uacute;n comisionado tambi&amp;eacute;n mencion&amp;oacute que la Polic&amp;iacute;a Federal bajo su mando hab&amp;iacute;an buscado actuar con respeto a los derechos humanos, y que 16,000 elementos hab&amp;iacute;an sido capacitados en la materia .</content>
        </sentence>
        <sentence id="20">
          <content>Como antecedente del anuncio de Mondrag&amp;oacuten y Kalb para retirarse del "campo operativo" est&amp;aacute; la fuga el viernes pasado de dos reos del Centro Federal de Readaptaci&amp;oacuten Social (Cefereso) N&amp;uacute;mero 9 de Ciudad Ju&amp;aacute;rez, Chihuahua, que es administrado por el gobierno federal .</content>
        </sentence>
        <sentence id="21">
          <content>En un inicio hab&amp;iacute;an logrado fugarse cinco personas, aunque se logr&amp;oacute la recaptura de tres, detall&amp;oacute un vocero de la Fiscal&amp;iacute;a de Chihuahua .</content>
        </sentence>
        <sentence id="22">
          <content>Entre las funciones asignadas al comisionado de seguridad, est&amp;aacute; la deadministrar el sistema penitenciario federal .</content>
        </sentence>
        <sentence id="23">
          <content>De 2008 a 2012, Mondrag&amp;oacuten y Kalb trabaj&amp;oacute como secretario de Seguridad P&amp;uacute;blica del Distrito Federal, durante el gobierno de Marcelo Ebrard, del Partido de la Revoluci&amp;oacuten Democr&amp;aacute;tica (PRD), opositor al Partido Revolucionario Institucional (PRI), del presidente Enrique Pe&amp;ntilde;a Nieto .</content>
        </sentence>
        <sentence id="24">
          <content>Antes, de 2006 a 2008, hab&amp;iacute;a trabajado en el gobierno capitalino como secretario de Salud .</content>
        </sentence>
      </sentences>
    </paragraph>
  </article>
</document>
