<?xml version="1.0" encoding="UTF-8"?>
<document id="885" link="http://mexico.cnn.com/nacional/2014/03/24/el-prd-denuncia-a-exfuncionarios-por-reportar-falsa-muerte-de-el-chayo" category="Nacional" author="Mauricio Torres" highlights_mapped="false">
  <title>Perredistas denuncian a exfuncionarios por reporte de muerte de 'el Chayo' - Nacional - CNNMexico.com</title>
  <keywords>chayo, prd, denuncia, garcia luna, alejandro poire, mexico, seguridad, la familia, michoacan</keywords>
  <summaries>
    <highlights>
      <sentence id="1" ids_sentences_article="">Diputados del PRD denunciaron a dos exfuncionarios por reportar la falsa muerte de 'el Chayo'.</sentence>
      <sentence id="2" ids_sentences_article="">La denuncia se dirige contra Genaro Garc&amp;iacute;a Luna y Alejandro Poir&amp;eacute;.</sentence>
      <sentence id="3" ids_sentences_article="">El PRD los acusa de uso indebido de funciones y de obstruir una investigaci&amp;oacute;n.</sentence>
    </highlights>
  </summaries>
  <article>
    <paragraph id="1">
      <sentences>
        <sentence id="1">
          <content>Perredistas denuncian a exfuncionarios por reporte de muerte de 'el Chayo'.</content>
        </sentence>
        <sentence id="2">
          <content>La izquierda acusa a Garc&amp;iacute;a Luna y Poir&amp;eacute; de uso indebido de funciones por haber reportado err&amp;oacute;neamente que Nazario Moreno hab&amp;iacute;a muerto.</content>
        </sentence>
        <sentence id="3">
          <content>CIUDAD DE M&amp;Eacute;XICO (CNNM&amp;eacute;xico) -- Diputados del Partido de la Revoluci&amp;oacute;n Democr&amp;aacute;tica (PRD) denunciaron penalmente a Genaro Garc&amp;iacute;a Luna y Alejandro Poir&amp;eacute;, exfuncionarios de seguridad en el gobierno del panista Felipe Calder&amp;oacute;n, por haber reportado err&amp;oacute;neamente que el narcotraficante Nazario Moreno, el Chayo, presunto l&amp;iacute;der del grupo criminal de Los Caballeros Templarios --y uno de los fundadores de La Familia Michoacana-- hab&amp;iacute;a muerto en 2010 .</content>
        </sentence>
        <sentence id="4">
          <content>La denuncia argumenta que Garc&amp;iacute;a Luna, exsecretario de Seguridad P&amp;uacute;blica, y Poir&amp;eacute;, exsecretario t&amp;eacute;cnico del Consejo Nacional de Seguridad P&amp;uacute;blica y exvocero de seguridad, incurrieron en uso indebido de funciones y obstrucci&amp;oacute;n de una investigaci&amp;oacute;n y colusi&amp;oacute;n, al decir p&amp;uacute;blicamente que Moreno hab&amp;iacute;a sido abatido cuando no ten&amp;iacute;an pruebas de ello, dijo el perredista Fernando Z&amp;aacute;rate .</content>
        </sentence>
        <sentence id="5">
          <content>El documento fue entregado este lunes a la Procuradur&amp;iacute;a General de la Rep&amp;uacute;blica (PGR) y fue firmado por los diputados Aleida Alavez, vicepresidenta de la C&amp;aacute;mara de Diputados, Miguel Alonso Raya, vicecoordinador de la bancada, &amp;Aacute;ngel Cedillo, Julio C&amp;eacute;sar Moreno y Marcos Rosendo Medina, adem&amp;aacute;s de Z&amp;aacute;rate .</content>
        </sentence>
        <sentence id="6">
          <content>"A partir de ah&amp;iacute; se abre la averiguaci&amp;oacute;n previa e inician las investigaciones .</content>
        </sentence>
        <sentence id="7">
          <content>Imagino que lo que acontecer&amp;aacute; de manera inmediata ser&amp;aacute; que citen, como parte de las investigaciones, a comparecer tanto a Poir&amp;eacute; como a Garc&amp;iacute;a Luna", dijo Z&amp;aacute;rate en entrevista .</content>
        </sentence>
        <sentence id="8">
          <content>Ambos exfuncionarios eran pieza clave de la estrategia de seguridad que Calder&amp;oacute;n, militante del Partido Acci&amp;oacute;n Nacional (PAN), despleg&amp;oacute; durante su mandato (2006-2012) .</content>
        </sentence>
        <sentence id="9">
          <content>En diciembre de 2010, dijeron que Moreno hab&amp;iacute;a muerto en un enfrentamiento con fuerzas federales en Michoac&amp;aacute;n .</content>
        </sentence>
        <sentence id="10">
          <content>Sin embargo, el narcotraficante no muri&amp;oacute; sino que sigui&amp;oacute; operando hasta principios de este a&amp;ntilde;o .</content>
        </sentence>
        <sentence id="11">
          <content>El pasado 9 de marzo, el gobierno de Enrique Pe&amp;ntilde;a Nieto, militante del Partido Revolucionario Institucional (PRI), report&amp;oacute; que Moreno fue abatido en un operativo militar y difundi&amp;oacute; fotograf&amp;iacute;as del cad&amp;aacute;ver .</content>
        </sentence>
        <sentence id="12">
          <content>Tras el anuncio, Poir&amp;eacute; reconoci&amp;oacute; el error de 2010 y dijo que se debi&amp;oacute; a que las autoridades entonces no contaron con suficiente informaci&amp;oacute;n .</content>
        </sentence>
        <sentence id="13">
          <content>La PGR no tiene un plazo determinado para investigar la denuncia de los legisladores del PRD, aunque los diputados de izquierda exigen que se lleve a cabo con rapidez y se act&amp;uacute;e penalmente contra Garc&amp;iacute;a Luna y Poir&amp;eacute; .</content>
        </sentence>
        <sentence id="14">
          <content>"Jur&amp;iacute;dicamente no hay duda alguna (de que se cometi&amp;oacute; un delito) .</content>
        </sentence>
        <sentence id="15">
          <content>Pol&amp;iacute;ticamente veamos si el procurador s&amp;iacute; quiere hacer justicia en M&amp;eacute;xico", dijo Z&amp;aacute;rate .</content>
        </sentence>
        <sentence id="16">
          <content>El exdirector del Centro de Investigaci&amp;oacute;n y Seguridad Nacional (Cisen), Guillermo Vald&amp;eacute;s, reconoci&amp;oacute; el pasado 13 de marzo que las autoridades cometieron un error al dar por muerto a Moreno, aunque rechaz&amp;oacute; que hayan buscado "enga&amp;ntilde;ar" a la ciudadan&amp;iacute;a .</content>
        </sentence>
        <sentence id="17">
          <content>Poir&amp;eacute; fue uno de los funcionarios m&amp;aacute;s cercanos a Calder&amp;oacute;n, en cuyo mandato fue vocero de seguridad, subsecretario y secretario de Gobernaci&amp;oacute;n al final de la administraci&amp;oacute;n .</content>
        </sentence>
        <sentence id="18">
          <content>Garc&amp;iacute;a Luna, en tanto, fue uno de los pocos integrantes del gabinete presidencial que permaneci&amp;oacute; en el cargo durante los seis a&amp;ntilde;os de mandato .</content>
        </sentence>
        <sentence id="19">
          <content>Los dips @AlonsoRaya_ @ALEIDAALAVEZ y yo presentamos denuncia vs Poire y Garc&amp;iacute;a Luna por doble muerte de 'El Chayo' .</content>
        </sentence>
        <sentence id="20">
          <content>com/okV4PNHqMc-- Fernando Z&amp;aacute;rate S (@FernandoZarateS) marzo 24, 2014.</content>
        </sentence>
      </sentences>
    </paragraph>
  </article>
</document>
