<?xml version="1.0" encoding="UTF-8"?>
<document id="482" link="http://mexico.cnn.com/nacional/2014/03/14/71-aspirantes-pasan-el-primer-filtro-en-la-carrera-hacia-el-ine" category="Nacional" highlights_mapped="false">
  <title>71 aspirantes pasan el primer filtro en la 'carrera' hacia el INE - Nacional - CNNMexico.com</title>
  <keywords>ine, aspirantes, 71 aspirantes, 71, consejeros, electorales, instituto, seleccion, convocatoria, comite, tecnico, evaluador</keywords>
  <summaries>
    <highlights>
      <sentence id="1" ids_sentences_article="">71 de 307 aspirantes avanzaron en el proceso de selecci&amp;oacuten para el INE.</sentence>
      <sentence id="2" ids_sentences_article="">El comit&amp;eacute; evaluador los citar&amp;aacute; a comparecer el 17 y el 18 de marzo.</sentence>
      <sentence id="3" ids_sentences_article="">De ellos, 16 quedar&amp;aacute;n fuera de las 11 quintetas de finalistas.</sentence>
    </highlights>
  </summaries>
  <article>
    <paragraph id="1">
      <sentences>
        <sentence id="1">
          <content>71 aspirantes pasan el primer filtro en la 'carrera' hacia el INE.</content>
        </sentence>
        <sentence id="2">
          <content>El comit&amp;eacute; evaluador citar&amp;aacute; a los candidatos la pr&amp;oacutexima semana, luego de descartar a otras 236 personas que buscaban ser consejero electoral.</content>
        </sentence>
        <sentence id="3">
          <content>CIUDAD DE M&amp;Eacute;XICO (CNNM&amp;eacute;xico) -- De los 307 aspirantes que se registraron por un asiento en el nuevo Instituto Nacional Electoral (INE), 71 pasaron el primer filtro de selecci&amp;oacuten al cumplir con los requisitos legales y ser los m&amp;aacute;s aptos para el cargo, inform&amp;oacute el comit&amp;eacute; evaluador responsable del proceso .</content>
        </sentence>
        <sentence id="4">
          <content>La elecci&amp;oacuten de los aspirantes se bas&amp;oacute fundamentalmente en sus ensayos y publicaciones, en los que se evalu&amp;oacute la capacidad de argumentaci&amp;oacuten de cada persona y su "conciencia de los desaf&amp;iacute;os que enfrentar&amp;aacute;, si fuera el caso, una vez que asuma el cargo como consejero del nuevo INE", se&amp;ntilde;al&amp;oacute el comit&amp;eacute; en un comunicado .</content>
        </sentence>
        <sentence id="5">
          <content>El INE fue creado con la reforma pol&amp;iacute;tico-electoral promulgada en febrero pasado y, a m&amp;aacute;s tardar en junio, sustituir&amp;aacute; al actual Instituto Federal Electoral (IFE) .</content>
        </sentence>
        <sentence id="6">
          <content>La nueva instituci&amp;oacuten tendr&amp;aacute; m&amp;aacute;s presupuesto y facultades que el IFE, pues no s&amp;oacutelo se encargar&amp;aacute; de organizar comicios federales sino que en algunos casos podr&amp;aacute; atraer elecciones en estados y municipios y ser&amp;aacute; responsable de fiscalizar las finanzas de todos los partidos .</content>
        </sentence>
        <sentence id="7">
          <content>Los 71 aspirantes que pasaron el primer filtro ser&amp;aacute;n citados a comparecer ante el comit&amp;eacute; los pr&amp;oacuteximos 17 y 18 de marzo .</content>
        </sentence>
        <sentence id="8">
          <content>En la lista est&amp;aacute;n, entre otros, los actuales cuatro consejeros del IFE --Mar&amp;iacute;a Marv&amp;aacute;n, Marco Ba&amp;ntilde;os, Lorenzo C&amp;oacuterdova y Benito Nacif--, el secretario ejecutivo del instituto, Edmundo Jacobo Molina, y el exconsejero Arturo S&amp;aacute;nchez .</content>
        </sentence>
        <sentence id="9">
          <content>Tambi&amp;eacute;n hay consejeros y exconsejeros electorales locales, como Diana Talavera, presidenta del Instituto Electoral del Distrito Federal (IEDF), y Carla Humphrey, exintegrante del mismo &amp;oacutergano, as&amp;iacute; como exmagistrados electorales, como Jos&amp;eacute; Fernando Ojesto .</content>
        </sentence>
        <sentence id="10">
          <content>De los 71 aspirantes, 16 ser&amp;aacute;n eliminados porque el comit&amp;eacute; evaluador debe elegir a 55 finalistas repartidos en 11 quintetas, una por cada asiento vacante en el INE .</content>
        </sentence>
        <sentence id="11">
          <content>A m&amp;aacute;s tardar el 1 de abril, el comit&amp;eacute; debe enviar ese listado a la Junta de Coordinaci&amp;oacuten Pol&amp;iacute;tica (Jucopo) de la C&amp;aacute;mara de Diputados, para que las bancadas negocien y acuerden a qui&amp;eacute;nes elegir&amp;aacute;n .</content>
        </sentence>
        <sentence id="12">
          <content>Legisladores de los principales partidos consultados esta semana dijeron que evitar&amp;aacute;n expresar qui&amp;eacute;nes son sus aspirantes favoritos para no influir en las decisiones del comit&amp;eacute;, integrado por siete expertos en materia electoral .</content>
        </sentence>
        <sentence id="13">
          <content>Una vez que la Jucopo acuerde los nombres de los 11 candidatos al INE, el tema tendr&amp;aacute; que ser votado por el pleno de la C&amp;aacute;mara de Diputados, donde las propuestas tendr&amp;aacute;n que alcanzar dos terceras partes de los votos para ser aprobadas .</content>
        </sentence>
        <sentence id="14">
          <content>Aqu&amp;iacute; puedes revisar la lista completa de los 71 aspirantes seleccionados .</content>
        </sentence>
      </sentences>
    </paragraph>
  </article>
</document>
