<?xml version="1.0" encoding="UTF-8"?>
<document id="829" link="http://mexico.cnn.com/nacional/2014/02/19/gregorio-jimenez-veracruz-reportero-asesinato-presuntos-responsables" category="Nacional" highlights_mapped="false">
  <title>Seis acusados por la muerte de Gregorio Jim&amp;eacute;nez pasar&amp;aacute;n juicio en prisi&amp;oacuten - Periodistas en peligro - Nacional - CNNMexico.com</title>
  <keywords>gregorio jimenez, formal prision, presuntos, responsables, reportero, notisur, veracruz, teresa de jesus, juez</keywords>
  <summaries>
    <highlights>
      <sentence id="1" ids_sentences_article="">Un juez de Veracruz dict&amp;oacute auto de formal prisi&amp;oacuten contra seis personas por la muerte de un reportero.</sentence>
      <sentence id="2" ids_sentences_article="">El cuerpo de Gregorio Jim&amp;eacute;nez fue encontrado el 11 de febrero en la localidad de Las Choapas.</sentence>
      <sentence id="3" ids_sentences_article="">Su vecina Teresa de Jes&amp;uacute;s Hern&amp;aacute;ndez est&amp;aacute; acusada de ser la autora intelectual del asesinato.</sentence>
    </highlights>
  </summaries>
  <article>
    <paragraph id="1">
      <sentences>
        <sentence id="1">
          <content>Seis acusados por la muerte de Gregorio Jim&amp;eacute;nez pasar&amp;aacute;n juicio en prisi&amp;oacuten.</content>
        </sentence>
        <sentence id="2">
          <content>Entre los sospechosos est&amp;aacute; la vecina del reportero, quien supuestamente lo hab&amp;iacute;a amenazado de muerte por una nota que public&amp;oacute.</content>
        </sentence>
        <sentence id="3">
          <content>(CNNM&amp;eacute;xico) -- Los seis presuntos responsables de la muerte del periodista Gregorio Jim&amp;eacute;nez enfrentar&amp;aacute;n su juicio recluidos, tras la determinaci&amp;oacuten de un juez estatal, inform&amp;oacuteel gobierno de Veracruz este mi&amp;eacute;rcoles en un comunicado .</content>
        </sentence>
        <sentence id="4">
          <content>Teresa de Jes&amp;uacute;s Hern&amp;aacute;ndez Cruz, presunta autora intelectual del asesinato, as&amp;iacute; como los presuntos autores materiales Jos&amp;eacute; Luis M&amp;aacute;rquez Hern&amp;aacute;ndez, Santos Gonz&amp;aacute;lez Santiago, Jes&amp;uacute;s Antonio P&amp;eacute;rez Herrera, Juan Manuel Rodr&amp;iacute;guez Hern&amp;aacute;ndez y Gerardo Contreras Hern&amp;aacute;ndez son los acusados .</content>
        </sentence>
        <sentence id="5">
          <content>Los cinco hombres tambi&amp;eacute;n son se&amp;ntilde;alados por participar en el secuestro y homicidio de otras dos personas, indic&amp;oacute el gobierno .</content>
        </sentence>
        <sentence id="6">
          <content>El cuerpo de Jim&amp;eacute;nez, reportero de sucesos policiales para el peri&amp;oacutedicoNotiSUR,fue localizado el 11 de febrero en una fosa en la localidad de Las Choapas, en el sur del estado .</content>
        </sentence>
        <sentence id="7">
          <content>Las autoridades veracruzanas se&amp;ntilde;alaron que tras "desahogar diversas l&amp;iacute;neas de investigaci&amp;oacuten", consideraban que un problema con una vecina hab&amp;iacute;a sido el motivo del asesinato .</content>
        </sentence>
        <sentence id="8">
          <content>Jim&amp;eacute;nez, quien escrib&amp;iacute;a sobresu comunidad de Villa Allende, en el municipio de Coatzacoalcos, supuestamente recibi&amp;oacute una amenaza de muerte de su vecina debido a informaci&amp;oacuten que public&amp;oacute acerca de un crimen a las afueras de un bar que le pertenec&amp;iacute;a a Hern&amp;aacute;ndez, dijo a CNNM&amp;eacute;xicosu esposa, Carmela Hern&amp;aacute;ndez .</content>
        </sentence>
        <sentence id="9">
          <content>La organizaci&amp;oacuten de derechos humanos Art&amp;iacute;culo 19 tiene documentados 75 asesinatos de periodistas en M&amp;eacute;xico entre 2000 y 2014, 15 de los cuales han sido en Veracruz .</content>
        </sentence>
        <sentence id="10">
          <content>De esos,10 han ocurrido durante la administraci&amp;oacuten del gobernador Javier Duarte, que inici&amp;oacute en 2010 .</content>
        </sentence>
        <sentence id="11">
          <content>La Oficina en M&amp;eacute;xico del Alto Comisionado de las Naciones Unidas calific&amp;oacute el caso de Jim&amp;eacute;nez como "un fatal desenlace que trae una vez m&amp;aacute;s el luto a Veracruz" .</content>
        </sentence>
      </sentences>
    </paragraph>
  </article>
</document>
