<?xml version="1.0" encoding="UTF-8"?>
<document id="741" link="http://mexico.cnn.com/nacional/2014/03/04/el-ife-avala-estatutos-del-prd-y-abre-la-puerta-a-dirigencia-de-cardenas" category="Nacional" author="Miguel &amp;Atilde;?ngel Vargas V." highlights_mapped="false">
  <title>El IFE avala estatutos del PRD y 'abre la puerta' a dirigencia de C&amp;aacute;rdenas - Nacional - CNNMexico.com</title>
  <keywords>IFE, Instituto Federal Electoral, estatutos, documentos, documentos b&amp;aacute;sicos, PRD, Partido de la Revolucion Democratica, reeleccion, dirigentes, dirigencia, presidencia, presidente, presidente nacional, Jes&amp;uacute;s Zambrano, Marcelo Ebrard, Cuauhtemoc Cardenas, fundador, Carlos Navarrete, Carlos Sotelo</keywords>
  <summaries>
    <highlights>
      <sentence id="1" ids_sentences_article="">En noviembre de 2013, el XIV Congreso Nacional del PRD reform&amp;oacute sus estatutos para permitir que los expresidentes nacionales del partido puedan volver a ocupar ese cargo . .</sentence>
      <sentence id="2" ids_sentences_article="">Todav&amp;iacute;a queda pendiente que el PRD defina nuevos reglamentos que sean compatibles con la modificaci&amp;oacuten estatutaria.</sentence>
      <sentence id="3" ids_sentences_article="">Jes&amp;uacute;s Zambrano asegur&amp;oacute que Cuauht&amp;eacute;moc C&amp;aacute;rdenas definir&amp;aacute; en los pr&amp;oacuteximos d&amp;iacute;as si compite por la dirigencia nacional del partido.</sentence>
      <sentence id="4" ids_sentences_article="">El periodo de Zambrano al frente de PRD culmina el pr&amp;oacuteximo 21 de marzo; pero podr&amp;iacute;a permanecer como presidente interino.</sentence>
    </highlights>
  </summaries>
  <article>
    <paragraph id="1">
      <sentences>
        <sentence id="1">
          <content>El IFE avala estatutos del PRD y 'abre la puerta' a dirigencia de C&amp;aacute;rdenas.</content>
        </sentence>
        <sentence id="2">
          <content>La autoridad electoral aprob&amp;oacute la reforma a los documentos b&amp;aacute;sicos del partido, que permiten a sus presidentes nacionales repetir en el cargo.</content>
        </sentence>
        <sentence id="3">
          <content>El Instituto Federal Electoral (IFE) aprob&amp;oacute este martes las modificaciones a los estatutos del Partido de la Revoluci&amp;oacuten Democr&amp;aacute;tica (PRD) que permiten que sus ex presidentes nacionales puedan repetir en el cargo; lo que abre la puerta para que Cuauht&amp;eacute;moc C&amp;aacute;rdenas, o cualquier otro de los ex l&amp;iacute;deres del organismo, busque de nuevo la dirigencia .</content>
        </sentence>
        <sentence id="4">
          <content>El Consejo General del IFE desech&amp;oacute por unanimidad nueve impugnaciones presentadas por diversos militantes del PRD a las reformas estatutarias del partido,las cuales fueronaprobadas por su XIV Congreso Nacional el pasado 24 de noviembre .</content>
        </sentence>
        <sentence id="5">
          <content>"Ahora queda pendiente que el propio Partido de la Revoluci&amp;oacuten Democr&amp;aacute;tica haga su propio reglamento para las elecciones siguientes (de su dirigencia); eso tendr&amp;aacute;n que hacerlo en sus tiempos", aclar&amp;oacute la consejera electoral Mar&amp;iacute;a Marv&amp;aacute;n Laborde, en la sesi&amp;oacuten extraordinaria del Consejo General del IFE .</content>
        </sentence>
        <sentence id="6">
          <content>Jes&amp;uacute;s Zambrano,elactual presidente del principal partido de izquierda del pa&amp;iacute;s, que culmina su periodo el pr&amp;oacuteximo 21 de marzo,adelant&amp;oacute que C&amp;aacute;rdenas Sol&amp;oacuterzano anunciar&amp;iacute;a su decisi&amp;oacuten respecto a buscar o no la dirigencia nacional despu&amp;eacute;s de que el IFE avalara esta reforma estatutaria .</content>
        </sentence>
        <sentence id="7">
          <content>"Con el ingeniero C&amp;aacute;rdenas tengo comunicaci&amp;oacuten abierta ( . . . ) Hablamos largamente sobre distintos temas, entre ellos de la renovaci&amp;oacuten de la direcci&amp;oacuten del partido", dijo Zambrano este martes en conferencia de prensa .</content>
        </sentence>
        <sentence id="8">
          <content>"Efectivamente ha habido compa&amp;ntilde;eros que han manifestado su respaldo al ingeniero C&amp;aacute;rdenas; (&amp;eacute;l me dijo) que esperar&amp;iacute;a a que el IFE resolviera sobre la reforma estatutaria y que est&amp;aacute; considerando los pronunciamientos que se han dado por parte de algunos compa&amp;ntilde;eros", a&amp;ntilde;adi&amp;oacute .</content>
        </sentence>
        <sentence id="9">
          <content>En noviembre pasado, Cuauht&amp;eacute;moc C&amp;aacute;rdenas asegur&amp;oacute no tener la intenci&amp;oacuten buscar la dirigencia del PRD .</content>
        </sentence>
        <sentence id="10">
          <content>"Yo no tengo ninguna propuesta ni la estoy buscando (la dirigencia)",se&amp;ntilde;al&amp;oacute en ese momento .</content>
        </sentence>
        <sentence id="11">
          <content>C&amp;aacute;rdenas es uno de los fundadores del PRD, el principal partido de la izquierda mexicana; fue tres veces candidato a la Presidencia de M&amp;eacute;xico (1988, 1994 y 2000) y fue el primer jefe de Gobierno electo del Distrito Federal (en 1997) .</content>
        </sentence>
        <sentence id="12">
          <content>L&amp;iacute;deres de corrientes internas del PRD y los coordinadores parlamentarios en ambas c&amp;aacute;maras del Congreso se han manifestado a favor de que C&amp;aacute;rdenas encabece una candidatura de unidad a la presidencia nacional del partido, para as&amp;iacute; dejar atr&amp;aacute;s las disputas internas ocasionadas por los acuerdos establecidos con el gobierno en el marco del Pacto por M&amp;eacute;xico .</content>
        </sentence>
        <sentence id="13">
          <content>El PRD tambi&amp;eacute;n busca cohesi&amp;oacuten interna para afrontar amenazas electorales externas, luego de que Andr&amp;eacute;s Manuel L&amp;oacutepez Obrador &amp;ndash;su candidato en las &amp;uacute;ltimas dos elecciones presidenciales&amp;ndash; dejara el partido para formar uno nuevo, con el que pretende competir en los comicios federales y locales de 2015 .</content>
        </sentence>
        <sentence id="14">
          <content>Otros perredistas que han expresado su inter&amp;eacute;s por competir por la presidencia nacional del partido son el ex jefe de Gobierno capitalino, Marcelo Ebrard, y los ex senadores Carlos Navarrete &amp;ndash;que representa a Nueva Izquierda, una de las corrientes m&amp;aacute;s importantes del partido&amp;ndash; y Carlos Sotelo .</content>
        </sentence>
        <sentence id="15">
          <content>Jes&amp;uacute;s Zambrano dijo este martes que probablemente el 14 y 15 marzo pr&amp;oacuteximo el partido convocar&amp;aacute; a sesi&amp;oacuten de Consejo Nacional para ah&amp;iacute; emitir la convocatoria con los plazos y los m&amp;eacute;todos para la renovaci&amp;oacuten de la dirigencia del PRD .</content>
        </sentence>
      </sentences>
    </paragraph>
  </article>
</document>
