<?xml version="1.0" encoding="UTF-8"?>
<document id="878" link="http://mexico.cnn.com/planetacnn/2014/03/21/la-basura-en-los-oceanos-dificulta-la-busqueda-del-avion-malasio" category="planetacnn" author="Tom Cohen" highlights_mapped="false">
  <title>La basura en los oc&amp;eacute;anos dificulta la b&amp;uacute;squeda del avi&amp;oacute;n malasio - planetacnn - CNNMexico.com</title>
  <keywords>avi&amp;oacute;n desaparecido, vuelo malasio, basura, oceano, restos, escombros, avion, boeing 777, vuelo 370, malaysia airlines</keywords>
  <summaries>
    <highlights>
      <sentence id="1" ids_sentences_article="">La basura en el oc&amp;eacute;ano distrae a los buscadores del avi&amp;oacute;n perdido de Malaysia Airlines.</sentence>
      <sentence id="2" ids_sentences_article="">Durante a&amp;ntilde;os, los ambientalistas han advertido del aumento de la basura en el oc&amp;eacute;ano.</sentence>
      <sentence id="3" ids_sentences_article="">La mayor parte de la basura que hay en el oc&amp;eacute;ano, como las incontables bolsas de pl&amp;aacute;stico, provienen de tierra firme.</sentence>
      <sentence id="4" ids_sentences_article="">Un cient&amp;iacute;fico se&amp;ntilde;ala que en la b&amp;uacute;squeda del avi&amp;oacute;n se pretende encontrar "un desecho entre miles de millones".</sentence>
    </highlights>
  </summaries>
  <article>
    <paragraph id="1">
      <sentences>
        <sentence id="1">
          <content>La basura en los oc&amp;eacute;anos dificulta la b&amp;uacute;squeda del avi&amp;oacute;n malasio.</content>
        </sentence>
        <sentence id="2">
          <content>Los desechos que terminan el oc&amp;eacute;ano crean manchas de miles kil&amp;oacute;metros cuadrados y la mayor parte provienen de tierra firme.</content>
        </sentence>
        <sentence id="3">
          <content>(CNN) -- Otra mancha de restos, otro de los objetivos hasta ahora infructuosos en la b&amp;uacute;squeda del vuelo 370 de Malaysia Airlines .</content>
        </sentence>
        <sentence id="4">
          <content>Dos semanas despu&amp;eacute;s de que el avi&amp;oacute;n desapareciera, algo ha quedado claro: el oc&amp;eacute;ano est&amp;aacute; literalmente lleno de basura .</content>
        </sentence>
        <sentence id="5">
          <content>"No es como buscar una aguja en un pajar", dijo M .</content>
        </sentence>
        <sentence id="6">
          <content>Sanjayan, cient&amp;iacute;fico en jefe de Conservation International, en referencia a las dificultades para encontrar el avi&amp;oacute;n Boeing 777 .</content>
        </sentence>
        <sentence id="7">
          <content>"Es como buscar una aguja en una f&amp;aacute;brica de agujas .</content>
        </sentence>
        <sentence id="8">
          <content>Es un desecho entre miles de millones que flotan en el oc&amp;eacute;ano" .</content>
        </sentence>
        <sentence id="9">
          <content>"Un desecho entre miles de millones que flotan en el oc&amp;eacute;ano"Los ambientalistas como Sanjayan han advertido durante a&amp;ntilde;os que el abuso humano del mayor ecosistema del planeta provoca importantes problemas a la vida marina y a la gente que depende de ella .</content>
        </sentence>
        <sentence id="10">
          <content>Como los ojos del mundo ahora escudri&amp;ntilde;an las aguas asi&amp;aacute;ticas en busca de cualquier rastro del avi&amp;oacute;n, que med&amp;iacute;a m&amp;aacute;s de 80 metros de largo y pesaba m&amp;aacute;s de 155 toneladas, la magnitud del problema de los desechos en el oc&amp;eacute;ano se ha vuelto evidente .</content>
        </sentence>
        <sentence id="11">
          <content>Inicialmente se dijo que dos objetos que flotaban en el sur del Oc&amp;eacute;ano &amp;Iacute;ndico --entre ellos uno que med&amp;iacute;a casi 24 metros de largo-- eran la mejor pista que detectada hasta la semana pasada, cuando los detect&amp;oacute; un sat&amp;eacute;lite .</content>
        </sentence>
        <sentence id="12">
          <content>Hasta ahora, los aviones de b&amp;uacute;squeda no los han encontrado y tampoco han encontrado otros restos del avi&amp;oacute;n; crecen las especulaciones de que el objeto m&amp;aacute;s grande era un contenedor de transporte que se perdi&amp;oacute; en el mar .</content>
        </sentence>
        <sentence id="13">
          <content>No hay registros definitivos pero, seg&amp;uacute;n el Consejo Mundial de Transporte Mar&amp;iacute;timo, se calcula que de los casi 100 millones de contenedores que se transportan cada a&amp;ntilde;o, entre 700 y hasta 10,000 caen por la borda .</content>
        </sentence>
        <sentence id="14">
          <content>La mayor&amp;iacute;a de la basura proviene de tierra firmeLos contenedores perdidos son solo una parte m&amp;iacute;nima del problema .</content>
        </sentence>
        <sentence id="15">
          <content>Aunque los desechos de los barcos se suman a la contaminaci&amp;oacute;n del oc&amp;eacute;ano, la mayor parte de la basura proviene de tierra firme, dijo Sanjayan .</content>
        </sentence>
        <sentence id="16">
          <content>M&amp;aacute;s de un tercio de los 7,000 millones de personas que habitan en el mundo viven a 96 kil&amp;oacute;metros en promedio de la costa y sus desechos llegan inevitablemente al agua, ya sea deliberada o indirectamente .</content>
        </sentence>
        <sentence id="17">
          <content>Los c&amp;aacute;lculos de varias fuentes, entre ellas del gobierno japon&amp;eacute;s, indican que el tsunami de 2011 arrastr&amp;oacute; al mar m&amp;aacute;s de 10 millones de toneladas de desechos, incluidos casas, llantas, &amp;aacute;rboles y electrodom&amp;eacute;sticos .</content>
        </sentence>
        <sentence id="18">
          <content>Adem&amp;aacute;s, los desechos de pl&amp;aacute;stico --entre ellos las incontables bolsas como las que ofrec&amp;iacute;an cotidianamente las tiendas minoristas y los restaurantes de comida r&amp;aacute;pida hasta que un movimiento provoc&amp;oacute; que decreciera su uso en los &amp;uacute;ltimos a&amp;ntilde;os-- forman enormes manchas de basura que se revuelve en las corrientes oce&amp;aacute;nicas .</content>
        </sentence>
        <sentence id="19">
          <content>Se cree que una de las manchas del Pac&amp;iacute;fico Norte tiene una superficie de al menos 700,000 kil&amp;oacute;metros cuadrados, una superficie equivalente a m&amp;aacute;s de un tercio del territorio de M&amp;eacute;xico .</content>
        </sentence>
        <sentence id="20">
          <content>Sanjayan dijo que el pl&amp;aacute;stico se descompone en el agua salada y forma una especie de "sopa de pl&amp;aacute;stico" que la vida marina ingiere .</content>
        </sentence>
        <sentence id="21">
          <content>Millones de tortugas marinas mueren a causa del pl&amp;aacute;stico cada a&amp;ntilde;o, dijo, y uno de cada 10 peces peque&amp;ntilde;os que se usan como carnada tiene pl&amp;aacute;stico en el est&amp;oacute;mago .</content>
        </sentence>
        <sentence id="22">
          <content>Eso ocurre en las mismas aguas que proveen casi el 15% de la prote&amp;iacute;na animal que la gente consume .</content>
        </sentence>
        <sentence id="23">
          <content>El "retrete" del mundo"El mundo usa el oc&amp;eacute;ano como retrete y luego espera que ese retrete le d&amp;eacute; de comer", se&amp;ntilde;al&amp;oacute; Sanjayan .</content>
        </sentence>
        <sentence id="24">
          <content>Muchos pa&amp;iacute;ses insulares y ciudades costeras carecen de una infraestructura lo suficientemente sofisticada como para lidiar con todos los desechos que producen, dijo .</content>
        </sentence>
        <sentence id="25">
          <content>Adem&amp;aacute;s, gran parte de esos desechos --como los pl&amp;aacute;sticos-- ahora duran tanto que permanecen durante d&amp;eacute;cadas o m&amp;aacute;s .</content>
        </sentence>
        <sentence id="26">
          <content>Sanjayan puso como ejemplo a Daca, la capital de Bangladesh .</content>
        </sentence>
        <sentence id="27">
          <content>Se considera que la capital con 15 millones de habitantes es la ciudad de crecimiento m&amp;aacute;s r&amp;aacute;pido en el mundo y podr&amp;iacute;a extenderse a m&amp;aacute;s de 20 millones de personas en la pr&amp;oacute;xima d&amp;eacute;cada, seg&amp;uacute;n la ONU .</content>
        </sentence>
        <sentence id="28">
          <content>Esa clase de crecimiento excede por mucho la capacidad de lidiar con la basura y las aguas negras, dijo Sanjayan, quien agreg&amp;oacute;: "Todos esos desechos en pa&amp;iacute;ses como ese --poco elevados, propensos a las inundaciones-- fluyen peri&amp;oacute;dicamente hacia el oc&amp;eacute;ano" .</content>
        </sentence>
        <sentence id="29">
          <content>Jason Hanna contribuy&amp;oacute; con este reportaje .</content>
        </sentence>
      </sentences>
    </paragraph>
  </article>
</document>
