<?xml version="1.0" encoding="UTF-8"?>
<document id="940" link="http://mexico.cnn.com/planetacnn/2013/04/22/los-arboles-sufren-para-resistir-al-nuevo-clima-que-impera-en-el-planeta" category="planetacnn" author="Tom Levitt" highlights_mapped="false">
  <title>Los &amp;aacute;rboles sufren para resistir al 'nuevo clima' que impera en el planeta - Planeta CNN - planetacnn - CNNMexico.com</title>
  <keywords>bosuqes, sequia, cambio climatico, cambio, afecta, arboles, bosque tropical, bosque, escarabajo, matorral, arbusto, peligro, amenazado, amenaza, co2, carbono, emisiones, dioxido de carbono, gas invernadero</keywords>
  <summaries>
    <highlights>
      <sentence id="1" ids_sentences_article="">Un estudio ha demostrado que no importa en d&amp;oacutende est&amp;eacute; un &amp;aacute;rbol, las sequ&amp;iacute;as los pueden matar a todos.</sentence>
      <sentence id="2" ids_sentences_article="">Cient&amp;iacute;ficos dicen que los bosques funcionan como un gran filtro de CO2 que ahora est&amp;aacute; desapareciendo.</sentence>
      <sentence id="3" ids_sentences_article="">Aseguran que si los pa&amp;iacute;ses no reducen sus emisiones de carbono los bosques ceder&amp;aacute;n ante el cambio clim&amp;aacute;tico.</sentence>
    </highlights>
  </summaries>
  <article>
    <paragraph id="1">
      <sentences>
        <sentence id="1">
          <content>Los &amp;aacute;rboles sufren para resistir al 'nuevo clima' que impera en el planeta.</content>
        </sentence>
        <sentence id="2">
          <content>Seg&amp;uacute;n un estudio que contempl&amp;oacute m&amp;aacute;s de 226 especies de &amp;aacute;rboles, todos son extremadamente vulnerables a las condiciones actuales.</content>
        </sentence>
        <sentence id="3">
          <content>(CNN)-- Los cient&amp;iacute;ficos han sabido desde hace alg&amp;uacute;n tiempo que el cambio clim&amp;aacute;tico y los impactos de las sequ&amp;iacute;as m&amp;aacute;s largas y las temperaturas m&amp;aacute;s altas podr&amp;iacute;an representar un peligro para los bosques .</content>
        </sentence>
        <sentence id="4">
          <content>Pero muchos pensaban que solo afectar&amp;iacute;a solo a unos cuantos &amp;aacute;rboles, o a lo mejor a los que est&amp;aacute;n en regiones extremadamente &amp;aacute;ridas .</content>
        </sentence>
        <sentence id="5">
          <content>Sin embargo, nuevas investigaciones muestran que una gran mayor&amp;iacute;a de especies de &amp;aacute;rboles de todo el mundo se encuentran al borde del colapso .</content>
        </sentence>
        <sentence id="6">
          <content>Si el esperado paso del cambio clim&amp;aacute;tico sigue as&amp;iacute;, muchos no podr&amp;aacute;n adaptarse a tiempo y podr&amp;iacute;an morir .</content>
        </sentence>
        <sentence id="7">
          <content>Los autores del estudio, cuyos descubrimientos fueron publicados en el diario cient&amp;iacute;fico Nature, observaron a 226 diferentes especies de &amp;aacute;rboles de 81 partes del mundo, cubriendo todo el rango de condiciones clim&amp;aacute;ticas, desde el Mediterr&amp;aacute;neo &amp;aacute;rido hasta el bosque tropical del Amazonas .</content>
        </sentence>
        <sentence id="8">
          <content>Descubrieron que el 70% de los &amp;aacute;rboles estudiados se adaptan cerca del ambiente local, ya sea &amp;aacute;rido o tropical, absorbiendo el agua suficiente para poder sobrevivir, pero los deja muy vulnerables a el m&amp;aacute;s m&amp;iacute;nimo cambio en la precipitaci&amp;oacuten y sobre tdoo al estr&amp;eacute;s de la sequ&amp;iacute;a .</content>
        </sentence>
        <sentence id="9">
          <content>"Pens&amp;aacute;bamos que en las &amp;aacute;reas secas las plantas ya se deber&amp;iacute;an de haber adaptado m&amp;aacute;s de las que crecieron en una regi&amp;oacuten h&amp;uacute;meda, pero descubrimos que eran igualmente vulnerables, fue una gran sorpresa", dice Steven Jansen, de la Universidad Ulm de Alemania, coautor del estudio .</content>
        </sentence>
        <sentence id="10">
          <content>En los periodos de sequ&amp;iacute;a, la red vascular (xylem) que distribuye agua y nutrientes por los &amp;aacute;rboles, desarrolla burbujas de aire que interrumpen el paso del agua .</content>
        </sentence>
        <sentence id="11">
          <content>Mientras vas aumentando el estr&amp;eacute;s de la sequ&amp;iacute;a, estos bloqueos, o 'embolismos' se acumulan, y a la larga hacen que se seque el &amp;aacute;rbol y muera .</content>
        </sentence>
        <sentence id="12">
          <content>"No queremos decir que todos los &amp;aacute;rboles est&amp;aacute;n condenados .</content>
        </sentence>
        <sentence id="13">
          <content>Algunas especies pueden migrar a ubicaciones m&amp;aacute;s altas, pero eso no siempre es posible en algunas regiones donde no hay tierras altas o donde el paisaje forestal ya est&amp;aacute; fragmentado", dijo Jansen .</content>
        </sentence>
        <sentence id="14">
          <content>Podr&amp;iacute;a ayudar el identificar m&amp;aacute;s especies de &amp;aacute;rboles tolerantes a la sequ&amp;iacute;a para meterlas a las plantaciones forestales, dice &amp;eacute;l .</content>
        </sentence>
        <sentence id="15">
          <content>Pruebas de ese tipo han funcionado en Europa para reducir la densidad de la vegetaci&amp;oacuten, al meter a ovejas o cabras para que se coman los matorrales .</content>
        </sentence>
        <sentence id="16">
          <content>"Menos densidad y competencia entre las plantas le permite a los &amp;aacute;rboles tolerar m&amp;aacute;s las sequ&amp;iacute;as", dice &amp;eacute;l .</content>
        </sentence>
        <sentence id="17">
          <content>Para Craig Allen, del Instituto de Investigaci&amp;oacuten Geol&amp;oacutegica de Estados Unidos, los descubrimientos del estudio aportan m&amp;aacute;s evidencia de que todos los tipos de forestaci&amp;oacuten corren cada vez m&amp;aacute;s riesgo por el cambio clim&amp;aacute;tico .</content>
        </sentence>
        <sentence id="18">
          <content>"Sugiere que si las proyecciones de temperatura son correctas ahora estamos entrando a un periodo que podr&amp;iacute;a llamarse 'el fin de los &amp;aacute;rboles viejos', ya que los &amp;aacute;rboles actuales se mueren cada vez m&amp;aacute;s del estr&amp;eacute;s por sequ&amp;iacute;a o calor que crece r&amp;aacute;pidamente, a lo mejor ser&amp;aacute; una moda de unos a&amp;ntilde;os o d&amp;eacute;cadas", dice Allen .</content>
        </sentence>
        <sentence id="19">
          <content>Allen dijo que los aumentos de temperatura y las sequias dejaban a los &amp;aacute;rboles en el suroeste estadounidense cada vez m&amp;aacute;s vulnerable a los brotes de insectos y a los incendios forestales .</content>
        </sentence>
        <sentence id="20">
          <content>Los bosques absorben m&amp;aacute;s di&amp;oacutexido de carbono (CO2) de la atm&amp;oacutesfera del que producen, lo que quiere decir que ayudan a reducir la emisi&amp;oacuten de gases invernadero en la atm&amp;oacutesfera y a mitigar el calentamiento global .</content>
        </sentence>
        <sentence id="21">
          <content>Sin embargo, los &amp;aacute;rboles que sufren de sequ&amp;iacute;a absorben menos CO2 y, si mueren o se queman en incendios forestales, liberan mucho m&amp;aacute;s CO2 (50% del &amp;aacute;rbol es carb&amp;oacuten) .</content>
        </sentence>
        <sentence id="22">
          <content>El resultado es lo que los cient&amp;iacute;ficos llaman un lazo de retroalimentaci&amp;oacuten negativa .</content>
        </sentence>
        <sentence id="23">
          <content>Si los arboles absorben menos CO2 porque est&amp;aacute;n estresados, entonces aumentar&amp;aacute;n los niveles de CO2 en la atm&amp;oacutesfera, poniendo m&amp;aacute;s bosques en riesgo .</content>
        </sentence>
        <sentence id="24">
          <content>En el 2005, una sequ&amp;iacute;a en la regi&amp;oacuten del Amazonasderiv&amp;oacute en incendios forestales que se esparcieron y convirtieron un bosque tropical en una fuente de carb&amp;oacuten .</content>
        </sentence>
        <sentence id="25">
          <content>Otra sequ&amp;iacute;a severa registrada en el 2010 a&amp;uacute;n es analizada, pero los investigadores creen que pudo haber sido peor .</content>
        </sentence>
        <sentence id="26">
          <content>"Si las sequias extremas como estas se hacen m&amp;aacute;s frecuentes, los d&amp;iacute;as del Amazonas actuando como amortiguador natural a las emisiones de carbono del hombre pueden estar contados", dijo Simon Lewis, ecologista forestal de la University College London .</content>
        </sentence>
        <sentence id="27">
          <content>&amp;Aacute;rboles, plantas y suelos, actualmente,absorben aproximadamente un cuartode las emisiones de CO2 producidas por humanos, pero cient&amp;iacute;ficos que se dedican al estudio del clima, como Lewis, creen que pronto podr&amp;aacute;n desaparecer .</content>
        </sentence>
        <sentence id="28">
          <content>"El subsidio gratuito de la naturaleza que proveen los bosques para reducir el cambio clim&amp;aacute;tico puede ser menos seguro de lo que muchos piensan", dice Lewis .</content>
        </sentence>
        <sentence id="29">
          <content>La deforestaci&amp;oacuten y la degradaci&amp;oacuten forestal ya representa el 12% de las emisiones de carbono, dice el Centro de Investigaci&amp;oacuten Forestal Internacional (CIFOR por sus siglas en ingl&amp;eacute;s) .</content>
        </sentence>
        <sentence id="30">
          <content>Louis Verchot, director de CIFOR's Forests y Programas Ambientales, le ha pedido a las naciones m&amp;aacute;s grandes que hagan algo por las emisiones de CO2 .</content>
        </sentence>
      </sentences>
    </paragraph>
  </article>
</document>
