<?xml version="1.0" encoding="UTF-8"?>
<document id="703" link="http://mexico.cnn.com/planetacnn/2013/05/30/comer-medusas-puede-salvar-a-especies-marinas-segun-la-fao" category="planetacnn" highlights_mapped="false">
  <title>Comer medusas puede salvar a especies marinas, seg&amp;uacute;n la FAO - planetacnn - CNNMexico.com</title>
  <keywords>medusas, fao, informe, plaga, oceanos, recomienda, comer, comida,</keywords>
  <summaries>
    <highlights>
      <sentence id="1" ids_sentences_article="">Las medusas esconden secretos importantes sobre la evoluci&amp;oacuten, seg&amp;uacute;n la FAO.</sentence>
      <sentence id="2" ids_sentences_article="">Existe una especie llamada 'medusa inmortal' que podr&amp;iacute;a ayudar a prevenir el envejecimento.</sentence>
    </highlights>
  </summaries>
  <article>
    <paragraph id="1">
      <sentences>
        <sentence id="1">
          <content>Comer medusas puede salvar a especies marinas, seg&amp;uacute;n la FAO.</content>
        </sentence>
        <sentence id="2">
          <content>La proliferaci&amp;oacuten de estos animales en algunas regiones del mundo afecta a la ecolog&amp;iacute;a y varias actividades humanas.</content>
        </sentence>
        <sentence id="3">
          <content>(CNNM&amp;eacute;xico) -- "Si no puedes contra ellas . . . c&amp;oacutemetelas" .</content>
        </sentence>
        <sentence id="4">
          <content>Esaes la recomendaci&amp;oacuten de la Organizaci&amp;oacuten de las Naciones Unidas para la Agricultura y la Alimentaci&amp;oacuten (FAO) ante la proliferaci&amp;oacuten de las medusas, que representan un riesgo para algunas especies y afectan varias actividades humanas .</content>
        </sentence>
        <sentence id="5">
          <content>Las tambi&amp;eacute;n llamadas aguamalas amenazan algunas especies porque se alimentan de larvas y peces peque&amp;ntilde;os, lo que sumado a la pesca excesiva reduce la capacidad de recuperaci&amp;oacuten de algunas poblaciones .</content>
        </sentence>
        <sentence id="6">
          <content>Pescarlas, conservarlas, empacarlas y venderlas puede ser una estrategia "sabia" dado que su abundanciaen algunas regiones del mundo tiene consecuencias para la pesca, la salud p&amp;uacute;blica, el turismoyla industria alimenticia .</content>
        </sentence>
        <sentence id="7">
          <content>La presencia de aguamalas ha aumentado en el Mediterr&amp;aacute;neo y el mar Negro debido, entre otras razones, a la sobrepesca que elimina a sus depredadores naturales, se&amp;ntilde;ala la FAO en el Estudio de la proliferaci&amp;oacuten de medusas en el Mediterr&amp;aacute;neo y el Mar Negrodado a conocer este jueves en Roma .</content>
        </sentence>
        <sentence id="8">
          <content>La eutrofizaci&amp;oacuten (aumento de nutrientes en el agua), el uso de diques para evitar la erosi&amp;oacuten costera y el aumento de los puertos tur&amp;iacute;sticos--uno de sus h&amp;aacute;bitats ideales-- contribuyen al aumento de estos animales .</content>
        </sentence>
        <sentence id="9">
          <content>Las medusas tambi&amp;eacute;n contienen qu&amp;iacute;micos que pueden ser utilizados para algunos medicamentos .</content>
        </sentence>
        <sentence id="10">
          <content>La FAO se&amp;ntilde;ala que, como la especie m&amp;aacute;s antigua, las aguamalas a&amp;uacute;n esconden secretos importantes de la evoluci&amp;oacuten .</content>
        </sentence>
        <sentence id="11">
          <content>En el caso de la "medusa inmortal", por ejemplo, podr&amp;iacute;a ayudar a desarrollar el campo de investigaci&amp;oacuten sobre la prevenci&amp;oacuten del envejecimiento .</content>
        </sentence>
        <sentence id="12">
          <content>De no reducirse el n&amp;uacute;mero de medusas en los oc&amp;eacute;anos, la presencia de estas rebasar&amp;aacute; a la de los peces, advierte el reporte .</content>
        </sentence>
        <sentence id="13">
          <content>La FAO recomienda crear sistemas de alerta temprana, barreras de protecci&amp;oacuten para las granjas acu&amp;iacute;colas, reducir la sobrepesca y las emisiones de gases de efecto invernadero .</content>
        </sentence>
        <sentence id="14">
          <content>La especie de medusa conocida como Mnemiopsis leidyi fue introducida accidentalmente en el Mar Negro en 1980, donde gener&amp;oacute un "grave impacto", seg&amp;uacute;n el informe .</content>
        </sentence>
        <sentence id="15">
          <content>En el mar Adri&amp;aacute;tico tambi&amp;eacute;n se observ&amp;oacute un descenso de la poblaci&amp;oacuten de peces con la llegada de oleadas sucesivas de la medusa Pelagia noctiluca .</content>
        </sentence>
        <sentence id="16">
          <content>La regi&amp;oacuten todav&amp;iacute;a no vuelve a la normalidad .</content>
        </sentence>
      </sentences>
    </paragraph>
  </article>
</document>
