<?xml version="1.0" encoding="UTF-8"?>
<document id="563" link="http://mexico.cnn.com/planetacnn/2013/12/15/mexico-es-el-mayor-generador-de-basura-electronica-per-capita-de-al" category="planetacnn" highlights_mapped="false">
  <title>M&amp;eacute;xico es el mayor generador de basura electr&amp;oacutenica per c&amp;aacute;pita de AL - planetacnn - CNNMexico.com</title>
  <keywords>basura electronica, dispositivos electronicos, e waste, telefonos moviles, televisores, pantallas, monitores, contaminacion</keywords>
  <summaries>
    <highlights>
      <sentence id="1" ids_sentences_article="">M&amp;eacute;xico produjo un mill&amp;oacuten de toneladas de basura electr&amp;oacutenica en 2012, seg&amp;uacute;n un estudio.</sentence>
      <sentence id="2" ids_sentences_article="">Junto con Brasil, que produjo 1 . 4 millones, fueron los m&amp;aacute;ximos generadores de Am&amp;eacute;rica Latina.</sentence>
      <sentence id="3" ids_sentences_article="">Para 2017, la producci&amp;oacuten mundial de basura electr&amp;oacutenica ser&amp;aacute; de 65 millones de toneladas.</sentence>
    </highlights>
  </summaries>
  <article>
    <paragraph id="1">
      <sentences>
        <sentence id="1">
          <content>M&amp;eacute;xico es el mayor generador de basura electr&amp;oacutenica per c&amp;aacute;pita de AL.</content>
        </sentence>
        <sentence id="2">
          <content>Los mexicanos generaron en promedio nueve kilos de desechos electr&amp;oacutenicos al a&amp;ntilde;o, dos kilos m&amp;aacute;s que los brasile&amp;ntilde;os, seg&amp;uacute;n un estudio.</content>
        </sentence>
        <sentence id="3">
          <content>(EFE) -- Cada mexicano produjo en promedio nueve kilos de basura electr&amp;oacutenica en 2012, con lo que el pa&amp;iacute;s se posicion&amp;oacute como el m&amp;aacute;ximo generador per c&amp;aacute;pita de estos desechos en Am&amp;eacute;rica Latina, seg&amp;uacute;n un estudio .</content>
        </sentence>
        <sentence id="4">
          <content>El promedio de e-waste en M&amp;eacute;xico super&amp;oacute incluso al de Brasil, que se ubic&amp;oacute en siete kilos por habitante, seg&amp;uacute;n detall&amp;oacute el estudio publicado este domingo por la Universidad de las Naciones Unidas (UNU) .</content>
        </sentence>
        <sentence id="5">
          <content>Brasil gener&amp;oacute en total 1 .</content>
        </sentence>
        <sentence id="6">
          <content>4 millones de toneladas contra el mill&amp;oacuten producido por M&amp;eacute;xico, pero la divisi&amp;oacuten de esos n&amp;uacute;meros entre sus respectivas poblaciones dej&amp;oacute a los mexicanos con una proporci&amp;oacuten desfavorable en cuanto a la emisi&amp;oacuten de estos desechos, seg&amp;uacute;n el estudio de la Iniciativa StEP, una alianza de organizaciones de la ONU, empresas, gobiernos y organizaciones de la sociedad civil .</content>
        </sentence>
        <sentence id="7">
          <content>El estudio se&amp;ntilde;al&amp;oacute a M&amp;eacute;xico y Brasil como los m&amp;aacute;ximos generadores de basura de Am&amp;eacute;rica Latina .</content>
        </sentence>
        <sentence id="8">
          <content>M&amp;eacute;xico es uno de los principales destinos de aparatos usados --como televisores y monitores--, que son exportados de Estados Unidos a Am&amp;eacute;rica Latina para ser vendidos nuevamente, seg&amp;uacute;n un estudio tambi&amp;eacute;n presentado este domingo del Instituto Tecnol&amp;oacutegico de Massachusetts (MIT) y el Centro Nacional de Reciclado de Electr&amp;oacutenica de Estados Unidos .</content>
        </sentence>
        <sentence id="9">
          <content>EU, el campe&amp;oacuten del e-wasteEn 2012 se produjeron en todo el mundo casi 49 millones de toneladas m&amp;eacute;tricas de basura, equivalentes a siete kilos por cada habitante del planeta, pero este promedio per c&amp;aacute;pita es casi cuatro veces mayor entre los estadounidenses, seg&amp;uacute;n el estudio de StEP .</content>
        </sentence>
        <sentence id="10">
          <content>Estados Unidos gener&amp;oacute 29 .</content>
        </sentence>
        <sentence id="11">
          <content>8 kilos de basura electr&amp;oacutenica por persona y se situ&amp;oacute por encima de China aun en el total de producci&amp;oacuten de estos desechos .</content>
        </sentence>
        <sentence id="12">
          <content>Estados Unidos gener&amp;oacute 9 .</content>
        </sentence>
        <sentence id="13">
          <content>4 millones de toneladas de basura, mientras que China desech&amp;oacute 7 .</content>
        </sentence>
        <sentence id="14">
          <content>3 millones, a pesar de que China tiene una mayor producci&amp;oacuten de equipos electr&amp;oacutenicos y el&amp;eacute;ctricos (11 .</content>
        </sentence>
        <sentence id="15">
          <content>1 millones de toneladas contra 10 millones de EU) .</content>
        </sentence>
        <sentence id="16">
          <content>Desechos en aumentoEl estudio sobre basura electr&amp;oacutenica prev&amp;eacute; que para 2017 estos desechos aumenten un 33% .</content>
        </sentence>
        <sentence id="17">
          <content>La basura pronosticada a cinco a&amp;ntilde;os pesar&amp;aacute; 65 .</content>
        </sentence>
        <sentence id="18">
          <content>4 millones de toneladas, equivalente a 200 edificios como el Empire State de Nueva York u 11 veces la Gran Pir&amp;aacute;mide de Giza en Egipto .</content>
        </sentence>
      </sentences>
    </paragraph>
  </article>
</document>
