<?xml version="1.0" encoding="UTF-8"?>
<document id="508" link="http://mexico.cnn.com/planetacnn/2014/02/05/activistas-dicen-que-las-autoridades-de-sochi-envenan-a-perros-callejeros" category="planetacnn" author="Ivan Watson y Nikolai Yarst" highlights_mapped="false">
  <title>Activistas dicen que autoridades de Sochi envenenan a perros callejeros - PlanetaCNN, canal - planetacnn - CNNMexico.com</title>
  <keywords>sochi, rusia, sede de los juegos olimpicos, invierno, matanza, perros callejeros, autoridades, refugio, sociedad protectora de animales, envenenar perros</keywords>
  <summaries>
    <highlights>
      <sentence id="1" ids_sentences_article="">Activistas rusos por los derechos de los animales acusan a las autoridades de llevar a cabo una campa&amp;ntilde;a de exterminio.</sentence>
      <sentence id="2" ids_sentences_article="">Algunos ciudadanos han reportado haber visto a perros convulsionando.</sentence>
      <sentence id="3" ids_sentences_article="">El Comit&amp;eacute; Organizador de los Ol&amp;iacute;mpicos se&amp;ntilde;al&amp;oacute que se contrataron a 'veterinarios profesionales' para recoger a los animales.</sentence>
    </highlights>
  </summaries>
  <article>
    <paragraph id="1">
      <sentences>
        <sentence id="1">
          <content>Activistas dicen que autoridades de Sochi envenenan a perros callejeros.</content>
        </sentence>
        <sentence id="2">
          <content>Residentes de la ciudad que albergar&amp;aacute; los Ol&amp;iacute;mpicos de Invierno han reportado que han visto a varios de estos animales convulsionando.</content>
        </sentence>
        <sentence id="3">
          <content>SOCHI, Rusia (CNN) -- Miles de perros callejeros deambulan por las calles de Sochi .</content>
        </sentence>
        <sentence id="4">
          <content>Andan por los parques remodelados y los conjuntos de nuevas casas que se han construido en este destino tur&amp;iacute;stico del Mar Muerto .</content>
        </sentence>
        <sentence id="5">
          <content>En la cuenta regresiva para los Juegos Ol&amp;iacute;mpicos de Invierno, activistas rusos de los derechos de los animales acusan a las autoridades de la ciudad de llevar a cabo una campa&amp;ntilde;a de exterminio de perros callejeros mediante envenenamiento .</content>
        </sentence>
        <sentence id="6">
          <content>Yulia Krasova dice que hace dos semanas, saliendo del cine,fue testigo de la larga y agonizante muerte de un perro de la calle .</content>
        </sentence>
        <sentence id="7">
          <content>"Al principio pens&amp;eacute; que alguien hab&amp;iacute;a golpeado al perro", record&amp;oacute .</content>
        </sentence>
        <sentence id="8">
          <content>"El perro se levant&amp;oacute y empez&amp;oacute a correr en c&amp;iacute;rculos .</content>
        </sentence>
        <sentence id="9">
          <content>Entonces se cay&amp;oacute y empez&amp;oacute a escupir . . . Llam&amp;eacute; al veterinario .</content>
        </sentence>
        <sentence id="10">
          <content>Dijo que hab&amp;iacute;a una garant&amp;iacute;a del 100% de que el perro hab&amp;iacute;a sido envenenado" .</content>
        </sentence>
        <sentence id="11">
          <content>Krasova film&amp;oacute al perro moribundo con su tel&amp;eacute;fono celular .</content>
        </sentence>
        <sentence id="12">
          <content>Tambi&amp;eacute;n lo hizo Irina Gutnik, otra residente Sochi .</content>
        </sentence>
        <sentence id="13">
          <content>Ella dijo que en diciembre encontr&amp;oacute a un perro convulsion&amp;aacute;ndose y ladrandoen el barrio de Bitka .</content>
        </sentence>
        <sentence id="14">
          <content>"Siempre envenenan a los perros de la calle", dijo Krasova .</content>
        </sentence>
        <sentence id="15">
          <content>"Pero en diciembre se puso peor . . . comenzaron a envenenar a los animales antes de los Ol&amp;iacute;mpicos" .</content>
        </sentence>
        <sentence id="16">
          <content>Los reportes de la matanza de estos animales han puesto a los funcionarios ol&amp;iacute;mpicos de la ciudad a la defensiva .</content>
        </sentence>
        <sentence id="17">
          <content>"Todos los perros callejeros que se encuentran en el Parque Ol&amp;iacute;mpico son recogidos por un contratista veterinario profesional, para el bienestar de la gente en el parque y de los propios animales", se&amp;ntilde;al&amp;oacute en un comunicado el Comit&amp;eacute; Organizador de Sochi 2014, esta semana .</content>
        </sentence>
        <sentence id="18">
          <content>"Todos los animales sanos son liberados despu&amp;eacute;s de su revisi&amp;oacuten de salud" .</content>
        </sentence>
        <sentence id="19">
          <content>Vladimir Makarenko, jefe de la administraci&amp;oacuten del distrito de Hostinski, dijo que los voluntarios pueden llevar a los perros callejeros a un albergue recientemente inaugurado en las afueras de la ciudad .</content>
        </sentence>
        <sentence id="20">
          <content>Pero el anuncio del nuevo refugio del gobierno fue recibido con desconfianza por miembros de la red de activistas de los derechos de los animales en Sochi .</content>
        </sentence>
        <sentence id="21">
          <content>"Durante el &amp;uacute;ltimo par de d&amp;iacute;as, cuando inici&amp;oacute este alboroto, se construy&amp;oacute este nuevo refugio solo para los medios de comunicaci&amp;oacuten", dijo Vlada Provotorova, una dentista que construy&amp;oacute su propio refugio improvisado para proteger a los perros de ser sacrificados .</content>
        </sentence>
        <sentence id="22">
          <content>Defensores de los animales en Sochi enviaron a CNN fotograf&amp;iacute;as de tres contratos firmados recientemente entre el gobierno de Sochiy Basia Services, una empresa con sede en Rostov on Don .</content>
        </sentence>
        <sentence id="23">
          <content>En uno de los documentos, fechado el 24 de mayo de 2013, el gobierno de la ciudad acuerda pagar a la compa&amp;ntilde;&amp;iacute;a cerca de 2,800 d&amp;oacutelares por "capturar y recolectar a animales abandonados" .</content>
        </sentence>
        <sentence id="24">
          <content>CNN intent&amp;oacute hablar por tel&amp;eacute;fono con los ejecutivos de Basia Services, pero representantes de la empresa se negaron a responder a las acusaciones de que sus empleados envenenaron animales callejeros .</content>
        </sentence>
        <sentence id="25">
          <content>Mientras la alarma crece entre los amantes de los perros en Rusia, algunos activistas de derechos de los animales han tomado cartas en el asunto .</content>
        </sentence>
        <sentence id="26">
          <content>El mes pasado, un moscovita condujo hasta Sochi para llenar una camioneta con perros de la calle a los que &amp;eacute;l "evacu&amp;oacute" de la capital rusa .</content>
        </sentence>
        <sentence id="27">
          <content>Un video del viaje fue publicado en una p&amp;aacute;gina de Facebook titulada Muerte en Sochi .</content>
        </sentence>
        <sentence id="28">
          <content>Mientras tanto, Provotorova y varios amigos siguen donando tiempo y dinero para alimentar, alojar y esterilizar a decenas de perros, y albergarlos en unapeque&amp;ntilde;a perrera que construyeron a las afueras de Sochi .</content>
        </sentence>
        <sentence id="29">
          <content>Esta semana, los perros ladraban y meneaban sus colas locamente cuando Provotorova y otros voluntarios llegaban con comida .</content>
        </sentence>
        <sentence id="30">
          <content>"Los estamos protegiendo de Basia", dijo Provotorova .</content>
        </sentence>
        <sentence id="31">
          <content>"No culpo a los Juegos Ol&amp;iacute;mpicos", dijo Dina Filippova mientras limpiaba las perreras .</content>
        </sentence>
        <sentence id="32">
          <content>"No tenemos un programa de esterilizaci&amp;oacuten, por lo que hay una gran cantidad de perros callejeros aqu&amp;iacute; y autoridades que tratan de controlarlos .</content>
        </sentence>
        <sentence id="33">
          <content>Ellos no pueden" .</content>
        </sentence>
        <sentence id="34">
          <content>Filippova, una abogada que vive en Sochi, argument&amp;oacute que Rusia necesita una nueva legislaci&amp;oacuten para la protecci&amp;oacuten y manejo de los animales .</content>
        </sentence>
        <sentence id="35">
          <content>"En Rusia, se puede abusar de los animales y no es un crimen .</content>
        </sentence>
        <sentence id="36">
          <content>Puedes comprar y adoptar a un animal y abandonarlo en la calle, no es un delito", dijo .</content>
        </sentence>
        <sentence id="37">
          <content>"No tienes ninguna obligaci&amp;oacuten legal para esterilizar a tu perro o a tu gato" .</content>
        </sentence>
        <sentence id="38">
          <content>Tanto ella como y Provotorova dijeron que sus familias a menudo las acusan de estar "locas" por los animales .</content>
        </sentence>
        <sentence id="39">
          <content>Opini&amp;oacuten: Los perros callejeros, una responsabilidad oficial y ciudadana Pero otra de sus compa&amp;ntilde;eras voluntarias tiene otra explicaci&amp;oacuten acerca de por qu&amp;eacute; dedican tanto tiempo a cuidar y alimentar a los animales sin hogar .</content>
        </sentence>
        <sentence id="40">
          <content>"A mi edad prefiero cuidar de los animales", dijo Valentina Slivat, quien se describi&amp;oacute a s&amp;iacute; misma como una "simple enfermera sovi&amp;eacute;tica" que trabajaba en un hospital en Sochi .</content>
        </sentence>
        <sentence id="41">
          <content>Un perro de la calle esponjoso llamado Pushistik lasegu&amp;iacute;a por toda la perrera y saltaba a sus brazos .</content>
        </sentence>
        <sentence id="42">
          <content>"La gente tiene manos, piernas, cerebro .</content>
        </sentence>
        <sentence id="43">
          <content>Pero los animales han sido abandonados .</content>
        </sentence>
        <sentence id="44">
          <content>Tenemos que salvarlos", dijo .</content>
        </sentence>
        <sentence id="45">
          <content>Gena Somra contribuy&amp;oacute con este reporte .</content>
        </sentence>
      </sentences>
    </paragraph>
  </article>
</document>
