<?xml version="1.0" encoding="UTF-8"?>
<document id="831" link="http://mexico.cnn.com/planetacnn/2014/01/07/activistas-dispersan-a-un-grupo-de-cazadores-japoneses-de-ballenas" category="planetacnn" author="Jethro Mullen" highlights_mapped="false">
  <title>Activistas dispersan a un grupo de cazadores japoneses de ballenas - planetacnn - CNNMexico.com</title>
  <keywords>ballenas, grupo ambientalista, japon, australia, oceano, caceria, persecuci&amp;oacute;n, activistas, sea shepherd, oceano austral</keywords>
  <summaries>
    <highlights>
      <sentence id="1" ids_sentences_article="">Un grupo contra la cacer&amp;iacute;a de ballenas dice que dividi&amp;oacute a la flota japonesa y la persiguieron fuera de la zona de la Ant&amp;aacute;rtida.</sentence>
      <sentence id="2" ids_sentences_article="">"Dentro de un d&amp;iacute;a y medio tendremos a toda la flota ballenera en un caos", dijo un activista.</sentence>
      <sentence id="3" ids_sentences_article="">Jap&amp;oacuten dijo que los barcos balleneros est&amp;aacute;n todav&amp;iacute;a en el Oc&amp;eacute;ano Austral y la cacer&amp;iacute;a contin&amp;uacute;a.</sentence>
      <sentence id="4" ids_sentences_article="">Los grupos ecologistas se enfrentan cada a&amp;ntilde;o con barcos balleneros japoneses.</sentence>
    </highlights>
  </summaries>
  <article>
    <paragraph id="1">
      <sentences>
        <sentence id="1">
          <content>Activistas dispersan a un grupo de cazadores japoneses de ballenas.</content>
        </sentence>
        <sentence id="2">
          <content>Sea Shepherd Australia comenz&amp;oacute su campa&amp;ntilde;a anual contra la cacer&amp;iacute;a de los mam&amp;iacute;feros en el Mar Austral.</content>
        </sentence>
        <sentence id="3">
          <content>(CNN) -- Activistas ambientales han declarado como "un &amp;eacute;xito temprano" el inicio de su campa&amp;ntilde;a anual en alta mar contra los barcos balleneros japoneses en aguas ant&amp;aacute;rticas .</content>
        </sentence>
        <sentence id="4">
          <content>El grupo Sea Shepherd Australia, que lucha contra la cacer&amp;iacute;a de ballenas, dijo que sus naves se hab&amp;iacute;an separado de la flota japonesa en el Oc&amp;eacute;ano Austral y las hab&amp;iacute;an perseguido fuera de la zona ant&amp;aacute;rtica principal .</content>
        </sentence>
        <sentence id="5">
          <content>"La flota de cacer&amp;iacute;a furtiva de ballenas est&amp;aacute; dispersa y no ha cazado a ninguna", seg&amp;uacute;n un comunicado del grupo difundido este lunes .</content>
        </sentence>
        <sentence id="6">
          <content>Pero las autoridades japonesas dijeron que la temporada de cacer&amp;iacute;a est&amp;aacute; activa .</content>
        </sentence>
        <sentence id="7">
          <content>La flota japonesa realiza una caza anual de ballenas a pesar de la moratoria mundial, aprovechando una laguna legal que permite la matanza de los mam&amp;iacute;feros para la investigaci&amp;oacuten cient&amp;iacute;fica .</content>
        </sentence>
        <sentence id="8">
          <content>La carne de ballena es un producto de consumo en Jap&amp;oacuten .</content>
        </sentence>
        <sentence id="9">
          <content>Cada a&amp;ntilde;o, los grupos ecologistas como Sea Shepherd persiguen a las embarcaciones japonesas mientras interrumpen la cacer&amp;iacute;a de ballenas .</content>
        </sentence>
        <sentence id="10">
          <content>Las confrontaciones resultantes han provocado la colisi&amp;oacuten de los buques y la detenci&amp;oacuten de activistas .</content>
        </sentence>
        <sentence id="11">
          <content>Sea Shepherd dijo este lunes que los buques arponeros de la flota japonesa se "separaron por cientos de kil&amp;oacutemetros" .</content>
        </sentence>
        <sentence id="12">
          <content>El buque pesquero Nisshin Maru "huy&amp;oacute", seg&amp;uacute;n el grupo ecologista .</content>
        </sentence>
        <sentence id="13">
          <content>La organizaci&amp;oacuten afirm&amp;oacute que sus tres barcos hab&amp;iacute;an llevado a la flota japonesa fuera de la Zona del Tratado del Ant&amp;aacute;rtico, un &amp;aacute;rea designada internacionalmentepor debajo de los 60 grados de latitud al sur .</content>
        </sentence>
        <sentence id="14">
          <content>"Dentro de un d&amp;iacute;a y medio, tendremos a toda la flota ballenera en un caos", dijo Siddarth Chakravarty, el capit&amp;aacute;n de uno de los barcos de Sea Shepherd .</content>
        </sentence>
        <sentence id="15">
          <content>La Agencia de Pesca de Jap&amp;oacuten, que supervisa la cacer&amp;iacute;a anual dijo este martes que la operaci&amp;oacuten de cacer&amp;iacute;a de ballenas no se ha detenido .</content>
        </sentence>
        <sentence id="16">
          <content>La flota se mantiene en el Oc&amp;eacute;ano Austral que generalmente cubre un &amp;aacute;rea similar a la Zona del Tratado del Ant&amp;aacute;rtico .</content>
        </sentence>
        <sentence id="17">
          <content>La agencia se neg&amp;oacute a comentar espec&amp;iacute;ficamente sobre las reclamaciones de Sea Shepherd o del paradero exacto de la flota .</content>
        </sentence>
        <sentence id="18">
          <content>El Sea Shepherd public&amp;oacute fotos y videos este lunes que mostraban a tres ballenas minke arponeadas situadas en la cubierta del Nisshin Maru y a una m&amp;aacute;s siendo masacrada .</content>
        </sentence>
        <sentence id="19">
          <content>El gobierno australiano ha cuestionado el programa de caza de ballenas de Jap&amp;oacuten en la Corte Internacional de Justicia .</content>
        </sentence>
        <sentence id="20">
          <content>Pero la temporada continuar&amp;aacute; y los activistas de Sea Shepherd dijeron que van a continuar luchando con la cacer&amp;iacute;a de ballenas .</content>
        </sentence>
        <sentence id="21">
          <content>"Hemos ganado esta batalla", dijo Adam Meyerson, otro de los capitanes de los barcos del grupo .</content>
        </sentence>
        <sentence id="22">
          <content>"Pero la guerra por el Santuario de Ballenas del Oc&amp;eacute;ano Austral se librar&amp;aacute; en los pr&amp;oacuteximos meses" .</content>
        </sentence>
      </sentences>
    </paragraph>
  </article>
</document>
