<?xml version="1.0" encoding="UTF-8"?>
<document id="812" link="http://mexico.cnn.com/planetacnn/2013/09/16/como-luce-beijing-la-capital-de-china-cuando-su-cielo-puede-ser-visto" category="planetacnn" author="Jaime FlorCruz y CY Xu" highlights_mapped="false">
  <title>&amp;iquestC&amp;oacutemo luce Beijing, la capital de China, cuando su cielo puede ser visto? - planetacnn - CNNMexico.com</title>
  <keywords>planetacnn, aire contaminado, niveles peligrosos de contaminacion, capa de smog, contaminacion, aire, beijing, china, impuestos, contaminar, combustible, automoviles, calidad del aire, china</keywords>
  <summaries>
    <highlights>
      <sentence id="1" ids_sentences_article="">Beijing suele verse severamente afectada por una capa de smog.</sentence>
      <sentence id="2" ids_sentences_article="">Un impuesto sobre la contaminaci&amp;oacuten de autom&amp;oacuteviles es una de las medidas para abatir el problema.</sentence>
    </highlights>
  </summaries>
  <article>
    <paragraph id="1">
      <sentences>
        <sentence id="1">
          <content>&amp;iquestC&amp;oacutemo luce Beijing, la capital de China, cuando su cielo puede ser visto?</content>
        </sentence>
        <sentence id="2">
          <content>Las medidas contra la contaminaci&amp;oacuten son limitadas y falta un mayor presupuesto, pero en ocasiones hay evidencias alentadoras.</content>
        </sentence>
        <sentence id="3">
          <content>(CNN) -- Es muy com&amp;uacute;n ver a turistas y residentes en Beijing verificar sus smartphones y laptops para obtener las &amp;uacute;ltimas lecturas de la calidad del aire en la ciudad .</content>
        </sentence>
        <sentence id="4">
          <content>A ese grado ha llegado el problema de la contaminaci&amp;oacuten .</content>
        </sentence>
        <sentence id="5">
          <content>Este a&amp;ntilde;o ha sido particularmente malo ya que la capital china ha tenido una capa de smog la mayor&amp;iacute;a de los d&amp;iacute;as .</content>
        </sentence>
        <sentence id="6">
          <content>El aire polvoso y peligroso cubri&amp;oacute edificios y provoc&amp;oacute retrasos en los vuelos .</content>
        </sentence>
        <sentence id="7">
          <content>Para ser justos, no todo es ruina y tristeza al estilo Beijing porque la ciudad tambi&amp;eacute;n disfruta de d&amp;iacute;as buenos, como lo muestran algunas im&amp;aacute;genes .</content>
        </sentence>
        <sentence id="8">
          <content>Sin embargo, &amp;eacute;stos d&amp;iacute;as buenos parecen ser los menos y parecen estar cada vez m&amp;aacute;s alejados .</content>
        </sentence>
        <sentence id="9">
          <content>Datos recientes de la medici&amp;oacuten de part&amp;iacute;culas suspendidas en el aire, indican que los niveles fluct&amp;uacute;an entre "muy da&amp;ntilde;ino" y "peligroso", de acuerdo con Beijing Air,una aplicaci&amp;oacuten de monitoreo de la calidad del aire de la Embajada de Estados Unidos .</content>
        </sentence>
        <sentence id="10">
          <content>En algunas ocasiones, los n&amp;uacute;meros eran tan malos que se consideraron "fuera de medici&amp;oacuten" .</content>
        </sentence>
        <sentence id="11">
          <content>Acciones adoptadasEn julio pasado, China revel&amp;oacute el Plan de Acci&amp;oacuten para el Control de la Contaminaci&amp;oacuten del Aire (2013-2017), que requiere de unos 230 mil millones de d&amp;oacutelares para contar con controles necesarios durante los pr&amp;oacuteximos cinco a&amp;ntilde;os .</content>
        </sentence>
        <sentence id="12">
          <content>En otra iniciativa para ayudar a reducir los niveles de smog, Beijing comenzar&amp;aacute; a probar este a&amp;ntilde;o un nuevo impuesto sobre la contaminaci&amp;oacuten de autom&amp;oacuteviles .</content>
        </sentence>
        <sentence id="13">
          <content>Ser&amp;aacute; cobrado en las gasolineras de la ciudad y tambi&amp;eacute;n estar&amp;aacute; a&amp;ntilde;adido a los precios del combustible .</content>
        </sentence>
        <sentence id="14">
          <content>Adem&amp;aacute;s, en Beijing circular&amp;aacute;n m&amp;aacute;s de 1,000 taxis el&amp;eacute;ctricos este a&amp;ntilde;o .</content>
        </sentence>
        <sentence id="15">
          <content>Es posible que estas medidas no sean suficientes, pero son "m&amp;uacute;sica para los o&amp;iacute;dos" de los 17 millones de residentes de Beijing que sufren todos los d&amp;iacute;as por la contaminaci&amp;oacuten del aire en la ciudad .</content>
        </sentence>
      </sentences>
    </paragraph>
  </article>
</document>
