<?xml version="1.0" encoding="UTF-8"?>
<document id="893" link="http://mexico.cnn.com/planetacnn/2014/01/07/china-que-concentra-70-del-trafico-mundial-destruye-marfil-ilegal" category="planetacnn" author="Sophie Brown y Susan Wang" highlights_mapped="false">
  <title>China, que concentra 70% del tr&amp;aacute;fico mundial, destruye marfil ilegal  - planetacnn - CNNMexico.com</title>
  <keywords>planetacnn, china, marfil, elefantes, africa, asia, trafico, ilegal, amenazada, especie, contrabando, destruccion, reservas, estados unidos, ifaw, wildaid, especies en riesgo, extincion, especies en peligro de extincion, reservas de marfil, trafico ilegal, mercado negro</keywords>
  <summaries>
    <highlights>
      <sentence id="1" ids_sentences_article="">China destruy&amp;oacute 6 . 15 toneladas de marfil confiscado.</sentence>
      <sentence id="2" ids_sentences_article="">Es la primera vez que el pa&amp;iacute;s asi&amp;aacute;tico destruye piezas confiscadas.</sentence>
      <sentence id="3" ids_sentences_article="">En China se concentra e 70% de la demanda mundial de marfil.</sentence>
    </highlights>
  </summaries>
  <article>
    <paragraph id="1">
      <sentences>
        <sentence id="1">
          <content>China, que concentra 70% del tr&amp;aacute;fico mundial, destruye marfil ilegal.</content>
        </sentence>
        <sentence id="2">
          <content>La medida representa un paso crucial en la protecci&amp;oacuten de la vida silvestre, que vive momentos cr&amp;iacute;ticos en &amp;Aacute;frica y Asia.</content>
        </sentence>
        <sentence id="3">
          <content>(CNN) -- China est&amp;aacute; en la lucha por acabar con el tr&amp;aacute;fico ilegal de marfil .</content>
        </sentence>
        <sentence id="4">
          <content>En una ceremonia celebrada el lunes en la ciudad de Guangzhou fueron destruidas varias toneladas de colmillos de elefante y piezas talladas confiscadas, dos meses despu&amp;eacute;s de que Estados Unidos destruyera sus propias reservas de marfil .</content>
        </sentence>
        <sentence id="5">
          <content>Los conservacionistas consideraron que esta acci&amp;oacuten es un cambio monumental en la postura del gobierno respecto al tr&amp;aacute;fico ilegal y un primer paso crucial para China --el mayor mercado de marfil del mundo-- en la lucha contra el comercio ilegal de la vida silvestre .</content>
        </sentence>
        <sentence id="6">
          <content>El lunes fueron eliminadas unas 6 .</content>
        </sentence>
        <sentence id="7">
          <content>15 toneladas de marfil --el equivalente a una sexta parte del producto ilegal confiscado en todo el mundo en 2012-- de acuerdo con May Mei, representante en China de WildAid, un grupo que protege a la vida silvestre .</content>
        </sentence>
        <sentence id="8">
          <content>Es la primera vez que China, pa&amp;iacute;s donde se concentra el 70% de la demanda mundial de marfil, destruye parte de sus reservas .</content>
        </sentence>
        <sentence id="9">
          <content>Esta postura p&amp;uacute;blica es una se&amp;ntilde;al alentadora, dice Jeff He, asistente especial del director regional para Asia del Fondo Internacional para el Bienestar de los Animales (IFAW, por sus siglas en ingl&amp;eacute;s) .</content>
        </sentence>
        <sentence id="10">
          <content>"La acci&amp;oacuten tan simb&amp;oacutelica emprendida por el gobierno da a entender claramente a los consumidores potenciales que el gobierno no permitir&amp;aacute; ning&amp;uacute;n tr&amp;aacute;fico ilegal de marfil", se&amp;ntilde;al&amp;oacute .</content>
        </sentence>
        <sentence id="11">
          <content>En China, el marfil es conocido como "oro blanco" y los colmillos con tallados intrincados pueden costar hasta 3,000 d&amp;oacutelares (unos 37,500 pesos) por kilo en el mercado negro .</content>
        </sentence>
        <sentence id="12">
          <content>Uno de los principales desaf&amp;iacute;os sigue siendo la reducci&amp;oacuten de la demanda entre los consumidores, de acuerdo con los defensores de los animales .</content>
        </sentence>
        <sentence id="13">
          <content>Seg&amp;uacute;n el reporte de 2013 de WildAid, muchos de los habitantes chinos no est&amp;aacute;n conscientes de la forma en que la venta de marfil contribuye a la caza furtiva que ha provocado una considerable reducci&amp;oacuten de la poblaci&amp;oacuten de elefantes en los &amp;uacute;ltimos a&amp;ntilde;os .</content>
        </sentence>
        <sentence id="14">
          <content>"Este evento en s&amp;iacute; no va a resolver estos problemas", dijo Joe Waltson, director del Programa Asia de la Sociedad para la Conservaci&amp;oacuten de la Vida Silvestre (WCS, por sus siglas en ingl&amp;eacute;s) .</content>
        </sentence>
        <sentence id="15">
          <content>"Sin embargo, no significa que carezca de valor" .</content>
        </sentence>
        <sentence id="16">
          <content>"Es necesario recibirlo con agrado, aunque sea solo para calmar a las personas del gobierno que presionan para implementar medidas m&amp;aacute;s sustanciales en este asunto", dijo Waltson .</content>
        </sentence>
        <sentence id="17">
          <content>"Realmente podr&amp;iacute;a tener impacto en la conservaci&amp;oacuten de los elefantes africanos y asi&amp;aacute;ticos" .</content>
        </sentence>
        <sentence id="18">
          <content>En un reporte que la Convenci&amp;oacuten sobre Tr&amp;aacute;fico Internacional de Especies Amenazadas (CITES) public&amp;oacute el a&amp;ntilde;o pasado, revelaron que el tr&amp;aacute;fico ilegal de marfil a nivel mundial se ha triplicado en la &amp;uacute;ltima d&amp;eacute;cada a pesar de que en 1989 fue prohibido el comercio internacional del producto .</content>
        </sentence>
        <sentence id="19">
          <content>De acuerdo con Jeff He, de IFAW, el aumento en la demanda en Asia, especialmente en China, ha impulsado el mercado negro durante los &amp;uacute;ltimos a&amp;ntilde;os y ha incrementado la presi&amp;oacuten sobre los elefantes africanos en estado silvestre .</content>
        </sentence>
        <sentence id="20">
          <content>La poblaci&amp;oacuten de elefantes en &amp;Aacute;frica ha disminuido cerca de medio mill&amp;oacuten de ejemplares en comparaci&amp;oacuten con los 1,200,000 que hab&amp;iacute;a en 1980 .</content>
        </sentence>
        <sentence id="21">
          <content>Cada d&amp;iacute;a matan a casi cien elefantes africanos por sus colmillos, seg&amp;uacute;n la WCS .</content>
        </sentence>
        <sentence id="22">
          <content>Para ayudar a eliminar la demanda, los grupos conservacionistas han exhortado a los gobiernos a destruir las reservas de marfil confiscado, cuyo resguardo requiere de recursos considerables .</content>
        </sentence>
        <sentence id="23">
          <content>El 15 de noviembre de 2013, Estados Unidos destruy&amp;oacute las seis toneladas de marfil que ten&amp;iacute;a almacenadas "para dejar en claro que EU no tolerar&amp;aacute; el tr&amp;aacute;fico y su costo para la poblaci&amp;oacuten de elefantes, particularmente en &amp;Aacute;frica" .</content>
        </sentence>
        <sentence id="24">
          <content>En Filipinas, Gab&amp;oacuten y Kenia han llevado a cabo eventos similares en los &amp;uacute;ltimos tres a&amp;ntilde;os .</content>
        </sentence>
      </sentences>
    </paragraph>
  </article>
</document>
