<?xml version="1.0" encoding="UTF-8"?>
<document id="936" link="http://mexico.cnn.com/planetacnn/2013/11/25/investigadores-de-la-unam-rescatan-arrecifes-mexicanos-con-biotecnologia" category="planetacnn" highlights_mapped="false">
  <title>Investigadores de la UNAM rescatan arrecifes mexicanos con biotecnolog&amp;iacute;a - planetacnn - CNNMexico.com</title>
  <keywords>planetacnn, corales, medio ambiente, mar, cancun, xcaret, quintana roo, puerto morelos, mar caribe, caribe mexicano, investigacion, unam, inapesca, biotecnologia, animales, conservacion, extincion, especies marinas, especies en riesgo</keywords>
  <summaries>
    <highlights>
      <sentence id="1" ids_sentences_article="">Investigadores de la UNAM y el Inapesca buscan rehabilitar la poblaci&amp;oacuten de corales en el Caribe mexicano.</sentence>
      <sentence id="2" ids_sentences_article="">A trav&amp;eacute;s de la biotecnolog&amp;iacute;a buscan reproducir 'in vitro' a estas especies marinas.</sentence>
      <sentence id="3" ids_sentences_article="">Existen tres viveros, entre ellos el Parque Xcaret, para reintroducir a los nuevos corales.</sentence>
    </highlights>
  </summaries>
  <article>
    <paragraph id="1">
      <sentences>
        <sentence id="1">
          <content>Investigadores de la UNAM rescatan arrecifes mexicanos con biotecnolog&amp;iacute;a.</content>
        </sentence>
        <sentence id="2">
          <content>Los especialistas han desarrollado unas 4,000 colonias que fueron reintroducidas en los viveros de Puerto Morelos y el Parque Xcaret.</content>
        </sentence>
        <sentence id="3">
          <content>(CNNM&amp;eacute;xico) -- Con el fin de contribuir en la rehabilitaci&amp;oacuten de arrecifes en el Caribe mexicano, investigadores del Instituto Nacional de Pesca (Inapesca) y especialistas de la Universidad Nacional Aut&amp;oacutenoma de M&amp;eacute;xico (UNAM) desarrollaron un modelo de cultivo de coral a trav&amp;eacute;s de biotecnolog&amp;iacute;a .</content>
        </sentence>
        <sentence id="4">
          <content>El proyecto inici&amp;oacute en 2007 con el prop&amp;oacutesito de obtener embriones para realizar experimentos sobre los efectos de la radiaci&amp;oacuten ultravioleta en el desarrollo de corales; desde entonces ha evolucionado hacia un plan de crianza, seg&amp;uacute;n detalla una informaci&amp;oacuten publicada por la gaceta UNAM .</content>
        </sentence>
        <sentence id="5">
          <content>De acuerdo con un reporte del Inapesca, el proyecto encabezado por Ania Banaszak, investigadora delInstituto de Ciencias del Mar y Limnolog&amp;iacute;a (ICMyL), consta de varias fases .</content>
        </sentence>
        <sentence id="6">
          <content>La primera es la colecta de gametos (c&amp;eacute;lulas sexuales) de coral en el Parque Nacional de Arrecifes de Puerto Morelos, en Quintana Roo, M&amp;eacute;xico; para en una segunda etapa realizar la fecundaci&amp;oacutenin vitroque da como resultado la producci&amp;oacuten de reclutas; que en una tercera fase son reintroducidos a un h&amp;aacute;bitat natural dentro de viveros .</content>
        </sentence>
        <sentence id="7">
          <content>Actualmente, los especialistas trabajan con tres criaderos: dos en Puerto Morelos y uno m&amp;aacute;s en el Parque Xcaret, en Playa del Carmen .</content>
        </sentence>
        <sentence id="8">
          <content>"Realizamos pruebas para estimar el tiempo que deben permanecer en el laboratorio antes de trasladarlos a un vivero en el mar .</content>
        </sentence>
        <sentence id="9">
          <content>Hasta el momento la permanencia en acuarios en el laboratorio es aproximadamente de tres meses", se&amp;ntilde;al&amp;oacuteAnia Banaszak en una publicaci&amp;oacuten de la gaceta UNAM .</content>
        </sentence>
        <sentence id="10">
          <content>A la fecha, los especialistas han logrado desarrollar 4,000 colonias de tres especies: unas 1,000 son de laOrbicella Faveolata, otras 1,000 deDiploria labyrinthiformis, y 2,000 deAcropora Palmata, &amp;eacute;sta &amp;uacute;ltima clasificada "en riesgo" por la Norma Oficial Mexicana (NOM) 059, de acuerdo con informaci&amp;oacuten de la universidad .</content>
        </sentence>
        <sentence id="11">
          <content>"Los primeros resultados de la repoblaci&amp;oacuten se conocer&amp;aacute;n en un a&amp;ntilde;o .</content>
        </sentence>
        <sentence id="12">
          <content>A corto plazo podremos saber cu&amp;aacute;l es la sobrevivencia", a&amp;ntilde;adi&amp;oacute la investigadora .</content>
        </sentence>
        <sentence id="13">
          <content>Seg&amp;uacute;n el reporte de la gaceta UNAM, en octubre pasado llevaron un lote de reclutas al mar para determinar su sobrevivencia en el medio natural y el pr&amp;oacuteximo a&amp;ntilde;o planean abrir otros dos viveros marinos .</content>
        </sentence>
        <sentence id="14">
          <content>Mientras la mayor&amp;iacute;a de los intentos de conservaci&amp;oacuten en el mundo est&amp;aacute;n basados en la utilizaci&amp;oacuten de fragmentos de coral para producir clones, explic&amp;oacute la especialista delICMyL, en el Caribe el grupo universitario es el &amp;uacute;nico que ensaya la producci&amp;oacuten de reclutas sexuales, un proceso costoso que requiere m&amp;aacute;s atenci&amp;oacuten e indagaci&amp;oacuten, pero que est&amp;aacute; centrado en cuidar la variabilidad de estas especies marinas .</content>
        </sentence>
      </sentences>
    </paragraph>
  </article>
</document>
