<?xml version="1.0" encoding="UTF-8"?>
<document id="909" link="http://mexico.cnn.com/planetacnn/2013/09/04/una-ballena-que-habia-sido-rescatada-en-baja-california-sur-muere" category="planetacnn" highlights_mapped="false">
  <title>Una ballena que hab&amp;iacute;a sido rescatada en Baja California Sur muere - planetacnn - CNNMexico.com</title>
  <keywords>ballena, cachalote, baja california, muere, profepa,</keywords>
  <summaries>
    <highlights>
      <sentence id="1" ids_sentences_article="">La Profepa recibi&amp;oacute dos reportes de ballenas varadas el s&amp;aacute;bado.</sentence>
      <sentence id="2" ids_sentences_article="">Uno de los cet&amp;aacute;ceos muri&amp;oacute pese a que logr&amp;oacute ser llevado a un canal de salida donde pas&amp;oacute la noche.</sentence>
      <sentence id="3" ids_sentences_article="">El segundo sobrevivi&amp;oacute tras ser volver a aguas profundas.</sentence>
    </highlights>
  </summaries>
  <article>
    <paragraph id="1">
      <sentences>
        <sentence id="1">
          <content>Una ballena que hab&amp;iacute;a sido rescatada en Baja California Sur muere.</content>
        </sentence>
        <sentence id="2">
          <content>El cet&amp;aacute;ceo de 11 .</content>
        </sentence>
        <sentence id="3">
          <content>30 metros hab&amp;iacute;a sido liberado de una zona rocosa pero aparentemente muri&amp;oacute por las heridas que le provoc&amp;oacute el terreno.</content>
        </sentence>
        <sentence id="4">
          <content>CIUDAD DE M&amp;Eacute;XICO (Notimex) -- Una ballena cachalote que hab&amp;iacute;a sido rescatada el fin de semana tras quedar varada en la Bah&amp;iacute;a de La Paz, en Baja California Sur, fue encontrada muerta un d&amp;iacute;a despu&amp;eacute;s aparentemente a causa de diversas heridas, inform&amp;oacute la Procuradur&amp;iacute;a Federal de Protecci&amp;oacuten al Ambiente (Profepa) .</content>
        </sentence>
        <sentence id="5">
          <content>La Profepa recibi&amp;oacute un reporte el s&amp;aacute;bado 31 de agosto de que una ballena cachalote de 11 .</content>
        </sentence>
        <sentence id="6">
          <content>30 metros estaba varada en un zona rocosa frente al desarrollo tur&amp;iacute;stico Costa Baja El Desarrollo .</content>
        </sentence>
        <sentence id="7">
          <content>Durante seis horas personal de Profepa y de la Secretar&amp;iacute;a de Marina (Semar) intent&amp;oacute devolver al cachalote al mar, pero "la ballena mostraba resistencia a salir del lugar donde se encontraba encallada" .</content>
        </sentence>
        <sentence id="8">
          <content>Finalmente se logr&amp;oacute llevarla a un canal de salida donde se le dej&amp;oacute pasar la noche y descansar de las heridas provocadas por las rocas y que le ocasionaron sangrado severo .</content>
        </sentence>
        <sentence id="9">
          <content>Sin embargo, al d&amp;iacute;a siguiente fue encontrada sin vida .</content>
        </sentence>
        <sentence id="10">
          <content>La Profepa tomar&amp;aacute; muestras del cuerpo del cet&amp;aacute;ceo para practicarle una necropsia .</content>
        </sentence>
        <sentence id="11">
          <content>El mismo s&amp;aacute;bado la Profepa atendi&amp;oacute otro reporte de un cet&amp;aacute;ceo de ocho metros que tambi&amp;eacute;n hab&amp;iacute;a quedado varado en la Bah&amp;iacute;a de La Paz .</content>
        </sentence>
        <sentence id="12">
          <content>Los especialistas llevaron a cabo maniobras de rescate y reanimaci&amp;oacuten durante dos horas, tras lo cual lograron llevar a la ballena a una zona honda de la playa, desde donde pudo regresar a aguas profundas gracias a que el olaje era alto, seg&amp;uacute;n el comunicado de la Profepa publicado en su p&amp;aacute;gina de internet .</content>
        </sentence>
        <sentence id="13">
          <content>La especie Physeler macrocephalus, a la cual pertenecen ambos espec&amp;iacute;menes, tiene estatus de Protecci&amp;oacuten Especial, de acuerdo con la Profepa .</content>
        </sentence>
      </sentences>
    </paragraph>
  </article>
</document>
