<?xml version="1.0" encoding="UTF-8"?>
<document id="814" link="http://mexico.cnn.com/planetacnn/2013/10/09/cara-a-cara-con-el-tiburon-blanco-un-misterio-de-450-millones-de-anos" category="planetacnn" author="Sheena McKenzie y Llane Turner" highlights_mapped="false">
  <title>Cara a cara con el tibur&amp;oacuten blanco: un misterio de 450 millones de a&amp;ntilde;os - PlanetaCNN, canal - planetacnn - CNNMexico.com</title>
  <keywords>planetacnn, animales, animales en extincion, extincion, tiburon, tiburon blanco, ocearch, especialistas, ambientalistas, investigacion, cientificos, migracion animal, especies de tiburones, ecologia, oceano, medio ambiente</keywords>
  <summaries>
    <highlights>
      <sentence id="1" ids_sentences_article="">El 'Ocearch' es un grupo de cient&amp;iacute;ficos y marineros que investiga a los tiburones.</sentence>
      <sentence id="2" ids_sentences_article="">Los especialistas cuentan con tan solo 15 minutos para elaborar los estudios necesarios a los animales.</sentence>
      <sentence id="3" ids_sentences_article="">Gracias a sus esfuerzos, ahora es f&amp;aacute;cil conocer algunos de los h&amp;aacute;bitos de estas especies.</sentence>
    </highlights>
  </summaries>
  <article>
    <paragraph id="1">
      <sentences>
        <sentence id="1">
          <content>Cara a cara con el tibur&amp;oacuten blanco: un misterio de 450 millones de a&amp;ntilde;os.</content>
        </sentence>
        <sentence id="2">
          <content>Un equipo de investigadores enfrenta a la imponente criatura, que ha sido protagonista de varias pel&amp;iacute;culas, para entenderla mejor.</content>
        </sentence>
        <sentence id="3">
          <content>CAPE COD, Massachusetts (CNN) -- Al enfrentarte cara a cara con las mand&amp;iacute;bulas monstruosas del tibur&amp;oacuten blanco, probablemente querr&amp;iacute;as tener como arma algo m&amp;aacute;s que una toalla mojada .</content>
        </sentence>
        <sentence id="4">
          <content>Parece casi una locura pensar que colocar una tela oscura sobre los ojos del imponente asesino ayudar&amp;aacute; a calmarlo el tiempo suficientecomo para colocarle unas etiquetas electr&amp;oacutenicas, tomar muestras de sangre e incluso realizar un ultrasonido .</content>
        </sentence>
        <sentence id="5">
          <content>Pero con solo 15 minutos disponibles, una toalla es una de las herramientas utilizadas para calmar a la feroz criatura mientras un equipo de investigadores realizan importantes estudios sobre sus misteriosos h&amp;aacute;bitos de vida .</content>
        </sentence>
        <sentence id="6">
          <content>Se trata de Ocearch,un grupo de valientes cient&amp;iacute;ficos y marineros en acci&amp;oacuten que viajan por el mar en su laboratorio flotante de 38 metros de largo, como parte de una misi&amp;oacuten para etiquetar y monitorear a un antiguo animal del que, sorprendentemente,sabemos poco .</content>
        </sentence>
        <sentence id="7">
          <content>"No sabemos mucho sobre la historia natural del tibur&amp;oacuten, su ecolog&amp;iacute;a diaria, la manera en que vive e interact&amp;uacute;a con su ambiente", dijo Greg Skomal, investigador en jefe a bordo del Ocearch .</content>
        </sentence>
        <sentence id="8">
          <content>"Pero cuando abordas esta embarcaci&amp;oacuten y tienes un animal vivo en frente que puedes estudiar, simplemente se abren nuevas puertas: puedes lograr una evaluaci&amp;oacuten m&amp;aacute;s profunda en un periodo corto" .</content>
        </sentence>
        <sentence id="9">
          <content>'Necesitar&amp;aacute;s un barco m&amp;aacute;s grande'A tan solo algunos kil&amp;oacutemetros de donde Steven Spielberg film&amp;oacute su &amp;eacute;xito de Hollywood en 1975, Tibur&amp;oacuten, el equipo del Ocearch tambi&amp;eacute;n busca tiburones .</content>
        </sentence>
        <sentence id="10">
          <content>A lo largo de la costa de Cape Cod, en Massachusetts, atraen a los predadores con arenques y atunes molidos, as&amp;iacute; como con un se&amp;ntilde;uelo con forma de foca .</content>
        </sentence>
        <sentence id="11">
          <content>La embarcaci&amp;oacuten Ocearch, que anteriormente era utilizada para atrapar cangrejos, ha sufrido una conversi&amp;oacuten y ahora cuenta con una gr&amp;uacute;a hidr&amp;aacute;ulica (parecida a una cuna gigante) para sacar a los tiburones blancos del agua .</content>
        </sentence>
        <sentence id="12">
          <content>Depende del capit&amp;aacute;n Brett McBride si salta al agua para llevar a los tiburones hasta la plataforma, asegur&amp;aacute;ndose de mantener una distancia de 10 metros entre &amp;eacute;l y los carn&amp;iacute;voros, que pueden medir hasta seis metros de largo .</content>
        </sentence>
        <sentence id="13">
          <content>"En cuanto los llevamos hasta la plataforma, lo primero que hago es cubrir sus ojos con una toalla obscura mojada que normalmente los calma", dijo McBride .</content>
        </sentence>
        <sentence id="14">
          <content>"Despu&amp;eacute;s tomo dos mangueras con un gran volumen de agua y me aseguro de que tengan agua de mar limpia y burbujeante para mojar sus agallas" .</content>
        </sentence>
        <sentence id="15">
          <content>Ciencia de entrada a pitsLos cient&amp;iacute;ficos tienen 15 minutos para atornillar una etiqueta de rastreo en la aleta, insertar otra etiqueta ac&amp;uacute;stica en el abdomen, instalar una tercera etiqueta que monitorea los movimientos de las escamas y de la cola, tomar muestras de sangre y de tejido, adem&amp;aacute;s de realizar un ultrasonido .</content>
        </sentence>
        <sentence id="16">
          <content>Toda la operaci&amp;oacuten tiene la apariencia de una parada de auto de F&amp;oacutermula 1, con investigadores en cuclillas a cada lado del tibur&amp;oacuten ados&amp;aacute;ndole r&amp;aacute;pidamente equipo de alta tecnolog&amp;iacute;a con un valor de 10,000 d&amp;oacutelares (casi 130,000 pesos), que tendr&amp;aacute; una duraci&amp;oacuten estimada de cinco a&amp;ntilde;os .</content>
        </sentence>
        <sentence id="17">
          <content>Desde que empez&amp;oacute en 2007, el equipo ha etiquetado a m&amp;aacute;s de 60 tiburones blancos, lo que ha ayudado a construir un mapa global de la migraci&amp;oacuten de esta especie .</content>
        </sentence>
        <sentence id="18">
          <content>Los cient&amp;iacute;ficos empezaron a etiquetar por primera vez a la misteriosa criatura en la d&amp;eacute;cada de 1960, en muchas ocasiones con ayuda de un arp&amp;oacuten para instalar el dispositivo GPS .</content>
        </sentence>
        <sentence id="19">
          <content>Desde entonces, cerca de 500 tiburones blancos han sido etiquetados alrededor del mundo y las revelaciones son fascinantes vistazos a sus movimientos a trav&amp;eacute;s de los oc&amp;eacute;anos del mundo .</content>
        </sentence>
        <sentence id="20">
          <content>Una de las distancias m&amp;aacute;s grandes que han sido registradas fue la de un tibur&amp;oacuten blanco que viaj&amp;oacute desde Sud&amp;aacute;frica hasta Australia en 99 d&amp;iacute;as, una distancia de 11,100 kil&amp;oacutemetros .</content>
        </sentence>
        <sentence id="21">
          <content>"Hemos encontrado que los tiburones blancos machos viven a lo largo de la costa todo el tiempo, tienen muy poca actividad lejos de las costas", dijo el l&amp;iacute;der de la expedici&amp;oacuten de Ocearch, Chris Fischer, cuyo equipo ha investigado los movimientos de los tiburones blancos cerca del sur de &amp;Aacute;frica .</content>
        </sentence>
        <sentence id="22">
          <content>"Sin embargo, las hembras nadan hasta Madagascar e incluso hasta la mitad del Oc&amp;eacute;ano Indico, y permanecen ah&amp;iacute; durante meses y meses .</content>
        </sentence>
        <sentence id="23">
          <content>&amp;iquest;Qu&amp;eacute; hacen ah&amp;iacute;?</content>
        </sentence>
        <sentence id="24">
          <content>, &amp;iquest;est&amp;aacute;n gestando?</content>
        </sentence>
        <sentence id="25">
          <content>, &amp;iquest;se est&amp;aacute;n alimentando?"</content>
        </sentence>
        <sentence id="26">
          <content>, a&amp;ntilde;adi&amp;oacute .</content>
        </sentence>
        <sentence id="27">
          <content>Momento de actuarSon exactamente estas preguntas las que impulsan al equipo a zambullirse a las profundidades con los aterradores y cautivantes animales .</content>
        </sentence>
        <sentence id="28">
          <content>"La poblaci&amp;oacuten de tiburones en todo el mundo est&amp;aacute; bajo amenaza, los tiburones son masacrados a una velocidad insostenible, muchos por un plato de sopa", dijo Fischer .</content>
        </sentence>
        <sentence id="29">
          <content>"Esta matanza insostenible se debe a la demanda de aleta de tibur&amp;oacuten, as&amp;iacute; como de su carne y otros productos que no solo pone a los tiburones en riesgo, sino tambi&amp;eacute;n al equilibrio del oc&amp;eacute;ano entero" .</content>
        </sentence>
        <sentence id="30">
          <content>Ocearch nombra a cada tibur&amp;oacuten que etiqueta (desde Katherine hasta Curly y Junior) en un esfuerzo por construir una relaci&amp;oacuten de los hombres con los tiburones y reflejar sus personalidades &amp;uacute;nicas .</content>
        </sentence>
        <sentence id="31">
          <content>"Katherine viajar&amp;aacute; 1,000 millas (1,609 kil&amp;oacutemetros) al mes, visitar&amp;aacute; Bermudas, viajar&amp;aacute; a lo largo de la costa sureste e ir&amp;aacute; a lugares que no entendemos", dijo Fischer de uno de los tiburones .</content>
        </sentence>
        <sentence id="32">
          <content>"Este proyecto se trata de resolver los movimientos anuales del tibur&amp;oacuten blanco a lo largo del Atl&amp;aacute;ntico Norte, que es un misterio de 450 millones de a&amp;ntilde;os y hoy todos tienen la oportunidad de verlodesarrollarse en tiempo real" .</content>
        </sentence>
      </sentences>
    </paragraph>
  </article>
</document>
