<?xml version="1.0" encoding="UTF-8"?>
<document id="899" link="http://mexico.cnn.com/planetacnn/2013/04/22/el-dia-de-la-tierra-10-datos-para-medir-nuestra-huella-sobre-ella" category="planetacnn" highlights_mapped="false">
  <title>El D&amp;iacute;a de la Tierra: 10 datos para medir nuestra 'huella' sobre ella - Planeta CNN - planetacnn - CNNMexico.com</title>
  <keywords>dia de la tierra, la madre tierra, ecologia, medio ambiente, verde, preservacion, naturaleza, reciclar, basura, desechos, planeta, agua, china, estados unidos, eu, contaminacion, emisiones de carbono, dioxido, energia</keywords>
  <summaries>
    <highlights>
      <sentence id="1" ids_sentences_article="">Desde 1970, el d&amp;iacute;a de la Tierra nos recuerda el impacto de los humanos sobre ella.</sentence>
      <sentence id="2" ids_sentences_article="">El agua es uno de los recursos m&amp;aacute;s explotados a nivel mundial.</sentence>
      <sentence id="3" ids_sentences_article="">M&amp;aacute;s de 750 millones en el mundo no tienen el acceso adecuado a este l&amp;iacute;quido.</sentence>
    </highlights>
  </summaries>
  <article>
    <paragraph id="1">
      <sentences>
        <sentence id="1">
          <content>El D&amp;iacute;a de la Tierra: 10 datos para medir nuestra 'huella' sobre ella.</content>
        </sentence>
        <sentence id="2">
          <content>Si tomamos en cuenta que estamos a 1,200 a&amp;ntilde;os luz de otro planeta posiblemente habitable, ser&amp;aacute; mejor que cuidemos el que tenemos.</content>
        </sentence>
        <sentence id="3">
          <content>(CNN) -- Hay un dicho popular sobre nuestro planeta y el impacto negativo de la humanidad en su ecolog&amp;iacute;a: "tratamos a nuestro mundo como si tuvi&amp;eacute;ramos uno de repuesto en la cajuela" .</content>
        </sentence>
        <sentence id="4">
          <content>Si tomamos en cuenta que los planetas m&amp;aacute;s cercanos con posibilidades de tener vida est&amp;aacute;n a m&amp;aacute;s de 1,200 a&amp;ntilde;os luz, ser&amp;iacute;a m&amp;aacute;s sabio hacer todo lo posible por preservar el lugar que ya tenemos .</content>
        </sentence>
        <sentence id="5">
          <content>Desde 1970, el D&amp;iacute;a Internacional de la Madre Tierra nos recuerda justo eso .</content>
        </sentence>
        <sentence id="6">
          <content>&amp;iquest;Crees que hay cosas m&amp;aacute;s importantes que mantener a la Madre Tierra en forma?</content>
        </sentence>
        <sentence id="7">
          <content>Considera a las personas de Afganist&amp;aacute;n .</content>
        </sentence>
        <sentence id="8">
          <content>En 2011, el Green Glub of Afganistan plant&amp;oacute m&amp;aacute;s de 28 millones de &amp;aacute;rboles .</content>
        </sentence>
        <sentence id="9">
          <content>Es casi un &amp;aacute;rbol por persona en una de las naciones con m&amp;aacute;s conflictos b&amp;eacute;licos .</content>
        </sentence>
        <sentence id="10">
          <content>O voltea hacia las playas de California, en EU, donde un grupo de voluntarios recolect&amp;oacute mas de 3 millones de libras de basura reciclable, y eso fue en tan solo un d&amp;iacute;a .</content>
        </sentence>
        <sentence id="11">
          <content>Las mejores intenciones y acciones son guiadas por el conocimiento, por eso aqu&amp;iacute; hay algunos datos que debes conocer sobre la salud de nuestro planeta .</content>
        </sentence>
        <sentence id="12">
          <content>- En 2010 se dio a conocer que en Estados Unidos se producen menos de cinco libras de basura diarias por persona .</content>
        </sentence>
        <sentence id="13">
          <content>Esto podr&amp;iacute;a no impresionarte, pero si lo multiplicamos por 365 d&amp;iacute;as ser&amp;iacute;a igual a 1,617 libras por cada habitante en un a&amp;ntilde;o .</content>
        </sentence>
        <sentence id="14">
          <content>- Las ocho ciudades m&amp;aacute;s contaminadas se encuentran en California, EU, seguidas de Houston, en Texas, y Charlotte, en Carolina del Norte es una de las que comienza a acercarse a estos niveles .</content>
        </sentence>
        <sentence id="15">
          <content>-La Tierra est&amp;aacute; cubierta en un 70% por agua, pero solo el 2 .</content>
        </sentence>
        <sentence id="16">
          <content>5% es potencialmente &amp;uacute;til para consumo humano .</content>
        </sentence>
        <sentence id="17">
          <content>Y la mayor parte de esta fracci&amp;oacuten se encuentra concentrada en los polos .</content>
        </sentence>
        <sentence id="18">
          <content>- Sin duda, el l&amp;iacute;quido representa uno de los tesoros m&amp;aacute;s preciados para nosotros y lo utilizamos en exceso .</content>
        </sentence>
        <sentence id="19">
          <content>De acuerdo con la Agencia de Protecci&amp;oacuten Ambiental de EU, en promedio son necesarios 300 galones de agua diarios por casa en ese pa&amp;iacute;s .</content>
        </sentence>
        <sentence id="20">
          <content>Mientras que m&amp;aacute;s de 750 millones de personas (alrededor del 10% de la poblaci&amp;oacuten mundial) no tienen el acceso adecuado a este l&amp;iacute;quido, seg&amp;uacute;n datos de la Organizaci&amp;oacuten de las Naciones Unidas (ONU) .</content>
        </sentence>
        <sentence id="21">
          <content>- En promedio, el 30% del agua utilizada para consumo humano se destina al riego de exteriores en zonas residenciales e industriales .</content>
        </sentence>
        <sentence id="22">
          <content>Y el 50% de ella se evapora si se realiza durante la temporada de altas temperaturas .</content>
        </sentence>
        <sentence id="23">
          <content>- La Asociaci&amp;oacuten Internacional de Agua Embotellada (IBWA, por sus siglas en ingl&amp;eacute;s) estim&amp;oacute que en los 10 principales mercados globales, los humanos consumimos m&amp;aacute;s de 61 mil millones de galones de agua embotellada --un gal&amp;oacuten equivale a 3 .</content>
        </sentence>
        <sentence id="24">
          <content>7 litros-- .</content>
        </sentence>
        <sentence id="25">
          <content>Cabe considerar que tan solo el pl&amp;aacute;stico utilizado para sostener las latas de los six-pack se desintegra en 450 a&amp;ntilde;os, ahora pensemos cu&amp;aacute;nto tiempo le tomar&amp;aacute; a una botella de pl&amp;aacute;stico .</content>
        </sentence>
        <sentence id="26">
          <content>- Una buena noticia es que el papel, a pesar de ser uno de los materiales mayormente desperdiciados, tambi&amp;eacute;n se ha convertido en uno de los m&amp;aacute;s reciclados .</content>
        </sentence>
        <sentence id="27">
          <content>- En 2009, China se convirti&amp;oacute en el mayor productor de emisiones de carbono a nivel mundial, seguido de Estados Unidos .</content>
        </sentence>
        <sentence id="28">
          <content>M&amp;eacute;xico se encuentra en el lugar 13 del listado, seg&amp;uacute;n el Banco Mundial .</content>
        </sentence>
        <sentence id="29">
          <content>- Indonesia y M&amp;eacute;xico encabezan a los pa&amp;iacute;ses con mayor n&amp;uacute;mero de mam&amp;iacute;feros en peligro de extinci&amp;oacuten, seg&amp;uacute;n datos de 2012 del Programa de las Naciones Unidas para el Medio Ambiente (PNUMA), y el Centro Mundial de Vigilancia de la Conservaci&amp;oacuten .</content>
        </sentence>
        <sentence id="30">
          <content>- M&amp;eacute;xico, en lo que corresponde a especies marinas amenazadas, ocupa el cuarto lugar en ejemplares en riesgo, despu&amp;eacute;s de pa&amp;iacute;ses como Estados Unidos y Tanzania, seg&amp;uacute;n estad&amp;iacute;sticas del 2012 del Banco Mundial .</content>
        </sentence>
        <sentence id="31">
          <content>Con informaci&amp;oacuten del BancoMundial .</content>
        </sentence>
      </sentences>
    </paragraph>
  </article>
</document>
