<?xml version="1.0" encoding="UTF-8"?>
<document id="907" link="http://mexico.cnn.com/planetacnn/2013/03/14/la-presencia-de-la-mariposa-monarca-es-la-mas-baja-en-dos-decadas" category="planetacnn" highlights_mapped="false">
  <title>La presencia de la mariposa monarca es la m&amp;aacute;s baja en dos d&amp;eacute;cadas - Planeta CNN - planetacnn - CNNMexico.com</title>
  <keywords>mariposa monarca, monitoreo, reduce, ocupacion, decremento, WWF, conanp, michoacan, estado de mexico</keywords>
  <summaries>
    <highlights>
      <sentence id="1" ids_sentences_article="">Las altas temperaturas en Canad&amp;aacute; afectaron la poblaci&amp;oacuten de mariposas monarcas.</sentence>
      <sentence id="2" ids_sentences_article="">Tambi&amp;eacute;n el uso de herbicidas que redujo a los algodoncillos, una planta de la cual se alimentan las mariposas.</sentence>
    </highlights>
  </summaries>
  <article>
    <paragraph id="1">
      <sentences>
        <sentence id="1">
          <content>La presencia de la mariposa monarca es la m&amp;aacute;s baja en dos d&amp;eacute;cadas.</content>
        </sentence>
        <sentence id="2">
          <content>El decremento del 59 % de mariposas en M&amp;eacute;xico se debe al uso de herbicidas y el clima extremo en el norte de Am&amp;eacute;rica, de acuerdo con la WWF.</content>
        </sentence>
        <sentence id="3">
          <content>MICHOAC&amp;Aacute;N (CNNM&amp;eacute;xico) -- La superficie forestal ocupada por la mariposa monarca en M&amp;eacute;xico durante diciembre de 2012 ha sido la m&amp;aacute;s baja de las &amp;uacute;ltimas dos d&amp;eacute;cadas, de acuerdo con un monitoreo realizado por la Comisi&amp;oacuten Nacional de &amp;Aacute;reas Naturales Protegidas (Conanp) .</content>
        </sentence>
        <sentence id="4">
          <content>En la segunda quincena de 2012 hab&amp;iacute;a nueve colonias de hibernaci&amp;oacuten que ocuparon una superficie de 1 .</content>
        </sentence>
        <sentence id="5">
          <content>19 hect&amp;aacute;reas de bosque, lo que representa un decremento de 59% con relaci&amp;oacuten a las 2 .</content>
        </sentence>
        <sentence id="6">
          <content>89 ocupadas en diciembre del 2011, seg&amp;uacute;n un comunicado de la alianza del Fondo Mundial para la Naturaleza (WWF, por sus siglas en ingl&amp;eacute;s) con Telcel, una organizaci&amp;oacuten civil dedicada a detener la degradaci&amp;oacuten del medio ambiente .</content>
        </sentence>
        <sentence id="7">
          <content>La WWF participa cada a&amp;ntilde;o en la elaboraci&amp;oacuten del monitoreo en colaboraci&amp;oacuten con la Conanp .</content>
        </sentence>
        <sentence id="8">
          <content>La superficie forestal ocupada por las colonias es un indicador del n&amp;uacute;mero de mariposas que llegan a M&amp;eacute;xico cada a&amp;ntilde;o, seg&amp;uacute;n el comunicado .</content>
        </sentence>
        <sentence id="9">
          <content>La WWF y la Direcci&amp;oacuten de la Reserva de la Bi&amp;oacutesfera Mariposa Monarca iniciaron el monitoreo sistem&amp;aacute;tico de las colonias de hibernaci&amp;oacuten en 2004 .</content>
        </sentence>
        <sentence id="10">
          <content>Este monitoreo determin&amp;oacute que la mayor superficie ocupada por las mariposas se dio en el invierno de 1996 (18 .</content>
        </sentence>
        <sentence id="11">
          <content>19 hect&amp;aacute;reas) .</content>
        </sentence>
        <sentence id="12">
          <content>"La disminuci&amp;oacuten del n&amp;uacute;mero de mariposas monarca en Norteam&amp;eacute;rica en 2012-2013 se debe probablemente a los efectos negativos de la reducci&amp;oacuten de los algodoncillos (Asclepias) por el uso de herbicidas en los sitios de reproducci&amp;oacuten y alimentaci&amp;oacuten de las mariposas en los Estados Unidos", de acuerdo con el comunicado de la WWF .</content>
        </sentence>
        <sentence id="13">
          <content>Las mariposas monarcas suelen alimentarse de las plantas de algodoncillo sobre las que hacen .</content>
        </sentence>
        <sentence id="14">
          <content>La WWF tambi&amp;eacute;n atribuye esta disminuci&amp;oacuten a las variaciones clim&amp;aacute;ticas extremas a las que estuvieron expuestas en la primavera y verano de 2012 en los Estados Unidos .</content>
        </sentence>
        <sentence id="15">
          <content>"Las temperaturas mayores a 35&amp;#730;C pueden ser letales para las larvas, mientras que los huevos se desecan en condiciones c&amp;aacute;lidas y secas, y su tasa de eclosi&amp;oacuten disminuye dr&amp;aacute;sticamente," explic&amp;oacute Omar Vidal, Director General de WWF-M&amp;eacute;xico .</content>
        </sentence>
        <sentence id="16">
          <content>La conservaci&amp;oacuten de la mariposa Monarca es una responsabilidad compartida por M&amp;eacute;xico, Estados Unidos y Canad&amp;aacute;, seg&amp;uacute;n WWF-M&amp;eacute;xico .</content>
        </sentence>
        <sentence id="17">
          <content>M&amp;eacute;xico ha cumplido su parte al eliminarla tala ilegal a gran escala, pero Estados Unidos y Canad&amp;aacute; deben proteger el h&amp;aacute;bitat de la mariposa en sus territorios, seg&amp;uacute;n la WWF .</content>
        </sentence>
        <sentence id="18">
          <content>Las monarcas viajan cada a&amp;ntilde;o alrededor de 4,500 kil&amp;oacutemetros desde Am&amp;eacute;rica del Norte hasta M&amp;eacute;xico, donde se distribuyen entre el Estado de M&amp;eacute;xico y Michoac&amp;aacute;n .</content>
        </sentence>
      </sentences>
    </paragraph>
  </article>
</document>
