<?xml version="1.0" encoding="UTF-8"?>
<document id="930" link="http://mexico.cnn.com/planetacnn/2013/05/11/la-ciudad-de-mexico-vive-fin-de-semana-con-altos-niveles-de-contaminacion" category="planetacnn" highlights_mapped="false">
  <title>La Ciudad de M&amp;eacute;xico vive tres d&amp;iacute;as con altos niveles de contaminaci&amp;oacuten - Planeta CNN - planetacnn - CNNMexico.com</title>
  <keywords>calidad del aire, ciudad de mexico, valle de mexico, zona metropolitana, contaminacion, precontingencia ambiental, salir, ozono, precontingen</keywords>
  <summaries>
    <highlights>
      <sentence id="1" ids_sentences_article="">NUEVO: La Comisi&amp;oacuten Ambiental Metropolitana suspendi&amp;oacute la precontingencia ambiental en la ciudad.</sentence>
      <sentence id="2" ids_sentences_article="">El gobierno de la Ciudad de M&amp;eacute;xico activ&amp;oacute un doble Hoy no circula este s&amp;aacute;bado.</sentence>
    </highlights>
  </summaries>
  <article>
    <paragraph id="1">
      <sentences>
        <sentence id="1">
          <content>La Ciudad de M&amp;eacute;xico vive tres d&amp;iacute;as con altos niveles de contaminaci&amp;oacuten.</content>
        </sentence>
        <sentence id="2">
          <content>El Sistema de Monitoreo Atmosf&amp;eacute;rico calific&amp;oacute la calidad del aire como 'mala'; el gobierno capitalino estableci&amp;oacute un doble Hoy no circula.</content>
        </sentence>
        <sentence id="3">
          <content>Nota del editor: &amp;iquest;Desde tu casa es evidente la contaminaci&amp;oacuten?</content>
        </sentence>
        <sentence id="4">
          <content>Env&amp;iacute;anos tus im&amp;aacute;genes v&amp;iacute;a iReport(CNNM&amp;eacute;xico)--La precontingencia ambiental en la Ciudad de M&amp;eacute;xico concluy&amp;oacute este s&amp;aacute;bado luego de mantenerse por tres d&amp;iacute;as consecutivos, inform&amp;oacute la Comisi&amp;oacuten Ambiental Metropolitana (CAM) .</content>
        </sentence>
        <sentence id="5">
          <content>La CAM se&amp;ntilde;al&amp;oacute que el aumento en la intensidad del viento ayudar&amp;aacute; a que se dispersen los contaminantes precursores del ozono, por lo que para este domingo se prev&amp;eacute; un aumento en la nubosidad con posibles lluvias durante la tarde y la noche, condiciones que permitir&amp;aacute;n que mejore la calidad del aire .</content>
        </sentence>
        <sentence id="6">
          <content>"La contingencia ambiental se aplica con el prop&amp;oacutesito de reducir los nvieles de contaminaci&amp;oacuten en el aire" cuando est&amp;aacute; en riesgo la salud de la poblaci&amp;oacuten,seg&amp;uacute;n el Sistema de Monitoreo Atmosf&amp;eacute;rico .</content>
        </sentence>
        <sentence id="7">
          <content>&amp;iquest;Qu&amp;eacute; hacer ante una precontingencia ambiental?La calidad del aire fue 'mala' durante tres d&amp;iacute;as, en especial para personas con problemas respiratorios o cardiacos, adultos mayores y ni&amp;ntilde;os pueden presentar s&amp;iacute;ntomas como: irritaci&amp;oacuten en v&amp;iacute;as respiratorias, disminuci&amp;oacuten de la funci&amp;oacuten pulmonar, agudizaci&amp;oacuten de ataques de asma, entre otros, dio a conocer el Ssitema de Monitoreo Ambiental .</content>
        </sentence>
        <sentence id="8">
          <content>Leer: La contaminaci&amp;oacuten del aire: un asesino silencioso de las ciudadesAnte esta situaci&amp;oacuten, durante este s&amp;aacute;bado se aplic&amp;oacute un doble Hoy No Circula, el programa por el cual no circulan veh&amp;iacute;culos con holograma dos, engomado rosa terminaci&amp;oacuten 7 y 8 y una restricci&amp;oacuten adicional a veh&amp;iacute;culos con holograma dos con terminaci&amp;oacuten non, es decir, no circulan los automotores con placas terminadas en 1, 3, 5, 7, 9 .</content>
        </sentence>
        <sentence id="9">
          <content>En taxis aplicaron las mismas restricciones que en veh&amp;iacute;culos privados y no pod&amp;iacute;a circular ning&amp;uacute;n veh&amp;iacute;culo utilizado con fines de publicidad m&amp;oacutevil .</content>
        </sentence>
        <sentence id="10">
          <content>Generalmente, la restricci&amp;oacuten a la circulaci&amp;oacuten aplica de 05:00 a 22:00 horas y los veh&amp;iacute;culos de transporte privado y p&amp;uacute;blico, transporte de carga o de pasajeros est&amp;aacute;n obligados a cumplirla .</content>
        </sentence>
        <sentence id="11">
          <content>Una precontingencia ambiental se decreta cuando en cualquiera de las zonas que conforman el Valle de M&amp;eacute;xico se registre un valor mayor a 150 puntos IMECA de contaminaci&amp;oacuten, seg&amp;uacute;n el Programa para Contingencias Ambientales Atmosf&amp;eacute;ricas en el Distrito Federal .</content>
        </sentence>
        <sentence id="12">
          <content>La contingencia ambiental se da cuando cualquiera de las zonas registra un nivel mayor a 180 puntos IMECA .</content>
        </sentence>
        <sentence id="13">
          <content>La calidad del aire puede considerarse como buena cuando se encuentra entre 0 y 50 puntos IMECA y regular cuando est&amp;aacute; en un rango entre 51 y 100 .</content>
        </sentence>
        <sentence id="14">
          <content>Consulta la calidad del aire en el DFActividades de fin de semanaPese a la precontingencia, clubes de motociclistas y aficionados independientes salieron poco antes del medio d&amp;iacute;a del Z&amp;oacutecalo capitalino rumbo al aut&amp;oacutedromo Hermanos Rodr&amp;iacute;guez, como parte de un festival para celebrar el 110 aniversario de la Harley Davidson, de acuerdo con un reporte de la agencia Notimex .</content>
        </sentence>
        <sentence id="15">
          <content>En la caravana participaron aproximadamente 6,000 moticiclistas .</content>
        </sentence>
        <sentence id="16">
          <content>El jefe de Gobierno del Distrito Federal, Miguel &amp;Aacute;ngel Mancera, justific&amp;oacute la realizaci&amp;oacuten del evento pese a las condiciones ambientales .</content>
        </sentence>
        <sentence id="17">
          <content>En entrevista con la agencia Notimex, el mandatario argument&amp;oacute motivos econ&amp;oacutemicos y la ocupaci&amp;oacuten hotelera para no cancelar la rodada, aunque admiti&amp;oacute que persisten lagunas en la regulaci&amp;oacuten y que se necesita una normatividad ambiental para evitar que eso ocurra .</content>
        </sentence>
        <sentence id="18">
          <content>Mancera Espinosa coment&amp;oacute que en varias delegaciones de la Ciudad se suspendieron actividades programadas al aire libre, incluidas las organizadas por el Gobierno del Distrito Federal .</content>
        </sentence>
        <sentence id="19">
          <content>Respecto a los eventos masivos previstos para este domingo, como Ecobici y el concierto en el z&amp;oacutecalo del cantante Miguel Bos&amp;eacute; con motivo del D&amp;iacute;a de las Madres, Mancera dijo podr&amp;iacute;an suspenderse si las condiciones ambientales no mejoran, report&amp;oacute la agencia .</content>
        </sentence>
        <sentence id="20">
          <content>Leer: La contaminaci&amp;oacuten lum&amp;iacute;nica de Hong Kong es "la peor del mundo"Esta es la primera vez en 10 a&amp;ntilde;os que en la Ciudad de M&amp;eacute;xico se aplica un doble Hoy no circula, pero debido a un cambio en la ley ambiental .</content>
        </sentence>
        <sentence id="21">
          <content>Anteriormente, las medidas adicionales aplicaban solo durante una contingencia ambiental, un estado mayor de contaminaci&amp;oacuten del aire, inform&amp;oacute la Secretar&amp;iacute;a de Medio Ambiente del Distrito Federal a CNNM&amp;eacute;xico .</content>
        </sentence>
        <sentence id="22">
          <content>La &amp;uacute;ltima vez que eso ocurri&amp;oacute fue en mayo de 2002; seg&amp;uacute;n el nuevo esquema, vigente desde agosto de 2012, el doble Hoy no circula puede aplicarse cuando hay precontingencia .</content>
        </sentence>
        <sentence id="23">
          <content>La calidad del aire de la Ciudad de M&amp;eacute;xico se volvi&amp;oacute motivo de debates en la d&amp;eacute;cada de 1990 y desde entonces ha mejorado, aunque contin&amp;uacute;a siendo una de las m&amp;aacute;s contaminadas del pa&amp;iacute;s .</content>
        </sentence>
        <sentence id="24">
          <content>Durante el gobierno de Marcelo Ebrard (2006-2012) seimplementaron dos programas masivos para mejorar la calidad del aire: Ecobici, un sistema de bicicletas prestadas, y Ecobus, un transporte ecol&amp;oacutegico que opera con gas natural .</content>
        </sentence>
      </sentences>
    </paragraph>
  </article>
</document>
