<?xml version="1.0" encoding="UTF-8"?>
<document id="553" link="http://mexico.cnn.com/planetacnn/2014/01/29/la-mariposa-monarca-tiene-su-vuelo-mas-bajo-de-los-ultimos-20-anos" category="planetacnn" highlights_mapped="false">
  <title>La mariposa monarca tiene su 'vuelo m&amp;aacute;s bajo' de los &amp;uacute;ltimos 20 a&amp;ntilde;os - PlanetaCNN, canal - planetacnn - CNNMexico.com</title>
  <keywords>planetacnn, monarca, mariposa monarca, mexico, michoacan, santuario, reserva natural, santuario de la mariposa monarca, estado de mexico, insecto, animales, conservacion, peligro de extincion, extincion, wwf</keywords>
  <summaries>
    <highlights>
      <sentence id="1" ids_sentences_article="">La mariposa monarca lleg&amp;oacute en menor cantidad a M&amp;eacute;xico durante la temporada 2013 - 2014.</sentence>
      <sentence id="2" ids_sentences_article="">Durante esta &amp;eacute;poca, la especie tambi&amp;eacute;n ocup&amp;oacute la menor superficie registrada desde 1993.</sentence>
      <sentence id="3" ids_sentences_article="">La degradaci&amp;oacuten forestal y las pr&amp;aacute;cticas agr&amp;iacute;colas amenazan la conservaci&amp;oacuten de este insecto.</sentence>
    </highlights>
  </summaries>
  <article>
    <paragraph id="1">
      <sentences>
        <sentence id="1">
          <content>La mariposa monarca tiene su 'vuelo m&amp;aacute;s bajo' de los &amp;uacute;ltimos 20 a&amp;ntilde;os.</content>
        </sentence>
        <sentence id="2">
          <content>La especie no solo lleg&amp;oacute en menor cantidad a los santuarios mexicanos, tambi&amp;eacute;n ocup&amp;oacute la menor superficie registrada desde 1993.</content>
        </sentence>
        <sentence id="3">
          <content>(CNNM&amp;eacute;xico) -- Durante la temporada que va de 2013 a 2014, la mariposa monarca no solo lleg&amp;oacute en menor cantidad a M&amp;eacute;xico sino que tambi&amp;eacute;n ocup&amp;oacute la superficie m&amp;aacute;s reducida que hab&amp;iacute;a sido registrada desde 1993 .</content>
        </sentence>
        <sentence id="4">
          <content>Las siete colonias monitoreadas de esta especie (3 en Michoac&amp;aacute;n y 4 en el Estado de M&amp;eacute;xico) abarcaron un total de 0 .</content>
        </sentence>
        <sentence id="5">
          <content>67 hect&amp;aacute;reas, 43 .</content>
        </sentence>
        <sentence id="6">
          <content>7% menos que en la &amp;eacute;poca de 2012 a 2013 y la menor superficie ocupada por esta mariposa en los santuarios mexicanos desde 1993, de acuerdo con el monitoreo llevado a cabo por el Fondo Mundial para la Naturaleza (WWF, por sus siglas en ingl&amp;eacute;s) y la Comisi&amp;oacuten Nacional de &amp;Aacute;reas Naturales Protegidas (Conanp) de la Secretar&amp;iacute;a de Medio Ambiente y Recursos Naturales (Semarnat) .</content>
        </sentence>
        <sentence id="7">
          <content>La tendencia negativa ratifica lo registrado el a&amp;ntilde;o anterior: en la segunda quincena de 2012 hab&amp;iacute;a nueve colonias de hibernaci&amp;oacuten que ocuparon una superficie de 1 .</content>
        </sentence>
        <sentence id="8">
          <content>19 hect&amp;aacute;reas de bosque, lo que representa un decremento de 59% con relaci&amp;oacuten a las 2 .</content>
        </sentence>
        <sentence id="9">
          <content>89 ocupadas en diciembre del 2011 .</content>
        </sentence>
        <sentence id="10">
          <content>A&amp;uacute;n as&amp;iacute;, la monarca (Danaus plexippus) es un lepid&amp;oacuteptero que no deja de sorprender a los cient&amp;iacute;ficos por el misterio que rodea a su migraci&amp;oacutenDe acuerdo con WWF, las principales amenazas para la mariposa monarca en su rango de distribuci&amp;oacuten en Am&amp;eacute;rica del Norte son: la deforestaci&amp;oacuten y degradaci&amp;oacuten forestal por la tala ilegal en los sitios de hibernaci&amp;oacuten en M&amp;eacute;xico; la reducci&amp;oacuten de su h&amp;aacute;bitat reproductivo en EU y Canad&amp;aacute; debido al cambio de uso del suelo y la disminuci&amp;oacuten del algodoncillo (planta de la que se alimentan las larvas), causada por el uso de herbicidas; y las condiciones clim&amp;aacute;ticas extremas en Canad&amp;aacute;, Estados Unidos y M&amp;eacute;xico .</content>
        </sentence>
        <sentence id="11">
          <content>"La combinaci&amp;oacuten de estas amenazas ha causado la dram&amp;aacute;tica disminuci&amp;oacuten en el n&amp;uacute;mero de mariposas en las colonias de hibernaci&amp;oacuten en M&amp;eacute;xico durante la &amp;uacute;ltima d&amp;eacute;cada, que en la temporada 2013-2014 alcanz&amp;oacute la menor superficie ocupada desde 1993", dijo Omar Vidal, director general del WWF M&amp;eacute;xico, en un comunicado emitido por la organizaci&amp;oacuten .</content>
        </sentence>
        <sentence id="12">
          <content>Desde noviembre de 2013, los registros no eran nada halagadores en comparaci&amp;oacuten con a&amp;ntilde;os previos .</content>
        </sentence>
        <sentence id="13">
          <content>"M&amp;aacute;s o menos estimamos que tenemos como un 50% menos hasta este momento (en referencia con temporadas anteriores)", dijo la directora de la reserva, la bi&amp;oacuteloga Gloria Tavera Alonso a la agencia EFE, seg&amp;uacute;n consign&amp;oacute CNNM&amp;eacute;xico .</content>
        </sentence>
        <sentence id="14">
          <content>La medici&amp;oacuten de la superficie forestal ocupada es utilizada como indicador indirecto del n&amp;uacute;mero de monarcas que llegan a M&amp;eacute;xico desde Canad&amp;aacute; y Estados Unidos, despu&amp;eacute;s de viajar m&amp;aacute;s de 4,000 kil&amp;oacutemetros para hibernar de noviembre a marzo en los bosques templados de Michoac&amp;aacute;n y el Estado de M&amp;eacute;xico .</content>
        </sentence>
        <sentence id="15">
          <content>El monitoreo ubic&amp;oacute 5 colonias dentro de la reserva y 2 colonias fuera de ella .</content>
        </sentence>
        <sentence id="16">
          <content>La m&amp;aacute;s grande fue localizada en El Rosario, santuario de la Sierra el Campanario, en Michoac&amp;aacute;n y la colonia m&amp;aacute;s peque&amp;ntilde;a fue hallada en la Comunidad Ind&amp;iacute;gena de Carpinteros dentro del mismo estado .</content>
        </sentence>
        <sentence id="17">
          <content>"Numerosas l&amp;iacute;neas de evidencia demuestran que la regi&amp;oacuten medio oeste de Estados Unidos, conocida tambi&amp;eacute;n como El Cintur&amp;oacuten de Ma&amp;iacute;z, es la principal fuente de las mariposas que hibernan en M&amp;eacute;xico .</content>
        </sentence>
        <sentence id="18">
          <content>Gran parte de su h&amp;aacute;bitat reproductivo en esa zona se ha perdido por los cambios en las pr&amp;aacute;cticas agr&amp;iacute;colas, principalmente la explosiva adopci&amp;oacuten de cultivos tolerantes a herbicidas, lo que ha provocado la exterminaci&amp;oacuten del algodoncillo en muchos h&amp;aacute;bitats", se&amp;ntilde;al&amp;oacute Karen Oberhauser, investigadora y profesora de la Universidad de Minessota, en EU, quien ha estudiado a la especie por m&amp;aacute;s de 30 a&amp;ntilde;os .</content>
        </sentence>
        <sentence id="19">
          <content>"Por lo tanto, por s&amp;iacute; sola, la conservaci&amp;oacuten del h&amp;aacute;bitat de la mariposa monarca en los sitios de hibernaci&amp;oacuten en M&amp;eacute;xico no asegura la protecci&amp;oacuten de su migraci&amp;oacuten contra las presiones humanas, que est&amp;aacute;n en aumento", a&amp;ntilde;adi&amp;oacute .</content>
        </sentence>
        <sentence id="20">
          <content>Los conservacionistas coinciden en que las acciones para conservar la migraci&amp;oacuten de esta mariposa deben considerar factores sociales y econ&amp;oacutemicos .</content>
        </sentence>
        <sentence id="21">
          <content>"Es indispensable tomar en cuenta a los habitantes de la regi&amp;oacuten monarca y promover mejores oportunidades de trabajo, acceso a educaci&amp;oacuten y a servicios b&amp;aacute;sicos", afirm&amp;oacute el director del WWF en M&amp;eacute;xico .</content>
        </sentence>
        <sentence id="22">
          <content>Estos insectos usan ca&amp;ntilde;adas para evitar los fuertes vientos mientras se dirigen al sur, gui&amp;aacute;ndose por el sol, por lo que se les ha llegado a llamarla novia del sol .</content>
        </sentence>
      </sentences>
    </paragraph>
  </article>
</document>
