<?xml version="1.0" encoding="UTF-8"?>
<document id="746" link="http://mexico.cnn.com/planetacnn/2013/06/10/un-robot-puede-ayudar-al-planeta-con-el-creciente-problema-de-desechos" category="planetacnn" author="Arion McNicoll y Stefanie Blendis" highlights_mapped="false">
  <title>Un robot puede ayudar al planeta con el creciente problema de desechos - planetacnn - CNNMexico.com</title>
  <keywords>tecnologia, robot, reciclar, reciclaje, desechos, robot, construccion, demolicion, zenrobotics, inteligencia artificial, recoleccion, separacion, plastico, metal madera, deposito, separacion, separar</keywords>
  <summaries>
    <highlights>
      <sentence id="1" ids_sentences_article="">Un nuevo sistema rob&amp;oacutetico para optimizar la manera de reciclar materiales de construcci&amp;oacuten.</sentence>
      <sentence id="2" ids_sentences_article="">Las industrias de la construcci&amp;oacuten y la demolici&amp;oacuten generan una tercera parte de los desechos en todo el mundo.</sentence>
      <sentence id="3" ids_sentences_article="">El robot analiza los objetos y los divide en madera, metal, piedra, etc . .</sentence>
    </highlights>
  </summaries>
  <article>
    <paragraph id="1">
      <sentences>
        <sentence id="1">
          <content>Un robot puede ayudar al planeta con el creciente problema de desechos.</content>
        </sentence>
        <sentence id="2">
          <content>El artefacto cuenta con un sistema de inteligencia artificial que identifica los materiales y los clasifica.</content>
        </sentence>
        <sentence id="3">
          <content>(CNN) -- Un sistema rob&amp;oacutetico de reciclaje podr&amp;iacute;a ayudar a resolver el creciente problema de los desechos en todo el mundo, seg&amp;uacute;n la empresa finlandesa de tecnolog&amp;iacute;a ZenRobotics .</content>
        </sentence>
        <sentence id="4">
          <content>El Reciclador ZenRobotics (ZRR) es un sistema rob&amp;oacutetico inteligente que separa los materiales de construcci&amp;oacuten en una banda transportadora, retira aquellos que son reciclables y los deposita en contenedores de recolecci&amp;oacuten .</content>
        </sentence>
        <sentence id="5">
          <content>El sistema se dise&amp;ntilde;&amp;oacute para sustituir a la selecci&amp;oacuten manual, que puede ser peligrosa y con frecuencia es sumamente costosa .</content>
        </sentence>
        <sentence id="6">
          <content>Se cree que los sectores de la construcci&amp;oacuten y la demolici&amp;oacuten contribuyen con una tercera parte de todos los desechos a nivel mundial .</content>
        </sentence>
        <sentence id="7">
          <content>Tan solo Estados Unidos produce la impresionante cantidad de 325 millones de toneladas de desperdicios al a&amp;ntilde;o y Gran Breta&amp;ntilde;a genera otros 120 millones .</content>
        </sentence>
        <sentence id="8">
          <content>Aunque los desperdicios dom&amp;eacute;sticos y municipales se han reducido en los &amp;uacute;ltimos a&amp;ntilde;os en el mundo desarrollado, Waste Watch --una organizaci&amp;oacuten no lucrativa de Gran Breta&amp;ntilde;a-- indica que m&amp;aacute;s del 80% de los desechos humanos que podr&amp;iacute;an reciclarse acaban en un relleno sanitario .</content>
        </sentence>
        <sentence id="9">
          <content>El fundador de ZenRobotics, Jufo Peltomaa, se&amp;ntilde;ala que el problema tambi&amp;eacute;n es grave en la Uni&amp;oacuten Europea: "Por lo menos en esta regi&amp;oacuten se generan 900 millones de toneladas de desechos de construcci&amp;oacuten y demolici&amp;oacuten .</content>
        </sentence>
        <sentence id="10">
          <content>Eso ser&amp;iacute;a equivalente a una fila de autos medianos que dar&amp;iacute;a 45 vueltas al planeta" .</content>
        </sentence>
        <sentence id="11">
          <content>Peltomaa y su equipo en ZenRobotics construyeron el ZRR para lidiar con este problema .</content>
        </sentence>
        <sentence id="12">
          <content>"En realidad es un trabajo dif&amp;iacute;cil para los robots y los sistemas de aprendizaje automatizado", dice Peltomaa .</content>
        </sentence>
        <sentence id="13">
          <content>"Actualmente no hay algo parecido en el mundo, as&amp;iacute; que el nuestro es el primero" .</content>
        </sentence>
        <sentence id="14">
          <content>El ZRR identifica los distintos tipos de desechos por medio de un proceso llamado "fusi&amp;oacuten de sensores" .</content>
        </sentence>
        <sentence id="15">
          <content>Al analizar la informaci&amp;oacuten, los sensores seleccionan objetos en una banda transportadora y los distribuyen a trav&amp;eacute;s de conductos cercanos .</content>
        </sentence>
        <sentence id="16">
          <content>El sistema de fusi&amp;oacuten de sensores recurre a varias tecnolog&amp;iacute;as como medici&amp;oacuten de peso, barrido en 3D, an&amp;aacute;lisis t&amp;aacute;ctil y por medio de espectr&amp;oacutemetro (que mide cu&amp;aacute;nta luz reflejan los diferentes materiales) .</content>
        </sentence>
        <sentence id="17">
          <content>El equipo de ZenRobotics cree que su creaci&amp;oacuten ayudar&amp;aacute; a aligerar el peligroso y repetitivo trabajo de filtrar los desechos, que actualmente se hace a mano .</content>
        </sentence>
        <sentence id="18">
          <content>"Actualmente, los trabajadores seleccionan a mano los desperdicios de la construcci&amp;oacuten y la demolici&amp;oacuten", dice Peltomaa .</content>
        </sentence>
        <sentence id="19">
          <content>"Esa es una soluci&amp;oacuten muy buena, pero es peligrosa para la salud .</content>
        </sentence>
        <sentence id="20">
          <content>Hay materiales t&amp;oacutexicos, afilados y pesados, adem&amp;aacute;s de asbesto, entre otras cosas" .</content>
        </sentence>
        <sentence id="21">
          <content>Peltomaa dice que se le ocurri&amp;oacute usar robots para reciclar cuando ve&amp;iacute;a un documental del Discovery Channel en el que trituraban y reciclaban un bombardero B52 .</content>
        </sentence>
        <sentence id="22">
          <content>Unos empleados "que luc&amp;iacute;an aburridos" seleccionaban los materiales entre los desechos que circulaban en una banda transportadora .</content>
        </sentence>
        <sentence id="23">
          <content>Peltomaa dice que de inmediato not&amp;oacute dos cosas: "Primero, que es realmente peligroso estar all&amp;iacute; porque el procedimiento es muy peligroso (y) segundo, que la tecnolog&amp;iacute;a que ten&amp;iacute;amos era ideal .</content>
        </sentence>
        <sentence id="24">
          <content>As&amp;iacute; que decidimos incursionar en la selecci&amp;oacuten rob&amp;oacutetica de residuos" .</content>
        </sentence>
        <sentence id="25">
          <content>El sistema de fusi&amp;oacuten de sensores del ZRR funciona por medio de un procedimiento complejo de an&amp;aacute;lisis que se ejecuta una vez que los art&amp;iacute;culos se colocan en la banda transportadora .</content>
        </sentence>
        <sentence id="26">
          <content>Los sensores del sistema re&amp;uacute;nen informaci&amp;oacuten que posteriormente es enviada al sistema de inteligencia artificial nombrado por el equipo "Cerebro ZenRobotics" .</content>
        </sentence>
        <sentence id="27">
          <content>El cerebro eval&amp;uacute;a el material del que est&amp;aacute; hecho cada objeto (madera, metal, piedra, etc . )</content>
        </sentence>
        <sentence id="28">
          <content>y decide qu&amp;eacute; hacer con &amp;eacute;l .</content>
        </sentence>
        <sentence id="29">
          <content>Luego, se env&amp;iacute;an instrucciones al brazo rob&amp;oacutetico, que recoge los objetos y los deposita en el contenedor adecuado, listos para su recolecci&amp;oacuten .</content>
        </sentence>
        <sentence id="30">
          <content>El conocido dise&amp;ntilde;ador industrial, Stefan Lindfors, piensa que el robot podr&amp;iacute;a colaborar a los esfuerzos que se llevan a cabo en todo el mundo para optimizar la manera de reciclar, aunque agrega que el verdadero problema es algo mucho m&amp;aacute;s elemental: "para empezar deber&amp;iacute;a haber menos desechos" .</content>
        </sentence>
        <sentence id="31">
          <content>Lindfors dice que los inventos como el robot ZRR suscitan interrogantes acerca de los desechos mundiales: "Los seres humanos tenemos mucho en qu&amp;eacute; pensar: c&amp;oacutemo empacamos las cosas, c&amp;oacutemo las envolvemos y c&amp;oacutemo usamos los materiales" .</content>
        </sentence>
      </sentences>
    </paragraph>
  </article>
</document>
