<?xml version="1.0" encoding="UTF-8"?>
<document id="528" link="http://mexico.cnn.com/planetacnn/2013/05/14/la-vida-en-el-amazonas-cual-es-el-estado-actual-de-este-habitat-natural" category="planetacnn" highlights_mapped="false">
  <title>La vida en el Amazonas, &amp;iquestcu&amp;aacute;l es el estado actual de este h&amp;aacute;bitat natural? - Planeta CNN - planetacnn - CNNMexico.com</title>
  <keywords>amazonas, selva amazonica, conservacion, deforestacion, cambio climatico, medio ambiente, temperatura, clima, especies, animales, destruccion, plantas, preservacion, contaminacion, zona forestal, bosques, tala</keywords>
  <summaries>
    <highlights>
      <sentence id="1" ids_sentences_article="">La Selva Amaz&amp;oacutenica es considerada una de las siete maravillas naturales del mundo.</sentence>
      <sentence id="2" ids_sentences_article="">Entre 2010 y 2012 se registr&amp;oacute un incremento de 27% en la deforestaci&amp;oacuten.</sentence>
      <sentence id="3" ids_sentences_article="">En la Amazona brasile&amp;ntilde;a habitan 30 millones de personas y m&amp;aacute;s de 40,000 especies.</sentence>
    </highlights>
  </summaries>
  <article>
    <paragraph id="1">
      <sentences>
        <sentence id="1">
          <content>La vida en el Amazonas, &amp;iquestcu&amp;aacute;l es el estado actual de este h&amp;aacute;bitat natural?</content>
        </sentence>
        <sentence id="2">
          <content>La regi&amp;oacuten a&amp;uacute;n conserva el 83% de su entorno natural, pero el ritmo actual de deforestaci&amp;oacuten podr&amp;iacute;a reducirla a la mitad para 2050.</content>
        </sentence>
        <sentence id="3">
          <content>(QUO) -- Pese a todos los esfuerzos multinacionales que se han realizado para protegerla, la Selva Amaz&amp;oacutenica sigue en estado de alerta .</content>
        </sentence>
        <sentence id="4">
          <content>De acuerdo con informes de la World Wild Foundation (WWF), a&amp;uacute;n se conserva el 83% de los h&amp;aacute;bitat nativos de la Selva Amaz&amp;oacutenica, considerada como una de las siete maravillas naturales del mundo .</content>
        </sentence>
        <sentence id="5">
          <content>EnQuoencontrar&amp;aacute;s conocimiento que transforma tu vidaSin embargo, diversos estudios se&amp;ntilde;alan que de seguir el ritmo actual de deforestaci&amp;oacuten, se perder&amp;aacute; la mitad de la selva para 2050 .</content>
        </sentence>
        <sentence id="6">
          <content>En la d&amp;eacute;cada de 1990 la destrucci&amp;oacuten lleg&amp;oacute casi a los 30,000 kil&amp;oacutemetros cuadrados anuales .</content>
        </sentence>
        <sentence id="7">
          <content>Esta cifra ha disminuido, pero no se ha detenido, ya que entre 2009 y 2010 se report&amp;oacute la p&amp;eacute;rdida de 6,500 kil&amp;oacutemetros cuadrados de zona forestal .</content>
        </sentence>
        <sentence id="8">
          <content>Y entre agosto de 2010 y el mismo mes de 2012 se registr&amp;oacute un incremento de 27% en la deforestaci&amp;oacuten .</content>
        </sentence>
        <sentence id="9">
          <content>La p&amp;eacute;rdida de la Selva Amaz&amp;oacutenica no solo traer&amp;aacute; consecuencias serias para Am&amp;eacute;rica del Sur, sino que tambi&amp;eacute;n tendr&amp;aacute; efectos en el cambio clim&amp;aacute;tico .</content>
        </sentence>
        <sentence id="10">
          <content>Tan solo durante la d&amp;eacute;cada pasada, por ejemplo, la temperatura promedio mensual en la regi&amp;oacuten aument&amp;oacute entre 0 .</content>
        </sentence>
        <sentence id="11">
          <content>8 grados .</content>
        </sentence>
        <sentence id="12">
          <content>Adem&amp;aacute;s, entre los a&amp;ntilde;os 2010 y 2011, en lugar de absorber los 1,500 millones de toneladas de di&amp;oacutexido de carbono (CO2) de la atm&amp;oacutesfera, se generaron 5,000 millones de toneladas adicionales a consecuencia de la muerte y putrefacci&amp;oacuten de los &amp;aacute;rboles, seg&amp;uacute;n reporta una investigaci&amp;oacuten realizada por cient&amp;iacute;ficos de la Universidad de Leeds y Sheffield, as&amp;iacute; como del Instituto Amaz&amp;oacutenico de Investigaciones Ambientales de Brasil, cuyos resultados fueron publicados en la revista Science .</content>
        </sentence>
        <sentence id="13">
          <content>LEER: Los &amp;aacute;rboles sufren para resistir al 'nuevo clima' que impera en el planetaEn octubre de 2012, "la Amazonia brasile&amp;ntilde;a perdi&amp;oacute 487 kil&amp;oacutemetros cuadrados de &amp;aacute;rea forestal, 377% m&amp;aacute;s que lo perdido en el mismo mes de 2011", se&amp;ntilde;ala un informe del Instituto del Hombre y del Medio Ambiente de la Amazonia (IMAZON) .</content>
        </sentence>
        <sentence id="14">
          <content>La Selva Amaz&amp;oacutenica abarca 6 .</content>
        </sentence>
        <sentence id="15">
          <content>7 millones de kil&amp;oacutemetros cuadrados, donde habitan 30 millones de personas y alberga 40,000 especies de plantas, 3,000 de peces y 1,300 de aves .</content>
        </sentence>
        <sentence id="16">
          <content>Este es un fragmento de un art&amp;iacute;culo publicado en la edici&amp;oacuten de abril de 2013 de la revista QUO,que es parte de Grupo Expansi&amp;oacuten, una empresa de Time Inc .</content>
        </sentence>
        <sentence id="17">
          <content>La firma edita en M&amp;eacute;xico 17 revistas y 11 sitios de internet, entre ellos CNNM&amp;eacute;xico .</content>
        </sentence>
      </sentences>
    </paragraph>
  </article>
</document>
