<?xml version="1.0" encoding="UTF-8"?>
<document id="847" link="http://mexico.cnn.com/planetacnn/2013/10/29/ya-invadieron-su-habitat-y-ahora-como-salvar-al-elefante-de-sumatra" category="planetacnn" author="Jenni Watts" highlights_mapped="false">
  <title>Ya invadieron su h&amp;aacute;bitat, y ahora, &amp;iquestc&amp;oacutemo salvar al elefante de Sumatra? - planetacnn - CNNMexico.com</title>
  <keywords>planetacnn, animales, elefantes, sumatra, extincion, elefantes de sumatra, bosque de sumatra, aceite de palma, animales en peligro de extincion, medio ambiente, ecologia, destruccion del habitat, habitat natural, invasion humana</keywords>
  <summaries>
    <highlights>
      <sentence id="1" ids_sentences_article="">La poblaci&amp;oacuten de elefantes de Sumatra ha disminuido en un 80% desde 1930.</sentence>
      <sentence id="2" ids_sentences_article="">Los habitantes matan elefantes para proteger sus cultivos del &amp;aacute;rbol de aceite de palma.</sentence>
      <sentence id="3" ids_sentences_article="">La producci&amp;oacuten de aceite de palma es un negocio muy lucrativo, pero tambi&amp;eacute;n es una fuente de alimento para los elefantes.</sentence>
    </highlights>
  </summaries>
  <article>
    <paragraph id="1">
      <sentences>
        <sentence id="1">
          <content>Ya invadieron su h&amp;aacute;bitat, y ahora, &amp;iquestc&amp;oacutemo salvar al elefante de Sumatra?</content>
        </sentence>
        <sentence id="2">
          <content>La matanza por envenenamiento y la destrucci&amp;oacuten de su h&amp;aacute;bitat mantienen al borde de la desaparici&amp;oacuten a esta especie.</content>
        </sentence>
        <sentence id="3">
          <content>SUMATRA, Indonesia CNN -- El conflicto entre los humanos y los elefantes de Sumatra, que enfrentan de manera cr&amp;iacute;tica el peligro de extinci&amp;oacuten en Indonesia, ha durado varias d&amp;eacute;cadas .</content>
        </sentence>
        <sentence id="4">
          <content>Y los elefantes pierden la batalla .</content>
        </sentence>
        <sentence id="5">
          <content>Los aldeanos y granjeros no los matan para obtener comida .</content>
        </sentence>
        <sentence id="6">
          <content>Lo hacen para mantener sus hogares y cosechas a salvo .</content>
        </sentence>
        <sentence id="7">
          <content>El triste resultado es la matanza combinada con la destrucci&amp;oacuten de su h&amp;aacute;bitat, lo que ha ocasionado una p&amp;eacute;rdida del 80% de su poblaci&amp;oacuten desde 1930, de acuerdo con la lista roja de especies amenazadas de laUni&amp;oacuten Internacional para la Conservaci&amp;oacuten de la Naturaleza (UICN) .</content>
        </sentence>
        <sentence id="8">
          <content>Solo en la provincia de Riau, donde fue registrado el n&amp;uacute;mero m&amp;aacute;s alto de elefantes en la isla durante la d&amp;eacute;cada de 1980, la poblaci&amp;oacuten disminuy&amp;oacute de 1342 en 1984 a 201 en 2007 .</content>
        </sentence>
        <sentence id="9">
          <content>El problema principal en este conflicto es la lucha por la tierra .</content>
        </sentence>
        <sentence id="10">
          <content>El h&amp;aacute;bitat de los elefantes son las tierras bajas no monta&amp;ntilde;osas, un paisaje relativamente plano por debajo de los 300 metros de altitud .</content>
        </sentence>
        <sentence id="11">
          <content>Ese tipo de tierra tambi&amp;eacute;n constituye la mejor para las cosechas, por lo que los humanos han talado el bosque tropical y plantado sus cosechas .</content>
        </sentence>
        <sentence id="12">
          <content>No parece que las peque&amp;ntilde;as granjas individuales pudieran constituir un gran problema para esa zona, pero cuando eso se mezcla con la p&amp;eacute;rdida de bosques ocasionada por las grandes compa&amp;ntilde;&amp;iacute;as que talan cientos de hect&amp;aacute;reas para crear plantaciones y obtener aceite de palma, pulpa y papel, el resultado es que los elefantes se quedan sin tierra .</content>
        </sentence>
        <sentence id="13">
          <content>Aunque los elefantes de Sumatra son relativamente peque&amp;ntilde;os en comparaci&amp;oacuten con sus primos africanos, son todav&amp;iacute;a el mam&amp;iacute;fero terrestre m&amp;aacute;s grande .</content>
        </sentence>
        <sentence id="14">
          <content>Con un peso de hasta 4,000 kilogramos y una altura de hasta 3 .</content>
        </sentence>
        <sentence id="15">
          <content>2 metros, estos animales no son peque&amp;ntilde;os y necesitan mucho terreno para caminar .</content>
        </sentence>
        <sentence id="16">
          <content>Incluso las cuadras en los bosques de 250 kil&amp;oacutemetros son demasiado peque&amp;ntilde;as para una poblaci&amp;oacuten viable de elefantes .</content>
        </sentence>
        <sentence id="17">
          <content>Eso significa que a medida que el h&amp;aacute;bitat de los elefantes sea eliminado, ser&amp;aacute; inevitable que estos animales invadan pueblos y granjas en busca de comida .</content>
        </sentence>
        <sentence id="18">
          <content>Uno de sus alimentos preferidos es el coraz&amp;oacuten de la palma, el mismo que nosotros comemos y que puede encontrarse en el centro de un &amp;aacute;rbol de aceite de palma .</content>
        </sentence>
        <sentence id="19">
          <content>Para conseguirlo, el elefante tiene que derribar el &amp;aacute;rbol acabando as&amp;iacute; con la valiosa cosecha del granjero .</content>
        </sentence>
        <sentence id="20">
          <content>La palma de aceite es uno de las cultivos m&amp;aacute;s lucrativos para los campesinos de Sumatra .</content>
        </sentence>
        <sentence id="21">
          <content>Incluso un solo elefante puede ser una fuerza destructiva que derriba &amp;aacute;rboles y pisotea casas en minutos .</content>
        </sentence>
        <sentence id="22">
          <content>Un animal de 3 .</content>
        </sentence>
        <sentence id="23">
          <content>2 metros de alto y 4,000 kilos de peso puede ser intimidante para cualquier humano, sin importar qu&amp;eacute; tan bien armado est&amp;eacute; .</content>
        </sentence>
        <sentence id="24">
          <content>Para empeorar la situaci&amp;oacuten, los animales normalmente buscan comida por las noches .</content>
        </sentence>
        <sentence id="25">
          <content>Un aldeano o granjero har&amp;aacute; cualquier cosa para detener al elefante en su camino de destrucci&amp;oacuten .</content>
        </sentence>
        <sentence id="26">
          <content>La forma m&amp;aacute;s com&amp;uacute;n de matar a los elefantes en estas &amp;aacute;reas de Sumatra es envenenarlos .</content>
        </sentence>
        <sentence id="27">
          <content>Los aldeanos y los granjeros pueden contaminar un poco de comida y dejarla para que el elefante la consuma .</content>
        </sentence>
        <sentence id="28">
          <content>Esto elimina una confrontaci&amp;oacuten directa .</content>
        </sentence>
        <sentence id="29">
          <content>La poblaci&amp;oacuten local no quiere matar a los elefantes .</content>
        </sentence>
        <sentence id="30">
          <content>Pero sienten que no tienen otra opci&amp;oacuten .</content>
        </sentence>
        <sentence id="31">
          <content>De hecho algunos de los locales dicen que se enorgullecen del elefante de Sumatra y lo consideran parte de su identidad nacional .</content>
        </sentence>
        <sentence id="32">
          <content>Ning&amp;uacute;n aldeano o granjero cree que matar un elefante que amenaza a su hogar acabar&amp;aacute; con la poblaci&amp;oacuten entera .</content>
        </sentence>
        <sentence id="33">
          <content>Desafortunadamente, la triste verdad es que esta matanza acaba con estos animales .</content>
        </sentence>
        <sentence id="34">
          <content>Algunas ONGs como la Sumatra Elephant Conservation Initiative (SECI) trabajan para cambiar la manera en que la poblaci&amp;oacuten local interact&amp;uacute;a con los elefantes .</content>
        </sentence>
        <sentence id="35">
          <content>Presentaron a los aldeanos y granjeros de la provincia de Riau alternativas diferentes a la matanza de elefantes .</content>
        </sentence>
        <sentence id="36">
          <content>El SECI fabric&amp;oacute pistolas especiales para atemorizar a los elefantes mediante un sonido fuerte .</content>
        </sentence>
        <sentence id="37">
          <content>Tambi&amp;eacute;n hay barreras que detonar&amp;aacute;n una alarma auditiva cuando un elefante toca un cable .</content>
        </sentence>
        <sentence id="38">
          <content>Incluso, el SECI ha ayudado a la poblaci&amp;oacuten local a instalar rejas el&amp;eacute;ctricas alrededor del Parque Nacional Bukit Tigapuluh o Treinta Colinas, que es tierra protegida para la vida silvestre .</content>
        </sentence>
        <sentence id="39">
          <content>Uno de los elementos m&amp;aacute;s importantes de estos exitosos proyectos es la educaci&amp;oacuten y la cooperaci&amp;oacuten de la poblaci&amp;oacuten local .</content>
        </sentence>
        <sentence id="40">
          <content>Estas alternativas no letales utilizan materiales baratos que se encuentran f&amp;aacute;cilmente en el &amp;aacute;rea de manera que pueden tener &amp;eacute;xito en poco tiempo .</content>
        </sentence>
        <sentence id="41">
          <content>La poblaci&amp;oacuten local ha construido estaciones de vigilancia y han formado un grupo de avistamiento de elefantes que se re&amp;uacute;ne cuando los animales est&amp;aacute;n cerca, de manera que puedan ahuyentarlos con sonidos fuertes y fogatas .</content>
        </sentence>
        <sentence id="42">
          <content>Los programas del SECI han sido tan exitosos que han ampliado su operaci&amp;oacuten .</content>
        </sentence>
        <sentence id="43">
          <content>Ahora han etiquetado a algunos de los elefantes con dispositivos de radio de manera que puedan rastrear sus movimientos y organizar grupos para ahuyentarlos r&amp;aacute;pidamente .</content>
        </sentence>
        <sentence id="44">
          <content>Estas son peque&amp;ntilde;as historias en algunas comunidades rurales a lo largo de Sumatra, pero que pueden tener un gran impacto .</content>
        </sentence>
      </sentences>
    </paragraph>
  </article>
</document>
