<?xml version="1.0" encoding="UTF-8"?>
<document id="826" link="http://mexico.cnn.com/planetacnn/2013/11/11/la-onu-pide-actuar-contra-cambio-climatico-ante-el-desastre-de-haiyan" category="planetacnn" highlights_mapped="false">
  <title>La ONU pide actuar contra cambio clim&amp;aacute;tico ante el desastre de 'Haiyan' - PlanetaCNN, canal - planetacnn - CNNMexico.com</title>
  <keywords>haiyan, tifon, filipinas, tormentas, cambio climatico, varsovia, polonia</keywords>
  <summaries>
    <highlights>
      <sentence id="1" ids_sentences_article="">Delegados en la Cumbre sobre el Cambio Clim&amp;aacute;tico pidieron acelerar las negociaciones y evitar las consecuencias del calentamiento global.</sentence>
      <sentence id="2" ids_sentences_article="">"Comenzamos a experimentar los efectos del cambio clim&amp;aacute;tico", dijo la secretaria general Christiana Figueras, ante el desastre generado por 'Haiyan'.</sentence>
      <sentence id="3" ids_sentences_article="">"Filipinas es el segundo pa&amp;iacute;s m&amp;aacute;s vulnerable por el cambio clim&amp;aacute;tico", expres&amp;oacute la delegada filipina en la COP 19.</sentence>
    </highlights>
  </summaries>
  <article>
    <paragraph id="1">
      <sentences>
        <sentence id="1">
          <content>La ONU pide actuar contra cambio clim&amp;aacute;tico ante el desastre de 'Haiyan'.</content>
        </sentence>
        <sentence id="2">
          <content>En la Cumbre sobre el Cambio Clim&amp;aacute;tico (COP19), l&amp;iacute;deres de 200 pa&amp;iacute;ses pidieron acelerar las negociaciones para evitar m&amp;aacute;s afectaciones.</content>
        </sentence>
        <sentence id="3">
          <content>VARSOVIA (EFE) -- Con la sombra de la devastaci&amp;oacuten generada en Filipinas por el tif&amp;oacuten Haiyan, la Organizaci&amp;oacuten de las Naciones Unidas inaugur&amp;oacute este lunes la nueva Cumbre sobre el Cambio Clim&amp;aacute;tico (COP19) en Polonia, donde se hizo un llamado a los cerca de 200 pa&amp;iacute;ses asistentes para acelerar las negociaciones y evitar las dram&amp;aacute;ticas consecuencias del calentamiento global .</content>
        </sentence>
        <sentence id="4">
          <content>"Ahora comenzamos a experimentar los efectos del cambio clim&amp;aacute;tico", advirti&amp;oacute la secretaria general de la Convenci&amp;oacuten Marco de las Naciones Unidas sobre el Cambio Clim&amp;aacute;tico, Christiana Figueras, quien al igual que el resto de mandatarios y delegados tuvo palabras de recuerdo y solidaridad con el pa&amp;iacute;s asi&amp;aacute;tico .</content>
        </sentence>
        <sentence id="5">
          <content>La delegada filipina en la COP 19, Yeb San&amp;otilde;, hizo un llamado a los pa&amp;iacute;ses m&amp;aacute;s desarrollados para pedir un compromiso decidido en el financiamiento de medidas contra el calentamiento global, y en apoyo de los damnificados por los desastres naturales .</content>
        </sentence>
        <sentence id="6">
          <content>"Filipinas es el segundo pa&amp;iacute;s m&amp;aacute;s vulnerable por el cambio clim&amp;aacute;tico, con 22 tifones anuales de media, algo insostenible que genera constantes da&amp;ntilde;os imposibles de sufragar", dijo San&amp;otilde; .</content>
        </sentence>
        <sentence id="7">
          <content>Ella pidi&amp;oacute "justicia climatol&amp;oacutegica" para su pa&amp;iacute;s .</content>
        </sentence>
        <sentence id="8">
          <content>Aunque los expertos no pueden confirmar la existencia de una relaci&amp;oacuten directa entre eventos meteorol&amp;oacutegicos como los tifones y el calentamiento global, el desastre vivido por el paso del Haiyan en Filipinas se hizo notar en el &amp;aacute;nimo de los delegados y en la necesidad de acelerar las conversaciones para alcanzar un acuerdo definitivo en la Conferencia del Clima de Par&amp;iacute;s en 2015 .</content>
        </sentence>
        <sentence id="9">
          <content>De la COP19 de Varsovia, que finalizar&amp;aacute; el pr&amp;oacuteximo 22 de noviembre, las ONG esperan que no sea una cumbre de transici&amp;oacuten y que se alcancen acuerdos claros, porque la crisis clim&amp;aacute;tica no espera .</content>
        </sentence>
        <sentence id="10">
          <content>"Lo que pase en Varsovia decidir&amp;aacute; lo que pasar&amp;aacute; en Par&amp;iacute;s", dijo este lunes la responsable de WWF International, Tasneem Essop, adem&amp;aacute;s de mencionar que la cumbre ser&amp;aacute; un &amp;eacute;xito si al menos se llega a un acuerdo que permita aumentar la financiaci&amp;oacuten de pol&amp;iacute;ticas contra el cambio clim&amp;aacute;tico .</content>
        </sentence>
        <sentence id="11">
          <content>El nuevo presidente de la Conferencia de Partes (COP 19), el ministro polaco de Medio Ambiente, Marcin Korolec, record&amp;oacute durante la inauguraci&amp;oacuten que el cambio clim&amp;aacute;tico es un problema global que debe convertirse en una oportunidad global .</content>
        </sentence>
        <sentence id="12">
          <content>"Es un problema si no coordinamos nuestras acciones, pero es una oportunidad si actuamos coordinados", a&amp;ntilde;adi&amp;oacute .</content>
        </sentence>
        <sentence id="13">
          <content>Ecologistas y ONG cuestionan que la sede de la cumbre contra el cambio clim&amp;aacute;tico sea Polonia, pa&amp;iacute;s que genera alrededor del 90 % de su electricidad gracias al carb&amp;oacuten y que, al mismo tiempo que se celebra la cita de Naciones Unidas, acoger&amp;aacute; la Conferencia Internacional del Carb&amp;oacuten .</content>
        </sentence>
      </sentences>
    </paragraph>
  </article>
</document>
