<?xml version="1.0" encoding="UTF-8"?>
<document id="887" link="http://mexico.cnn.com/planetacnn/2014/03/21/el-corazon-roto-de-un-oso-polar-conmueve-a-sus-cuidadores-y-a-ti" category="planetacnn" author="Faith Karimi" highlights_mapped="false">
  <title>El coraz&amp;oacute;n roto de un oso polar conmueve a sus cuidadores, &amp;iquest;y a ti? - planetacnn - CNNMexico.com</title>
  <keywords>wang, oso, polar, africa, zoologico, johanessburgo, deprimido, compa&amp;ntilde;era, geebee</keywords>
  <summaries>
    <highlights>
      <sentence id="1" ids_sentences_article="">Un oso polar no se ha podido recuperar de la muerte de su compa&amp;ntilde;era.</sentence>
      <sentence id="2" ids_sentences_article="">Wang era feliz al lado de GeeBee.</sentence>
    </highlights>
  </summaries>
  <article>
    <paragraph id="1">
      <sentences>
        <sentence id="1">
          <content>El coraz&amp;oacute;n roto de un oso polar conmueve a sus cuidadores, &amp;iquest;y a ti?</content>
        </sentence>
        <sentence id="2">
          <content>Wang, que vive en el zool&amp;oacute;gico de Johannesburgo, ha estado deprimido desde que su compa&amp;ntilde;era de toda la vida falleci&amp;oacute;.</content>
        </sentence>
        <sentence id="3">
          <content>(CNN) -- Wang, el &amp;uacute;ltimo oso polar que vive en cautiverio en &amp;Aacute;frica pasa sus d&amp;iacute;as extra&amp;ntilde;ando a su compa&amp;ntilde;era de toda la vida en un zool&amp;oacute;gico de Johannesburgo, muy lejos de su h&amp;aacute;bitat en el &amp;Aacute;rtico, por lo que sus cuidadores est&amp;aacute;n en una misi&amp;oacute;n para animarlo y distraerlo de su duelo .</content>
        </sentence>
        <sentence id="4">
          <content>El oso ha estado solo desde que GeeBee, su compa&amp;ntilde;era durante cerca de tres d&amp;eacute;cadas muri&amp;oacute; este a&amp;ntilde;o .</content>
        </sentence>
        <sentence id="5">
          <content>Pasaron sus d&amp;iacute;as juntos desde que eran oseznos y mantuvieron una amistad notable, es conocido que los osos polares tienden a ser animales solidarios .</content>
        </sentence>
        <sentence id="6">
          <content>GeeBee muri&amp;oacute; en enero por un ataque al coraz&amp;oacute;n .</content>
        </sentence>
        <sentence id="7">
          <content>"El d&amp;iacute;a en que ella muri&amp;oacute;, Wang se estaba comportando de forma inusual", dijo Agnes Maluleke, cuidadora del zool&amp;oacute;gico .</content>
        </sentence>
        <sentence id="8">
          <content>En lugar de abalanzarse sobre la comida, Wang camin&amp;oacute; alrededor del cuerpo de su compa&amp;ntilde;era, la miraba y as&amp;iacute; sigui&amp;oacute;, observ&amp;aacute;ndola toda la noche, de acuerdo con Maluleke .</content>
        </sentence>
        <sentence id="9">
          <content>"Tuvo que ser inmovilizado para alejarlo del cuerpo de GeeBee", dijo .</content>
        </sentence>
        <sentence id="10">
          <content>Poco despu&amp;eacute;s, Wang perdi&amp;oacute; su inter&amp;eacute;s en comida y en nadar, su pasatiempo favorito con GeeBee .</content>
        </sentence>
        <sentence id="11">
          <content>"Se ve&amp;iacute;a muy infeliz .</content>
        </sentence>
        <sentence id="12">
          <content>Estaba evitando nadar, lo que le gusta cuando hace calor", dijo .</content>
        </sentence>
        <sentence id="13">
          <content>"A&amp;uacute;n no ha superado la situaci&amp;oacute;n del agua, casi no lo hemos visto nadar" .</content>
        </sentence>
        <sentence id="14">
          <content>Personal del zool&amp;oacute;gico intervino para animarlo .</content>
        </sentence>
        <sentence id="15">
          <content>Para el D&amp;iacute;a de San Valentin le trajeron una caja llena de fruta y carne que decoraron con corazones y una nota que dice "Te amamos Wang" .</content>
        </sentence>
        <sentence id="16">
          <content>"Como su pareja no est&amp;aacute; ah&amp;iacute; pensamos en organizarle algo especial para mostrarle que nos importa y lo amamos", dijo Maluleke .</content>
        </sentence>
        <sentence id="17">
          <content>La caja al parecer emocion&amp;oacute; a Wang, mientras una multitud entusiasmada lo ve&amp;iacute;a abrir su regalo y darse un fest&amp;iacute;n con el contenido .</content>
        </sentence>
        <sentence id="18">
          <content>Empresas le regalaron juguetes, incluyendo un bal&amp;oacute;n lleno de premios que comi&amp;oacute; por horas .</content>
        </sentence>
        <sentence id="19">
          <content>Otra empresa incluso ofreci&amp;oacute; una m&amp;aacute;quina de nieve con la esperanza que pueda emocionar al oso, cuya especie est&amp;aacute; acostumbrada a temperaturas bajo cero .</content>
        </sentence>
        <sentence id="20">
          <content>Pero Wang sufre de una enfermedad del h&amp;iacute;gado y ha vivido toda su vida en un clima templado, por lo que un cambio de temperatura s&amp;uacute;bito podr&amp;iacute;a ser fatal para su avanzada edad, explic&amp;oacute; Maluleke .</content>
        </sentence>
        <sentence id="21">
          <content>Una larga amistadWang naci&amp;oacute; en un zool&amp;oacute;gico japon&amp;eacute;s y GeeBee lleg&amp;oacute; desde Canad&amp;aacute;, ambos fueron intercambiados por leones y se conocieron en el zool&amp;oacute;gico de Johanessburgo cuando ten&amp;iacute;an 6 meses .</content>
        </sentence>
        <sentence id="22">
          <content>Ah&amp;iacute; vivieron ah&amp;iacute; por 28 a&amp;ntilde;os y no tuvieron cr&amp;iacute;as porque la reproducci&amp;oacute;n de los osos polares es estimulada por el clima fr&amp;iacute;o .</content>
        </sentence>
        <sentence id="23">
          <content>Wang no es el &amp;uacute;nico oso polar que los seres humanos han intentado rescatar .</content>
        </sentence>
        <sentence id="24">
          <content>Knut conmovi&amp;oacute; los corazones del mundo cuando su madre lo rechaz&amp;oacute; tras su nacimiento en el zool&amp;oacute;gico de Berl&amp;iacute;n en 2007 .</content>
        </sentence>
        <sentence id="25">
          <content>Un cuidador se encarg&amp;oacute; el osezno hasta que fue lo suficientemente grande para defenderse y aunque los grupos protectores de animales denunciaron que era antinatural, el oso y su cuidador --que dorm&amp;iacute;a a un lado de su refugio-- se convirtieron en celebridades instant&amp;aacute;neas .</content>
        </sentence>
        <sentence id="26">
          <content>Knut muri&amp;oacute; hace tres a&amp;ntilde;os, a la edad de cuatro .</content>
        </sentence>
        <sentence id="27">
          <content>Sin embargo, la historia de Wang podr&amp;iacute;a ser distinta, el oso parece estar respondiendo a las atenciones extra, inform&amp;oacute; el personal del zool&amp;oacute;gico .</content>
        </sentence>
        <sentence id="28">
          <content>Se est&amp;aacute; mostrando m&amp;aacute;s interesado en la comida y sus alrededores y est&amp;aacute; m&amp;aacute;s alerta d&amp;iacute;a tras d&amp;iacute;a, informaron .</content>
        </sentence>
        <sentence id="29">
          <content>Los cuidadores no saben cu&amp;aacute;nto tiempo m&amp;aacute;s vivir&amp;aacute; Wang, en libertad los osos polares raramente alcanzan los 20 a&amp;ntilde;os, se&amp;ntilde;al&amp;oacute; Maluleke .</content>
        </sentence>
        <sentence id="30">
          <content>Pero por ahora, sus amigos humanos continuar&amp;aacute;n buscando formas de estimularlo y consolarlo .</content>
        </sentence>
      </sentences>
    </paragraph>
  </article>
</document>
