<?xml version="1.0" encoding="UTF-8"?>
<document id="552" link="http://mexico.cnn.com/planetacnn/2014/01/31/y-con-ustedes-la-ciudad-premiada-como-la-mas-contaminada-del-mundo" category="planetacnn" author="Simon Busch" highlights_mapped="false">
  <title>Y con ustedes, la ciudad 'premiada' como la m&amp;aacute;s contaminada del mundo... - planetacnn - CNNMexico.com</title>
  <keywords>planetacnn, contaminacion, ciudad mas contaminada del mundo, nueva delhi, beijing, india, china, contaminantes, aire, emisiones de carbono, automoviles, esmog, particulas contaminantes, enfermedades, enfisema pulmonar, salud</keywords>
  <summaries>
    <highlights>
      <sentence id="1" ids_sentences_article="">Nueva Delhi supero en niveles de contaminaci&amp;oacuten a Beijing.</sentence>
      <sentence id="2" ids_sentences_article="">Los altos niveles de contaminaci&amp;oacuten da&amp;ntilde;an severamente la salud de los humanos.</sentence>
      <sentence id="3" ids_sentences_article="">La industrializaci&amp;oacuten y las emisiones a causa del uso de veh&amp;iacute;culos son los principales contaminantes.</sentence>
    </highlights>
  </summaries>
  <article>
    <paragraph id="1">
      <sentences>
        <sentence id="1">
          <content>Y con ustedes, la ciudad 'premiada' como la m&amp;aacute;s contaminada del mundo . . . De acuerdo con el Centro para la Ciencia y el Medio Ambiente, sus niveles fueron 60 veces m&amp;aacute;s altos que lo considerado seguro.</content>
        </sentence>
        <sentence id="2">
          <content>(CNN) -- Puede parecer un argumento acad&amp;eacute;mico cuando te limpias las l&amp;aacute;grimas saturadas de sulfato en tus ojos o casi escupes un pulm&amp;oacuten mientras paseas por la Ciudad Prohibida o en el Fuerte Rojo, pero un nuevo estudio afirma que Nueva Delhi ha superado a Beijing y gan&amp;oacute el deshonroso t&amp;iacute;tulo de la ciudad m&amp;aacute;s contaminada del mundo .</content>
        </sentence>
        <sentence id="3">
          <content>Lo peor es que las investigaciones del Centro para la Ciencia y el Medio Ambiente (CSE, por sus siglas en ingl&amp;eacute;s) de India revelan que la contaminaci&amp;oacuten del aire en Nueva Delhi fue 60 veces m&amp;aacute;s alta que el nivel considerado seguro durante este invierno .</content>
        </sentence>
        <sentence id="4">
          <content>Los contaminantes atmosf&amp;eacute;ricos m&amp;aacute;s nocivos, categorizados inofensivamente como PM2 .</content>
        </sentence>
        <sentence id="5">
          <content>5, promediaron 575 microgramos por metro c&amp;uacute;bico en la capital india, de noviembre a enero .</content>
        </sentence>
        <sentence id="6">
          <content>Eso fue comparado con --la a&amp;uacute;n peligrosa-- concentraci&amp;oacuten de 400 microgramos de los niveles m&amp;aacute;s altos de Beijing en el mismo periodo .</content>
        </sentence>
        <sentence id="7">
          <content>Peligro en el airePM2 .</content>
        </sentence>
        <sentence id="8">
          <content>5 se refiere al di&amp;aacute;metro en micras de elementos tan repugnantes como el amon&amp;iacute;aco, carbono, nitratos y sulfato; que en peque&amp;ntilde;as part&amp;iacute;culas son suficientes para penetrar el torrente sangu&amp;iacute;neo y causar enfermedades tales como enfisema y c&amp;aacute;ncer .</content>
        </sentence>
        <sentence id="9">
          <content>Una ciudad como Londres presenta un nivel promedio PM2 .</content>
        </sentence>
        <sentence id="10">
          <content>5 de 20 microgramos, lo cual es considerado seguro .</content>
        </sentence>
        <sentence id="11">
          <content>Beijing podr&amp;iacute;a perder permanentemente su papel como la ciudad grande m&amp;aacute;s contaminada del mundo si mantienen el buen trabajo que describe el reporte del CSE .</content>
        </sentence>
        <sentence id="12">
          <content>La capital china ha hecho "esfuerzos constantes y agresivos" para mejorar la calidad del aire, comenta el CSE, incluido el establecimiento de ciertos l&amp;iacute;mites para la venta anual de veh&amp;iacute;culos, adem&amp;aacute;s de prohibir la circulaci&amp;oacuten de autos con placas pares o impares durante los periodos de contaminaci&amp;oacuten de "alerta roja" y al multar a los gobiernos locales que fracasan en sus intentos por controlar la contaminaci&amp;oacuten .</content>
        </sentence>
        <sentence id="13">
          <content>Nueva Delhi, por el contrario, es se&amp;ntilde;alado por sus "d&amp;eacute;biles exigencias y aplicaci&amp;oacuten" de controles de la contaminaci&amp;oacuten .</content>
        </sentence>
        <sentence id="14">
          <content>Ciudades letales"Dise&amp;ntilde;adas originalmente como entidades compactas para reducir la distancia entre viajes . . . (las ciudades indias) se han convertido en v&amp;iacute;ctimas de la contaminaci&amp;oacuten letal, congesti&amp;oacuten y una atroz infraestructura dependiente del uso de veh&amp;iacute;culos", dice CSE .</content>
        </sentence>
        <sentence id="15">
          <content>Se trata de una cita que los respetables ciudadanos de Nueva Delhi esperan no aparezca en la pr&amp;oacutexima edici&amp;oacuten de Lonely Planet .</content>
        </sentence>
        <sentence id="16">
          <content>Sin embargo, es una imagen decente de la terrible impresi&amp;oacuten que se llevan quienes viajan a India por primera vez cuando salen del aeropuerto internacional Indira Gandhi con la creencia de que han llegado a la tierra de la paz, el amor y verdaderamente a la plenitud del yoga .</content>
        </sentence>
        <sentence id="17">
          <content>El n&amp;uacute;mero de autos en Nueva Delhi aumenta en 1,400 al d&amp;iacute;a; los fabricantes indios est&amp;aacute;n obligados a solo incluir aparatos b&amp;aacute;sicos para el control de emisiones en sus veh&amp;iacute;culos .</content>
        </sentence>
        <sentence id="18">
          <content>El humo de la quema de basura, las emisiones industriales y los contaminantes de las centrales el&amp;eacute;ctricas que funcionan predominantemente a base de carb&amp;oacuten se suman a la atm&amp;oacutesfera peligrosa y da&amp;ntilde;ina, seg&amp;uacute;n los reportes del Times .</content>
        </sentence>
        <sentence id="19">
          <content>La 'boleta de calificaciones' para Nueva DelhiLos autobuses de Nueva Delhi y algunos taxis podr&amp;iacute;an funcionar con gas natural, y los veh&amp;iacute;culos comerciales de 15 a&amp;ntilde;os de existencia han sido retirados de las carreteras (aunque en algunos casos, tambi&amp;eacute;n tuvieron que retirar los ubicuos y exageradamente decorados camiones de la India, lo que produjo un resultado agridulce), pero tales medidas no son suficientes para evitar que muchos de los habitantes de la ciudad --y el turista curioso-- se enfermen gravemente, seg&amp;uacute;n el informe del CSE .</content>
        </sentence>
        <sentence id="20">
          <content>Estudios m&amp;eacute;dicos ponen &amp;eacute;nfasis en el riesgo t&amp;oacutexico del esmog y en la amplia prevalencia de enfermedades pulmonares agudas, trastornos oculares y deficiencia de vitamina D que conduce al raquitismo entre los habitantes de Nueva Delhi .</content>
        </sentence>
        <sentence id="21">
          <content>De particular inter&amp;eacute;s para los turistas, un estudio de la Universidad de California, Berkeley, al que hace referencia el informe del CSE, mostr&amp;oacute que los niveles de contaminaci&amp;oacuten al interior de los veh&amp;iacute;culos que circulan en la capital india podr&amp;iacute;an ser ocho veces peor que en el exterior .</content>
        </sentence>
        <sentence id="22">
          <content>Y solo resolver el misterio del origen de ese sabor met&amp;aacute;lico que no puedes quitar de tu boca cuando paseas por Nueva Delhi, el estudio del CSE se&amp;ntilde;ala que "la exposici&amp;oacuten al humo de veh&amp;iacute;culos se encuentra entre las m&amp;aacute;s altas del mundo" .</content>
        </sentence>
        <sentence id="23">
          <content>&amp;iquest;A&amp;uacute;n piensas visitar la capital india?Hombre prevenido vale por dos .</content>
        </sentence>
        <sentence id="24">
          <content>Depende de cada viajero si el hecho de que Nueva Delhi tenga el aire m&amp;aacute;s contaminado del mundo sea una raz&amp;oacuten suficiente como para dejar de ver algunos de los sitios tur&amp;iacute;sticos m&amp;aacute;s hermosos del mundo, como el Fuerte Rojo o el ca&amp;oacuteticamente creativo mercado callejero Chandni Chowk .</content>
        </sentence>
        <sentence id="25">
          <content>Por otro lado, parece que ahora tienes m&amp;aacute;s razones para no tener miedo de probar el pato asado en Beijing o aventurarte en la Ciudad Prohibida .</content>
        </sentence>
        <sentence id="26">
          <content>Las 'diez ciudades m&amp;aacute;s sucias'&amp;iquest;Y cu&amp;aacute;les son las ciudades m&amp;aacute;s sucias de todo el mundo, no solo de las grandes metr&amp;oacutepolis?</content>
        </sentence>
        <sentence id="27">
          <content>Delhi --y Beijing-- no fueron parte de la lista publicada en 2013 por la revista en l&amp;iacute;nea de negocios Quartz .</content>
        </sentence>
        <sentence id="28">
          <content>Con casi un tercio m&amp;aacute;s de part&amp;iacute;culas t&amp;oacutexicas en el aire que la siguiente ciudad m&amp;aacute;s contaminada, Ahwaz, con una poblaci&amp;oacuten de 3 millones de habitantes --capital de la principal provincia productora de petr&amp;oacuteleo de Ir&amp;aacute;n-- fue la ciudad m&amp;aacute;s sucia del planeta .</content>
        </sentence>
        <sentence id="29">
          <content>Otros centros afectados por el esmog fueron Ulaanbaatar, Mongolia; Ludhiana, India; Peshawar, Pakist&amp;aacute;n y Gaborone, Botswana .</content>
        </sentence>
        <sentence id="30">
          <content>Viajeros intr&amp;eacute;pidos: tengan cuidado .</content>
        </sentence>
      </sentences>
    </paragraph>
  </article>
</document>
