<?xml version="1.0" encoding="UTF-8"?>
<document id="517" link="http://mexico.cnn.com/planetacnn/2013/05/22/belgica-presume-la-primera-linea-ferroviaria-impulsada-con-energia-solar" category="planetacnn" highlights_mapped="false">
  <title>B&amp;eacute;lgica presume la primera l&amp;iacute;nea ferroviaria impulsada con energ&amp;iacute;a solar - PlanetaCNN, canal - planetacnn - CNNMexico.com</title>
  <keywords>planetacnn, medio ambiente, tren solar, belgica, energia solar, solar, sol, paneles solares, fotovoltaicos, energia, enfinity, solar power systems, emisiones de carbono, carbono, dioxido de carbono, contaminacion, megawatts, renovable, sostenible, sustentable, verde</keywords>
  <summaries>
    <highlights>
      <sentence id="1" ids_sentences_article="">El t&amp;uacute;nel que va de Amberes a &amp;Aacute;msterdam est&amp;aacute; equipado con 16,000 paneles solares.</sentence>
      <sentence id="2" ids_sentences_article="">Los dispositivos producen lo equivalente a todo un d&amp;iacute;a de trabajo.</sentence>
      <sentence id="3" ids_sentences_article="">Gracias al proyecto se dejan de emitir 2,400 toneladas de di&amp;oacutexido de carbono.</sentence>
    </highlights>
  </summaries>
  <article>
    <paragraph id="1">
      <sentences>
        <sentence id="1">
          <content>B&amp;eacute;lgica presume la primera l&amp;iacute;nea ferroviaria impulsada con energ&amp;iacute;a solar.</content>
        </sentence>
        <sentence id="2">
          <content>El proyecto permiti&amp;oacute mitigar 2,400 toneladas de di&amp;oacutexido de carbono que se produc&amp;iacute;an anualmente en el pa&amp;iacute;s.</content>
        </sentence>
        <sentence id="3">
          <content>(OBRAS) -- En B&amp;eacute;lgica desarrollaron el primer tren que funciona con luz solar y ya construyen otro que se mover&amp;aacute; con energ&amp;iacute;a e&amp;oacutelica .</content>
        </sentence>
        <sentence id="4">
          <content>Hace un par de a&amp;ntilde;os, Solar Power Systems (SPS), una firma especializada en el suministro residencial de paneles solares en B&amp;eacute;lgica, y Enfinity, una financiadora importante en el mercado de centrales fotovoltaicas, se unieron para llevar acabo el ambicioso plan de alimentar una l&amp;iacute;nea ferroviaria de alta velocidad con energ&amp;iacute;a producida por el sol .</content>
        </sentence>
        <sentence id="5">
          <content>El t&amp;uacute;nel que recorre el tren, que une la ciudad belga de Amberes con la holandesa de &amp;Aacute;msterdam, fue equipado con una carpeta de 16,000 paneles solares en el techo, a lo largo de 40 kil&amp;oacutemetros .</content>
        </sentence>
        <sentence id="6">
          <content>Esa cantidad de dispositivos fotovoltaicos cubren una superficie equivalente a ocho campos de futbol (50,000 metros cuadrados) .</content>
        </sentence>
        <sentence id="7">
          <content>En Obrasweb .</content>
        </sentence>
        <sentence id="8">
          <content>mx encontrar&amp;aacute;s m&amp;aacute;s informaci&amp;oacuten sobre construcci&amp;oacuten"Es el primero que consume la electricidad fotovoltaica que se capta y genera en el mismo lugar", precisa Jurgen Van Damme, vocero de Enfinity .</content>
        </sentence>
        <sentence id="9">
          <content>Los paneles son capaces de producir en un a&amp;ntilde;o 3,300 megavatios por hora .</content>
        </sentence>
        <sentence id="10">
          <content>La energ&amp;iacute;a es almacenada en una central Enfinity para despu&amp;eacute;s ser distribuida a trav&amp;eacute;s de dos redes: una alimenta los sistemas de se&amp;ntilde;alizaci&amp;oacuten e iluminaci&amp;oacuten y las estaciones de calefacci&amp;oacuten, y la segunda puede abastecer anualmente unos 4,000 trenes de alta velocidad o convencionales que viajan por el t&amp;uacute;nel, lo que corresponde a un d&amp;iacute;a entero de servicio .</content>
        </sentence>
        <sentence id="11">
          <content>El proyecto, que entr&amp;oacute en operaci&amp;oacuten en junio de 2011, alcanz&amp;oacute una inversi&amp;oacuten total de 18 millones de d&amp;oacutelares con un tiempo de construcci&amp;oacuten de nueve meses .</content>
        </sentence>
        <sentence id="12">
          <content>Uno de los retos que debe sortear la l&amp;iacute;nea solar es el clima en B&amp;eacute;lgica, ya que solo 35% de los d&amp;iacute;as del a&amp;ntilde;o son soleados, de acuerdo con los datos de la Universidad Cat&amp;oacutelica de Lovaina, y el resto son nublados y lluviosos .</content>
        </sentence>
        <sentence id="13">
          <content>Por lo mismo, el tiempo de funcionamiento de la central solar ocurre entre las ocho o nueve de la ma&amp;ntilde;ana y las cinco de la tarde .</content>
        </sentence>
        <sentence id="14">
          <content>Al agotarse la producci&amp;oacuten de los paneles, autom&amp;aacute;ticamente el sistema se conecta al flujo de electricidad ordinaria .</content>
        </sentence>
        <sentence id="15">
          <content>La v&amp;iacute;a ferroviaria solar se ha convertido en uno de los m&amp;aacute;s grandes en la industria sostenible y el m&amp;aacute;s amigable con el medio ambiente, seg&amp;uacute;n Fr&amp;eacute;d&amp;eacute;ric Sacr&amp;eacute;, representante de la empresa administradora de la red ferroviaria belga, Infrabel .</content>
        </sentence>
        <sentence id="16">
          <content>LEER: En Asia construyen una de las plantas solares m&amp;aacute;s grandes del mundoGracias al proyecto se dejaron de emitir anualmente a la atm&amp;oacutesfera 2,400 toneladas de di&amp;oacutexido de carbono, el principal gas de efecto invernadero que provoca el cambio clim&amp;aacute;tico .</content>
        </sentence>
        <sentence id="17">
          <content>"La electricidad de fuentes renovables en el transporte ferroviario puede contribuir significativamente a la reducci&amp;oacuten de los gases de efecto invernadero", se&amp;ntilde;ala Laura Lonza, miembro de la Comisi&amp;oacuten Europea, una organizaci&amp;oacuten que estableci&amp;oacute que 35% de la energ&amp;iacute;a que consuma la red ferroviaria europea en 2020 debe ser renovable .</content>
        </sentence>
        <sentence id="18">
          <content>Y para alcanzar el objetivo, tambi&amp;eacute;n en 2011, la empresa Greensky inici&amp;oacute el proyecto de un "tren e&amp;oacutelico" con una inversi&amp;oacuten de 106 millones de d&amp;oacutelares .</content>
        </sentence>
        <sentence id="19">
          <content>El parque e&amp;oacutelico ser&amp;aacute; el m&amp;aacute;s grande de B&amp;eacute;lgica y su capacidad de producci&amp;oacuten alcanzar&amp;aacute; para alimentar la l&amp;iacute;nea r&amp;aacute;pida y otras convencionales que recorren las v&amp;iacute;as locales, ya que la electricidad generada ser&amp;aacute; muy superior a la solar .</content>
        </sentence>
        <sentence id="20">
          <content>Este es un fragmento de un art&amp;iacute;culo publicado en la edici&amp;oacuten de mayo de 2013 de la revista Obras,que es parte de Grupo Expansi&amp;oacuten, una empresa de Time Inc .</content>
        </sentence>
        <sentence id="21">
          <content>La firma edita en M&amp;eacute;xico 17 revistas y 11 sitios de internet, entre ellos CNNM&amp;eacute;xico .</content>
        </sentence>
      </sentences>
    </paragraph>
  </article>
</document>
