<?xml version="1.0" encoding="UTF-8"?>
<document id="748" link="http://mexico.cnn.com/planetacnn/2013/11/18/las-perdidas-economicas-por-el-clima-extremo-aumentan-durante-la-decada" category="planetacnn" highlights_mapped="false">
  <title>Las p&amp;eacute;rdidas econ&amp;oacutemicas por el clima extremo aumentan durante la d&amp;eacute;cada - PlanetaCNN, canal - planetacnn - CNNMexico.com</title>
  <keywords>cambio climatico, calentamiento, global, clima, extremo, da&amp;ntilde;os, gasto, perdidas, anuales, banco mundial, 200,000, millones, dolares, naciones unidas, ambiente, medio ambiente</keywords>
  <summaries>
    <highlights>
      <sentence id="1" ids_sentences_article="">Las p&amp;eacute;rdidas econ&amp;oacutemicas por desastres naturales aumentaron a 200,000 millones de d&amp;oacutelares anuales en la &amp;uacute;ltima d&amp;eacute;cada.</sentence>
      <sentence id="2" ids_sentences_article="">En 1980 alcanzaban los 50,000 millones de d&amp;oacutelares, inform&amp;oacute el Banco Mundial.</sentence>
      <sentence id="3" ids_sentences_article="">Las p&amp;eacute;rdidas humanas y econ&amp;oacutemicas afectan principalmente a las naciones en desarrollo, se&amp;ntilde;al&amp;oacute el organismo.</sentence>
    </highlights>
  </summaries>
  <article>
    <paragraph id="1">
      <sentences>
        <sentence id="1">
          <content>Las p&amp;eacute;rdidas econ&amp;oacutemicas por el clima extremo aumentan durante la d&amp;eacute;cada.</content>
        </sentence>
        <sentence id="2">
          <content>Un informe del Banco Mundial indic&amp;oacute que los pa&amp;iacute;ses en desarrollo est&amp;aacute;n m&amp;aacute;s expuestos a los da&amp;ntilde;os por desastres relacionados con el clima.</content>
        </sentence>
        <sentence id="3">
          <content>VARSOVIA (Reuters) -- Las p&amp;eacute;rdidas econ&amp;oacutemicas causadas a nivel global por episodios extremos vinculados con el clima han aumentado a casi 200,000 millones de d&amp;oacutelares por a&amp;ntilde;o durante la &amp;uacute;ltima d&amp;eacute;cada y al parecer seguir&amp;aacute;n en alza a medida que el cambio clim&amp;aacute;tico empeore, mostr&amp;oacute el lunes un informe del Banco Mundial .</content>
        </sentence>
        <sentence id="4">
          <content>Un panel de cient&amp;iacute;ficos de Naciones Unidas ha advertido que las inundaciones, sequ&amp;iacute;as y tormentas probablemente se volver&amp;aacute;n m&amp;aacute;s severas el pr&amp;oacuteximo siglo, a medida que las emisiones de gases de efecto invernadero calientan cada vez m&amp;aacute;s el clima del mundo .</content>
        </sentence>
        <sentence id="5">
          <content>"Las p&amp;eacute;rdidas econ&amp;oacutemicas est&amp;aacute;n creciendo -desde 50,000 millones de d&amp;oacutelares por a&amp;ntilde;o en la d&amp;eacute;cada de 1980 a apenas por debajo de 200,000 millones de d&amp;oacutelares anuales en la &amp;uacute;ltima d&amp;eacute;cada- y alrededor de tres cuartos de esas p&amp;eacute;rdidas son resultado del clima extremo", dijo Rachel Kyte, vicepresidenta para Desarrollo Sostenible del Banco Mundial .</content>
        </sentence>
        <sentence id="6">
          <content>"Si bien no se puede relacionar cada episodio del clima con el cambio clim&amp;aacute;tico, cient&amp;iacute;ficos han advertido que los eventos de clima extremo aumentar&amp;aacute;n su intensidad si el cambio clim&amp;aacute;tico permanece sin control", agreg&amp;oacute .</content>
        </sentence>
        <sentence id="7">
          <content>La reaseguradora Munich Re ha estimado que el total de p&amp;eacute;rdidas por desastres reportadas fue de 3 .</content>
        </sentence>
        <sentence id="8">
          <content>8 billones de d&amp;oacutelares entre 1980 y 2012, de los cuales el 74% se atribuye al clima extremo .</content>
        </sentence>
        <sentence id="9">
          <content>M&amp;aacute;s de 3,900 personas murieron como consecuencia del paso por Filipinas del tif&amp;oacuten Haiyan, una de las tormentas m&amp;aacute;s potentes de las que se tenga registro .</content>
        </sentence>
        <sentence id="10">
          <content>El tif&amp;oacuten gener&amp;oacute renovada atenci&amp;oacuten sobre el impacto del cambio clim&amp;aacute;tico y coincidi&amp;oacute con el inicio de la cumbre referida al tema que se desarrolla entre el 11 y el 22 de noviembre en la ciudad polaca de Varsovia, donde los gobiernos est&amp;aacute;n intentando delinear planes para paliar sus efectos .</content>
        </sentence>
        <sentence id="11">
          <content>Los pa&amp;iacute;ses en desarrollo est&amp;aacute;n en riesgoMuchas naciones han dicho que el tif&amp;oacuten marca una tendencia hacia el clima extremo y que fue un ejemplo para impulsar la acci&amp;oacuten en Varsovia, en la reuni&amp;oacuten que busca puntualizar los lineamientos de un nuevo acuerdo global en 2015, que entrar&amp;aacute; en vigencia a partir de 2020 .</content>
        </sentence>
        <sentence id="12">
          <content>No obstante, el panel de cient&amp;iacute;ficos especializados en clima de la ONU indica que s&amp;oacutelo tiene "poca confianza" en que las emisiones humanas hayan contribuido a la intensidad de los ciclones, entre los que se encuentran los tifones y los huracanes .</content>
        </sentence>
        <sentence id="13">
          <content>Como parte de las conversaciones, los gobiernos est&amp;aacute;n debatiendo un mecanismo para ayudar a los pa&amp;iacute;ses m&amp;aacute;s pobres a lidiar con las p&amp;eacute;rdidas y los da&amp;ntilde;os causados por el cambio clim&amp;aacute;tico .</content>
        </sentence>
        <sentence id="14">
          <content>Aunque los desastres relacionados con el clima pueden afectar a todos los pa&amp;iacute;ses, se esperan p&amp;eacute;rdidas humanas y econ&amp;oacutemicas m&amp;aacute;s graves en las naciones en desarrollo que est&amp;aacute;n construyendo sus econom&amp;iacute;as en &amp;aacute;reas vulnerables a inundaciones, sequ&amp;iacute;as y temperaturas extremas, como las de Asia, dijo el Banco Mundial .</content>
        </sentence>
        <sentence id="15">
          <content>El impacto promedio de los desastres en ese tipo de pa&amp;iacute;ses fue equivalente al 1% del Producto Interno Bruto (PIB) entre el 2001 y el 2006, 10 veces m&amp;aacute;s que el promedio en las naciones de altos ingresos, se&amp;ntilde;al&amp;oacute la entidad .</content>
        </sentence>
        <sentence id="16">
          <content>Para ayudar a evitar costos futuros inmanejables, los gobiernos deber&amp;iacute;an focalizarse en hacer que sus pa&amp;iacute;ses sean m&amp;aacute;s resistentes a los desastres, a&amp;uacute;n cuando ello pueda requerir grandes inversiones preventivas, a&amp;ntilde;adi&amp;oacute el Banco Mundial .</content>
        </sentence>
      </sentences>
    </paragraph>
  </article>
</document>
