<?xml version="1.0" encoding="UTF-8"?>
<document id="530" link="http://mexico.cnn.com/planetacnn/2014/01/17/el-espeso-esmog-oscurece-y-cubre-de-neblina-a-china" category="planetacnn" highlights_mapped="false">
  <title>El espeso esmog 'oscurece' y cubre de neblina a China  - planetacnn - CNNMexico.com</title>
  <keywords>beijing, smog, contaminacion, visibilidad, china, carbon, industria, salud, riesgos</keywords>
  <summaries>
    <highlights>
      <sentence id="1" ids_sentences_article="">La contaminaci&amp;oacuten en Beijing super&amp;oacute 27 veces lo recomendado el m&amp;aacute;ximo recomendado por la Organizaci&amp;oacuten Mundial de la Salud.</sentence>
      <sentence id="2" ids_sentences_article="">La visibilidad era tan limitada que no se pod&amp;iacute;a ver el Sol por la ma&amp;ntilde;ana y los automovilistas usaban sus faros para circular.</sentence>
      <sentence id="3" ids_sentences_article="">El consumo de carb&amp;oacuten es uno de los principales contaminantes de la ciudad que tiene una poblaci&amp;oacuten de 20 millones de personas.</sentence>
    </highlights>
  </summaries>
  <article>
    <paragraph id="1">
      <sentences>
        <sentence id="1">
          <content>El espeso esmog 'oscurece' y cubre de neblina a China.</content>
        </sentence>
        <sentence id="2">
          <content>Una pantalla LED muestra una imagen del sol en la capital china donde la visibilidad limitada no permite verlo en el cielo.</content>
        </sentence>
        <sentence id="3">
          <content>(CNNM&amp;eacute;xico) -- Una pantalla gigante muestra la salida del sol en Beijing, donde una espesa neblina no permite ver el astro en el cielo . . . y no se trata del invierno .</content>
        </sentence>
        <sentence id="4">
          <content>La capital china amaneci&amp;oacute este jueves cubierta con una capa de esmog que descendi&amp;oacute casi hasta el suelo, una contaminaci&amp;oacuten que fue 27 veces m&amp;aacute;s elevada a los m&amp;aacute;ximos recomendados por la Organizaci&amp;oacuten Mundial de la Salud (OMS), inform&amp;oacute la agencia AFP .</content>
        </sentence>
        <sentence id="5">
          <content>El &amp;iacute;ndice oficial de calidad del aire lleg&amp;oacute al m&amp;aacute;ximo de la escala (500), y la densidad de part&amp;iacute;culas de 2 .</content>
        </sentence>
        <sentence id="6">
          <content>5 micr&amp;oacutemetros de di&amp;aacute;metro--una de las m&amp;aacute;s nocivas--alcanz&amp;oacute los 671 microgramos por metro c&amp;uacute;bico, lo que super&amp;oacute 27 veces la recomendaci&amp;oacuten de la OMS, seg&amp;uacute;n el reporte .</content>
        </sentence>
        <sentence id="7">
          <content>La larga pantalla LED de la Plaza de Tiananmen mostraba una imagen del Sol este jueves en que la visibilidad qued&amp;oacute muy limitada, report&amp;oacute la revistaTime en su p&amp;aacute;gina web .</content>
        </sentence>
        <sentence id="8">
          <content>Un d&amp;iacute;a en que los autom&amp;oacuteviles tuvieron que circular con las luces encendidas en pleno d&amp;iacute;a y muchos peatones llevaban m&amp;aacute;scaras con filtro, seg&amp;uacute;n AFP .</content>
        </sentence>
        <sentence id="9">
          <content>China es uno de los mayores consumidores decarb&amp;oacuten para la energ&amp;iacute;a el&amp;eacute;ctrica y la industria, lo que genera una gran contaminaci&amp;oacuten en sus ciudades m&amp;aacute;s grandes y sus zonas conurbadas, entre ellas la de Beijing donde viven unas 20 millones de personas .</content>
        </sentence>
        <sentence id="10">
          <content>El a&amp;ntilde;o pasado, el gobierno dijo quetomar&amp;iacute;a medidas extraordinariascomo el cierre obligatorio de f&amp;aacute;bricas y la prohibici&amp;oacuten de la circulaci&amp;oacuten de veh&amp;iacute;culos durante las contingencias ambientales que se repitieron en varios d&amp;iacute;as de 2013 en la capital del pa&amp;iacute;s y otras ciudades .</content>
        </sentence>
        <sentence id="11">
          <content>El Plan de Contingencia para la Alta Contaminaci&amp;oacuten del Aire de la ciudad ha estipulado que cuando haya "una contaminaci&amp;oacuten grave durante tres d&amp;iacute;as consecutivos", ser&amp;aacute; activado un sistema de advertencia que comprende alertas azul, amarilla, naranja y roja (la m&amp;aacute;s grave) .</content>
        </sentence>
        <sentence id="12">
          <content>Los jardines de ni&amp;ntilde;os, las primarias y secundarias tendr&amp;aacute;n que suspender labores, mientras que el 80% de los autos propiedad del gobierno deber&amp;aacute;n abandonar las calles .</content>
        </sentence>
        <sentence id="13">
          <content>Solo se permitir&amp;aacute; que los autos privados entren a la ciudad en d&amp;iacute;as salteados, de acuerdo con un sistema de selecci&amp;oacuten de n&amp;uacute;meros de placas .</content>
        </sentence>
      </sentences>
    </paragraph>
  </article>
</document>
