<?xml version="1.0" encoding="UTF-8"?>
<document id="931" link="http://mexico.cnn.com/planetacnn/2013/12/23/la-ciudad-de-mexico-es-la-segunda-mas-inteligente-de-al-segun-un-reporte" category="planetacnn" highlights_mapped="false">
  <title>La Ciudad de M&amp;eacute;xico es la segunda m&amp;aacute;s inteligente de AL, seg&amp;uacute;n un reporte - planetacnn - CNNMexico.com</title>
  <keywords>ciudades inteligentes, emprendedurismo, medio ambiente, gobernanza digital, movilidad sustentable, economia inteligente</keywords>
  <summaries>
    <highlights>
      <sentence id="1" ids_sentences_article="">La Ciudad de M&amp;eacute;xico se ha convertido en un l&amp;iacute;der en gobernanza digital, seg&amp;uacute;n Fast Company.</sentence>
      <sentence id="2" ids_sentences_article="">La revista consider&amp;oacute tambi&amp;eacute;n las construcciones y el transporte sustentable de la ciudad.</sentence>
      <sentence id="3" ids_sentences_article="">Santiago de Chile ocup&amp;oacute el primer lugar del listado; Bogot&amp;aacute; el tercero.</sentence>
    </highlights>
  </summaries>
  <article>
    <paragraph id="1">
      <sentences>
        <sentence id="1">
          <content>La Ciudad de M&amp;eacute;xico es la segunda m&amp;aacute;s inteligente de AL, seg&amp;uacute;n un reporte.</content>
        </sentence>
        <sentence id="2">
          <content>La capital mexicana se situ&amp;oacute por abajo de Santiago de Chile, por mejorar sus operaciones en &amp;aacute;reas como la movilidad y el medio ambiente.</content>
        </sentence>
        <sentence id="3">
          <content>(CNNM&amp;eacute;xico) -- La Ciudad de M&amp;eacute;xico es la segunda m&amp;aacute;s inteligente de Am&amp;eacute;rica Latina, despu&amp;eacute;s de Santiago de Chile, por mejorar la vida de sus habitantes a trav&amp;eacute;s de mejoras a la eficiencia de sus operaciones en sectores como la econom&amp;iacute;a, la movilidad, la pol&amp;iacute;tica y el medio ambiente, seg&amp;uacute;n un estudio reciente .</content>
        </sentence>
        <sentence id="4">
          <content>Lo anterior se debe a que la capital mexicana ha sido pionera en varias &amp;aacute;reas asociadas con las ciudades inteligentes, seg&amp;uacute;n un reporte de la revista estadounidense Fast Company, que ya ha realizado mediciones similares en Norteam&amp;eacute;rica y la regi&amp;oacuten Asia Pac&amp;iacute;fico .</content>
        </sentence>
        <sentence id="5">
          <content>El reporte menciona que la Ciudad de M&amp;eacute;xico "ha emergido como un l&amp;iacute;der en gobernanza digital en Am&amp;eacute;rica Latina", seg&amp;uacute;n datos de la investigaci&amp;oacuten sobre gobernanza digital de la Universidad Rutgers y otras iniciativas sobre datos abiertos .</content>
        </sentence>
        <sentence id="6">
          <content>En el sector de la construcci&amp;oacuten, la ciudad ha promovido "edificios verdes e inteligentes", seg&amp;uacute;n Fast Company .</content>
        </sentence>
        <sentence id="7">
          <content>"De hecho, es una de las primeras ciudades en el mundo en experimentar con tecnolog&amp;iacute;a que permite a edificios realmente absorber smog aleda&amp;ntilde;o", indic&amp;oacute .</content>
        </sentence>
        <sentence id="8">
          <content>Otro indicador lleg&amp;oacute en el sector de transporte, donde el reporte elogi&amp;oacutela introducci&amp;oacuten del programa de bicicletas compartidas Ecobici, que actualmente cuenta con 4,000 bicicletas y tiene planes para expandirse a 6,000 .</content>
        </sentence>
        <sentence id="9">
          <content>Fast Company tambi&amp;eacute;n mencion&amp;oacute la introducci&amp;oacuten de "el primer programa escalable de autos compartidos en la regi&amp;oacuten",Carrot, que actualmente contiene m&amp;aacute;s de 40 veh&amp;iacute;culos, incluidos algunos el&amp;eacute;ctricos .</content>
        </sentence>
        <sentence id="10">
          <content>En tanto, Santiago de Chile ocup&amp;oacute el primer lugar en la lista de ciudades inteligentes por tener "menos corrupci&amp;oacuten que cualquier gobierno en Am&amp;eacute;rica Latina" y una econom&amp;iacute;a estable, lo que vuelve atractiva para inversionistas .</content>
        </sentence>
        <sentence id="11">
          <content>La capital chilena fue considerada por su "ambiente de emprendedores" que permite la participaci&amp;oacuten de organizaciones sociales y acad&amp;eacute;micas en el reto de hacer una ciudad inteligente .</content>
        </sentence>
        <sentence id="12">
          <content>El resto de la lista lo conforman Bogot&amp;aacute; (Colombia), Buenos Aires(Argentina), R&amp;iacute;o de Janeiro (Brasil), Curitiba (Brasil), Medell&amp;iacute;n (Colombia)y Montevideo (Uruguay), en ese orden .</content>
        </sentence>
        <sentence id="13">
          <content>El listado de ciudades inteligentes considera factores como la planeaci&amp;oacuten urbana, acceso a la informaci&amp;oacuten, seguridad, vida cultural, movilidad eficiente, inclusi&amp;oacuten social y conectividad con el mundo, y su metodolog&amp;iacute;a toma elementos del Centro Regional de Ciencia de la Universidad Tecnol&amp;oacutegica de Viena, Austria, y del trabajo sobre ciudades de Siemens, entre otros .</content>
        </sentence>
        <sentence id="14">
          <content>"La mayor&amp;iacute;a de las ciudades pueden estar de acuerdo en que hay un valor real en tener una econom&amp;iacute;a, pr&amp;aacute;cticas ambientales, gobiernos, vida, movilidad y gente inteligente", indic&amp;oacute en la metodolog&amp;iacute;a el creador del estudio, el ambientalista Boyd Cohen .</content>
        </sentence>
      </sentences>
    </paragraph>
  </article>
</document>
