<?xml version="1.0" encoding="UTF-8"?>
<document id="927" link="http://mexico.cnn.com/planetacnn/2013/04/17/el-uso-de-infraestructuras-sustentables-podria-ayudar-a-salvar-al-planeta" category="planetacnn" highlights_mapped="false">
  <title>El uso de infraestructuras sustentables podr&amp;iacute;a ayudar a salvar al planeta - Planeta CNN - planetacnn - CNNMexico.com</title>
  <keywords>onu, medio ambiente, planeta, sustentable, sostenibilidad, achim steiner, pnuma,</keywords>
  <summaries>
    <highlights>
      <sentence id="1" ids_sentences_article="">Las infraestructuras sustentables podr&amp;iacute;an contribuir a mejorar la situaci&amp;oacuten del medio ambiente.</sentence>
      <sentence id="2" ids_sentences_article="">La ONU tiene entre sus prioridades el impulso de recursos m&amp;aacute;s eficientes que permitan el ahorro de energ&amp;iacute;a.</sentence>
      <sentence id="3" ids_sentences_article="">Australia es un ejemplo a seguir.</sentence>
    </highlights>
  </summaries>
  <article>
    <paragraph id="1">
      <sentences>
        <sentence id="1">
          <content>El uso de infraestructuras sustentables podr&amp;iacute;a ayudar a salvar al planeta.</content>
        </sentence>
        <sentence id="2">
          <content>La promoci&amp;oacuten de la infraestructura urbana sustentable puede proteger a las ciudades de la posible inestabilidad econ&amp;oacutemica y social.</content>
        </sentence>
        <sentence id="3">
          <content>Nairobi (EFE) -- El Programa de las Naciones Unidas para elMedioAmbiente(PNUMA) pidi&amp;oacute este mi&amp;eacute;rcoles una mayor inversi&amp;oacuten en infraestructuras sustentables en las ciudades para lograr as&amp;iacute; un crecimiento econ&amp;oacutemico y reducir la degradaci&amp;oacuten delmedioambiente .</content>
        </sentence>
        <sentence id="4">
          <content>"La tendencia hacia la urbanizaci&amp;oacuten ha ido acompa&amp;ntilde;ada de una mayor presi&amp;oacuten sobre elmedioambientey un creciente n&amp;uacute;mero de pobres de las zonas urbanas", explic&amp;oacute el director del PNUMA, Achim Steiner, en una rueda de prensa celebrada este mi&amp;eacute;rcoles en Nairobi, para presentar un nuevo informe de la organizaci&amp;oacuten .</content>
        </sentence>
        <sentence id="5">
          <content>Sin embargo, para Steiner "existen oportunidades &amp;uacute;nicas" para que las ciudades promuevan la construcci&amp;oacuten de infraestructuras sustentables con las que aumentar "la productividad de los recursos", al mismo tiempo que se lograr&amp;iacute;an "importantes ahorros financieros y se dar&amp;iacute;a soluci&amp;oacuten a distintos problemas ambientales" .</content>
        </sentence>
        <sentence id="6">
          <content>El PNUMA asegura adem&amp;aacute;s que, en vista de que los precios de los recursos naturales agotables siguen aumentando, la promoci&amp;oacuten de la infraestructura urbana sustentable puede proteger a las ciudades de la posible inestabilidad econ&amp;oacutemica y social .</content>
        </sentence>
        <sentence id="7">
          <content>"En una &amp;eacute;poca en que los precios de la energ&amp;iacute;a no hacen m&amp;aacute;s que aumentar, la pronta adopci&amp;oacuten de sistemas que consumen fuentes de energ&amp;iacute;a renovables cada vez m&amp;aacute;s econ&amp;oacutemicas dar&amp;aacute; buenos resultados r&amp;aacute;pidamente", a&amp;ntilde;adi&amp;oacute Joan Clos,el director del Programa de las Naciones Unidas para los Asentamientos Humanos (ONU-H&amp;aacute;bitat), .</content>
        </sentence>
        <sentence id="8">
          <content>El informe, titulado "Desacoplamiento en las ciudades: las corrientes de recursos urbanos y la gobernanza de las transiciones en infraestructura", destaca el &amp;eacute;xito de ciudades que han impulsado el desarrollo sostenible .</content>
        </sentence>
        <sentence id="9">
          <content>Un ejemplo es la ciudad de Melbourne, en Australia, que ha registrado una disminuci&amp;oacuten del 40% de las emisiones tras la introducci&amp;oacuten de medidas de eficiencia energ&amp;eacute;tica en edificios p&amp;uacute;blicos .</content>
        </sentence>
        <sentence id="10">
          <content>El PNUMA destaca tambi&amp;eacute;n a Ciudad del Cabo, en Sud&amp;aacute;frica, donde gracias a la instalaci&amp;oacuten de calentadores de agua solares e iluminaci&amp;oacuten de alto rendimiento energ&amp;eacute;tico en viviendas de bajos ingresos .</content>
        </sentence>
        <sentence id="11">
          <content>Se han ahorrado m&amp;aacute;s de 6,500 toneladas de carbono por a&amp;ntilde;o .</content>
        </sentence>
        <sentence id="12">
          <content>Tambi&amp;eacute;n han conseguido la reducci&amp;oacuten de las enfermedades respiratorias en un 75%, se han creado decenas de empleos ecol&amp;oacutegicos y se ha reducido el costo del agua caliente para los hogares pobres .</content>
        </sentence>
        <sentence id="13">
          <content>A pesar de estos avances, el estudio del PNUMA apunta que a&amp;uacute;n hay que redoblar los esfuerzos para apoyar la creaci&amp;oacuten de infraestructuras nuevas y la mejora de las infraestructuras insostenibles ya existentes .</content>
        </sentence>
        <sentence id="14">
          <content>El informe estima tambi&amp;eacute;n que el costo de atender las necesidades de infraestructura urbana de las ciudades del mundo, en especial entre 2000 y 2030, asciende a 40,000 millones de d&amp;oacutelares, tanto si se construye infraestructura nueva como si se adapta la infraestructura existente .</content>
        </sentence>
      </sentences>
    </paragraph>
  </article>
</document>
