<?xml version="1.0" encoding="UTF-8"?>
<document id="646" link="http://mexico.cnn.com/planetacnn/2013/04/03/el-calentamiento-global-trae-malas-noticias-para-los-alergicos" category="planetacnn" author="Elizabeth Landau" highlights_mapped="false">
  <title>El calentamiento global trae 'malas noticias' para los al&amp;eacute;rgicos - Planeta CNN - planetacnn - CNNMexico.com</title>
  <keywords>polen, alergias, calentamiento global, temperaturas, calor, alergenos, alergico, plantas, contaminacion, medio ambiente, planeta, humanos, cambio climatico, clima, salud, colegio de alergias, asma</keywords>
  <summaries>
    <highlights>
      <sentence id="1" ids_sentences_article="">El incremento de las temperaturas extremas traer&amp;aacute;n consigo una mayor proliferaci&amp;oacuten de polen en el ambiente.</sentence>
      <sentence id="2" ids_sentences_article="">Para el 2040 la concentraci&amp;oacuten incrementar&amp;aacute; de una manera dr&amp;aacute;stica.</sentence>
      <sentence id="3" ids_sentences_article="">Las temporadas de alergias empezar&amp;aacute;n m&amp;aacute;s pronto cada a&amp;ntilde;o y las personas sensibles a estas plantas tendr&amp;aacute;n que vacunarse continuamente.</sentence>
    </highlights>
  </summaries>
  <article>
    <paragraph id="1">
      <sentences>
        <sentence id="1">
          <content>El calentamiento global trae 'malas noticias' para los al&amp;eacute;rgicos.</content>
        </sentence>
        <sentence id="2">
          <content>Los especialistas estiman que las temperaturas extremas incrementar&amp;aacute;n dr&amp;aacute;sticamente la concentraci&amp;oacuten de polen en el ambiente.</content>
        </sentence>
        <sentence id="3">
          <content>(CNN) -- Con el calentamiento global, las temperaturas extremas se han convertido en algo normal y eso es una mala noticia para quienes sufren de alergias .</content>
        </sentence>
        <sentence id="4">
          <content>En tan solo un solo siglo, nuestro planeta vivi&amp;oacute una de las d&amp;eacute;cadas m&amp;aacute;s fr&amp;iacute;as desde la &amp;uacute;ltima glaciaci&amp;oacuten y una de las m&amp;aacute;s c&amp;aacute;lidas .</content>
        </sentence>
        <sentence id="5">
          <content>Eso no hab&amp;iacute;a ocurrido en los &amp;uacute;ltimos 11,300 a&amp;ntilde;os, seg&amp;uacute;n un estudio reciente sobre las temperaturas mundiales que se public&amp;oacute en la revista Science .</content>
        </sentence>
        <sentence id="6">
          <content>Para el 2100, las temperaturas aumentar&amp;aacute;n "muy por encima de cualquier cosa que hayamos visto en los &amp;uacute;ltimos 11,000 a&amp;ntilde;os", dijo uno de los autores del estudio, Shaun Marcott .</content>
        </sentence>
        <sentence id="7">
          <content>Al mismo tiempo, se estima que la concentraci&amp;oacuten de polen aumentar&amp;aacute; dr&amp;aacute;sticamente .</content>
        </sentence>
        <sentence id="8">
          <content>Si con la llegada de la primavera empiezas a estornudar, piensa que este a&amp;ntilde;o probablemente sea el m&amp;aacute;s apacible en comparaci&amp;oacuten a los a&amp;ntilde;os venideros .</content>
        </sentence>
        <sentence id="9">
          <content>La investigaci&amp;oacuten que se present&amp;oacute en noviembre ante el Colegio de Alergias, Asma e Inmunolog&amp;iacute;a de Estados Unidos (ACAAI) indica que la concentraci&amp;oacuten de polen empeorar&amp;aacute; durante los pr&amp;oacuteximos 30 a&amp;ntilde;os .</content>
        </sentence>
        <sentence id="10">
          <content>Leonard Bielory mostr&amp;oacute predicciones en las que la concentraci&amp;oacuten de polen ser&amp;aacute; de m&amp;aacute;s del doble para el 2040 .</content>
        </sentence>
        <sentence id="11">
          <content>Bielory es miembro de un estudio que se lleva a cabo en la Universidad Rutgers, en el que se hacen modelos de la influencia del cambio clim&amp;aacute;tico sobre la proliferaci&amp;oacuten de polen .</content>
        </sentence>
        <sentence id="12">
          <content>El estudio analiza varias plantas alerg&amp;eacute;nicas cultivadas en c&amp;aacute;maras clim&amp;aacute;ticas donde hacen una simulaci&amp;oacuten de las condiciones futuras; los investigadores incorporan factores como patrones clim&amp;aacute;ticos, cambios en la precipitaci&amp;oacuten y la temperatura .</content>
        </sentence>
        <sentence id="13">
          <content>La concentraci&amp;oacuten de polen en el 2000 fue de 8,455 granos de polen en promedio por cada metro c&amp;uacute;bico de aire; seg&amp;uacute;n este modelo, se espera que para el 2040 llegue a 21,735 .</content>
        </sentence>
        <sentence id="14">
          <content>Adem&amp;aacute;s, la temporada de alergias empezar&amp;aacute; m&amp;aacute;s pronto cada a&amp;ntilde;o .</content>
        </sentence>
        <sentence id="15">
          <content>Una presentaci&amp;oacuten durante una conferencia no est&amp;aacute; sometida al mismo nivel de escrutinio que una publicaci&amp;oacuten en una revista revisada por colegas .</content>
        </sentence>
        <sentence id="16">
          <content>Sin embargo, los hallazgos tienen sentido para Clifford Bassett, alerg&amp;oacutelogo de Nueva York y becario en el ACAAI que no particip&amp;oacute en este estudio en particular .</content>
        </sentence>
        <sentence id="17">
          <content>"Conforme se incremente el CO2 (di&amp;oacutexido de carbono), las plantas alerg&amp;eacute;nicas producir&amp;aacute;n m&amp;aacute;s polen, entre tres y cuatro veces m&amp;aacute;s; creemos que el polen podr&amp;iacute;a ser m&amp;aacute;s potente", dijo Bassett .</content>
        </sentence>
        <sentence id="18">
          <content>Muchos de nosotros hemos pasado primaveras enteras sinti&amp;eacute;ndonos muy mal a causa de los estornudos, el ardor de ojos y la jaqueca por sinusitis, sin importar qu&amp;eacute; antihistam&amp;iacute;nico tomemos .</content>
        </sentence>
        <sentence id="19">
          <content>&amp;iquest;C&amp;oacutemo sobreviviremos a una temporada de alergias m&amp;aacute;s larga y agresiva y al apocalipsis del polen?Bassett dice que la inmunoterapia --en otras palabras, vacunas contra las alergias-- es el &amp;uacute;nico medio eficaz para evitar los s&amp;iacute;ntomas .</content>
        </sentence>
        <sentence id="20">
          <content>No obstante, cuando la concentraci&amp;oacuten de polen sea muy alta, la gente que ha recibido las inyecciones podr&amp;iacute;a necesitar de alg&amp;uacute;n medicamento antihistam&amp;iacute;nico .</content>
        </sentence>
        <sentence id="21">
          <content>Sin embargo, en general las molestias relacionadas con las alergias ser&amp;aacute;n m&amp;iacute;nimas o nulas .</content>
        </sentence>
        <sentence id="22">
          <content>Las inyecciones se aplican en un lapso de tres a cinco a&amp;ntilde;os .</content>
        </sentence>
        <sentence id="23">
          <content>Un alerg&amp;oacutelogo hace una prueba para determinar a qu&amp;eacute; plantas eres al&amp;eacute;rgico y te inyecta peque&amp;ntilde;as dosis de esas sustancias agresoras para que pierdas la sensibilidad .</content>
        </sentence>
        <sentence id="24">
          <content>Entre los consejos que Bassett da para prevenir los s&amp;iacute;ntomas de las alergias est&amp;aacute;n:-- L&amp;aacute;vate el cabello por la noche si estuviste al aire libre-- Toma antihistam&amp;iacute;nicos antes de que inicie la temporada de alergias-- Trata de evitar ejercitarte en exteriores cuando la concentraci&amp;oacuten de polen sea alta-- No seques tu ropa al aire libre cuando haya mucho polen en el aireConsulta a un alerg&amp;oacutelogo para recibir un tratamiento adecuado para ti .</content>
        </sentence>
        <sentence id="25">
          <content>Ben Brumfeld, de CNN, colabor&amp;oacute con este reportaje .</content>
        </sentence>
      </sentences>
    </paragraph>
  </article>
</document>
