<?xml version="1.0" encoding="UTF-8"?>
<document id="478" link="http://mexico.cnn.com/planetacnn/2014/03/04/la-hipopotamo-que-nacio-en-el-df-espera-que-le-des-un-nombre" category="planetacnn" highlights_mapped="false">
  <title>La hipop&amp;oacutetamo que naci&amp;oacute en el DF espera que le des un nombre - PlanetaCNN, canal - planetacnn - CNNMexico.com</title>
  <keywords>hipopotamo del nilo, nuevo inquilino, zoologico de chapultepec, secretaria del medio ambiente del distrito federal, df, ciudad de mexico</keywords>
  <summaries>
    <highlights>
      <sentence id="1" ids_sentences_article="">Un hipop&amp;oacutetamo del Zool&amp;oacutegico del Distrito Federal espera que la gente le d&amp;eacute; un nombre.</sentence>
      <sentence id="2" ids_sentences_article="">Algunas propuestas son "oro", "noble" y "felicidad".</sentence>
      <sentence id="3" ids_sentences_article="">La nueva cr&amp;iacute;a es hija de una hembra llamada 'G&amp;uuml;era' de tres a&amp;ntilde;os de edad.</sentence>
    </highlights>
  </summaries>
  <article>
    <paragraph id="1">
      <sentences>
        <sentence id="1">
          <content>La hipop&amp;oacutetamo que naci&amp;oacute en el DF espera que le des un nombre.</content>
        </sentence>
        <sentence id="2">
          <content>La gente puede votar en l&amp;iacute;nea entre algunas opciones para nombrar a la cr&amp;iacute;a que est&amp;aacute; en el Zool&amp;oacutegico de Chapultepec y pesa unos 40 kilos.</content>
        </sentence>
        <sentence id="3">
          <content>CIUDAD DE M&amp;Eacute;XICO (Notimex) -- &amp;iquest;Qu&amp;eacute; nombre te gustar&amp;iacute;a para un hipop&amp;oacutetamo?El nuevo inquilino delZool&amp;oacutegicode Chapultepec, en la capital mexicana, espera tener un nombre y para ello requiere de tu ayuda .</content>
        </sentence>
        <sentence id="4">
          <content>Este martes, la Secretar&amp;iacute;a del Medio Ambiente del Distrito Federal report&amp;oacute el nacimiento de una cr&amp;iacute;a de hipop&amp;oacutetamo del Nilo, la primera de su especie en 16 a&amp;ntilde;os, e invit&amp;oacute a la poblaci&amp;oacuten a votar para escoger su nombre .</content>
        </sentence>
        <sentence id="5">
          <content>La dependencia inform&amp;oacute que las propuestas son Igoli, que significa "oro" en lengua zul&amp;uacute;, as&amp;iacute; como Haji, que es "noble" en swahili, o Mabbina, que se traduce como "felicidad" en swahili .</content>
        </sentence>
        <sentence id="6">
          <content>La cr&amp;iacute;a es hija de una hembra llamada G&amp;uuml;era, de tres a&amp;ntilde;os de edad y quien lleg&amp;oacute a Chapultepec procedente del Zool&amp;oacutegico de Wamer&amp;uacute;, en Quer&amp;eacute;taro .</content>
        </sentence>
        <sentence id="7">
          <content>El hipop&amp;oacutetamo del Nilo es un animal con un peso que var&amp;iacute;a de 3,000 a 4,500 kilogramos y tiene una gran importancia ecol&amp;oacutegica, ya que su esti&amp;eacute;rcol es fuente de alimento para peces, abono para algas y aporta nitr&amp;oacutegeno al agua, entre otras funciones .</content>
        </sentence>
        <sentence id="8">
          <content>La cr&amp;iacute;a naci&amp;oacute bajo el agua, sin complicaciones y con un peso aproximado de 40 kilogramos; ahora se encuentra con cuidados y alimentaci&amp;oacuten materna, que continuar&amp;aacute;n hasta los 11 meses de edad .</content>
        </sentence>
        <sentence id="9">
          <content>El nuevo inquilino de Chapultepec puede ser visitado de manera gratuita en un horario de 09:00 a 16:30 horas de martes a domingo .</content>
        </sentence>
        <sentence id="10">
          <content>La votaci&amp;oacuten para el nombre se puede realizar en las p&amp;aacute;ginas electr&amp;oacutenicas:http://www .</content>
        </sentence>
        <sentence id="11">
          <content>mxse,http://www .</content>
        </sentence>
        <sentence id="12">
          <content>mxyhttp://www .</content>
        </sentence>
        <sentence id="13">
          <content>maspormas .</content>
        </sentence>
        <sentence id="14">
          <content>En enero pasado, el Zool&amp;oacutegico de Chapultepec recibi&amp;oacute a un nuevo integrante en la familia, de una especie que est&amp;aacute; en peligro en extinci&amp;oacuten: un ocelote .</content>
        </sentence>
        <sentence id="15">
          <content>El peque&amp;ntilde;o felino de 250 gramos de peso es hijo deNict&amp;eacute;, una hembra de siete a&amp;ntilde;os, yCaspian, un macho de cuatro, luego de un periodo de gestaci&amp;oacuten de 80 d&amp;iacute;as, inform&amp;oacute la Secretar&amp;iacute;a del Medio Ambiente (SMA) local en un comunicado .</content>
        </sentence>
      </sentences>
    </paragraph>
  </article>
</document>
