<?xml version="1.0" encoding="UTF-8"?>
<document id="815" link="http://mexico.cnn.com/planetacnn/2014/02/01/una-mujer-de-81-anos-es-detenida-por-alimentar-osos-en-su-patio-en-eu" category="planetacnn" author="Ben Brumfield" highlights_mapped="false">
  <title>Una mujer de 81 a&amp;ntilde;os es detenida por alimentar osos en su patio en EU  - planetacnn - CNNMexico.com</title>
  <keywords>planetacnn, osos negros, alimentos, florida, autoridades de conservacion de la vida salvaje, hibernacion, sebring</keywords>
  <summaries>
    <highlights>
      <sentence id="1" ids_sentences_article="">Una mujer de 81 a&amp;ntilde;os fue detenida en Florida por alimentar a osos negros.</sentence>
      <sentence id="2" ids_sentences_article="">Las autoridades de vida salvajes le hab&amp;iacute;an advertido del peligro de dar alimentos a los osos.</sentence>
      <sentence id="3" ids_sentences_article="">Mary Musselman se encuentra detenida sin derecho a fianza.</sentence>
    </highlights>
  </summaries>
  <article>
    <paragraph id="1">
      <sentences>
        <sentence id="1">
          <content>Una mujer de 81 a&amp;ntilde;os es detenida por alimentar osos en su patio en EU.</content>
        </sentence>
        <sentence id="2">
          <content>Las autoridades advirtieron a la detenida el peligro que corr&amp;iacute;a al estar en contacto cercano con los animales salvajes.</content>
        </sentence>
        <sentence id="3">
          <content>(CNN) -- &amp;iexcl;No alimentes a los osos!Es una advertencia que se escucha una y otra vez de las autoridades de la vida salvaje .</content>
        </sentence>
        <sentence id="4">
          <content>Pero Mary Musselman, residente de Florida, no escuch&amp;oacute .</content>
        </sentence>
        <sentence id="5">
          <content>Y la mujer de 81 a&amp;ntilde;os fue arrestada .</content>
        </sentence>
        <sentence id="6">
          <content>La persona de la tercera edad fue detenida sin derecho a fianza, report&amp;oacute WFTS, afiliada de CNN .</content>
        </sentence>
        <sentence id="7">
          <content>"Creo es indignante", dijo Karen Tedder .</content>
        </sentence>
        <sentence id="8">
          <content>Ella y otros ex alumnos de la ex maestra de gimnasia sostuvieron un encuentro el jueves afuera de la casa de Musselman en Sebring para orar por la mujer .</content>
        </sentence>
        <sentence id="9">
          <content>Ella debe ser liberada, dijeron, porque su esposo est&amp;aacute; muriendo de c&amp;aacute;ncer y ella es la &amp;uacute;nica que lo cuida .</content>
        </sentence>
        <sentence id="10">
          <content>Pero las autoridades le hab&amp;iacute;an advertido en reiteradas ocasiones que no alimentara a los osos negros que acud&amp;iacute;an a su propiedad .</content>
        </sentence>
        <sentence id="11">
          <content>Ella lo hizo de todas formas .</content>
        </sentence>
        <sentence id="12">
          <content>Y los aliment&amp;oacute en gran cantidad, de 17 a 18 platos de alimento de perro en algunas ocasiones, dijeron autoridades a la afiliada de CNN .</content>
        </sentence>
        <sentence id="13">
          <content>Los osos amaban la comida y continuaron regresando .</content>
        </sentence>
        <sentence id="14">
          <content>La Comisi&amp;oacuten de Vida Salvaje y Pesca de Florida (FWC, por sus siglas en ingl&amp;eacute;s) odiaba el hecho y tambi&amp;eacute;n regresaban .</content>
        </sentence>
        <sentence id="15">
          <content>Matar un osoLos problemas de Musselman con la ley comenzaron en 2013, cuando autoridades de la vida salvaje tuvieron que matar a un oso que estaba comiendo, informaron .</content>
        </sentence>
        <sentence id="16">
          <content>Las autoridades le explicaron detalladamente a la mujer el porqu&amp;eacute; no deber&amp;iacute;a de alimentar a los animales salvajes, dijo el vocero de FWC, Gary Morse .</content>
        </sentence>
        <sentence id="17">
          <content>Le llevaron videos informativos y panfletos y tuvieron conversaciones con ella .</content>
        </sentence>
        <sentence id="18">
          <content>"Alimentar a los osos puede resultar en su p&amp;eacute;rdida de miedo a las personas", dijo Morse .</content>
        </sentence>
        <sentence id="19">
          <content>Despu&amp;eacute;s de que se acostumbran a vivir alrededor de humanos y de obtener comida de ellos, reubicarlos no resuelve el problema .</content>
        </sentence>
        <sentence id="20">
          <content>Y cuando los osos se acercan demasiado a las personas, hacen da&amp;ntilde;o, tanto a propiedad como a las personas, dijo Morse .</content>
        </sentence>
        <sentence id="21">
          <content>La informaci&amp;oacuten que le dieron a Musselman fue en vano .</content>
        </sentence>
        <sentence id="22">
          <content>"Ella nos dijo que no iba a detener sus acciones", le dijo Morse a la afiliada .</content>
        </sentence>
        <sentence id="23">
          <content>Luego, en noviembre de 2013, le entregaron una advertencia oficial .</content>
        </sentence>
        <sentence id="24">
          <content>Semanas despu&amp;eacute;s, las autoridades la descubrieron alimentando de nuevo a los osos .</content>
        </sentence>
        <sentence id="25">
          <content>Nuevamente le proporcionaron los videos .</content>
        </sentence>
        <sentence id="26">
          <content>Sin embargo, no hubo cambio .</content>
        </sentence>
        <sentence id="27">
          <content>La ley intervieneEn diciembre de 2013, se le orden&amp;oacute a Musselman que se presentara en la corte, donde, esta vez, un juez le dijo que dejara de alimentar a los osos .</content>
        </sentence>
        <sentence id="28">
          <content>Eso tampoco funcion&amp;oacute .</content>
        </sentence>
        <sentence id="29">
          <content>En la noche de Navidad, estuvo de nuevo en la corte; dej&amp;oacute el lugar bajo libertad condicional .</content>
        </sentence>
        <sentence id="30">
          <content>De nuevo, su problema continuaba: M&amp;aacute;s comida, m&amp;aacute;s osos .</content>
        </sentence>
        <sentence id="31">
          <content>Un juez envi&amp;oacute a autoridades de la comisi&amp;oacuten de vida salvaje para que arrestaran a Musselman .</content>
        </sentence>
        <sentence id="32">
          <content>Los oficiales dijeron que ella luch&amp;oacute contra ellos e incluso les dijo que los iba a matar .</content>
        </sentence>
        <sentence id="33">
          <content>Ahora, est&amp;aacute; acusada no solamente de alimentar a animales salvajes, sino de agresi&amp;oacuten contra una autoridad encargada de aplicar la ley y violar su libertad condicional .</content>
        </sentence>
        <sentence id="34">
          <content>&amp;iquest;Por qu&amp;eacute; no se detuvo?La mujer pens&amp;oacute que los osos se morir&amp;iacute;an de hambre sin ella, de acuerdo con la afiliada .</content>
        </sentence>
        <sentence id="35">
          <content>"Ella no quer&amp;iacute;a aceptar el hecho de que estar&amp;aacute;n bien sin ella", dijo Morse .</content>
        </sentence>
        <sentence id="36">
          <content>"Ellos hibernan cuando no hay comida" .</content>
        </sentence>
        <sentence id="37">
          <content>Sus ex alumnos est&amp;aacute;n tratando de encontrar a una profesional de salud mental para que se presente con Musselman en la corte .</content>
        </sentence>
        <sentence id="38">
          <content>Darrell Calhoun de CNN contribuy&amp;oacute a este reporte .</content>
        </sentence>
      </sentences>
    </paragraph>
  </article>
</document>
