<?xml version="1.0" encoding="UTF-8"?>
<document id="794" link="http://mexico.cnn.com/planetacnn/2013/03/20/la-irrupcion-de-los-autos-electricos-en-mexico-con-panorama-incierto" category="planetacnn" highlights_mapped="false">
  <title>La irrupci&amp;oacuten de los autos el&amp;eacute;ctricos en M&amp;eacute;xico, &amp;iquestcon panorama incierto? - Planeta CNN - planetacnn - CNNMexico.com</title>
  <keywords>nissan, leaf, autos, autos electricos, motor, contaminacion, medio ambiente, planeta, verde, sustentable, energia, emisiones, cero emisiones, efecto invernadero</keywords>
  <summaries>
    <highlights>
      <sentence id="1" ids_sentences_article="">Los autos el&amp;eacute;ctricos buscar&amp;aacute;n extenderse en M&amp;eacute;xico a partir del tercer trimestre del a&amp;ntilde;o.</sentence>
      <sentence id="2" ids_sentences_article="">M&amp;eacute;xico es parte del programa en Am&amp;eacute;rica Latina de taxis el&amp;eacute;ctricos.</sentence>
    </highlights>
  </summaries>
  <article>
    <paragraph id="1">
      <sentences>
        <sentence id="1">
          <content>La irrupci&amp;oacuten de los autos el&amp;eacute;ctricos en M&amp;eacute;xico, &amp;iquestcon panorama incierto?</content>
        </sentence>
        <sentence id="2">
          <content>El pa&amp;iacute;s representa uno de los mercados clave en el desarrollo de esta tecnolog&amp;iacute;a, seg&amp;uacute;n los fabricantes.</content>
        </sentence>
        <sentence id="3">
          <content>(EXPANSI&amp;Oacute;N) -- M&amp;eacute;xico se suma a los pa&amp;iacute;ses que ya impulsan el mercado de los autos el&amp;eacute;ctricos .</content>
        </sentence>
        <sentence id="4">
          <content>Carlos Ghosn, director general de Nissan, trajo el proyecto al pa&amp;iacute;s y ahora apuesta por extenderlo al nivel de los de combusti&amp;oacuten interna .</content>
        </sentence>
        <sentence id="5">
          <content>Para el ejecutivo, M&amp;eacute;xico representa un mercado clave en el desarrollo de su plan .</content>
        </sentence>
        <sentence id="6">
          <content>Hace dos a&amp;ntilde;os que la empresa japonesa incursion&amp;oacute al traer 20 de sus modelos el&amp;eacute;ctricos Leaf como parte del primer programa en Am&amp;eacute;rica Latina de taxis el&amp;eacute;ctricos, Cero Emisiones, en la Ciudad de M&amp;eacute;xico y el cual tambi&amp;eacute;n se ampli&amp;oacute a Aguascalientes con 50 unidades .</content>
        </sentence>
        <sentence id="7">
          <content>FOTOS: Autos de lujo, deportivos y verdes, en PlanetaCNNHasta la fecha se han vendido 46,000 unidades de su modelo 100% el&amp;eacute;ctrico .</content>
        </sentence>
        <sentence id="8">
          <content>"Tenemos un problema con las emisiones contaminantes, la dependencia excesiva del petr&amp;oacuteleo y el precio del combustible", dijo el CEO de la automotriz .</content>
        </sentence>
        <sentence id="9">
          <content>"Cuando se combinan todos estos elementos, no hay duda de que los coches el&amp;eacute;ctricos son parte del futuro", a&amp;ntilde;adi&amp;oacute .</content>
        </sentence>
        <sentence id="10">
          <content>Una parte fundamental de la estrategia en territorio mexicano es crear la infraestructura necesaria para impulsar el mercado de autos el&amp;eacute;ctricos .</content>
        </sentence>
        <sentence id="11">
          <content>Para ello, en el Distrito Federal se instalaron cinco centros de carga y uno m&amp;aacute;s en Aguascalientes, con una inversi&amp;oacuten de 5 millones de pesos .</content>
        </sentence>
        <sentence id="12">
          <content>Zonas como Santa Fe, Coyoac&amp;aacute;n, el Pedregal y Polanco en la Ciudad de M&amp;eacute;xico, tendr&amp;aacute;n otros centros de carga en los pr&amp;oacuteximos seis meses .</content>
        </sentence>
        <sentence id="13">
          <content>A la par se instalar&amp;aacute;n en los estados de Jalisco, Nuevo Le&amp;oacuten, Sinaloa y Puebla, adem&amp;aacute;s de la posibilidad de tener cargadores en las carreteras cercanas a Cuernavaca .</content>
        </sentence>
        <sentence id="14">
          <content>LEER: Alternativa de movilidad el&amp;eacute;ctrica . . . El objetivo es terminar de instalar todas estas estaciones de carga antes del tercer trimestre del a&amp;ntilde;o, cuando se lanzar&amp;aacute; comercialmente el Leaf en M&amp;eacute;xico .</content>
        </sentence>
        <sentence id="15">
          <content>Ghosn sabe que el transporte el&amp;eacute;ctrico no sustituir&amp;aacute; a los veh&amp;iacute;culos tradicionales .</content>
        </sentence>
        <sentence id="16">
          <content>"Los autos el&amp;eacute;ctricos no compiten con los carros de combusti&amp;oacuten interna", dijo el brasile&amp;ntilde;o .</content>
        </sentence>
        <sentence id="17">
          <content>"Son un complemento para los motores de esos autos" .</content>
        </sentence>
        <sentence id="18">
          <content>El principal problema de los autos el&amp;eacute;ctricos es su costo y por otra parte, a&amp;uacute;n no se sabe exactamente cu&amp;aacute;ndo florecera ese nicho .</content>
        </sentence>
        <sentence id="19">
          <content>Otras armadoras como Mazda y Ford dudan que los consumidores est&amp;eacute;n listos para pagar m&amp;aacute;s solo por tener un veh&amp;iacute;culo de cero emisiones .</content>
        </sentence>
        <sentence id="20">
          <content>"El mercado mexicano es hipersensible a los precios" se&amp;ntilde;al&amp;oacute Marcos P&amp;eacute;rez, director de Desarrollo de Productos de Ford M&amp;eacute;xico .</content>
        </sentence>
        <sentence id="21">
          <content>Eugenio Aguilar, acad&amp;eacute;mico del Tec de Monterrey y experto en la industria automotriz, dice que "lo que &amp;eacute;l hace (Ghosn) hoy con los autos el&amp;eacute;ctricos me recuerda a Thomas Alva Edison, quien realiz&amp;oacute m&amp;aacute;s de 1,000 intentos fallidos hasta que logr&amp;oacute inventar la bombilla" .</content>
        </sentence>
        <sentence id="22">
          <content>Generalmente, los autos el&amp;eacute;ctricos cuestan por lo menos el doble que los veh&amp;iacute;culos de combusti&amp;oacuten interna .</content>
        </sentence>
        <sentence id="23">
          <content>Ser&amp;aacute; necesario producir bater&amp;iacute;as el&amp;eacute;ctricas por menos de 10,000 d&amp;oacutelares para dominar el mercado .</content>
        </sentence>
        <sentence id="24">
          <content>LEER: La alternativa de los autos compartidos en el DFGeneral Motors, por su parte, traer&amp;aacute; 50 de sus modelos Volt para que los manejen los ejecutivos del corporativo de General Electric de Santa Fe .</content>
        </sentence>
        <sentence id="25">
          <content>"Combina las ventajas de los autos el&amp;eacute;ctricos con la eficiencia del motor de gasolina", dice Mauricio Kuri, director de Relaciones P&amp;uacute;blicas y Gubernmanetales de GM M&amp;eacute;xico .</content>
        </sentence>
        <sentence id="26">
          <content>De igual forma BMW trajo a M&amp;eacute;xico en junio de 2012 una docena de sus modelos Mini E, 100% el&amp;eacute;ctricos, con la intenci&amp;oacuten de familiarizar "a algunos mexicanos con el auto y sus caracter&amp;iacute;sticas, principalmente su tiempo de carga" .</content>
        </sentence>
        <sentence id="27">
          <content>"Esto permitir&amp;aacute; avanzar en los proyectos futuros de BMW Group", dice Gerd Dressler, director general de BMW Group M&amp;eacute;xico .</content>
        </sentence>
        <sentence id="28">
          <content>Este es un fragmento de un art&amp;iacute;culo publicado en la edici&amp;oacuten de marzo de 2013 de la revista Expansi&amp;oacuten,que es parte de Grupo Expansi&amp;oacuten, una empresa de Time Inc .</content>
        </sentence>
        <sentence id="29">
          <content>La firma edita en M&amp;eacute;xico 17 revistas y siete sitios de internet, entre ellos CNNM&amp;eacute;xico .</content>
        </sentence>
      </sentences>
    </paragraph>
  </article>
</document>
