<?xml version="1.0" encoding="UTF-8"?>
<document id="766" link="http://mexico.cnn.com/planetacnn/2013/11/15/mitigar-el-cambio-climatico-seguira-siendo-un-tema-pendiente-en-2014" category="planetacnn" highlights_mapped="false">
  <title>Mitigar el cambio clim&amp;aacute;tico seguir&amp;aacute; siendo un tema pendiente en 2014 - PlanetaCNN, canal - planetacnn - CNNMexico.com</title>
  <keywords>cambio climatico, calentamiento global, agenda global 2014, foro economico mundial, acciones contundentes, desastres naturales, tifon haiyan, tormentas en guerrero</keywords>
  <summaries>
    <highlights>
      <sentence id="1" ids_sentences_article="">La falta de acciones contra el cambio clim&amp;aacute;tico ser&amp;aacute; una de las 10 tendencias globales en 2014.</sentence>
      <sentence id="2" ids_sentences_article="">Se debe no al escepticismo sobre el tema, sino a subestimar las consecuencias, seg&amp;uacute;n un reporte.</sentence>
      <sentence id="3" ids_sentences_article="">La tragedia tras el tif&amp;oacuten 'Haiyan' en Filipinas y las lluvias en Guerrero son ejemplos de consecuencias.</sentence>
    </highlights>
  </summaries>
  <article>
    <paragraph id="1">
      <sentences>
        <sentence id="1">
          <content>Mitigar el cambio clim&amp;aacute;tico seguir&amp;aacute; siendo un tema pendiente en 2014.</content>
        </sentence>
        <sentence id="2">
          <content>Christiana Figueres, secretaria de la Convenci&amp;oacuten Marco sobre el Cambio Clim&amp;aacute;tico de la ONU, dice que las acciones avanzan demasiado lento.</content>
        </sentence>
        <sentence id="3">
          <content>(CNNM&amp;eacute;xico) -- La falta de acciones contundentes contra los efectos del cambio clim&amp;aacute;tico ser&amp;aacute; una de las 10 tendencias de la agenda global durante 2014, estim&amp;oacute este viernes el Foro Econ&amp;oacutemico Mundial (WEF, por sus siglas en ingl&amp;eacute;s) .</content>
        </sentence>
        <sentence id="4">
          <content>Este punto ocupa el quinto lugar en la Previsi&amp;oacuten de la Agenda Global 2014 presentada este viernes por el WEF .</content>
        </sentence>
        <sentence id="5">
          <content>Sin embargo, la tendencia no se debe al "escepticismo clim&amp;aacute;tico, que ahora es menos notorio de lo que sol&amp;iacute;a ser", sino a que "las consecuencias de las acciones insuficientes son a&amp;uacute;n totalmente menospreciadas", afirma en el documento Christiana Figueres, secretaria ejecutiva de la Convenci&amp;oacuten Marco sobre el Cambio Clim&amp;aacute;tico de Naciones Unidas y miembro del Consejo de Agenda Global en el &amp;aacute;rea de cambio clim&amp;aacute;tico .</content>
        </sentence>
        <sentence id="6">
          <content>"Estamos perdiendo la batalla sobre el cambio clim&amp;aacute;tico; el sentido de urgencia que hab&amp;iacute;a hace dos a&amp;ntilde;os atr&amp;aacute;s ha desaparecido", escribi&amp;oacute Figueresen la Previsi&amp;oacuten de Agenda Global presentada este viernes .</content>
        </sentence>
        <sentence id="7">
          <content>"El hecho es que si no tomamos acciones oportunamente en la escala que necesitamos, el (cambio) clim&amp;aacute;tico tiene el potencial de barrer con el progreso que hemos logrado en los &amp;uacute;ltimos 20 a&amp;ntilde;os" en desarrollo econ&amp;oacutemico, social y protecci&amp;oacuten ambiental, se&amp;ntilde;al&amp;oacute Figueres .</content>
        </sentence>
        <sentence id="8">
          <content>La publicaci&amp;oacuten de esta proyecci&amp;oacuten ocurre mientras m&amp;aacute;s de medio mill&amp;oacuten de personas permanece sin casa o alimentos tras el paso de Haiyan en Filipinas, donde el supertif&amp;oacuten adem&amp;aacute;s cobr&amp;oacute la vida de al menos 2,357 personas .</content>
        </sentence>
        <sentence id="9">
          <content>El pa&amp;iacute;s asi&amp;aacute;tico es el segundo m&amp;aacute;s vulnerable a nivel mundial, con 22 tifones anuales promedio, seg&amp;uacute;n la delegada filipina sobre el tema, Yeb Sa&amp;ntilde;o .</content>
        </sentence>
        <sentence id="10">
          <content>Otro comisionado filipino sobre cambio clim&amp;aacute;tico, Naderev Sano, anunci&amp;oacute el martes pasado una huelga de hambre en la reuni&amp;oacuten 19 de la Conferencia de las Partes sobre Cambio Clim&amp;aacute;tico en Varsovia, Polonia, para pedir acciones "concretas" que eviten tragedias como la de su pa&amp;iacute;s .</content>
        </sentence>
        <sentence id="11">
          <content>En M&amp;eacute;xico, el cambio clim&amp;aacute;tico dej&amp;oacute su cuota de da&amp;ntilde;os en septiembre pasado, con la coincidencia de varias tormentas tropicales que caus&amp;oacutelluvias hist&amp;oacutericas y devastaci&amp;oacuten en regiones del Pac&amp;iacute;fico, principalmente en el estado de Guerrero .</content>
        </sentence>
        <sentence id="12">
          <content>El Congreso mexicano aprob&amp;oacute el jueves un fondo de 7,000 millones de pesos --m&amp;aacute;s que el aumento a la Secretar&amp;iacute;a de Educaci&amp;oacuten o el fondo de capitalidad de la Ciudad de M&amp;eacute;xico-- para gastos de recuperaci&amp;oacuten en Guerrero .</content>
        </sentence>
        <sentence id="13">
          <content>Adem&amp;aacute;s de la devastaci&amp;oacuten ocasionada en pa&amp;iacute;ses como Filipinas y M&amp;eacute;xico, los efectos del cambio clim&amp;aacute;tico (tormentas, inundaciones, escasez de alimentos, amenaza de especies) ponen en peligro el crecimiento econ&amp;oacutemico en el mundo .</content>
        </sentence>
        <sentence id="14">
          <content>Para 2025, el Producto Interno Bruto (PIB) unido de los 67 pa&amp;iacute;ses con riesgos "altos" o "extremos" pasar&amp;aacute; de 15 a 44 billones de d&amp;oacutelares --de 195 a 572 millones de millones de pesos--, lo que significar&amp;aacute; que una tercera parte de la econom&amp;iacute;a mundial y aproximadamente 5,000 millones de personas estar&amp;aacute;n bajo la amenaza del cambio clim&amp;aacute;tico, seg&amp;uacute;n la firma de an&amp;aacute;lisis Maplecroft .</content>
        </sentence>
        <sentence id="15">
          <content>Las megaciudades, una claveLas urbes con m&amp;aacute;s de 15 millones de habitantes --como Nueva York, Sao Paulo o la Ciudad de M&amp;eacute;xico-- representan la "mejor esperanza para hallar soluciones" al cambio clim&amp;aacute;tico y "cualquier problema que concierna a la humanidad", indica en la previsi&amp;oacuten el acad&amp;eacute;mico Geoffrey West, integrante del Consejo de Agenda Global .</content>
        </sentence>
        <sentence id="16">
          <content>"Por lo tanto, un reto urgente del siglo XXI es entender las ciudades", afirma West .</content>
        </sentence>
        <sentence id="17">
          <content>"Las grandes metr&amp;oacutepolis del mundo facilitan la interacci&amp;oacuten humana, creando esa indefinible agitaci&amp;oacuten y alma de la ciudad, el origen de su innovaci&amp;oacuten y emoci&amp;oacuten que es un mayor aportador a su resistencia y &amp;eacute;xito, econ&amp;oacutemica y socialmente" .</content>
        </sentence>
        <sentence id="18">
          <content>La Previsi&amp;oacuten de Agenda Global 2014 fue elaborada por un consejo de 86 especialistas en distintas &amp;aacute;reas, con la asistencia de las universidades de Oxford y Harvard, y el Centro de Investigaci&amp;oacuten Pew, adem&amp;aacute;s de miembros de empresas, gobiernos y sociedad civil .</content>
        </sentence>
        <sentence id="19">
          <content>El reporte servir&amp;aacute; como punto de partida para la reuni&amp;oacuten de miembros de la Agenda Global del Foro Econ&amp;oacutemico Mundial que se realizar&amp;aacute; en Abu Dhabi entre el 18 y 20 de noviembre .</content>
        </sentence>
      </sentences>
    </paragraph>
  </article>
</document>
