<?xml version="1.0" encoding="UTF-8"?>
<document id="562" link="http://mexico.cnn.com/planetacnn/2014/02/19/los-ataques-de-tiburon-registran-la-tasa-global-mas-baja-desde-2009" category="planetacnn" author="Ed Payne" highlights_mapped="false">
  <title>Los ataques de tibur&amp;oacuten registran la tasa global m&amp;aacute;s baja desde 2009 - planetacnn - CNNMexico.com</title>
  <keywords>planetacnn, tiburones, ataques de tiburon, tiburon blanco, playas de australia, australia, estados unidos, tiburon, victimas, humanos, conservacion, medio ambiente, extincion, especies en riesgo, animales, oceano, anfibios</keywords>
  <summaries>
    <highlights>
      <sentence id="1" ids_sentences_article="">La cifra registrada de ataques de tibur&amp;oacuten durante el a&amp;ntilde;o pasado fue la menor desde 2009.</sentence>
      <sentence id="2" ids_sentences_article="">M&amp;aacute;s de la mitad ocurrieron en Estados Unidos.</sentence>
      <sentence id="3" ids_sentences_article="">'Los tiburones tienen m&amp;aacute;s que temer de nosotros que nosotros de ellos', dice un investigador.</sentence>
    </highlights>
  </summaries>
  <article>
    <paragraph id="1">
      <sentences>
        <sentence id="1">
          <content>Los ataques de tibur&amp;oacuten registran la tasa global m&amp;aacute;s baja desde 2009.</content>
        </sentence>
        <sentence id="2">
          <content>Seg&amp;uacute;n la Universidad de Florida, el a&amp;ntilde;o pasado disminuyeron los incidentes con estos animales, pero hubo encuentros m&amp;aacute;s letales.</content>
        </sentence>
        <sentence id="3">
          <content>(CNN) -- La cifra de ataques de tibur&amp;oacuten del a&amp;ntilde;o pasado fue la menor registrada en cuatro a&amp;ntilde;os, aunque fueron m&amp;aacute;s letales, seg&amp;uacute;n un reporte de la Universidad de Florida .</content>
        </sentence>
        <sentence id="4">
          <content>El a&amp;ntilde;o pasado murieron 10 personas en todo el mundo por 72 ataques de tibur&amp;oacuten .</content>
        </sentence>
        <sentence id="5">
          <content>Eso supera el promedio de 6 .</content>
        </sentence>
        <sentence id="6">
          <content>3 muertes reportadas a lo largo de los &amp;uacute;ltimos 10 a&amp;ntilde;os, de acuerdo con George Burgess, quien dirige las investigaciones sobre tiburones en la Universidad de Florida .</content>
        </sentence>
        <sentence id="7">
          <content>La &amp;uacute;ltima vez que registraron tan pocos ataques fue en 2009: hubo 67 .</content>
        </sentence>
        <sentence id="8">
          <content>Desde 2001 no hab&amp;iacute;an sido reportados m&amp;aacute;s ataques letales salvo en 2011, a&amp;ntilde;o en el que hubo 13 .</content>
        </sentence>
        <sentence id="9">
          <content>Los sitios m&amp;aacute;s peligrosos son el occidente de Australia, con seis muertes en los &amp;uacute;ltimos cuatro a&amp;ntilde;os, y la isla de la Reuni&amp;oacuten al suroeste del oc&amp;eacute;ano &amp;Iacute;ndico, con cinco muertes en tres a&amp;ntilde;os .</content>
        </sentence>
        <sentence id="10">
          <content>Durante el siglo pasado aumentaron los ataques de tibur&amp;oacuten ya que cada vez m&amp;aacute;s humanos se aventuraron a zambullirse en las aguas, de acuerdo con Burgess .</content>
        </sentence>
        <sentence id="11">
          <content>"Cuando se dan incrementos repentinos en los ataques de tibur&amp;oacuten, usualmente intervienen factores humanos que promueven la interacci&amp;oacuten entre estos animales y las personas", dijo .</content>
        </sentence>
        <sentence id="12">
          <content>Como hay m&amp;aacute;s gente en el oc&amp;eacute;ano, entonces incrementan este tipo de encuentros .</content>
        </sentence>
        <sentence id="13">
          <content>En Estados Unidos hubo 47 ataques de tibur&amp;oacuten el a&amp;ntilde;o pasado, un decremento respecto a los 54 ataques del a&amp;ntilde;o anterior .</content>
        </sentence>
        <sentence id="14">
          <content>Casi la mitad ocurri&amp;oacute en Florida .</content>
        </sentence>
        <sentence id="15">
          <content>La &amp;uacute;nica muerte registrada en Estados Unidos fue la de un hombre que pescaba en un kayak en las costas de Hawaii .</content>
        </sentence>
        <sentence id="16">
          <content>Columpiaba sus piernas en el agua cuando un tibur&amp;oacuten lo mordi&amp;oacute .</content>
        </sentence>
        <sentence id="17">
          <content>"Los tiburones tienen m&amp;aacute;s que temer de nosotros que nosotros de ellos", dijo Burgess .</content>
        </sentence>
        <sentence id="18">
          <content>"Estad&amp;iacute;sticamente, los ataques de tibur&amp;oacuten son extremadamente inusuales, especialmente si consideramos la cantidad de humanos que entran al agua cada a&amp;ntilde;o" .</content>
        </sentence>
        <sentence id="19">
          <content>Burgess advirti&amp;oacute que entrar al oc&amp;eacute;ano es una "experiencia del mundo salvaje" al igual que caminar en el bosque, en donde podr&amp;iacute;an vivir osos o pumas .</content>
        </sentence>
        <sentence id="20">
          <content>"Frente a frente, en el oc&amp;eacute;ano, el tibur&amp;oacuten tiene la ventaja", dijo .</content>
        </sentence>
        <sentence id="21">
          <content>"Pero, al entender mejor en d&amp;oacutende y cu&amp;aacute;ndo es m&amp;aacute;s seguro nadar en el oc&amp;eacute;ano, podemos evitar mejor esos encuentros" .</content>
        </sentence>
      </sentences>
    </paragraph>
  </article>
</document>
