<?xml version="1.0" encoding="UTF-8"?>
<document id="885" link="http://mexico.cnn.com/planetacnn/2013/11/24/la-cop19-acuerda-un-plan-para-2015-pero-no-se-salva-de-la-critica" category="planetacnn" highlights_mapped="false">
  <title>La COP19 acuerda un plan para 2015, pero no se salva de la cr&amp;iacute;tica - planetacnn - CNNMexico.com</title>
  <keywords>cpo 19, varsovia polonia, cumbre sobre cambio climatico, hoja de ruta, fondo de adaptacion,</keywords>
  <summaries>
    <highlights>
      <sentence id="1" ids_sentences_article="">Pa&amp;iacute;ses desarrollados comprometieron m&amp;aacute;s de 100 millones para el Fondo de Adaptaci&amp;oacuten.</sentence>
      <sentence id="2" ids_sentences_article="">El fondo empezar&amp;aacute; a financiar proyectos nacionales de adaptaci&amp;oacuten al cambio clim&amp;aacute;tico.</sentence>
      <sentence id="3" ids_sentences_article="">La COP19 termin&amp;oacute una hoja de ruta para un acuerdo vinculante en la COP21 en Par&amp;iacute;s.</sentence>
    </highlights>
  </summaries>
  <article>
    <paragraph id="1">
      <sentences>
        <sentence id="1">
          <content>La COP19 acuerda un plan para 2015, pero no se salva de la cr&amp;iacute;tica.</content>
        </sentence>
        <sentence id="2">
          <content>La cumbre en Varsovia autoriz&amp;oacute una iniciativa de los 48 pa&amp;iacute;ses m&amp;aacute;s pobres para an&amp;aacute;lisis y preparaci&amp;oacuten a los embates del cambio clim&amp;aacute;tico.</content>
        </sentence>
        <sentence id="3">
          <content>(CNNM&amp;eacute;xico) -- La cumbre de Naciones Unidas sobre el Cambio Clim&amp;aacute;tico (COP19) concluy&amp;oacute este s&amp;aacute;bado con la activaci&amp;oacuten de un mecanismo de ayuda a las naciones m&amp;aacute;s vulnerables a los efectos clim&amp;aacute;ticos extremos .</content>
        </sentence>
        <sentence id="4">
          <content>En el &amp;uacute;ltimo d&amp;iacute;a de la cumbre en Varsovia, Polonia, --que dur&amp;oacute un d&amp;iacute;a m&amp;aacute;s de lo programado-- fue aprobado el conjunto de planes establecido por 48 de los pa&amp;iacute;ses m&amp;aacute;s pobres, que podr&amp;aacute;n ahora evaluar mejor los efectos del cambio clim&amp;aacute;tico (como tormentas y huracanes) y lo que necesitan para ser m&amp;aacute;s resistentes a ellos, inform&amp;oacute la COP19 en su sitio web .</content>
        </sentence>
        <sentence id="5">
          <content>Pa&amp;iacute;ses desarrollados como Austria, B&amp;eacute;lgica, Finlandia, Francia, Alemania, Noruega, Suecia y Suiza ya han pagado o comprometidom&amp;aacute;s de 100 millones de d&amp;oacutelares para el Fondo de Adaptaci&amp;oacuten, que ahora empieza a financiar proyectos nacionales .</content>
        </sentence>
        <sentence id="6">
          <content>La ayuda a las naciones en desarrollo incluye el Centro y Red de Tecnolog&amp;iacute;a Clim&amp;aacute;tica (CTN, por sus siglas en ingl&amp;eacute;s), que en lo inmediato podr&amp;aacute; responder a solicitudes de asesor&amp;iacute;a y asistencia para transferencia de tecnolog&amp;iacute;a .</content>
        </sentence>
        <sentence id="7">
          <content>"El CTCN est&amp;aacute; abierto a negocios e impulsa a los pa&amp;iacute;ses en desarrollo a establecer puntos para acelerar la transferencia de tecnolog&amp;iacute;a", indic&amp;oacute la COP19 .</content>
        </sentence>
        <sentence id="8">
          <content>El sistema de intercambio con pa&amp;iacute;ses subdesarrollados ya tiene un grupo de trabajo que sesionar&amp;aacute; por primera vez en marzo de 2014, seg&amp;uacute;n EFE .</content>
        </sentence>
        <sentence id="9">
          <content>El grupo estar&amp;aacute; abierto tambi&amp;eacute;n a la sociedad civil, no solo a los estados .</content>
        </sentence>
        <sentence id="10">
          <content>Tras el cierre de las actividades en Varsovia, el embajador Marelene Moses, presidente de la Alianza de Peque&amp;ntilde;os Estados Insulares (AOSIS) --el grupo de 44 pa&amp;iacute;ses vulnerables a los impactos del cambio clim&amp;aacute;tico-- record&amp;oacute la urgencia de acciones trasla tragedia del supertifi&amp;oacutenHaiyanen Filipinas .</content>
        </sentence>
        <sentence id="11">
          <content>"La ciencia, las tormentas, y el sufrimiento nos gritan que tomemos acciones urgentes, y aunque podr&amp;iacute;a ser muy tarde para las comunidades devastadas en Filipinas y tantas otras comunidades vulnerables que sufren los efectos del cambio clim&amp;aacute;tico, podemos evitar m&amp;aacute;s tragedias innecesarias si actuamos ahora, pero tiene que ser antes de 2020", dijo Moses, seg&amp;uacute;n un comunicado de la COP19 .</content>
        </sentence>
        <sentence id="12">
          <content>Entre los acuerdos alcanzados este s&amp;aacute;bado por las casi 200 naciones participantes en Varsovia se encuentra una hoja de ruta hacia un acuerdo vinculante a realizarse en 2015, en la cumbre en Par&amp;iacute;s .</content>
        </sentence>
        <sentence id="13">
          <content>Los gobiernos no est&amp;aacute;n comprometidos: WWFEn el documento final se evita la palabra "compromisos" para referirse a la reducci&amp;oacuten de emisiones de gases de efecto invernadero a nivel nacional y se utiliza el t&amp;eacute;rmino "contribuciones", lo cual no satisfizo a las expectativas de los pa&amp;iacute;ses desarrollados, pero s&amp;iacute; a pa&amp;iacute;ses en desarrollo como China e India, seg&amp;uacute;n EFE .</content>
        </sentence>
        <sentence id="14">
          <content>"Las industrias m&amp;aacute;s contaminantes ciernen una gran sombra sobre estos di&amp;aacute;logos y los gobiernos ponen sus intereses por encima de los de los ciudadanos globales .</content>
        </sentence>
        <sentence id="15">
          <content>Esto necesita cambiar, no hay forma de que obtengamos un acuerdo fuerte sobre el cambio clim&amp;aacute;tico en 2015 hasta que los gobiernos reflejen las preocupaciones de las personas y no los intereses de la industria de combustibles f&amp;oacutesiles",se&amp;ntilde;al&amp;oacute la organizaci&amp;oacutenFondo Mundial para la Naturaleza (WWF, por sus siglas en ingl&amp;eacute;s) en un posicionamiento sobre la reuni&amp;oacuten .</content>
        </sentence>
        <sentence id="16">
          <content>Por primera vez en los m&amp;aacute;s de 30 a&amp;ntilde;os de historia de las conferencias sobre el cambio clim&amp;aacute;tico, las organizaciones no gubernamentales (ONG) Greenpeace, Amigos de la Tierra y WWFabandonaron la reuni&amp;oacuten en Varsoviamientras se llevaba a cabo argumentando que "no iba a ninguna parte" .</content>
        </sentence>
        <sentence id="17">
          <content>"La carencia de urgencia mostrada por los gobiernos en este proceso ha sido repugnante .</content>
        </sentence>
        <sentence id="18">
          <content>Es por ello que nos salimos de estos di&amp;aacute;logos en Varsovia", se&amp;ntilde;al&amp;oacute WWF en su posicionamiento .</content>
        </sentence>
        <sentence id="19">
          <content>"Varsovia ha establecido un camino para los gobiernos para trabajar en un borrador de un nuevo tratado clim&amp;aacute;tico universal para que est&amp;eacute; sobre la mesa en la pr&amp;oacutexima conferencia sobre el cambio clim&amp;aacute;tico de la ONU en Par&amp;iacute;s, en 2015, dijo Marcin Korolec, presidente de la COP19 .</content>
        </sentence>
        <sentence id="20">
          <content>La COP19 tambi&amp;eacute;n dej&amp;oacute nuevos mecanismos para proteger los bosques tropicales, frenar la deforestaci&amp;oacuten y aumentar as&amp;iacute; la absorci&amp;oacuten de di&amp;oacutexido de carbono .</content>
        </sentence>
        <sentence id="21">
          <content>El acuerdo est&amp;aacute; respaldado por promesas de financiamiento de 280 millones de d&amp;oacutelares de Estados Unidos, Noruega y Gran Breta&amp;ntilde;a .</content>
        </sentence>
        <sentence id="22">
          <content>La secretaria ejecutiva de la Convenci&amp;oacuten Marco de Naciones Unidas sobre Cambio Clim&amp;aacute;tico, Christiana Figueres, consider&amp;oacute los logros de la COP19 un "progreso esencial", pero hizoun llamado contra "los eventos clim&amp;aacute;ticos extremos cada vez m&amp;aacute;s frecuentes" .</content>
        </sentence>
        <sentence id="23">
          <content>"Ahora los gobiernos y especialmente las naciones en desarrollo deben regresar a hacer su tarea para poner sus planes en la mesa en la conferencia de Par&amp;iacute;s", dijo .</content>
        </sentence>
        <sentence id="24">
          <content>Una nueva "cumbre complementaria de soluciones" se realizar&amp;aacute; en Nueva York en septiembre de 2014, record&amp;oacute en Varsovia el secretario general de la ONU, Ban Ki-moon .</content>
        </sentence>
        <sentence id="25">
          <content>En tanto, se espera que otros temas sean resueltos en la COP20 en Per&amp;uacute; antes de la cita decisiva en Francia .</content>
        </sentence>
        <sentence id="26">
          <content>En el acuerdo alcanzado en la COP19 fue clave la presi&amp;oacuten del G77 (grupo que incluye a 130 pa&amp;iacute;ses en v&amp;iacute;as de desarrollo), China y la delegaci&amp;oacuten filipina,cuyo negociador, Naderev Sa&amp;ntilde;o, arranc&amp;oacute la cumbre con l&amp;aacute;grimas ante la tragedia deHaiyany un ayuno voluntario que le hizo perder seis kilogramos durante dos semanas .</content>
        </sentence>
      </sentences>
    </paragraph>
  </article>
</document>
