<?xml version="1.0" encoding="UTF-8"?>
<document id="658" link="http://mexico.cnn.com/planetacnn/2013/04/15/asia-construye-una-de-las-plantas-solares-mas-grandes-del-mundo" category="planetacnn" highlights_mapped="false">
  <title>En Asia construyen una de las plantas solares m&amp;aacute;s grandes del mundo - Planeta CNN - planetacnn - CNNMexico.com</title>
  <keywords>energia, solar, planta, tailandia, japon, lopburi, electricidad, vivienda, bioxido de carbono, contaminacion, planeta, medio ambiente, construccion, arquitectura, paneles, tecnologia, fotovoltaica, mexico, sener</keywords>
  <summaries>
    <highlights>
      <sentence id="1" ids_sentences_article="">Tailandia y Jap&amp;oacuten se han convertido en los l&amp;iacute;deres de la producci&amp;oacuten de energ&amp;iacute;a solar.</sentence>
      <sentence id="2" ids_sentences_article="">'Lopburi' es una de las plantas solares m&amp;aacute;s grandes del mundo.</sentence>
      <sentence id="3" ids_sentences_article="">Se estima que evitar&amp;aacute; la producci&amp;oacuten de 52,000 toneladas de bi&amp;oacutexido de carbono.</sentence>
    </highlights>
  </summaries>
  <article>
    <paragraph id="1">
      <sentences>
        <sentence id="1">
          <content>En Asia construyen una de las plantas solares m&amp;aacute;s grandes del mundo.</content>
        </sentence>
        <sentence id="2">
          <content>Tailandia y Jap&amp;oacuten encabezan un proyecto que podr&amp;iacute;a evitar la producci&amp;oacuten de 52,000 toneladas de bi&amp;oacutexido de carbono.</content>
        </sentence>
        <sentence id="3">
          <content>(OBRAS) -- Tailandia y Jap&amp;oacuten encabezan una apuesta por utilizar cada vez m&amp;aacute;s el sol como fuente energ&amp;eacute;tica .</content>
        </sentence>
        <sentence id="4">
          <content>La planta de Lopburi es un ejemplo de ello .</content>
        </sentence>
        <sentence id="5">
          <content>Las empresas asi&amp;aacute;ticas comenzaron en la d&amp;eacute;cada de 1990 a invertir en energ&amp;iacute;a solar y recientemente han diversificado sus operaciones globales en esta industria a trav&amp;eacute;s de la planta de Lopburi en Tailandia, una de las m&amp;aacute;s grandes del mundo .</content>
        </sentence>
        <sentence id="6">
          <content>La obra cuenta con 500,000 paneles que absorben la energ&amp;iacute;a solar, que ser&amp;aacute; traducida en electricidad para 70,000 viviendas de la regi&amp;oacuten y se estima que evitar&amp;aacute; la producci&amp;oacuten de 52,000 toneladas de bi&amp;oacutexido de carbono anual .</content>
        </sentence>
        <sentence id="7">
          <content>En Obrasweb .</content>
        </sentence>
        <sentence id="8">
          <content>mx encontrar&amp;aacute;s m&amp;aacute;s informaci&amp;oacuten sobre construcci&amp;oacutenCon ello, Tailandia busca diversificar sus fuentes de energ&amp;iacute;a renovable, abastecer su demanda dom&amp;eacute;stica y, en el futuro, expandir el modelo y oferta a pa&amp;iacute;ses vecinos, lo que la convertir&amp;iacute;a en proveedor y centro de desarrollo regional .</content>
        </sentence>
        <sentence id="9">
          <content>Si bien, seg&amp;uacute;n BP Statistical Review of World Energy, Alemania domina 36% del mercado mundial de la producci&amp;oacuten y la tecnolog&amp;iacute;a solar, la evoluci&amp;oacuten de los modelos de Tailandia y Jap&amp;oacuten son una referencia .</content>
        </sentence>
        <sentence id="10">
          <content>"Las inversiones en proyectos solares de gran escala son m&amp;aacute;s altas que las de fuentes f&amp;oacutesiles, pero pa&amp;iacute;ses como Corea, Filipinas, Jap&amp;oacuten y Tailandia, han establecido programas de apoyo para incentivar el crecimiento en esta industria", se&amp;ntilde;al&amp;oacute Krittayamon Paocharoen, experto del Banco Asi&amp;aacute;tico de Desarrollo (ADB) .</content>
        </sentence>
        <sentence id="11">
          <content>La industria solar ha cobrado mayor fuerza como fuente energ&amp;eacute;tica global, no solo por el avance o la innovaci&amp;oacuten tecnol&amp;oacutegica que caracteriza a este sector, sino por convertirse en un motor clave para que los pa&amp;iacute;ses renueven su pol&amp;iacute;tica energ&amp;eacute;tica .</content>
        </sentence>
        <sentence id="12">
          <content>De acuerdo con especialistas del ADB, la tecnolog&amp;iacute;a solar fotovoltaica se posiciona como la fuente de generaci&amp;oacuten con mayor crecimiento a nivel mundial y, seg&amp;uacute;n sus estimaciones para 2030, el costo de la energ&amp;iacute;a solar y las fuentes tradicionales podr&amp;iacute;an alcanzar un precio estable .</content>
        </sentence>
        <sentence id="13">
          <content>LEER: Universitarios de todo el mundo llenaron de energ&amp;iacute;a el Decatl&amp;oacuten SolarEn M&amp;eacute;xico, el valor del mercado solar se estima en 150 millones de d&amp;oacutelares y seg&amp;uacute;n la Prospectiva del sector el&amp;eacute;ctrico 2012&amp;ndash;2026, para el a&amp;ntilde;o 2024, 35% de la energ&amp;iacute;a generada en M&amp;eacute;xico provendr&amp;aacute; de fuentes no f&amp;oacutesiles .</content>
        </sentence>
        <sentence id="14">
          <content>Uno de los mayores retos para el sector son eliminar o redireccionar los subsidios energ&amp;eacute;ticos .</content>
        </sentence>
        <sentence id="15">
          <content>La clave est&amp;aacute; en tener esquemas de financiamiento y operaci&amp;oacuten m&amp;aacute;s flexibles, as&amp;iacute; como la integraci&amp;oacuten de nuevos agentes de desarrollo como actualmente sucede en Tailandia y Jap&amp;oacuten .</content>
        </sentence>
        <sentence id="16">
          <content>Este es un fragmento de un art&amp;iacute;culo publicado en la edici&amp;oacuten de marzo de 2013 de la revista Obras,que es parte de Grupo Expansi&amp;oacuten, una empresa de Time Inc .</content>
        </sentence>
        <sentence id="17">
          <content>La firma edita en M&amp;eacute;xico 17 revistas y siete sitios de internet, entre ellos CNNM&amp;eacute;xico .</content>
        </sentence>
      </sentences>
    </paragraph>
  </article>
</document>
