<?xml version="1.0" encoding="UTF-8"?>
<document id="566" link="http://mexico.cnn.com/planetacnn/2014/01/14/la-energia-renovable-en-mexico-perdio-su-atractivo" category="planetacnn" highlights_mapped="false">
  <title>La energ&amp;iacute;a renovable en M&amp;eacute;xico, &amp;iquestperdi&amp;oacute su atractivo? - planetacnn - CNNMexico.com</title>
  <keywords>planetacnn, energias renovables, mexico, reforma energetica, pena nieto, felipe calderon, emisiones de carbono, protocolo kioto, naciones unidas, medio ambiente, energias limpias, hidrocarburos, combustibles fosiles, contaminacion</keywords>
  <summaries>
    <highlights>
      <sentence id="1" ids_sentences_article="">Las energ&amp;iacute;as renovables tomaron impulso durante el gobierno de Felipe Calderon.</sentence>
      <sentence id="2" ids_sentences_article="">La administraci&amp;oacuten de Pe&amp;ntilde;a Nieto parece poner en riesgo la meta de M&amp;eacute;xico en reducci&amp;oacuten de emisiones.</sentence>
      <sentence id="3" ids_sentences_article="">De acuerdo con la OCDE, el pa&amp;iacute;s tiene un potencial del 70% para incentivar el uso de energ&amp;iacute;as limpias.</sentence>
    </highlights>
  </summaries>
  <article>
    <paragraph id="1">
      <sentences>
        <sentence id="1">
          <content>La energ&amp;iacute;a renovable en M&amp;eacute;xico, &amp;iquestperdi&amp;oacute su atractivo?</content>
        </sentence>
        <sentence id="2">
          <content>El sexenio pasado fue una prioridad, pero ahora la meta del pa&amp;iacute;s de reducir sus emisiones contaminantes corre peligro.</content>
        </sentence>
        <sentence id="3">
          <content>(OBRAS) -- Durante la administraci&amp;oacuten de Felipe Calder&amp;oacuten, las energ&amp;iacute;as renovables eran prioritarias, pero ahora Enrique Pe&amp;ntilde;a Nieto se enfoca en los hidrocarburos y ha puesto en riesgo la meta del pa&amp;iacute;s en relaci&amp;oacuten con la reducci&amp;oacuten de emisiones .</content>
        </sentence>
        <sentence id="4">
          <content>M&amp;eacute;xico se encuentra entre la espada y la pared: debe reducir la emisi&amp;oacuten de gases de efecto invernadero (GEI) en 30% para el a&amp;ntilde;o 2020 y en 50% para 2050, seg&amp;uacute;n la Ley de Cambio Clim&amp;aacute;tico publicada en junio de 2012 en el Diario Oficial de la Federaci&amp;oacuten (DOF), y as&amp;iacute; cumplir con la Organizaci&amp;oacuten de las Naciones Unidas (ONU) y el Protocolo de Kioto .</content>
        </sentence>
        <sentence id="5">
          <content>El gobierno federal se autoimpuso reducir el uso de combustibles f&amp;oacutesiles en la generaci&amp;oacuten de electricidad en 65% para 2024, 60% para 2035 y 50% para 2050, lo que est&amp;aacute; suscrito en la Ley para el Aprovechamiento de Energ&amp;iacute;as Renovables y el Financiamiento de la Transici&amp;oacuten Energ&amp;eacute;tica .</content>
        </sentence>
        <sentence id="6">
          <content>Sin embargo, luego de que el gobierno de Felipe Calder&amp;oacuten posicionara las energ&amp;iacute;as renovables como prioridad, en la administraci&amp;oacuten de Pe&amp;ntilde;a Nieto se han quedado de lado .</content>
        </sentence>
        <sentence id="7">
          <content>La reforma energ&amp;eacute;tica del gobierno federal actual se concentra en las energ&amp;iacute;as f&amp;oacutesiles, en especial los hidrocarburos .</content>
        </sentence>
        <sentence id="8">
          <content>La Organizaci&amp;oacuten para la Cooperaci&amp;oacuten y el Desarrollo Econ&amp;oacutemicos (OCDE) asegura que "en 2012 M&amp;eacute;xico estuvo muy cerca de cumplir su meta ( . . . ) pero reducir las emisiones de efecto invernadero todav&amp;iacute;a es un reto may&amp;uacute;sculo .</content>
        </sentence>
        <sentence id="9">
          <content>El escenario ocurrido en 2009 afirm&amp;oacute que, sin medidas adicionales de pol&amp;iacute;tica p&amp;uacute;blica, las emisiones totales crecer&amp;aacute;n en 70% para 2050, en comparaci&amp;oacuten con 2000" .</content>
        </sentence>
        <sentence id="10">
          <content>El Programa de las Naciones Unidas para el Medio Ambiente (PNUMA), a trav&amp;eacute;s del Reporte Global de las Energ&amp;iacute;as Renovables, establece que M&amp;eacute;xico invirti&amp;oacute 2,500 millones de d&amp;oacutelares, lo equivalente a 1% de la inversi&amp;oacuten mundial total, siendo el pa&amp;iacute;s del G-20 con las menores inversiones, a pesar de contar con un potencial de 70% en el nivel de insolaci&amp;oacuten, alta intensidad de vientos, capacidad para instalar plantas minihidr&amp;aacute;ulicas y ocupar el cuarto lugar a nivel internacional para campos geot&amp;eacute;rmicos, seg&amp;uacute;n el Centro de Investigaci&amp;oacuten para el Desarrollo A .</content>
        </sentence>
        <sentence id="11">
          <content>Para la industria y los productores, la pol&amp;iacute;tica representa un obst&amp;aacute;culo para la transici&amp;oacuten de M&amp;eacute;xico hacia las energ&amp;iacute;as limpias .</content>
        </sentence>
        <sentence id="12">
          <content>Parece que las reformas hacendaria y energ&amp;eacute;tica, "solo buscan obtener ingresos a corto plazo, conservar los monopolios y obstaculizar la transici&amp;oacuten energ&amp;eacute;tica", se&amp;ntilde;ala Daniel Chac&amp;oacuten Anaya, l&amp;iacute;der en M&amp;eacute;xico de la fundaci&amp;oacuten Iniciativa Clim&amp;aacute;tica Regional para Am&amp;eacute;rica Latina .</content>
        </sentence>
        <sentence id="13">
          <content>Luis Sierra, investigador del CIDAC, a&amp;ntilde;ade que "es necesario eliminar los subsidios ineficientes y perversos de las fuentes f&amp;oacutesiles, para evitar la competencia desigual con las energ&amp;iacute;as renovables, ya que solo se crea incertidumbre para invertir en el pa&amp;iacute;s" .</content>
        </sentence>
        <sentence id="14">
          <content>Adem&amp;aacute;s piensa que la forma de generar incentivos que permitan la expansi&amp;oacuten de las energ&amp;iacute;as renovables es que a trav&amp;eacute;s de la reforma energ&amp;eacute;tica sea desintegrado el monopsonio y monopolio vertical de la Comisi&amp;oacuten Federal de Electricidad (CFE), para que deje de tener la exclusividad en el despacho, la transmisi&amp;oacuten, la distribuci&amp;oacuten y la comercializaci&amp;oacuten de la electricidad, y as&amp;iacute; los privados tengan una mayor participaci&amp;oacuten .</content>
        </sentence>
        <sentence id="15">
          <content>"Aunque se libere el sector el&amp;eacute;ctrico y se creen otros incentivos como programas de financiamiento y difusi&amp;oacuten de la energ&amp;iacute;a limpia, parece complicado que M&amp;eacute;xico logre la meta de usar 35% de energ&amp;iacute;as renovables en 2024", sostiene .</content>
        </sentence>
        <sentence id="16">
          <content>Por lo que promueve el desarrollo de las energ&amp;iacute;as fotovoltaica, biomasa y geot&amp;eacute;rmica .</content>
        </sentence>
        <sentence id="17">
          <content>A nivel mundial, el uso de las energ&amp;iacute;as renovables representaron 20 .</content>
        </sentence>
        <sentence id="18">
          <content>3% del total de generaci&amp;oacuten de energ&amp;iacute;a el&amp;eacute;ctrica y una inversi&amp;oacuten de 257,000 millones de d&amp;oacutelares en 2012 (17% m&amp;aacute;s que en 2011), seg&amp;uacute;n la Comisi&amp;oacuten Reguladora de Energ&amp;iacute;a (CRE) y la Red de Pol&amp;iacute;tica de Energ&amp;iacute;as Renovables del siglo 21 .</content>
        </sentence>
        <sentence id="19">
          <content>Este es un fragmento de un art&amp;iacute;culo publicado en la edici&amp;oacuten de diciembre de 2013 de la revista Obras, que es parte de Grupo Expansi&amp;oacuten, una empresa de Time Inc .</content>
        </sentence>
        <sentence id="20">
          <content>La firma edita en M&amp;eacute;xico 17 revistas y 11 sitios de internet, entre ellos CNNM&amp;eacute;xico .</content>
        </sentence>
      </sentences>
    </paragraph>
  </article>
</document>
