<?xml version="1.0" encoding="UTF-8"?>
<document id="498" link="http://mexico.cnn.com/planetacnn/2014/01/09/los-pinguinos-emperador-sortean-las-calurosas-temperaturas-de-la-antartica" category="planetacnn" highlights_mapped="false">
  <title>Los ping&amp;uuml;inos emperador sortean las calurosas temperaturas de la Ant&amp;aacute;rtida - PlanetaCNN, canal - planetacnn - CNNMexico.com</title>
  <keywords>planetacnn, pinguinos, pinguinos emperador, antartica, deshielo, glaciaeres, congelamiento, british antartic survey, hielo, animales, especies en extincion, animales en riesgo, extincion, cambio climatico, calentamiento global</keywords>
  <summaries>
    <highlights>
      <sentence id="1" ids_sentences_article="">Un estudio revel&amp;oacute que los ping&amp;uuml;inos emperador han logrado adaptarse a las nuevas condiciones climatol&amp;oacutegicas.</sentence>
      <sentence id="2" ids_sentences_article="">Los animales han modificado sus h&amp;aacute;bitos de crianza ante los cambios en el congelamiento de los mares.</sentence>
      <sentence id="3" ids_sentences_article="">Los especialistas aseguran que esto podr&amp;iacute;a ocurrir tambi&amp;eacute;n con otras especies.</sentence>
    </highlights>
  </summaries>
  <article>
    <paragraph id="1">
      <sentences>
        <sentence id="1">
          <content>Los ping&amp;uuml;inos emperador sortean las calurosas temperaturas de la Ant&amp;aacute;rtida.</content>
        </sentence>
        <sentence id="2">
          <content>Ante el retraso en el congelamiento de los mares, estos animales buscan refugio en los bloques de hielo flotantes.</content>
        </sentence>
        <sentence id="3">
          <content>(CNNM&amp;eacute;xico) -- Un estudio realizado en la Ant&amp;aacute;rtida a cuatro colonias de ping&amp;uuml;inos emperador registr&amp;oacute una extra&amp;ntilde;a modificaci&amp;oacuten en los h&amp;aacute;bitos de crianza de esta especie, lo que podr&amp;iacute;a significar que han logrado adaptarse a los cambios de temperatura en la zona .</content>
        </sentence>
        <sentence id="4">
          <content>De acuerdo con las investigaciones realizadas por el British Antartic Survey (BAS) a trav&amp;eacute;s de la observaci&amp;oacuten de im&amp;aacute;genes satelitales, las agrupaciones de ping&amp;uuml;inos tuvieron que cambiar sus tradicionales zonas de crianza por los bloques de hielo que flotan sobre el mar, debido a que actualmente tarda m&amp;aacute;s tiempo en congelarse el agua y la capa generada es muy delgada .</content>
        </sentence>
        <sentence id="5">
          <content>"Estas carism&amp;aacute;ticas aves tienden a criar sobre el mar congelado porque tienen acceso a agua y comida .</content>
        </sentence>
        <sentence id="6">
          <content>Los sat&amp;eacute;lites mostraron que durante 2008, 2009 y 2010, la capa de hielo formada sobre el mar era lo suficientemente densa como para mantener a las colonias", se&amp;ntilde;al&amp;oacute Peter Fretwell, miembro del BAS, en un comunicado emitido por la instituci&amp;oacuten .</content>
        </sentence>
        <sentence id="7">
          <content>"Pero esto no fue igual en 2011 y 2012 cuando la capa de hielo no se form&amp;oacute sino hasta un mes despu&amp;eacute;s del inicio de la temporada de crianza .</content>
        </sentence>
        <sentence id="8">
          <content>Durante esos a&amp;ntilde;os, los ping&amp;uuml;inos se movieron hacia los bloques de hielo flotantes para poder tener a sus beb&amp;eacute;s", a&amp;ntilde;adi&amp;oacute .</content>
        </sentence>
        <sentence id="9">
          <content>Para la Uni&amp;oacuten Internacional para la Conservaci&amp;oacuten de la Naturaleza (UICN), los cambios en el congelamiento de los mares y la dependencia de estos animales en ello provocar&amp;aacute; que la especie se vea "severamente amenazada" .</content>
        </sentence>
        <sentence id="10">
          <content>Pero las investigaciones revelan que los animales podr&amp;iacute;an ser capaces de adaptarse al cambio .</content>
        </sentence>
        <sentence id="11">
          <content>"Lo m&amp;aacute;s sorprendente de todo es que escalar un bloque flotante de hielo --que puede medir m&amp;aacute;s de 30 metros de alto-- es una maniobra muy dif&amp;iacute;cil para los ping&amp;uuml;inos emperador .</content>
        </sentence>
        <sentence id="12">
          <content>Aunque son unos &amp;aacute;giles nadadores, generalmente son torpes fuera del agua", coment&amp;oacute Fretwell .</content>
        </sentence>
        <sentence id="13">
          <content>Barbara Wienecke, de la Australian Antarctic Division (AAD), enfatiz&amp;oacute en el comunicado de la BAS, que las investigaciones son importantes para entender el futuro de estas especies, pero no se debe generalizar y pensar que el resto de los ping&amp;uuml;inos u otros animales tendr&amp;aacute;n el mismo comportamiento .</content>
        </sentence>
        <sentence id="14">
          <content>"La habilidad de estas cuatro colonias para reubicarse en un ambiente diferente -- del mar congelado a un bloque de hielo-- con el objetivo de sortear las circunstancias locales, fue inesperado .</content>
        </sentence>
        <sentence id="15">
          <content>Todav&amp;iacute;a debemos descubrir si otras especies podr&amp;aacute;n o no adaptarse a los cambios", dijo la especialista .</content>
        </sentence>
      </sentences>
    </paragraph>
  </article>
</document>
