<?xml version="1.0" encoding="UTF-8"?>
<document id="715" link="http://mexico.cnn.com/planetacnn/2014/01/19/el-zoologico-de-washington-presenta-a-la-panda-bebe-bao-bao" category="planetacnn" author="Steve Almasy" highlights_mapped="false">
  <title>El Zool&amp;oacutegico de Washington presenta a la panda beb&amp;eacute; 'Bao Bao'  - planetacnn - CNNMexico.com</title>
  <keywords>zoologico nacional, panda, bebe, bao bao, presentacion, washington, Mei Xiang</keywords>
  <summaries>
    <highlights>
      <sentence id="1" ids_sentences_article="">'Bao Bao', la panda beb&amp;eacute;, hizo su debut este s&amp;aacute;bado.</sentence>
      <sentence id="2" ids_sentences_article="">Ahora pesa unos 8 kilogramos.</sentence>
      <sentence id="3" ids_sentences_article="">'Bao Bao' significa "preciosa" o "tesoro" en mandar&amp;iacute;n.</sentence>
    </highlights>
  </summaries>
  <article>
    <paragraph id="1">
      <sentences>
        <sentence id="1">
          <content>El Zool&amp;oacutegico de Washington presenta a la panda beb&amp;eacute; 'Bao Bao'.</content>
        </sentence>
        <sentence id="2">
          <content>La panda beb&amp;eacute;, que naci&amp;oacute en agosto pasado, fue finalmente presentada ante el p&amp;uacute;blico y las c&amp;aacute;maras en el Zool&amp;oacutegico Nacional.</content>
        </sentence>
        <sentence id="3">
          <content>(CNN) -- Algunos viajaron en auto horas para ver a la peque&amp;ntilde;a bola de pelo de ocho kilogramos .</content>
        </sentence>
        <sentence id="4">
          <content>Este s&amp;aacute;bado fue el d&amp;iacute;a del debut para la peque&amp;ntilde;a panda Bao Bao en el Zool&amp;oacutegico Nacional en Washington .</content>
        </sentence>
        <sentence id="5">
          <content>En esta etapa de su vida, los principales pasatiempos de la panda de cinco meses son comer bamb&amp;uacute; y descansar .</content>
        </sentence>
        <sentence id="6">
          <content>Es muy cautelosa como su madre, y muy relajada, declar&amp;oacute un oficial del zool&amp;oacutegico a la televisora local WJLA, una afiliada de las afiliadas de CNN en Washington .</content>
        </sentence>
        <sentence id="7">
          <content>Bao Bao caus&amp;oacute largas filas, pero los visitantes como Becky Moyer y su familia afirmaron que viajaron m&amp;aacute;s de tres horas en auto para verla, algo que vali&amp;oacute la pena .</content>
        </sentence>
        <sentence id="8">
          <content>"Frecuentamos el zool&amp;oacutegico de Philadelphia .</content>
        </sentence>
        <sentence id="9">
          <content>Esto es algo que simplemente no se puede ver all&amp;aacute;", dijo a la televisora WJLA .</content>
        </sentence>
        <sentence id="10">
          <content>Un anuncio en el sitio de internet del Zool&amp;oacutegico afirma que Bao Bao no siempre estar&amp;aacute; a la vista durante las horas de visita debido a que ella y su madre, Mei Xiang, tienen privacidad en su guarida, donde Bao Bao pasa la mayor parte de su tiempo .</content>
        </sentence>
        <sentence id="11">
          <content>Este s&amp;aacute;bado, los empleados del zool&amp;oacutegico sacaron a la panda para que el p&amp;uacute;blico y la prensa la vieran .</content>
        </sentence>
        <sentence id="12">
          <content>Bao Bao significa "preciosa" o "tesoro" en mandar&amp;iacute;n .</content>
        </sentence>
      </sentences>
    </paragraph>
  </article>
</document>
