<?xml version="1.0" encoding="UTF-8"?>
<document id="577" link="http://mexico.cnn.com/planetacnn/2014/01/08/especialistas-ubican-a-un-ballenato-siames-en-baja-california-sur" category="planetacnn" highlights_mapped="false">
  <title>Especialistas ubican a un ballenato siam&amp;eacute;s en Baja California Sur - PlanetaCNN, canal - planetacnn - CNNMexico.com</title>
  <keywords>ballena gris,baja california sur, avistamiento, temporada, laguna, Ojo de Liebre, ballenato, siames</keywords>
  <summaries>
    <highlights>
      <sentence id="1" ids_sentences_article="">Los nacimientos de ballenas siamesas son poco comunes y se deben a causas gen&amp;eacute;ticas.</sentence>
      <sentence id="2" ids_sentences_article="">La ballena gris llega a la costa de Baja California para dar a luz a sus cr&amp;iacute;as.</sentence>
    </highlights>
  </summaries>
  <article>
    <paragraph id="1">
      <sentences>
        <sentence id="1">
          <content>Especialistas ubican a un ballenato siam&amp;eacute;s en Baja California Sur.</content>
        </sentence>
        <sentence id="2">
          <content>Autoridades ambientales del estado reportaron el hallazgo de la cr&amp;iacute;a de ballena que solo sobrevivi&amp;oacute unas horas en la Laguna Ojo de Liebre.</content>
        </sentence>
        <sentence id="3">
          <content>(CNNM&amp;eacute;xico) -- Una cr&amp;iacute;a de ballena siam&amp;eacute;s, considerada como "poco com&amp;uacute;n", fue ubicada por especialistas en la laguna Ojo de Liebre de Baja California Sur, inform&amp;oacute este mi&amp;eacute;rcoles la Comisi&amp;oacuten Nacional de &amp;Aacute;reas Naturales Protegidas (Conanp) .</content>
        </sentence>
        <sentence id="4">
          <content>Los dos ballenatos, que compart&amp;iacute;an un solo cuerpo, solo sobrevivieron durante unas horas .</content>
        </sentence>
        <sentence id="5">
          <content>La Comisi&amp;oacuten obtiene pruebas de piel y m&amp;uacute;sculos que ser&amp;aacute;n entregadas a centros de investigaci&amp;oacuten en la regi&amp;oacuten .</content>
        </sentence>
        <sentence id="6">
          <content>El nacimiento de una cr&amp;iacute;a siam&amp;eacute;s se atribuye a una causa gen&amp;eacute;tica presente en mam&amp;iacute;feros marinos, humanos y reptiles, seg&amp;uacute;n la Conanp .</content>
        </sentence>
        <sentence id="7">
          <content>La ballena gris llega cada a&amp;ntilde;o a la costa de Baja California Sur desde Alaska en busca de aguas c&amp;aacute;lidas para dar a luz a sus cr&amp;iacute;as .</content>
        </sentence>
        <sentence id="8">
          <content>Las lagunas Ojo de Liebre, San Ignacio y Bah&amp;iacute;a Magdalena permanecer&amp;aacute;n abiertas desde enero hasta abril para que los visitantes observen a los cet&amp;aacute;ceos .</content>
        </sentence>
        <sentence id="9">
          <content>Al inicio de la primavera, los ballenatos y sus madres emprenden un viaje a aguas m&amp;aacute;s fr&amp;iacute;as .</content>
        </sentence>
        <sentence id="10">
          <content>La poblaci&amp;oacuten de ballenas grises es de 26,000 ejemplares en M&amp;eacute;xico, seg&amp;uacute;n la Conanp .</content>
        </sentence>
      </sentences>
    </paragraph>
  </article>
</document>
