<?xml version="1.0" encoding="UTF-8"?>
<document id="867" link="http://mexico.cnn.com/planetacnn/2013/10/30/el-zoologico-de-chapultepec-celebra-el-nacimiento-de-dos-jirafas" category="planetacnn" highlights_mapped="false">
  <title>El Zool&amp;oacutegico de Chapultepec celebra el nacimiento de dos jirafas - planetacnn - CNNMexico.com</title>
  <keywords>zoologico, chapultepec, nacimiento, jirafas, fortunata, keyla, nuevas jirafas,</keywords>
  <summaries>
    <highlights>
      <sentence id="1" ids_sentences_article="">Ambas cr&amp;iacute;as pesaron alrededor de 50 kilogramos al nacer.</sentence>
      <sentence id="2" ids_sentences_article="">Desde su nacimiento, han recibido los cuidados y la alimentaci&amp;oacuten materna, la cual continuar&amp;aacute; hasta los 18 meses.</sentence>
      <sentence id="3" ids_sentences_article="">Actualmente el Zool&amp;oacutegico de Chapultepec alberga un total de siete ejemplares de esta especie.</sentence>
    </highlights>
  </summaries>
  <article>
    <paragraph id="1">
      <sentences>
        <sentence id="1">
          <content>El Zool&amp;oacutegico de Chapultepec celebra el nacimiento de dos jirafas.</content>
        </sentence>
        <sentence id="2">
          <content>Las cr&amp;iacute;as, que pesaron unos 50 kilogramos al nacer, se encuentran con buena salud y recibir&amp;aacute;n atenci&amp;oacuten especial durante 18 meses.</content>
        </sentence>
        <sentence id="3">
          <content>(CNNM&amp;eacute;xico) -- Dos jirafas hembras nacieron en el Zool&amp;oacutegico de Chapultepec, en la Ciudad de M&amp;eacute;xico, inform&amp;oacute este martes la Secretar&amp;iacute;a del Medio Ambiente del Distrito Federal .</content>
        </sentence>
        <sentence id="4">
          <content>La hembra Fortunata, de 23 a&amp;ntilde;os de edad, tuvo a su d&amp;eacute;cima cr&amp;iacute;a el 5 de octubre pasado, mientras que Keyla, de 12 a&amp;ntilde;os de edad, pari&amp;oacute el 8 de septiembre a su sexta cr&amp;iacute;a, inform&amp;oacute la dependencia mediante un comunicado de prensa .</content>
        </sentence>
        <sentence id="5">
          <content>Los nuevos inquilinos del zool&amp;oacutegico pesaron alrededor de 50 kilogramos al nacer .</content>
        </sentence>
        <sentence id="6">
          <content>Seg&amp;uacute;n la dependencia, desde su nacimiento ambas cr&amp;iacute;as han recibido los cuidados y la alimentaci&amp;oacuten materna que requieren, misma que continuar&amp;aacute; hasta los 18 meses de edad .</content>
        </sentence>
        <sentence id="7">
          <content>Actualmente, el Zool&amp;oacutegico de Chapultepec alberga un total de siete ejemplares de esta especie, dos machos y cinco hembras, las cuales se encuentran en exhibici&amp;oacuten al p&amp;uacute;blico en la zona de sabana africana del Bioma &amp;Aacute;rido y Sabana .</content>
        </sentence>
        <sentence id="8">
          <content>Las jirafas pesan entre 550 y 1,180 kilogramos, y llegan a vivir hasta 28 a&amp;ntilde;os en cautiverio y 25 a&amp;ntilde;os en vida libre .</content>
        </sentence>
        <sentence id="9">
          <content>La especie mide entre 3 .</content>
        </sentence>
        <sentence id="10">
          <content>8 metros de altura, y su periodo de gestaci&amp;oacuten tiene una duraci&amp;oacuten de 14 a 15 meses .</content>
        </sentence>
        <sentence id="11">
          <content>Las jirafas, que son nativas de &amp;Aacute;frica y habitan principalmente en el Congo, Etosha, Namibia y el norte de Botswana, pasan entre 16 y 20 horas al d&amp;iacute;a aliment&amp;aacute;ndose .</content>
        </sentence>
        <sentence id="12">
          <content>El Zool&amp;oacutegico de Chapultepec, cuya entrada es gratuita, mostrar&amp;aacute; a los nuevos ejemplares en su horario habitual, de martes a domingo de las 09:00 a las 16:30 horas .</content>
        </sentence>
      </sentences>
    </paragraph>
  </article>
</document>
