<?xml version="1.0" encoding="UTF-8"?>
<document id="510" link="http://mexico.cnn.com/planetacnn/2014/03/06/el-gobierno-chino-le-declara-la-guerra-a-la-contaminacion" category="planetacnn" author="Sophia Yan" highlights_mapped="false">
  <title>El gobierno chino "le declara la guerra" a la contaminaci&amp;oacuten - planetacnn - CNNMexico.com</title>
  <keywords>china, contaminacion, niveles, beijing, declara, guerra, li keqiang, primer ministro, esmog</keywords>
  <summaries>
    <highlights>
      <sentence id="1" ids_sentences_article="">El primer ministro de China anunci&amp;oacute que su pa&amp;iacute;s iniciar&amp;aacute; una "guerra contra la contaminaci&amp;oacuten".</sentence>
      <sentence id="2" ids_sentences_article="">El funcionario estableci&amp;oacute metas para reducir el consumo de energ&amp;iacute;a y las emisiones.</sentence>
    </highlights>
  </summaries>
  <article>
    <paragraph id="1">
      <sentences>
        <sentence id="1">
          <content>El gobierno chino "le declara la guerra" a la contaminaci&amp;oacuten.</content>
        </sentence>
        <sentence id="2">
          <content>El primer ministro anunci&amp;oacute una serie de medidas, sin precisar de d&amp;oacutende provendr&amp;aacute; el financiamiento, para reducir las emisiones.</content>
        </sentence>
        <sentence id="3">
          <content>HONG KONG (CNNMoney) -- China va a la guerra .</content>
        </sentence>
        <sentence id="4">
          <content>El enemigo: las plantas de carb&amp;oacuten contaminantes, los carros consumidores de gas y las ciudades con esmog .</content>
        </sentence>
        <sentence id="5">
          <content>El primer ministro, Li Kequiang, dijo este mi&amp;eacute;rcoles que China declarar&amp;iacute;a "la guerra a la contaminaci&amp;oacuten", reconociendo que es un gran problema para el pa&amp;iacute;s .</content>
        </sentence>
        <sentence id="6">
          <content>La severa contaminaci&amp;oacuten "es la advertencia de la naturaleza contra el modelo ineficiente y ciego del desarrollo", escribi&amp;oacute Li en un reporte difundido en las reuniones parlamentarias anuales .</content>
        </sentence>
        <sentence id="7">
          <content>"Debemos fortalecer la protecci&amp;oacuten del medio ambiente y tomar medidas en&amp;eacute;rgicas", dijo .</content>
        </sentence>
        <sentence id="8">
          <content>Li estableci&amp;oacute metas para reducir el consumo de energ&amp;iacute;a y las emisiones, cerrar 50,000 hornos de carb&amp;oacuten, minimizar el humo de los veh&amp;iacute;culos e impulsar fuentes alternativas de energ&amp;iacute;a .</content>
        </sentence>
        <sentence id="9">
          <content>Estos planes no son nuevos, Beijing hab&amp;iacute;a hablado antes sobre iniciativas similares .</content>
        </sentence>
        <sentence id="10">
          <content>Si bien limpiar el aire y el agua mejorar&amp;iacute;a la estabilidad social, el proyecto es desafiante respecto a la prioridad de China: el crecimiento econ&amp;oacutemico .</content>
        </sentence>
        <sentence id="11">
          <content>"La 'guerra contra la contaminaci&amp;oacuten', como la llam&amp;oacute el primer ministro Li, presionar&amp;aacute; la econom&amp;iacute;a del pa&amp;iacute;s hacia abajo", dijo Michal Meidan, de Eurasia Group .</content>
        </sentence>
        <sentence id="12">
          <content>"Combatir la contaminaci&amp;oacuten del aire significa frenar el consumo de carb&amp;oacuten y apagar a los fundidores de acero, a los productores de aluminio y cemento, (pero) esto ser&amp;aacute; en parte compensado por inversiones en tecnolog&amp;iacute;as limpias, productos de consumo m&amp;aacute;s eficientes y energ&amp;iacute;a renovable" .</content>
        </sentence>
        <sentence id="13">
          <content>Aunque el reporte de Li no detall&amp;oacute c&amp;oacutemo el gobierno financiar&amp;aacute; estos planes contra la contaminaci&amp;oacuten, expertos dicen que es una se&amp;ntilde;al de que la administraci&amp;oacuten realmente est&amp;aacute; peleando contra el esmog .</content>
        </sentence>
        <sentence id="14">
          <content>Algunos funcionarios han propuesto subsidios para residentes que viven en &amp;aacute;reas brumosas, pagados con impuestos a empresas contaminantes y due&amp;ntilde;os de veh&amp;iacute;culos motorizados, indic&amp;oacute el economista de Reorient Steve Wang .</content>
        </sentence>
        <sentence id="15">
          <content>Beijing tambi&amp;eacute;n podr&amp;iacute;a incrementar los precios de la electricidad y el agua, para presionar a los consumidores a ahorrar .</content>
        </sentence>
        <sentence id="16">
          <content>China gast&amp;oacute unos 30 millones de d&amp;oacutelares en conservaci&amp;oacuten de energ&amp;iacute;a y protecci&amp;oacuten al ambiente durante 2013, 9 .</content>
        </sentence>
        <sentence id="17">
          <content>7% menos que un a&amp;ntilde;o antes, de acuerdo con un reporte del Ministerio de Finanzas .</content>
        </sentence>
        <sentence id="18">
          <content>Meidan dice que se espera un mayor gasto para el rubro ambiental este a&amp;ntilde;o .</content>
        </sentence>
      </sentences>
    </paragraph>
  </article>
</document>
