<?xml version="1.0" encoding="UTF-8"?>
<document id="711" link="http://mexico.cnn.com/planetacnn/2013/07/12/un-polluelo-de-caracara-nace-en-el-zoologico-de-chapultepec" category="planetacnn" highlights_mapped="false">
  <title>Un polluelo de Caracara nace en el Zool&amp;oacutegico de Chapultepec - planetacnn - CNNMexico.com</title>
  <keywords>planetacnn, ave, animales, conservacion, extincion, peligro de extincion, cara cara, pajaro, mexico, zoologico de chapultepec, estados unidos, medio ambiente, ecosistema, ecologia</keywords>
  <summaries>
    <highlights>
      <sentence id="1" ids_sentences_article="">El Zool&amp;oacutegico de Chapultepec dio la bienvenida a un polluelo de Cara Cara.</sentence>
    </highlights>
  </summaries>
  <article>
    <paragraph id="1">
      <sentences>
        <sentence id="1">
          <content>Un polluelo de Caracara nace en el Zool&amp;oacutegico de Chapultepec.</content>
        </sentence>
        <sentence id="2">
          <content>La especie pertenece a la familia de aves rapaces que se caracterizan por cazar mam&amp;iacute;feros con sus garras.</content>
        </sentence>
        <sentence id="3">
          <content>(CNNM&amp;eacute;xico) -- El nacimiento de un polluelo de Caracara, que pertenece a la familia de aves rapaces, sorprendi&amp;oacute en el Zool&amp;oacutegico de Chapultepec, seg&amp;uacute;n un comunicado .</content>
        </sentence>
        <sentence id="4">
          <content>La especie, que forma parte de la colecci&amp;oacuten del aviario del parque, vive en un nido dise&amp;ntilde;ado especialmente para la crianza y recibe los cuidados necesarios por parte de los m&amp;eacute;dicos veterinarios del Hospital Veterinario del Zool&amp;oacutegico de Chapultepec .</content>
        </sentence>
        <sentence id="5">
          <content>El polluelo es alimentado con carne de rat&amp;oacuten y pollo .</content>
        </sentence>
        <sentence id="6">
          <content>Los Caracara son aves rapaces de h&amp;aacute;bitos diurnos, especializados en la caza de diversas aves y mam&amp;iacute;feros los cuales capturan con sus garras y fuerte pico .</content>
        </sentence>
        <sentence id="7">
          <content>Habita desde el sur de los Estados Unidos hasta el sur de Argentina .</content>
        </sentence>
        <sentence id="8">
          <content>En M&amp;eacute;xico, est&amp;aacute; presente casi en todo su territorio, viviendo en tierras bajas, &amp;aacute;reas secas y abiertas, as&amp;iacute; como sabanas h&amp;uacute;medas .</content>
        </sentence>
        <sentence id="9">
          <content>En abril pasado, las autoridades verificaron la puesta de 3 huevos de Caracara (Caracara plancus)y el 21 de mayo ocurri&amp;oacute el nacimiento de este ejemplar, de acuerdo con el comunicado emitido por la Secretar&amp;iacute;a del Medio Ambiente del Gobierno del Distrito Federal (SMA) .</content>
        </sentence>
        <sentence id="10">
          <content>Las poblaciones de esta ave en su h&amp;aacute;bitat natural son consideradas como estables y su comercio est&amp;aacute; legalmente regulado por la Convenci&amp;oacuten sobre el Comercio Internacional de Especies Amenazadas de Fauna y Flora Silvestres (CITES) .</content>
        </sentence>
      </sentences>
    </paragraph>
  </article>
</document>
