<?xml version="1.0" encoding="UTF-8"?>
<document id="871" link="http://mexico.cnn.com/planetacnn/2013/11/14/eu-ofrece-un-millon-de-dolares-a-cambio-de-traficantes-de-marfil" category="planetacnn" highlights_mapped="false">
  <title>EU ofrece un mill&amp;oacuten de d&amp;oacutelares a cambio de traficantes de marfil - PlanetaCNN, canal - planetacnn - CNNMexico.com</title>
  <keywords>trafico, fauna, marfil, rinocerontes, elefantes, crimen organizado, laos, africa, asia, red xaysavang, estados unidos, animales, animales en peligro de extincion, extincion, riesgo, conservacion, habitat, caceria furtiva, trafico ilegal, comercio de especies</keywords>
  <summaries>
    <highlights>
      <sentence id="1" ids_sentences_article="">NUEVO: Con la destrucci&amp;oacuten de toneladas de marfil, EU mand&amp;oacute un fuerte mensaje contra los cazadores de elefantes, seg&amp;uacute;n WWF.</sentence>
      <sentence id="2" ids_sentences_article="">El tr&amp;aacute;fico ilegal de marfil es un negocio con grandes ganancias.</sentence>
      <sentence id="3" ids_sentences_article="">Estados Unidos ofrece una recompensa de un mill&amp;oacuten de d&amp;oacutelares por los traficantes.</sentence>
      <sentence id="4" ids_sentences_article="">Las ganancias que arroja el tr&amp;aacute;fico de fauna son de entre 8,000 y 10,000 millones de d&amp;oacutelares al a&amp;ntilde;o.</sentence>
    </highlights>
  </summaries>
  <article>
    <paragraph id="1">
      <sentences>
        <sentence id="1">
          <content>EU ofrece un mill&amp;oacuten de d&amp;oacutelares a cambio de traficantes de marfil.</content>
        </sentence>
        <sentence id="2">
          <content>La recompensa pretende mitigar el problema del comercio ilegal y acabar con las organizaciones criminales que dominan ese negocio.</content>
        </sentence>
        <sentence id="3">
          <content>(CNN) -- El mensaje es simple: detengamos el tr&amp;aacute;fico de fauna .</content>
        </sentence>
        <sentence id="4">
          <content>Para enfatizarlo, Estados Unidos destruir&amp;aacute; toneladas de marfil de elefantes que ha confiscado con el tiempo y pagar&amp;aacute; un mill&amp;oacuten de d&amp;oacutelares para asegurarse de que no vuelva a suceder .</content>
        </sentence>
        <sentence id="5">
          <content>Este jueves, unas horas antes de exterminar las reservas de marfil en Colorado, el secretario de Estado de EU, John Kerry, anunci&amp;oacute el monto de la recompensa para quien ayude a desmantelar los grupos de traficantes de elefantes y rinocerontes .</content>
        </sentence>
        <sentence id="6">
          <content>Es la primera vez que Estados Unidos ofrece una recompensa de esa magnitud, dijo .</content>
        </sentence>
        <sentence id="7">
          <content>Kerry explic&amp;oacute que se persigue a la red Xaysavang, una organizaci&amp;oacuten ilegal con sede en Laos que tiene filiales en Sud&amp;aacute;frica, Mozambique, Tailandia, Malasia, Vietnam y China .</content>
        </sentence>
        <sentence id="8">
          <content>"La participaci&amp;oacuten de conjuntos criminales internacionales especializados en el tr&amp;aacute;fico de fauna perpet&amp;uacute;a la corrupci&amp;oacuten, amenaza el Estado de derecho y la seguridad de las fronteras en regiones fr&amp;aacute;giles; desestabiliza comunidades que dependen de la fauna por la biodiversidad y el ecoturismo", se&amp;ntilde;al&amp;oacute Kerry en un comunicado .</content>
        </sentence>
        <sentence id="9">
          <content>"Con la destrucci&amp;oacuten de casi seis toneladas de colmillos y suvenires de marfil de contrabando incautados por EU, el Gobierno envi&amp;oacute hoy un fuerte mensaje al resto del mundo: que no tolerar&amp;aacute; la absurda masacre de los elefantes .</content>
        </sentence>
        <sentence id="10">
          <content>El siguiente paso debe ser una moratoria comercial de marfil y sus productos en este pa&amp;iacute;s",dijo este jueves en un comunicado Carter Roberts, CEO del Fondo Mundial para la Naturaleza (WWF, por sus siglas en ingl&amp;eacute;s) .</content>
        </sentence>
        <sentence id="11">
          <content>Roberts inst&amp;oacute al Congreso para declarar una moratoria en el comercio de marfil y sus productos en EU, hasta que la poblaci&amp;oacuten de elefantes se haya recuperado, e invit&amp;oacute a otros pa&amp;iacute;ses como Gab&amp;oacuten, Kenya y Filipinas a unirse en la destrucci&amp;oacuten del marfil ilegal y adoptar una postura en contra del crimen organizado que est&amp;aacute; detr&amp;aacute;s de esta cruel matanza .</content>
        </sentence>
        <sentence id="12">
          <content>El tr&amp;aacute;fico de especies arroja ganancias anuales de entre 8,000 y 10,000 millones de d&amp;oacutelares (entre 104,000 y 130,000 millones de pesos), que en gran parte son usados para financiar narc&amp;oacuteticos y el tr&amp;aacute;fico de personas, de acuerdo con Kerry .</content>
        </sentence>
        <sentence id="13">
          <content>La comercializaci&amp;oacuten de marfil est&amp;aacute; prohibida en Estados Unidos desde 1989 .</content>
        </sentence>
        <sentence id="14">
          <content>En ese pa&amp;iacute;s fueron destruidas seis toneladas de marfil de elefantes que permanec&amp;iacute;an cerca de Denver; es la primera vez que eliminan una cantidad tan grande .</content>
        </sentence>
        <sentence id="15">
          <content>El marfil fue confiscado y asegurado como prueba hasta que terminaran los procesos judiciales .</content>
        </sentence>
        <sentence id="16">
          <content>Una vez que los casos concluyeron, una parte fue destinada al entrenamiento de los oficiales de las fuerzas de seguridad .</content>
        </sentence>
        <sentence id="17">
          <content>"Durante los &amp;uacute;ltimos 25 a&amp;ntilde;os, hemos acumulado m&amp;aacute;s marfil de elefantes del que podemos usar con estos fines y decidimos destruir este material para demostrar que estamos comprometidos con el combate al tr&amp;aacute;fico de fauna", se&amp;ntilde;al&amp;oacute el Servicio de Peces y Fauna de Estados Unidos .</content>
        </sentence>
        <sentence id="18">
          <content>"Queremos dejar en claro que Estados Unidos no tolerar&amp;aacute; el tr&amp;aacute;fico de marfil y sus efectos adversos en la poblaci&amp;oacuten de elefantes, particularmente en &amp;Aacute;frica" .</content>
        </sentence>
        <sentence id="19">
          <content>El problema se ha duplicado en todo el mundo desde 2007 y Estados Unidos es el segundo mercado de marfil ilegal, despu&amp;eacute;s de China .</content>
        </sentence>
        <sentence id="20">
          <content>El contrabando de cuernos de rinoceronte tambi&amp;eacute;n es un negocio lucrativo .</content>
        </sentence>
        <sentence id="21">
          <content>Gran parte del bot&amp;iacute;n es vendido a la gente influyente de Asia, en donde algunas personas creen que los cuernos curan una serie de enfermedades como el c&amp;aacute;ncer, alivia las resacas y potencia la virilidad .</content>
        </sentence>
        <sentence id="22">
          <content>Tan solo el a&amp;ntilde;o pasado murieron unos 745 rinocerontes en toda &amp;Aacute;frica, la mayor cantidad en dos d&amp;eacute;cadas .</content>
        </sentence>
        <sentence id="23">
          <content>Algunas subespecies de rinocerontes fueron declaradas extintas .</content>
        </sentence>
        <sentence id="24">
          <content>Los grupos de conservaci&amp;oacuten se&amp;ntilde;alan que el reciente auge en el tr&amp;aacute;fico ilegal de marfil ha dado como resultado la muerte de 30,000 elefantes africanos al a&amp;ntilde;o en los &amp;uacute;ltimos a&amp;ntilde;os .</content>
        </sentence>
        <sentence id="25">
          <content>Otros pa&amp;iacute;ses, como Filipinas, Kenya y Gab&amp;oacuten, destruyeron grandes cantidades de marfil en los &amp;uacute;ltimos a&amp;ntilde;os .</content>
        </sentence>
        <sentence id="26">
          <content>Faith Karimi, de CNN, contribuy&amp;oacute con este reporte .</content>
        </sentence>
      </sentences>
    </paragraph>
  </article>
</document>
