<?xml version="1.0" encoding="UTF-8"?>
<document id="889" link="http://mexico.cnn.com/salud/2013/11/05/la-mortalidad-por-cancer-se-redujo-en-mexico-y-otros-paises-de-america" category="Salud" highlights_mapped="false">
  <title>La mortalidad por c&amp;aacute;ncer se redujo en M&amp;eacute;xico y otros pa&amp;iacute;ses de Am&amp;eacute;rica  - Salud - CNNMexico.com</title>
  <keywords>cancer, reducccion, mortalidad, baja, disminuye, informe, organizacion mundial de la salud,</keywords>
  <summaries>
    <highlights>
      <sentence id="1" ids_sentences_article="">En nueve pa&amp;iacute;ses de Am&amp;eacute;rica Latina se redujo el porcentaje de muertes por c&amp;aacute;ncer.</sentence>
      <sentence id="2" ids_sentences_article="">M&amp;eacute;xico, Argentina, Brasil, Canad&amp;aacute; y Chile son algunos de esos pa&amp;iacute;ses.</sentence>
      <sentence id="3" ids_sentences_article="">En M&amp;eacute;xico se redujo en particular la muerte por c&amp;aacute;ncer cervicouterino.</sentence>
    </highlights>
  </summaries>
  <article>
    <paragraph id="1">
      <sentences>
        <sentence id="1">
          <content>La mortalidad por c&amp;aacute;ncer se redujo en M&amp;eacute;xico y otros pa&amp;iacute;ses de Am&amp;eacute;rica.</content>
        </sentence>
        <sentence id="2">
          <content>Adem&amp;aacute;s de M&amp;eacute;xico, las muertes por c&amp;aacute;ncer tambi&amp;eacute;n se redujeron en Argentina, Brasil, Chile, Estados Unidos, entre otros.</content>
        </sentence>
        <sentence id="3">
          <content>(CNNM&amp;eacute;xico) -- M&amp;eacute;xico es uno de los nueve pa&amp;iacute;ses de Am&amp;eacute;rica donde la mortalidad por c&amp;aacute;ncer est&amp;aacute; bajando, de acuerdo con el informe C&amp;aacute;ncer en las Am&amp;eacute;ricas: Perfiles de pa&amp;iacute;s 2013, realizado por la Organizaci&amp;oacuten Panamericana de la Salud (OPS) y la Organizaci&amp;oacuten Mundial de la Salud (OMS) .</content>
        </sentence>
        <sentence id="4">
          <content>Junto con M&amp;eacute;xico, la mortalidad por c&amp;aacute;ncer est&amp;aacute; disminuyendo tambi&amp;eacute;n en Argentina, Brasil, Canad&amp;aacute;, Chile,Estados Unidos, Nicaragua, Paraguay y Venezuela, indica el reporte .</content>
        </sentence>
        <sentence id="5">
          <content>El mayor avance ocurri&amp;oacute en el c&amp;aacute;ncer cervicouterino, ya que murieron 4 .</content>
        </sentence>
        <sentence id="6">
          <content>61% menos mujeres que en 2000 a causa de este padecimiento .</content>
        </sentence>
        <sentence id="7">
          <content>Entre el 2000 y 2010, tambi&amp;eacute;n disminuy&amp;oacute entre los mexicanos el c&amp;aacute;ncer de h&amp;iacute;gado, pulm&amp;oacuten, pr&amp;oacutestata y est&amp;oacutemago, seg&amp;uacute;n el informe dado a conocer este martes .</content>
        </sentence>
        <sentence id="8">
          <content>Los mexicanos mueren principalmente por c&amp;aacute;ncer de pr&amp;oacutestata, pulm&amp;oacuten, est&amp;oacutemago e h&amp;iacute;gado, mientras que las mexicanas por c&amp;aacute;ncer de mama, cervicouterino, h&amp;iacute;gado y est&amp;oacutemago .</content>
        </sentence>
        <sentence id="9">
          <content>El informe se&amp;ntilde;ala que los principales factores de riesgo para padecer c&amp;aacute;ncer en M&amp;eacute;xico son la obesidad en los adultos, el consumo de alcohol en los &amp;uacute;ltimos 12 meses, poca actividad f&amp;iacute;sica y el consumo de tabaco tanto entre adolescentes como en adultos .</content>
        </sentence>
        <sentence id="10">
          <content>El 50% de las muertes por c&amp;aacute;ncer en Am&amp;eacute;rica ocurren en Am&amp;eacute;rica Latina y el Caribe pese a que esta regi&amp;oacuten concentra el 63% de la poblaci&amp;oacuten .</content>
        </sentence>
        <sentence id="11">
          <content>Los pa&amp;iacute;ses con la mayor tasa de mortalidad en la regi&amp;oacuten son Trinidad y Tobado, Cuba y Argentina .</content>
        </sentence>
        <sentence id="12">
          <content>El c&amp;aacute;ncer m&amp;aacute;s frecuente entre hombres en Am&amp;eacute;rica Latina y el Caribe es el de pr&amp;oacutestata, seguido de pulm&amp;oacuten, est&amp;oacutemago y colorrecto .</content>
        </sentence>
        <sentence id="13">
          <content>Entre las mujeres latinoamericanas es el c&amp;aacute;ncer de mam&amp;aacute;, seguido de est&amp;oacutemago, pulm&amp;oacuten, cuello de &amp;uacute;tero y colorrecto .</content>
        </sentence>
        <sentence id="14">
          <content>En Estados Unidos y Canad&amp;aacute; el c&amp;aacute;ncer m&amp;aacute;s com&amp;uacute;n tanto en hombres como en mujereses el de pulm&amp;oacuten .</content>
        </sentence>
        <sentence id="15">
          <content>"El alto n&amp;uacute;mero de muertes por c&amp;aacute;ncer de mama y cuello de &amp;uacute;tero en Am&amp;eacute;rica Latina y el Caribe es muy inquietante, sobre todo porque el c&amp;aacute;ncer cervicouterino es ampliamente prevenible y el c&amp;aacute;ncer de mama se puede detectar tempranamente y tratar de manera exitosa", asegur&amp;oacute Silvana Luciani, asesora en Prevenci&amp;oacuten y control de c&amp;aacute;ncer de la OPS/OMS .</content>
        </sentence>
        <sentence id="16">
          <content>El objetivo del informe es brindar "informaci&amp;oacuten clave que puede ayudar a los pa&amp;iacute;ses a monitorear los progresos en el control de c&amp;aacute;ncer y evaluar las necesidades de cada &amp;aacute;rea", a&amp;ntilde;adi&amp;oacute Luciani .</content>
        </sentence>
        <sentence id="17">
          <content>El informe se basa en datos de la OPS y la OMS sobre la mortalidad de c&amp;aacute;ncer, los factores y riesgo y las pol&amp;iacute;ticas y servicios vinculados a su prevenci&amp;oacuten y tratamiento .</content>
        </sentence>
      </sentences>
    </paragraph>
  </article>
</document>
