<?xml version="1.0" encoding="UTF-8"?>
<document id="610" link="http://mexico.cnn.com/salud/2013/11/13/por-que-no-debes-ir-a-trabajar-cuando-estas-enfermo-de-gripe" category="Salud" author="Jennifer Shu, especial para CNN" highlights_mapped="false">
  <title>Por qu&amp;eacute; no debes ir a trabajar cuando est&amp;aacute;s enfermo de gripe - Salud - CNNMexico.com</title>
  <keywords>trabajar, enfermedad, contagiar, salud, gripe, enfermedad, trabajo, contagio, recuperacion, sistema inmunitario, virus, superficies, alimentos</keywords>
  <summaries>
    <highlights>
      <sentence id="1" ids_sentences_article="">Todos deber&amp;iacute;amos poder descansar para recuperarnos de un resfriado.</sentence>
      <sentence id="2" ids_sentences_article="">Averigua si puedes trabajar desde casa para que no esparzas los g&amp;eacute;rmenes entre tus compa&amp;ntilde;eros.</sentence>
      <sentence id="3" ids_sentences_article="">Si tienes que ir a trabajar, trata de conservar tu distancia de los dem&amp;aacute;s.</sentence>
    </highlights>
  </summaries>
  <article>
    <paragraph id="1">
      <sentences>
        <sentence id="1">
          <content>Por qu&amp;eacute; no debes ir a trabajar cuando est&amp;aacute;s enfermo de gripe.</content>
        </sentence>
        <sentence id="2">
          <content>Trabajar enfermo puede provocar contagios y prolongar el tiempo de recuperaci&amp;oacuten.</content>
        </sentence>
        <sentence id="3">
          <content>El adulto promedio contrae gripe dos o tres veces al a&amp;ntilde;o y cada evento dura aproximadamente una semana; a veces m&amp;aacute;s .</content>
        </sentence>
        <sentence id="4">
          <content>Quedarse en casa y no ir a trabajar enfermo podr&amp;iacute;a significar muchos d&amp;iacute;as perdidos .</content>
        </sentence>
        <sentence id="5">
          <content>Puede ser tentador ir a trabajar con gripe, pero estas son tres razones por las debes quedarte en casa:1 .</content>
        </sentence>
        <sentence id="6">
          <content>Contagiar&amp;aacute;s a otras personasLos g&amp;eacute;rmenes pueden esparcirse por contacto directo con una persona enferma o sus secreciones, como al estrechar su mano o tocar objetos comunes, como los picaportes .</content>
        </sentence>
        <sentence id="7">
          <content>Algunos virus pueden sobrevivir en la piel o en otras superficies durante algunas horas y siguen infectando a los dem&amp;aacute;s .</content>
        </sentence>
        <sentence id="8">
          <content>Adem&amp;aacute;s, los virus pueden viajar unos pocos metros de distancia luego de toser o estornudar .</content>
        </sentence>
        <sentence id="9">
          <content>Qu&amp;eacute;date en casa si tu lugar de trabajo es un lugar cerrado o si manejas alimentos, especialmente en las primeras etapas de la enfermedad, cuando eres m&amp;aacute;s contagioso .</content>
        </sentence>
        <sentence id="10">
          <content>Tambi&amp;eacute;n es importante que no vayas si trabajas con ni&amp;ntilde;os, adultos mayores o personas con sistemas inmunitarios d&amp;eacute;biles .</content>
        </sentence>
        <sentence id="11">
          <content>La enfermedad que t&amp;uacute; experimentas como relativamente leve puede provocar s&amp;iacute;ntomas m&amp;aacute;s graves en esos grupos de personas .</content>
        </sentence>
        <sentence id="12">
          <content>Ser&amp;aacute;s menos productivoEs dif&amp;iacute;cil calcular con precisi&amp;oacuten los costos econ&amp;oacutemico y f&amp;iacute;sico de una enfermedad para un individuo o su patr&amp;oacuten .</content>
        </sentence>
        <sentence id="13">
          <content>Por supuesto, ser&amp;iacute;as m&amp;aacute;s productivo en la oficina que si te quedaras en casa y no trabajaras para nada, pero tal vez no est&amp;eacute;s tan concentrado ni seas tan eficiente con gripe .</content>
        </sentence>
        <sentence id="14">
          <content>Podr&amp;iacute;as tardar m&amp;aacute;s en recuperarteEl exceso de trabajo y presi&amp;oacuten en las etapas tempranas de la enfermedad podr&amp;iacute;a prolongar el tiempo de recuperaci&amp;oacuten .</content>
        </sentence>
        <sentence id="15">
          <content>Varios estudios han demostrado que la falta de sue&amp;ntilde;o puede debilitar tu sistema inmunitario y hacerte m&amp;aacute;s susceptible a los resfriados .</content>
        </sentence>
        <sentence id="16">
          <content>Por el contrario, dormir lo suficiente puede estimular a las c&amp;eacute;lulas que combaten las infecciones y a los anticuerpos para que mejores m&amp;aacute;s r&amp;aacute;pido .</content>
        </sentence>
        <sentence id="17">
          <content>Hazte un favor: qu&amp;eacute;date en casa a descansar .</content>
        </sentence>
        <sentence id="18">
          <content>Idealmente, todos deber&amp;iacute;amos poder descansar y recuperarnos de un resfriado .</content>
        </sentence>
        <sentence id="19">
          <content>Si eso no es posible, averigua si puedes trabajar desde casa para que al menos no esparzas tus g&amp;eacute;rmenes .</content>
        </sentence>
        <sentence id="20">
          <content>Si tienes que acudir a la oficina, intenta conservar tu distancia en relaci&amp;oacuten con tus compa&amp;ntilde;eros, lava y desinfecta tus manos con frecuencia y cubre tu boca con la parte interior del codo o con una manga cuando tosas o estornudes .</content>
        </sentence>
        <sentence id="21">
          <content>Tambi&amp;eacute;n puedes cubrirla con un pa&amp;ntilde;uelo, pero aseg&amp;uacute;rate de desecharlo inmediatamente y lavarte las manos .</content>
        </sentence>
        <sentence id="22">
          <content>Desinfecta los objetos que toques, como tel&amp;eacute;fonos, picaportes y teclados de computadoras y considera evitar compartir art&amp;iacute;culos como plumas .</content>
        </sentence>
      </sentences>
    </paragraph>
  </article>
</document>
