<?xml version="1.0" encoding="UTF-8"?>
<document id="618" link="http://mexico.cnn.com/salud/2014/01/15/una-dosis-de-paracetamol-mayor-a-325-mg-causa-dano-al-higado" category="Salud" author="Holly Yan" highlights_mapped="false">
  <title>Una dosis de paracetamol mayor a 325 mg puede da&amp;ntilde;ar al h&amp;iacute;gado - Salud - CNNMexico.com</title>
  <keywords>acetaminofeno, paracetamol, dosis, higado, da&amp;ntilde;os, fda, recetas, consumo, riesgos, opiaceos</keywords>
  <summaries>
    <highlights>
      <sentence id="1" ids_sentences_article="">El medicamento acetaminofeno en dosis superiores a 325 mg provoca da&amp;ntilde;os al h&amp;iacute;gado y pone en riesgo la vida, advirti&amp;oacute la FDA.</sentence>
      <sentence id="2" ids_sentences_article="">Esta droga tambi&amp;eacute;n conocida como paracetamol es normalmente usada en combinaci&amp;oacuten con opi&amp;aacute;ceos para combatir el dolor.</sentence>
    </highlights>
  </summaries>
  <article>
    <paragraph id="1">
      <sentences>
        <sentence id="1">
          <content>Una dosis de paracetamol mayor a 325 mg puede da&amp;ntilde;ar al h&amp;iacute;gado.</content>
        </sentence>
        <sentence id="2">
          <content>La Administraci&amp;oacuten de Alimentos y Medicamentos de EU recomend&amp;oacute a los m&amp;eacute;dicos dejar de recetar combinaciones de drogas con ese contenido.</content>
        </sentence>
        <sentence id="3">
          <content>(CNN) -- La combinaci&amp;oacuten de medicamentos con m&amp;aacute;s de 325 miligramos de acetaminofeno, tambi&amp;eacute;n conocido como paracetamol, trae riesgos para el h&amp;iacute;gado, advirti&amp;oacute la Administraci&amp;oacuten de Alimentos y Medicamentos (FDA, por sus siglas en ingl&amp;eacute;s) .</content>
        </sentence>
        <sentence id="4">
          <content>"No hay datos disponibles que demuestren que tomar m&amp;aacute;s de 325 miligramos de acetaminofeno por unidad de dosis produzca un beneficio adicional que compense los riesgos adicionales de una lesi&amp;oacuten del h&amp;iacute;gado", indic&amp;oacute la FDA en un comunicado este martes .</content>
        </sentence>
        <sentence id="5">
          <content>Se recomienda a los profesionales de la salud dejar de prescribir o dispensar medicamentos combinados que contengan m&amp;aacute;s de 325 miligramos de acetaminofeno por dosis .</content>
        </sentence>
        <sentence id="6">
          <content>El acetaminofeno se utiliza a menudo en combinaci&amp;oacuten con opioides como la oxicodona (Percocet), hidrocodona (Vicodin) y code&amp;iacute;na (Tylenol con Code&amp;iacute;na) .</content>
        </sentence>
        <sentence id="7">
          <content>La advertencia no aplica para la venta libre de receta de medicamentos como Tylenol, que contiene acetaminofeno .</content>
        </sentence>
        <sentence id="8">
          <content>Sin embargo, la FDA dijo que se referir&amp;aacute; a esos productos en otra acci&amp;oacutenregulatoria .</content>
        </sentence>
        <sentence id="9">
          <content>"Muchos consumidores no suelen ser conscientes de que muchos productos (tanto de venta con receta y de libre venta) contienen acetaminofeno, por lo que es f&amp;aacute;cil tomar accidentalmente demasiado", advirti&amp;oacute la Administraci&amp;oacuten de Alimentos y Medicamentos .</content>
        </sentence>
        <sentence id="10">
          <content>Riesgos para la saludEntre los que han sufrido graves da&amp;ntilde;os al h&amp;iacute;gado con el acetaminofeno se encuentran las personas que tomaron m&amp;aacute;s de la dosis prescrita, los que tomaron m&amp;aacute;s de un producto con acetaminofeno al mismo tiempo, y los que bebieron alcohol mientras estaban tomando productos de acetaminof&amp;eacute;n, dijo la FDA .</content>
        </sentence>
        <sentence id="11">
          <content>Una sobredosis de esta droga puede derivar en insuficiencia hep&amp;aacute;tica e incluso la muerte .</content>
        </sentence>
        <sentence id="12">
          <content>En 2011, la FDA comenz&amp;oacute a pedir a los fabricantes l&amp;iacute;mites a la cantidad de acetaminofeno en la combinaci&amp;oacuten de f&amp;aacute;rmacos de venta con receta de 325 miligramos por c&amp;aacute;psula o tableta en enero de 2014 .</content>
        </sentence>
        <sentence id="13">
          <content>Mientras que m&amp;aacute;s de la mitad de los fabricantes se acoplaron a la medida, algunos medicamentos de combinaci&amp;oacuten con cantidades m&amp;aacute;s altas de acetaminofeno permanecen en el mercado .</content>
        </sentence>
        <sentence id="14">
          <content>La FDA se&amp;ntilde;al&amp;oacute que iniciar&amp;aacute; el retiro de la autorizaci&amp;oacuten de los medicamentos de venta con receta con combinaci&amp;oacuten de altas cantidades de acetaminofeno por dosis .</content>
        </sentence>
        <sentence id="15">
          <content>Saundra Young y Val Willingham contribuyeron con este reporte .</content>
        </sentence>
      </sentences>
    </paragraph>
  </article>
</document>
