<?xml version="1.0" encoding="UTF-8"?>
<document id="641" link="http://mexico.cnn.com/salud/2013/06/27/asia-recurre-a-la-cirugia-plastica-para-adquirir-belleza-occidental" category="Salud" author="Anthony Youn, especial para CNN" highlights_mapped="false">
  <title>Asia recurre a la cirug&amp;iacute;a pl&amp;aacute;stica para adquirir belleza occidental - Salud - CNNMexico.com</title>
  <keywords>corea del sur, cirugia, rinoplastia, blefaroplastia, apariencia, caucasico, europeos, plastica, parpado, ojos, nariz, belleza,</keywords>
  <summaries>
    <highlights>
      <sentence id="1" ids_sentences_article="">Una encuesta realizada en 2009 indica que una de cada cinco mujeres coreanas de entre 19 y 49 a&amp;ntilde;os se someti&amp;oacute a cirug&amp;iacute;a est&amp;eacute;tica.</sentence>
      <sentence id="2" ids_sentences_article="">La generaci&amp;oacuten mayor podr&amp;iacute;a estar presionando a los m&amp;aacute;s j&amp;oacutevenes a que se sometan a alg&amp;uacute;n procedimiento.</sentence>
      <sentence id="3" ids_sentences_article="">La mayor&amp;iacute;a de las cirug&amp;iacute;as se consideran procedimientos de "occidentalizaci&amp;oacuten".</sentence>
    </highlights>
  </summaries>
  <article>
    <paragraph id="1">
      <sentences>
        <sentence id="1">
          <content>Asia recurre a la cirug&amp;iacute;a pl&amp;aacute;stica para adquirir belleza occidental.</content>
        </sentence>
        <sentence id="2">
          <content>Corea del Sur es uno de los pa&amp;iacute;ses donde se efect&amp;uacute;an m&amp;aacute;s cirug&amp;iacute;as est&amp;eacute;ticas; modifican sus rasgos orientales para lograr un ideal cauc&amp;aacute;sico.</content>
        </sentence>
        <sentence id="3">
          <content>Nota del editor: Anthony Youn es cirujano pl&amp;aacute;stico y autor de In Stitches, una memoria humor&amp;iacute;stica de su crianza como asi&amp;aacute;tico-estadounidense y de c&amp;oacutemo se volvi&amp;oacute m&amp;eacute;dico .</content>
        </sentence>
        <sentence id="4">
          <content>(CNN) -- "Doctor Youn, mi hija es muy fea", me dijo una madre coreana de 50 a&amp;ntilde;os en el consultorio .</content>
        </sentence>
        <sentence id="5">
          <content>Su hija adolescente estaba a su lado .</content>
        </sentence>
        <sentence id="6">
          <content>"Tiene que arreglarle esa fea nariz, abrirle los ojos y ponerle un pliegue doble en los p&amp;aacute;rpados", dice la mujer .</content>
        </sentence>
        <sentence id="7">
          <content>"Muy bien" .</content>
        </sentence>
        <sentence id="8">
          <content>Miro a su hija .</content>
        </sentence>
        <sentence id="9">
          <content>"Jane, &amp;iquest;t&amp;uacute; qu&amp;eacute; piensas?</content>
        </sentence>
        <sentence id="10">
          <content>&amp;iquest;T&amp;uacute; quieres esto?"</content>
        </sentence>
        <sentence id="11">
          <content>Jane mira al piso .</content>
        </sentence>
        <sentence id="12">
          <content>"Supongo .</content>
        </sentence>
        <sentence id="13">
          <content>Lo que diga mi mam&amp;aacute;" .</content>
        </sentence>
        <sentence id="14">
          <content>La cirug&amp;iacute;a pl&amp;aacute;stica est&amp;aacute; en boga en Asia .</content>
        </sentence>
        <sentence id="15">
          <content>Una de cada cinco mujeres surcoreanas de 19 a 49 a&amp;ntilde;os se ha sometido a cirug&amp;iacute;a est&amp;eacute;tica, seg&amp;uacute;n una encuesta realizada en 2009 por la firma de investigaciones de mercado Trend Monitor .</content>
        </sentence>
        <sentence id="16">
          <content>Se reporta que en comparaci&amp;oacuten, una de cada 20 mujeres en Estados Unidos lo hace .</content>
        </sentence>
        <sentence id="17">
          <content>A diferencia de Norteam&amp;eacute;rica, en la cultura asi&amp;aacute;tica no se considera un tab&amp;uacute; reconocer que uno se ha sometido a una cirug&amp;iacute;a pl&amp;aacute;stica, incluso si eres una celebridad .</content>
        </sentence>
        <sentence id="18">
          <content>La Miss Corea del Sur 2012 confes&amp;oacute haberse sometido a cirug&amp;iacute;a y dijo: "nunca dije que hab&amp;iacute;a nacido hermosa" .</content>
        </sentence>
        <sentence id="19">
          <content>Las personas mayores a menudo presionan a los j&amp;oacutevenes a someterse a alg&amp;uacute;n procedimiento .</content>
        </sentence>
        <sentence id="20">
          <content>He conocido a varios padres coreanos de 50 a&amp;ntilde;os en adelante que, como la madre de Jane, no tienen reparos en animar a sus hijos a someterse a una cirug&amp;iacute;a pl&amp;aacute;stica .</content>
        </sentence>
        <sentence id="21">
          <content>Incluso manosean los rostros de sus hijos para sugerirle al cirujano c&amp;oacutemo mejorar su apariencia .</content>
        </sentence>
        <sentence id="22">
          <content>La mayor&amp;iacute;a de las operaciones cosm&amp;eacute;ticas faciales a las que se someten los asi&amp;aacute;ticos se consideran procedimientos de "occidentalizaci&amp;oacuten" .</content>
        </sentence>
        <sentence id="23">
          <content>Dos de las m&amp;aacute;s populares, la cirug&amp;iacute;a de nariz (rinoplastia) y el levantamiento de p&amp;aacute;rpados (blefaroplastia) est&amp;aacute;n dise&amp;ntilde;ados especialmente para que parezcan m&amp;aacute;s cauc&amp;aacute;sicos .</content>
        </sentence>
        <sentence id="24">
          <content>Lee: La cirug&amp;iacute;a pl&amp;aacute;stica cambia el rostro de Asia .</content>
        </sentence>
        <sentence id="25">
          <content>Los asi&amp;aacute;ticos generalmente tienen la nariz m&amp;aacute;s ancha y plana .</content>
        </sentence>
        <sentence id="26">
          <content>En la rinoplastia para asi&amp;aacute;ticos se afila la nariz y se hace que sobresalga para obtener una apariencia europea .</content>
        </sentence>
        <sentence id="27">
          <content>En la blefaroplastia para asi&amp;aacute;ticos se crea un pliegue adicional en el p&amp;aacute;rpado superior .</content>
        </sentence>
        <sentence id="28">
          <content>Aunque casi todos los cauc&amp;aacute;sicos presentan este pliegue, solo se presenta naturalmente en el 15% de las personas de Asia oriental .</content>
        </sentence>
        <sentence id="29">
          <content>Sin rodeos: las cirug&amp;iacute;as pl&amp;aacute;sticas m&amp;aacute;s comunes en asi&amp;aacute;ticos tiene el fin de hacer que una persona luzca lo m&amp;aacute;s cauc&amp;aacute;sica posible .</content>
        </sentence>
        <sentence id="30">
          <content>Lee: Las curvas latinas desplazan al ideal de belleza cauc&amp;aacute;sica .</content>
        </sentence>
        <sentence id="31">
          <content>Revelaci&amp;oacuten total: como cirujano pl&amp;aacute;stico, cuando era m&amp;aacute;s joven aprend&amp;iacute; a ejecutar esta clase de procedimientos .</content>
        </sentence>
        <sentence id="32">
          <content>Incluso realic&amp;eacute; algunos al principio de mi carrera .</content>
        </sentence>
        <sentence id="33">
          <content>Como era un cirujano joven y ambicioso, no ten&amp;iacute;a reparos en ejecutar operaciones como una cirug&amp;iacute;a de doble p&amp;aacute;rpado .</content>
        </sentence>
        <sentence id="34">
          <content>Nunca pas&amp;oacute por mi mente si era &amp;eacute;tico efectuar esta clase de procedimientos .</content>
        </sentence>
        <sentence id="35">
          <content>Luego, una serie de eventos provoc&amp;oacute que reconsiderara si deber&amp;iacute;a seguir efectuando estas operaciones .</content>
        </sentence>
        <sentence id="36">
          <content>&amp;iquest;Estas cirug&amp;iacute;as son lo m&amp;aacute;s adecuado para los pacientes?</content>
        </sentence>
        <sentence id="37">
          <content>&amp;iquest;Para la sociedad?Primero, me encontr&amp;eacute; con Jane y su madre .</content>
        </sentence>
        <sentence id="38">
          <content>Luego, una madre me pidi&amp;oacute que le hiciera una blefaroplastia a su hijo .</content>
        </sentence>
        <sentence id="39">
          <content>"En realidad quiere hacerse la cirug&amp;iacute;a", dijo la madre .</content>
        </sentence>
        <sentence id="40">
          <content>"Quiere lucir m&amp;aacute;s guapo" .</content>
        </sentence>
        <sentence id="41">
          <content>Luego, me enter&amp;eacute; de que su hijo ten&amp;iacute;a solo ocho a&amp;ntilde;os .</content>
        </sentence>
        <sentence id="42">
          <content>Adem&amp;aacute;s, tuve una hija .</content>
        </sentence>
        <sentence id="43">
          <content>Es la ni&amp;ntilde;a m&amp;aacute;s hermosa que he visto, es perfecta en todos los sentidos .</content>
        </sentence>
        <sentence id="44">
          <content>Es igual a su madre, s&amp;oacutelo hay un rasgo que hered&amp;oacute de su pap&amp;aacute;: no tiene el pliegue en los p&amp;aacute;rpados superiores .</content>
        </sentence>
        <sentence id="45">
          <content>Espero que nunca sienta la necesidad de cambiar ese rasgo .</content>
        </sentence>
        <sentence id="46">
          <content>&amp;iquest;Qu&amp;eacute; opinas de operarse para obtener caracter&amp;iacute;sticas de otras razas?</content>
        </sentence>
        <sentence id="47">
          <content>Responde en la secci&amp;oacuten de comentarios .</content>
        </sentence>
        <sentence id="48">
          <content>Las opiniones recogidas en este texto pertenecen exclusivamente a Anthony Youn .</content>
        </sentence>
      </sentences>
    </paragraph>
  </article>
</document>
