<?xml version="1.0" encoding="UTF-8"?>
<document id="588" link="http://mexico.cnn.com/salud/2012/12/31/12-destinos-para-desaparecer-un-ano" category="Salud" author="Jini Reddy" highlights_mapped="false">
  <title>12 destinos para desaparecer un a&amp;ntilde;o - Salud - CNNMexico.com</title>
  <keywords>viajes, a&amp;ntilde;o sabatico, empleo, cruceros, yates, rapidos, africa, asia, cantinero, maestro, ingles, bollywood, buceo, padi, tailandia, rancho, caballerango, marinero, esqui, austria, guia de turistas, masajista,</keywords>
  <summaries>
    <highlights>
      <sentence id="1" ids_sentences_article="">Para ganar dinero durante un a&amp;ntilde;o sab&amp;aacute;tico, puedes echar mano de varias habilidades.</sentence>
      <sentence id="2" ids_sentences_article="">Toma en consideraci&amp;oacuten que algunos pa&amp;iacute;ses, exigen permisos o visas de trabajo.</sentence>
    </highlights>
  </summaries>
  <article>
    <paragraph id="1">
      <sentences>
        <sentence id="1">
          <content>&amp;iquestAburrido de todo?</content>
        </sentence>
        <sentence id="2">
          <content>Lugares para 'desaparecer' un a&amp;ntilde;o.</content>
        </sentence>
        <sentence id="3">
          <content>&amp;iquestEst&amp;aacute;s cansado del trabajo?</content>
        </sentence>
        <sentence id="4">
          <content>T&amp;oacutemate un a&amp;ntilde;o sab&amp;aacute;tico como instructor de buceo, caballerango en un rancho o extra en Bollywood.</content>
        </sentence>
        <sentence id="5">
          <content>(CNN) -- &amp;iquest;Est&amp;aacute;s perdido en la rutina?</content>
        </sentence>
        <sentence id="6">
          <content>&amp;iquest;Eres adicto a los viajes?</content>
        </sentence>
        <sentence id="7">
          <content>&amp;iquest;Simplemente mueres por un cambio de vida, una aventura o tan solo conocer algunos nuevos restaurantes ex&amp;oacuteticos?Un a&amp;ntilde;o es suficiente tiempo para esconderte de la vida, o simplemente encontrarla .</content>
        </sentence>
        <sentence id="8">
          <content>Cualquiera que sea la motivaci&amp;oacuten, probablemente necesites dinero para financiar esos 12 meses .</content>
        </sentence>
        <sentence id="9">
          <content>&amp;Eacute;stas son algunas formas de ganarlo mientras viajas:1 .</content>
        </sentence>
        <sentence id="10">
          <content>Instructor de buceo en MalasiaPocas cosas te sacan del "mundo real" como zambullirte 10 o 15 metros bajo la superficie del oc&amp;eacute;ano .</content>
        </sentence>
        <sentence id="11">
          <content>Si eres un buen nadador, certif&amp;iacute;cate como instructor de buceo .</content>
        </sentence>
        <sentence id="12">
          <content>Los requisitos b&amp;aacute;sicos son: tener m&amp;aacute;s de 18 a&amp;ntilde;os, buena condici&amp;oacuten f&amp;iacute;sica y muchas horas de inmersi&amp;oacuten .</content>
        </sentence>
        <sentence id="13">
          <content>&amp;iquest;El beneficio?</content>
        </sentence>
        <sentence id="14">
          <content>: un a&amp;ntilde;o de trabajo en aguas tropicales observando la colorida vida marina .</content>
        </sentence>
        <sentence id="15">
          <content>Los sueldos empiezan en 500 d&amp;oacutelares al mes (con alojamiento y alimentos) .</content>
        </sentence>
        <sentence id="16">
          <content>Entre m&amp;aacute;s remoto e impresionante sea el sitio, menor ser&amp;aacute; la paga .</content>
        </sentence>
        <sentence id="17">
          <content>Puedes encontrar empleo en centros vacacionales y de buceo y tambi&amp;eacute;n en acuarios, grandes yates y l&amp;iacute;neas de cruceros .</content>
        </sentence>
        <sentence id="18">
          <content>El Mar de C&amp;eacute;lebes en Malasia aloja uno de los ecosistemas marinos m&amp;aacute;s diversos del mundo, as&amp;iacute; que &amp;iquest;por qu&amp;eacute; no capacitarte all&amp;iacute;?</content>
        </sentence>
        <sentence id="19">
          <content>Un curso Divemaster de cuatro semanas enScuba Junkie, en Semporna, cuesta alrededor de 1,300 d&amp;oacutelares con alojamiento y alimentos incluidos .</content>
        </sentence>
        <sentence id="20">
          <content>"Ser instructor PADI no se trata solamente de divertirte bajo el sol, eres responsable de la seguridad y entretenimiento de los hu&amp;eacute;spedes y de la log&amp;iacute;stica", dice el propietario, Ric Owen .</content>
        </sentence>
        <sentence id="21">
          <content>Como alternativa, puedes buscar oportunidades de empleo en elsitio web de la PADI .</content>
        </sentence>
      </sentences>
    </paragraph>
  </article>
</document>
