<?xml version="1.0" encoding="UTF-8"?>
<document id="464" link="http://mexico.cnn.com/salud/2014/03/06/la-nueva-regla-sobre-el-azucar-menos-de-una-lata-de-refresco-al-dia" category="Salud" author="Jacque Wilson" highlights_mapped="false">
  <title>La nueva regla sobre el az&amp;uacute;car: menos de una lata de refresco al d&amp;iacute;a - Salud - CNNMexico.com</title>
  <keywords>salud, organizacion mundial de la salud, azucar, alimentos procesados, departamento de agricultura de estados unidos</keywords>
  <summaries>
    <highlights>
      <sentence id="1" ids_sentences_article="">La Organizaci&amp;oacuten Mundial de la Salud propone nuevas directrices para el consumo de az&amp;uacute;car.</sentence>
      <sentence id="2" ids_sentences_article="">La recomendaci&amp;oacuten es consumir menos del 5% del total de calor&amp;iacute;as diarias de az&amp;uacute;cares.</sentence>
      <sentence id="3" ids_sentences_article="">Consumir az&amp;uacute;car en exceso conlleva a la adquisici&amp;oacuten de enfermedades no transmisibles, seg&amp;uacute;n la OMS.</sentence>
    </highlights>
  </summaries>
  <article>
    <paragraph id="1">
      <sentences>
        <sentence id="1">
          <content>La nueva regla sobre el az&amp;uacute;car: menos de una lata de refresco al d&amp;iacute;a.</content>
        </sentence>
        <sentence id="2">
          <content>La Organizaci&amp;oacuten Mundial de la Salud propone que una persona con un &amp;iacute;ndice de masa corporal promedio no ingiera m&amp;aacute;s de 25 gramos de az&amp;uacute;car.</content>
        </sentence>
        <sentence id="3">
          <content>(CNN) -- La Organizaci&amp;oacuten Mundial de la Salud (OMS) quiere que dejes de consumir mucha az&amp;uacute;car .</content>
        </sentence>
        <sentence id="4">
          <content>En serio .</content>
        </sentence>
        <sentence id="5">
          <content>En su borrador de directrices propuesto esta semana, la OMS est&amp;aacute; alentandoa las personas a consumir menos del 5% del total de sus calor&amp;iacute;as diarias provenientes deaz&amp;uacute;cares .</content>
        </sentence>
        <sentence id="6">
          <content>Las actuales directrices de la organizaci&amp;oacuten, publicadas en 2002, recomiendan consumir menos del 10% del total de las calor&amp;iacute;as diarias provenientes de az&amp;uacute;cares .</content>
        </sentence>
        <sentence id="7">
          <content>"Hay una preocupaci&amp;oacuten creciente de que el consumo de az&amp;uacute;cares, particularmente en la forma de bebidas endulzadas, puede resultar en&amp;hellip; un incremento del total de ingesta cal&amp;oacuterica, lo que conlleva una dieta insana, aumento de peso y un mayor riesgo deenfermedades no transmisibles", indic&amp;oacute la OMS en un comunicado .</content>
        </sentence>
        <sentence id="8">
          <content>Una particular preocupaci&amp;oacutenes el papel que desempe&amp;ntilde;an los az&amp;uacute;cares en las enfermedades dentales .</content>
        </sentence>
        <sentence id="9">
          <content>Para un adulto con una masa corporal normal,ingerir 5% de az&amp;uacute;car ser&amp;iacute;a alrededor de 25 gramos de az&amp;uacute;car o seis cucharadas .</content>
        </sentence>
        <sentence id="10">
          <content>Eso es menos de lo que se encuentra t&amp;iacute;picamente en una sola lata de refresco, que contiene unos 40 gramos de az&amp;uacute;car .</content>
        </sentence>
        <sentence id="11">
          <content>Para encontrar la cantidad de calor&amp;iacute;as de az&amp;uacute;car en un producto, multiplica los gramos por cuatro .</content>
        </sentence>
        <sentence id="12">
          <content>Por ejemplo, un producto que contiene 15 gramos de az&amp;uacute;car tiene 60 calor&amp;iacute;as de az&amp;uacute;car por raci&amp;oacuten, de acuerdo con la Asociaci&amp;oacuten de Cardiolog&amp;iacute;a de Estados Unidos .</content>
        </sentence>
        <sentence id="13">
          <content>Si comes 2,000 calor&amp;iacute;as al d&amp;iacute;a, es el 3% .</content>
        </sentence>
        <sentence id="14">
          <content>Las directrices propuestas por la OMS aplican a las az&amp;uacute;cares a&amp;ntilde;adidas por los fabricantes a las comidas, as&amp;iacute; como las que se encuentran naturalmente en las mieles, jarabes, los jugos de frutas y los concentrados de fruta .</content>
        </sentence>
        <sentence id="15">
          <content>Estas no aplican para aquellos encontrados en productos frescos .</content>
        </sentence>
        <sentence id="16">
          <content>"La mayor&amp;iacute;a de los az&amp;uacute;cares que consumimos diariamente est&amp;aacute;n 'escondidos' en alimentos procesados que usualmente no son vistos como endulzados", indic&amp;oacute la OMS .</content>
        </sentence>
        <sentence id="17">
          <content>&amp;iquest;Sab&amp;iacute;as que la pizza congelada tiene az&amp;uacute;car?</content>
        </sentence>
        <sentence id="18">
          <content>&amp;iquest;Qu&amp;eacute; tal el pan, la sopa, el yogurt y la mayonesa?</content>
        </sentence>
        <sentence id="19">
          <content>Cuando los consumidores tuvieron m&amp;aacute;s preocupaci&amp;oacuten por la cantidad de grasa en su comida, los fabricantes lanzaron productos bajos en grasas, pero la mayor&amp;iacute;a las sustituy&amp;oacute con az&amp;uacute;car para preservar el sabor .</content>
        </sentence>
        <sentence id="20">
          <content>Las directrices de la OMS estar&amp;aacute;n disponibles para comentarios p&amp;uacute;blicos hasta el 31 de marzo .</content>
        </sentence>
      </sentences>
    </paragraph>
  </article>
</document>
