<?xml version="1.0" encoding="UTF-8"?>
<document id="596" link="http://mexico.cnn.com/salud/2013/05/10/las-10-nacionalidades-mas-sexy-del-mundo-son" category="Salud" highlights_mapped="false">
  <title>Las 10 nacionalidades m&amp;aacute;s sexy del mundo son... - Salud - CNNMexico.com</title>
  <keywords>nacionalidades, sexy, atractivos, encuesta, estados unidos, atraccion, viajes, turismo, misstravel.com</keywords>
  <summaries>
    <highlights>
      <sentence id="1" ids_sentences_article="">Ciudadanos de EU eligieron a los hombres brit&amp;aacute;nicos y las mujeres colombianas como los m&amp;aacute;s sexy del mundo.</sentence>
      <sentence id="2" ids_sentences_article="">Aqu&amp;iacute; te dejamos la lista completa, &amp;iquestqu&amp;eacute; opinas?.</sentence>
    </highlights>
  </summaries>
  <article>
    <paragraph id="1">
      <sentences>
        <sentence id="1">
          <content>Las 10 nacionalidades m&amp;aacute;s sexy del mundo son . . . Brit&amp;aacute;nicos, irlandeses, colombianos y brasile&amp;ntilde;os entre los m&amp;aacute;s atractivos del mundo de acuerdo con una encuesta, &amp;iquestt&amp;uacute; qu&amp;eacute; opinas?</content>
        </sentence>
        <sentence id="2">
          <content>(CNN) -- Los viajeros en busca de hombres y mujeres sexy pueden olvidarse de Asia, &amp;Aacute;frica, Australia y cualquiera de las islas del Pac&amp;iacute;fico .</content>
        </sentence>
        <sentence id="3">
          <content>Al menos eso opinan en Estados Unidos .</content>
        </sentence>
        <sentence id="4">
          <content>Una encuesta entre estadounidenses eligi&amp;oacute a los hombres brit&amp;aacute;nicos y a las mujeres colombianas como los m&amp;aacute;s atractivos del mundo .</content>
        </sentence>
        <sentence id="5">
          <content>Los brit&amp;aacute;nicos probablemente aplaudir&amp;aacute;n a Misstravel .</content>
        </sentence>
        <sentence id="6">
          <content>com por finalmente poner un poco de ciencia detr&amp;aacute;s de lo que han estado proclamando acerca de s&amp;iacute; mismos, desde que Roger Moore destruy&amp;oacute la inhibici&amp;oacuten femenina con una sola ceja .</content>
        </sentence>
        <sentence id="7">
          <content>Las mujeres colombianas, por supuesto, han sido leg&amp;iacute;timamente proclamadas en el puesto n&amp;uacute;mero uno de las m&amp;aacute;s sexy .</content>
        </sentence>
        <sentence id="8">
          <content>Los hombres irlandeses fueron votados como los segundos m&amp;aacute;s atractivos por las casi 31,000 mujeres que fueron encuestadas .</content>
        </sentence>
        <sentence id="9">
          <content>Los brasile&amp;ntilde;os ocuparon el tercer lugar, mientras que los suecos obtuvieron el cuarto y los estadounidenses, el quinto .</content>
        </sentence>
        <sentence id="10">
          <content>Probablemente los hombres italianos estar&amp;aacute;n angustiados por no aparecer en la lista .</content>
        </sentence>
        <sentence id="11">
          <content>Despu&amp;eacute;s de las mujeres colombianas, los 13,000 hombres estadounidenses encuestados votaron por las brasile&amp;ntilde;as en segundo lugar como las m&amp;aacute;s sexys, seguidas de las estadounidenses, espa&amp;ntilde;olas y rusas .</content>
        </sentence>
        <sentence id="12">
          <content>Misstravel .</content>
        </sentence>
        <sentence id="13">
          <content>com se califica a s&amp;iacute; mismo como un "sitio de citas en l&amp;iacute;nea para los viajeros" .</content>
        </sentence>
        <sentence id="14">
          <content>Hombres m&amp;aacute;s atractivos seg&amp;uacute;n las mujeres estadounidenses son:1 .</content>
        </sentence>
        <sentence id="15">
          <content>Brit&amp;aacute;nicos 2 .</content>
        </sentence>
        <sentence id="16">
          <content>Irlandeses 3 .</content>
        </sentence>
        <sentence id="17">
          <content>Brasile&amp;ntilde;os 4 .</content>
        </sentence>
        <sentence id="18">
          <content>Suecos 5 .</content>
        </sentence>
        <sentence id="19">
          <content>Estadounidenses 6 .</content>
        </sentence>
        <sentence id="20">
          <content>Espa&amp;ntilde;oles 7 .</content>
        </sentence>
        <sentence id="21">
          <content>Escoceses 8 .</content>
        </sentence>
        <sentence id="22">
          <content>Franceses 9 .</content>
        </sentence>
        <sentence id="23">
          <content>Griegos 10 .</content>
        </sentence>
        <sentence id="24">
          <content>Puertorrique&amp;ntilde;osMujeres m&amp;aacute;s sexy seg&amp;uacute;n los hombres estadounidenses1 .</content>
        </sentence>
        <sentence id="25">
          <content>Colombianas 2 .</content>
        </sentence>
        <sentence id="26">
          <content>Brasile&amp;ntilde;as 3 .</content>
        </sentence>
        <sentence id="27">
          <content>Estadounidenses 4 .</content>
        </sentence>
        <sentence id="28">
          <content>Espa&amp;ntilde;olas 5 .</content>
        </sentence>
        <sentence id="29">
          <content>Holandesas 7 .</content>
        </sentence>
        <sentence id="30">
          <content>Francesas 8 .</content>
        </sentence>
        <sentence id="31">
          <content>B&amp;uacute;lgaras 9 .</content>
        </sentence>
        <sentence id="32">
          <content>Suecas 10 .</content>
        </sentence>
        <sentence id="33">
          <content>ItalianasY t&amp;uacute;, &amp;iquest;cu&amp;aacute;les crees que son las nacionalidades m&amp;aacute;s sexy?</content>
        </sentence>
      </sentences>
    </paragraph>
  </article>
</document>
