<?xml version="1.0" encoding="UTF-8"?>
<document id="844" link="http://mexico.cnn.com/salud/2013/08/09/aburrido-en-el-avion-virgin-atlantic-tocara-musica-en-vivo-en-sus-vuelos" category="Salud" author="Frances Cha" highlights_mapped="false">
  <title>&amp;iquestAburrido en el avi&amp;oacuten? Virgin Atlantic tocar&amp;aacute; m&amp;uacute;sica en vivo en sus vuelos - Salud - CNNMexico.com</title>
  <keywords>viajes, turismo, aerolinea, virgin atlantic, little red, musica, entretenimiento, comedia, vuelos</keywords>
  <summaries>
    <highlights>
      <sentence id="1" ids_sentences_article="">La empresa incluir&amp;aacute; comedia en vivo y m&amp;uacute;sica ac&amp;uacute;stica en los vuelos de Little Red en agosto y septiembre.</sentence>
      <sentence id="2" ids_sentences_article="">La alineaci&amp;oacuten incluir&amp;aacute; a artistas del Festival Fringe Edimburgo.</sentence>
    </highlights>
  </summaries>
  <article>
    <paragraph id="1">
      <sentences>
        <sentence id="1">
          <content>&amp;iquestAburrido en el avi&amp;oacuten?</content>
        </sentence>
        <sentence id="2">
          <content>Virgin Atlantic tocar&amp;aacute; m&amp;uacute;sica en vivo en sus vuelos.</content>
        </sentence>
        <sentence id="3">
          <content>La aerol&amp;iacute;nea anunci&amp;oacute que los viajes de Little Red a Edimburgo o Manchester contar&amp;aacute;n con presentaciones para entretener a los pasajeros.</content>
        </sentence>
        <sentence id="4">
          <content>(CNNTravel) -- Debe de ser divertido estar en el equipo creativo de Sir Richard Branson, elfundador del grupo Virgin y director general de AirAsia .</content>
        </sentence>
        <sentence id="5">
          <content>Lanzan ideas por all&amp;iacute; por all&amp;aacute;, y la mayor&amp;iacute;a de las vecesparece que funciona para Branson .</content>
        </sentence>
        <sentence id="6">
          <content>Por ejemplo, el plan m&amp;aacute;s reciente de Virgin para presentar m&amp;uacute;sica en vivo y comedia improvisada dentro del vuelo .</content>
        </sentence>
        <sentence id="7">
          <content>Little Red, la aerol&amp;iacute;nea local de Virgin Atlantic para Reino Unido, planea tener a m&amp;uacute;sicos y comediantes en los pasillos a 30,000 pies de altura (9 .</content>
        </sentence>
        <sentence id="8">
          <content>1 kil&amp;oacutemetros) .</content>
        </sentence>
        <sentence id="9">
          <content>La nueva aerol&amp;iacute;nea de Londres, que fue lanzada el 31 de marzo de este a&amp;ntilde;o, ofrecer&amp;aacute; presentaciones en vivo en los vuelos a Edimburgo o Manchester .</content>
        </sentence>
        <sentence id="10">
          <content>Llamada Little Red LIVE, la alineaci&amp;oacuten presentar&amp;aacute; comedia en agosto y m&amp;uacute;sica ac&amp;uacute;stica en septiembre .</content>
        </sentence>
        <sentence id="11">
          <content>El talento incluir&amp;aacute; a artistas del Festival Fringe Edimburgo, el mayor festival de artes del mundo, que se extiende hasta agosto .</content>
        </sentence>
        <sentence id="12">
          <content>"Los actos se anunciar&amp;aacute;n pronto a trav&amp;eacute;s de los canales de Facebook y Twitter de Virgin Atlantic, pero los detalles de los vuelos permanecer&amp;aacute;n en secreto; lo que har&amp;aacute; que esto sea una experiencia verdaderamente &amp;uacute;nica", anunci&amp;oacute la aerol&amp;iacute;nea en un comunicado este mi&amp;eacute;rcoles .</content>
        </sentence>
        <sentence id="13">
          <content>No queremos parecer demasiado c&amp;iacute;nicos .</content>
        </sentence>
        <sentence id="14">
          <content>Vale la pena intentar cualquier cosa que pueda mejorar los viajes a&amp;eacute;reos, &amp;iquest;pero comediantes en los pasillos?Para aquellos de nosotros a los que nos gusta desconectarnos y ver una pel&amp;iacute;cula o leer un libro a bordo, esto podr&amp;iacute;a ser una risa llevada demasiado lejos .</content>
        </sentence>
        <sentence id="15">
          <content>Afortunadamente, los vuelos en cuesti&amp;oacuten solo duran 90 minutos o menos .</content>
        </sentence>
        <sentence id="16">
          <content>&amp;iquest;Te gustar&amp;iacute;a entretenimiento en vivo en tu vuelo?</content>
        </sentence>
        <sentence id="17">
          <content>D&amp;iacute;noslo en los comentarios .</content>
        </sentence>
        <sentence id="18">
          <content>Nota del editor: Visita CNNTravel para conocer m&amp;aacute;s historias sobre Asia y el mundo .</content>
        </sentence>
      </sentences>
    </paragraph>
  </article>
</document>
