<?xml version="1.0" encoding="UTF-8"?>
<document id="622" link="http://mexico.cnn.com/salud/2013/10/04/los-ninos-adolescentes-y-la-popularidad-de-los-selfies-sexy" category="Salud" author="Sarah Evans" highlights_mapped="false">
  <title>Los ni&amp;ntilde;os, adolescentes y la popularidad de los 'selfies' sexy - Salud - CNNMexico.com</title>
  <keywords>selfies, redes sociales, twitter, fotos, autorretratos, sexy, adolescentes, hijos</keywords>
  <summaries>
    <highlights>
      <sentence id="1" ids_sentences_article="">Cada vez son m&amp;aacute;s los adolescentes que toman autorretratos provocativos y los comparten en mensajes de texto y redes sociales.</sentence>
      <sentence id="2" ids_sentences_article="">Los padres tienen que hablar ya con los chicos sobre esta tendencia.</sentence>
      <sentence id="3" ids_sentences_article="">No solo te concentres en lo negativo, habla con tu ni&amp;ntilde;o sobre las cosas positivas que desea compartir.</sentence>
    </highlights>
  </summaries>
  <article>
    <paragraph id="1">
      <sentences>
        <sentence id="1">
          <content>Los ni&amp;ntilde;os, adolescentes y la popularidad de los 'selfies' sexy.</content>
        </sentence>
        <sentence id="2">
          <content>Ante la popular tendencia de publicar autorretratos sugerentes en la red, los padres deben abordar a tiempo el tema con sus hijos.</content>
        </sentence>
        <sentence id="3">
          <content>(HLN) -- Cinco millones de usuarios menores de 10 a&amp;ntilde;os tienen un perfil en Facebook, seg&amp;uacute;n el sitio especializado en ni&amp;ntilde;os Letterbox .</content>
        </sentence>
        <sentence id="4">
          <content>Eso significa que muchos ni&amp;ntilde;os est&amp;aacute;n expuestos a contenido que podr&amp;iacute;a estar dirigido a un p&amp;uacute;blico de adultos j&amp;oacutevenes o adultos .</content>
        </sentence>
        <sentence id="5">
          <content>Una de las cosas que un joven podr&amp;iacute;a ver regularmente en l&amp;iacute;nea son los selfies sexy de sus amigos o de los amigos de sus amigos .</content>
        </sentence>
        <sentence id="6">
          <content>Un selfie es un autorretrato tomado con tu smartphone y compartido en l&amp;iacute;nea .</content>
        </sentence>
        <sentence id="7">
          <content>Un selfie sexy tambi&amp;eacute;n es un autorretrato, pero muestra al individuo en una pose o situaci&amp;oacuten sexualmente expl&amp;iacute;cita, inadecuada o cuestionable .</content>
        </sentence>
        <sentence id="8">
          <content>Aunque es m&amp;aacute;s probable que las chicas compartan un autorretrato sexy, hay ni&amp;ntilde;os y ni&amp;ntilde;as de apenas 10 a&amp;ntilde;os que los comparten .</content>
        </sentence>
        <sentence id="9">
          <content>Eso significa que a partir de los ocho a&amp;ntilde;os, m&amp;aacute;s o menos, deber&amp;iacute;as hablar con tus ni&amp;ntilde;os acerca de los selfies, porque los har&amp;aacute;n y los compartir&amp;aacute;n .</content>
        </sentence>
        <sentence id="10">
          <content>Ya sea que los consideres arte, comunicaci&amp;oacuten o narcisismo, la popularidad de los selfies sigue creciendo entre los preadolescentes y los adolescentes y los comparten a trav&amp;eacute;s de mensajes de texto, aplicaciones y redes sociales .</content>
        </sentence>
        <sentence id="11">
          <content>En Facebook se comparten m&amp;aacute;s selfies que en todas las dem&amp;aacute;s redes sociales combinadas (sin contar a SnapChat), seg&amp;uacute;n el sitio especializado en medios, Mediabistr&amp;oacute .</content>
        </sentence>
        <sentence id="12">
          <content>Estos son algunos tipos de selfies m&amp;aacute;s populares:El selfie de la hora de dormir: incluye mostrar la pijama o a un preadolescente o adolescente en la cama .</content>
        </sentence>
        <sentence id="13">
          <content>El selfie con el torso desnudo: generalmente se trata de varones preadolescentes y adolescentes .</content>
        </sentence>
        <sentence id="14">
          <content>Es una persona sin camisa, a veces en una pose sugerente .</content>
        </sentence>
        <sentence id="15">
          <content>El selfie de "acabo de salir de la regadera": la persona est&amp;aacute; envuelta en una toalla, a veces de pie frente a un espejo .</content>
        </sentence>
        <sentence id="16">
          <content>Cuando hables con tu hijo (de entre ocho y 14 a&amp;ntilde;os), hazle entender que no le est&amp;aacute;s prohibiendo compartir selfies, pero que comparta solo aquellos donde aparezca de una forma que ambos decidan que es adecuada .</content>
        </sentence>
        <sentence id="17">
          <content>Algunos puntos a discutir en la conversaci&amp;oacuten:Hablen sobre el futuro .</content>
        </sentence>
        <sentence id="18">
          <content>Haz que los ni&amp;ntilde;os entiendan que lo que compartan hoy tal vez est&amp;eacute; a la vista de las universidades y los empleadores de ma&amp;ntilde;ana .</content>
        </sentence>
        <sentence id="19">
          <content>Haz una lista de las clases de fotos inadecuadas .</content>
        </sentence>
        <sentence id="20">
          <content>Por ejemplo: fotos en ropa interior o en traje de ba&amp;ntilde;o (depende de cu&amp;aacute;n c&amp;oacutemodo te sientas) .</content>
        </sentence>
        <sentence id="21">
          <content>No temas ser espec&amp;iacute;fico .</content>
        </sentence>
        <sentence id="22">
          <content>As&amp;iacute; evitas la conversaci&amp;oacuten de "nunca hablamos sobre eso" .</content>
        </sentence>
        <sentence id="23">
          <content>Crea expectativas .</content>
        </sentence>
        <sentence id="24">
          <content>Aseg&amp;uacute;rate de que tu hijo est&amp;eacute; consciente de las consecuencias de violar los t&amp;eacute;rminos que establecieron .</content>
        </sentence>
        <sentence id="25">
          <content>Esto se aplica a todos los mensajes de texto, mensajes enviados por medio de una aplicaci&amp;oacuten y en redes sociales .</content>
        </sentence>
        <sentence id="26">
          <content>No solo te concentres en lo negativo, tambi&amp;eacute;n toma en cuenta lo positivo .</content>
        </sentence>
        <sentence id="27">
          <content>Habla sobre los selfies que quieren compartir, como presumir una cara boba o la foto del d&amp;iacute;a .</content>
        </sentence>
        <sentence id="28">
          <content>Haz que sepan que est&amp;aacute;s atento .</content>
        </sentence>
        <sentence id="29">
          <content>Es esencial vigilar lo que tus hijos comparten en l&amp;iacute;nea, especialmente si usan una red social cuando tienen una edad menor a la que se establece en las condiciones de servicio de la red .</content>
        </sentence>
        <sentence id="30">
          <content>Hazte su amigo en los sitios para compartir fotos como Instagram para que veas cu&amp;aacute;les son sus fotos favoritas y cu&amp;aacute;les le gustan .</content>
        </sentence>
        <sentence id="31">
          <content>Si est&amp;aacute; expuesto a fotos inadecuadas, considera que eliminen a esos amigos en la red .</content>
        </sentence>
        <sentence id="32">
          <content>Crea una red de padres .</content>
        </sentence>
        <sentence id="33">
          <content>Une fuerzas con los padres de los amigos de tu hijo para asegurarse de que los selfies y otras fotos sean adecuadas para su edad .</content>
        </sentence>
        <sentence id="34">
          <content>&amp;iquest;Sorprendiste a tu hijo o a alguno de sus amigos mientras compart&amp;iacute;a selfies sexis?</content>
        </sentence>
        <sentence id="35">
          <content>Cu&amp;eacute;ntanos si planeas sostener una conversaci&amp;oacuten sobre esas fotos con tu familia .</content>
        </sentence>
        <sentence id="36">
          <content>Nota del editor: Lee m&amp;aacute;s sobre Tecnolog&amp;iacute;a en HLN .</content>
        </sentence>
      </sentences>
    </paragraph>
  </article>
</document>
