<?xml version="1.0" encoding="UTF-8"?>
<document id="767" link="http://mexico.cnn.com/salud/2013/09/02/una-familia-de-ohio-demanda-a-hospital-por-tirar-a-la-basura-rinon-donado" category="Salud" author="John Bonifield" highlights_mapped="false">
  <title>Una familia de Ohio demanda a hospital por tirar a la basura ri&amp;ntilde;&amp;oacuten donado - Salud - CNNMexico.com</title>
  <keywords>ohio, toledo, centro medico, universidad, toledo, donacion, rinon, basura, Paul Fudacz Jr, enfermera, negligencia,</keywords>
  <summaries>
    <highlights>
      <sentence id="1" ids_sentences_article="">Un hombre intent&amp;oacute donar un ri&amp;ntilde;&amp;oacuten a su hermana mayor en Toledo, Ohio.</sentence>
      <sentence id="2" ids_sentences_article="">Pero una enfermera por error tir&amp;oacute el ri&amp;ntilde;&amp;oacuten a la basura, seg&amp;uacute;n una demanda.</sentence>
      <sentence id="3" ids_sentences_article="">El centro m&amp;eacute;dico niega negligencia, pero se disculp&amp;oacute con la familia.</sentence>
    </highlights>
  </summaries>
  <article>
    <paragraph id="1">
      <sentences>
        <sentence id="1">
          <content>Una familia de Ohio demanda a hospital por tirar a la basura ri&amp;ntilde;&amp;oacuten donado.</content>
        </sentence>
        <sentence id="2">
          <content>Una enfermera que limpiaba una habitaci&amp;oacuten tir&amp;oacute por error el &amp;oacutergano a la basura, lo que demor&amp;oacute el trasplante por tres meses.</content>
        </sentence>
        <sentence id="3">
          <content>(CNN) -- Un hombre de Ohio buscaba salvar la vida de su hermana mayor don&amp;aacute;ndole uno de sus ri&amp;ntilde;ones, un sacrificio de su parte que termin&amp;oacute en vano hace un a&amp;ntilde;o cuando una enfermera por error tir&amp;oacute el ri&amp;ntilde;&amp;oacuten a la basura .</content>
        </sentence>
        <sentence id="4">
          <content>Paul Fudacz Jr .</content>
        </sentence>
        <sentence id="5">
          <content>y su hermana Sarah afirman que el Centro M&amp;eacute;dico de la Universidad de Toledo, en Ohio, "arruin&amp;oacute totalmente" su cirug&amp;iacute;a de trasplante de ri&amp;ntilde;&amp;oacuten .</content>
        </sentence>
        <sentence id="6">
          <content>El centro m&amp;eacute;dico afirm&amp;oacute la semana pasada que "ha trabajado duro para aprender de este incidente" y se disculp&amp;oacute con la familia .</content>
        </sentence>
        <sentence id="7">
          <content>Pero el martes de la semana pasada el hospital pidi&amp;oacute que una demanda en su contra fuera desechada y neg&amp;oacute los cargos de negligencia grave e incumplimiento de los est&amp;aacute;ndares aceptables de atenci&amp;oacuten m&amp;eacute;dica .</content>
        </sentence>
        <sentence id="8">
          <content>La demanda civil sostiene que el ri&amp;ntilde;&amp;oacuten de Paul Fudacz fue considerado totalmente compatible para su hermana de 24 a&amp;ntilde;os, que sufr&amp;iacute;a de insuficiencia renal en etapa terminal .</content>
        </sentence>
        <sentence id="9">
          <content>Durante la cirug&amp;iacute;a del hermano el 10 de agosto de 2012, el ri&amp;ntilde;&amp;oacuten fue puesto dentro de una m&amp;aacute;quina hasta que pudiera ser movido al cuarto de su hermana, donde tendr&amp;iacute;a su cirug&amp;iacute;a .</content>
        </sentence>
        <sentence id="10">
          <content>Sin embargo, una enfermera acababa de regresar de comer, se puso a limpiar el lugar y crey&amp;oacute que el ri&amp;ntilde;&amp;oacuten ya se encontraba en el cuarto de Sarah, por lo que tir&amp;oacute lo que ten&amp;iacute;a dentro la m&amp;aacute;quina, de acuerdo con la demanda .</content>
        </sentence>
        <sentence id="11">
          <content>Aunque el ri&amp;ntilde;&amp;oacuten fue luego recuperado, ya no pudo ser usado debido a que hab&amp;iacute;a estado en contacto con otro material infectado y con equipo m&amp;eacute;dico no esterilizado, alega la familia Fudacz .</content>
        </sentence>
        <sentence id="12">
          <content>Sarah requiri&amp;oacute de m&amp;aacute;s di&amp;aacute;lisis y otras cuatro cirug&amp;iacute;as antes de que recibiera otro ri&amp;ntilde;&amp;oacuten tres meses despu&amp;eacute;s, seg&amp;uacute;n la demanda .</content>
        </sentence>
        <sentence id="13">
          <content>"Al compararse con el ri&amp;ntilde;&amp;oacuten de Paul Jr .</content>
        </sentence>
        <sentence id="14">
          <content>, el nuevo ri&amp;ntilde;&amp;oacuten de Sarah es menos compatible, de calidad m&amp;aacute;s baja", y tiene un m&amp;aacute;s alto riesgo de rechazarlo con el tiempo, se afirma en la demanda .</content>
        </sentence>
        <sentence id="15">
          <content>Los padres de ambos tambi&amp;eacute;n afirman que sufrieron de angustia emocional, as&amp;iacute; como da&amp;ntilde;os a su relaci&amp;oacuten familiar o p&amp;eacute;rdida de su relaci&amp;oacuten familiar .</content>
        </sentence>
        <sentence id="16">
          <content>Pero el fiscal general de Ohio afirma que los padres de hijos adultos no pueden hacer tal afirmaci&amp;oacuten de que han perdido su relaci&amp;oacuten familiar .</content>
        </sentence>
        <sentence id="17">
          <content>Cada uno de los ocho miembros de la familia Fudacz, incluyendo otros cuatro hermanos, buscan una compensaci&amp;oacuten de 25,000 d&amp;oacutelares .</content>
        </sentence>
        <sentence id="18">
          <content>El doctor Jeffrey Gold, vicepresidente ejecutivo de asuntos de salud del Centro M&amp;eacute;dico de la Universidad de Toledo, dijo que la universidad "contin&amp;uacute;a expresando el pesar que sentimos por haberse producido este desafortunado incidente .</content>
        </sentence>
        <sentence id="19">
          <content>Nos disculpamos sinceramente" .</content>
        </sentence>
        <sentence id="20">
          <content>"Mientras que las realidades legales de esta situaci&amp;oacuten son complejas y est&amp;aacute;n en curso, hemos trabajado duro para aprender de este incidente y hemos extendido las lecciones ampliamente para intentar que los hospitales y los programas de trasplante sean m&amp;aacute;s seguros en todo el pa&amp;iacute;s" .</content>
        </sentence>
        <sentence id="21">
          <content>Luego del incidente, el hospital suspendi&amp;oacute temporalmente su programa de donaci&amp;oacuten de ri&amp;ntilde;ones, pero ya se han reanudado las cirug&amp;iacute;as .</content>
        </sentence>
        <sentence id="22">
          <content>La enfermera involucrada en el incidente se retir&amp;oacute del hospital .</content>
        </sentence>
        <sentence id="23">
          <content>El cirujano a cargo del trasplante ya no dirige el programa de trasplantes de ri&amp;ntilde;&amp;oacuten, pero sigue realiz&amp;aacute;ndolos y sigue siendo un profesor, seg&amp;uacute;n el Centro M&amp;eacute;dico de la Universidad de Toledo .</content>
        </sentence>
      </sentences>
    </paragraph>
  </article>
</document>
