<?xml version="1.0" encoding="UTF-8"?>
<document id="524" link="http://mexico.cnn.com/salud/2014/01/06/grasas-trans-grasas-saturadas-y-grasas-buenas-cual-es-cual" category="Salud" author="Kat Kinsman" highlights_mapped="false">
  <title>Grasas trans, grasas saturadas y grasas buenas; &amp;iquestcu&amp;aacute;l es cu&amp;aacute;l? - Obesidad: el enemigo p&amp;uacute;blico - Salud - CNNMexico.com</title>
  <keywords>comida, alimentos, grasas, trans, salud, manteca, mantequilla, corazon, enfermedades, aceites</keywords>
  <summaries>
    <highlights>
      <sentence id="1" ids_sentences_article="">La FDA dio el primer paso para eliminar las grasas trans de la cadena alimenticia de ese pa&amp;iacute;s.</sentence>
      <sentence id="2" ids_sentences_article="">Las grasas como el aceite de olivo y el aguacate son las opciones m&amp;aacute;s saludables.</sentence>
      <sentence id="3" ids_sentences_article="">La manteca y mantequilla naturales son menos da&amp;ntilde;i&amp;ntilde;as que las grasas trans.</sentence>
    </highlights>
  </summaries>
  <article>
    <paragraph id="1">
      <sentences>
        <sentence id="1">
          <content>Grasas trans, grasas saturadas y grasas buenas; &amp;iquestcu&amp;aacute;l es cu&amp;aacute;l?</content>
        </sentence>
        <sentence id="2">
          <content>Las grasas trans pueden encontrarse en alimentos procesados como margarinas, galletas y la comida r&amp;aacute;pida.</content>
        </sentence>
        <sentence id="3">
          <content>(CNN) -- En 2013 se dio a conocer que las autoridades de Estados Unidos podr&amp;iacute;an prohibir el uso de grasas trans en la cocina y desde hace a&amp;ntilde;os los especialistas en nutrici&amp;oacuten han advertido por los potenciales da&amp;ntilde;os que estas sustancias causan en la salud .</content>
        </sentence>
        <sentence id="4">
          <content>Si este mes comienzas un buen r&amp;eacute;gimen alimentario, esta gu&amp;iacute;a de grasas te servir&amp;aacute; .</content>
        </sentence>
        <sentence id="5">
          <content>&amp;iquest;Sabes que sabe genial?</content>
        </sentence>
        <sentence id="6">
          <content>: la mantequilla y la manteca de verdad .</content>
        </sentence>
        <sentence id="7">
          <content>&amp;iquest;Sabes que no est&amp;aacute; lleno de grasas trans?</content>
        </sentence>
        <sentence id="8">
          <content>: la mantequilla y la manteca de verdad .</content>
        </sentence>
        <sentence id="9">
          <content>Tampoco tienen grasas trans la grasa de aves, los aceites de nueces y otros productos naturalmente deliciosos que han tenido una mala reputaci&amp;oacuten en los &amp;uacute;ltimos a&amp;ntilde;os .</content>
        </sentence>
        <sentence id="10">
          <content>As&amp;iacute; que, &amp;iquest;qu&amp;eacute; tal un regreso triunfal?Las grasas trans pueden encontrarse en alimentos procesados como las mantecas vegetales, algunas margarinas, las galletas saladas, las dulces, algunos aperitivos y otros alimentos hechos con o fre&amp;iacute;dos en aceites parcialmente hidrogenados .</content>
        </sentence>
        <sentence id="11">
          <content>La Administraci&amp;oacuten de Alimentos y Medicamentos de Estados Unidos (FDA, por sus siglas en ingl&amp;eacute;s) dio el primer paso en noviembre parapotencialmenteeliminar la mayor&amp;iacute;a de las grasas trans del suministro de alimentos de ese pa&amp;iacute;s .</content>
        </sentence>
        <sentence id="12">
          <content>Indic&amp;oacute que los aceites parcialmente hidrogenados ya no son "reconocidos generalmente como seguros" .</content>
        </sentence>
        <sentence id="13">
          <content>As&amp;iacute; que, &amp;iquest;la mantequilla, la manteca no hidrogenada y similares podr&amp;iacute;an hacer un gran y delicioso regreso a la dieta global?</content>
        </sentence>
        <sentence id="14">
          <content>Chefs como Jennifer McLagan seguramente lo aplaudir&amp;iacute;an .</content>
        </sentence>
        <sentence id="15">
          <content>En su libro Grasa: una apreciaci&amp;oacuten de un ingrediente malententendido, escribi&amp;oacute, "la grasa de cerdo no solo es &amp;uacute;til, sino que tambi&amp;eacute;n es buena para nosotros" .</content>
        </sentence>
        <sentence id="16">
          <content>El 45% de la grasa de cerdo es monoinsaturada, lo que puede ayudar a aumentar el colesterol bueno y reducir el colesterol malo .</content>
        </sentence>
        <sentence id="17">
          <content>El chef Marco Canora, del restaurante Hearth,dijo que le preocupa la desconexi&amp;oacuten en los mensajes que los consumidores han recibido con el paso de los a&amp;ntilde;os .</content>
        </sentence>
        <sentence id="18">
          <content>"En la cafeter&amp;iacute;a nuestra contadora vierte un l&amp;iacute;quido delgado y blanco disfrazado de leche en su caf&amp;eacute; .</content>
        </sentence>
        <sentence id="19">
          <content>Se percata de los grumos de crema en el vaso de leche que me sirvo y dice, &amp;lsquo;eso es asqueroso, esos grumos me desconciertan tanto, &amp;iquest;c&amp;oacutemo puedes beber eso?</content>
        </sentence>
        <sentence id="20">
          <content>&amp;iquest;De verdad?</content>
        </sentence>
        <sentence id="21">
          <content>&amp;iquest;C&amp;oacutemo puedo beber leche fresca de granja?"</content>
        </sentence>
        <sentence id="22">
          <content>"Las personas ignoran muchas cosas", dijo Canora .</content>
        </sentence>
        <sentence id="23">
          <content>"Hemos hecho un trabajo terrible al educar a las personas sobre cu&amp;aacute;les son las buenas elecciones" .</content>
        </sentence>
        <sentence id="24">
          <content>Un estudio de 2009 publicado por la revista American Journal of Clinical Nutritionrompi&amp;oacute la creencia de que las grasas saturadas son perjudiciales para la salud del coraz&amp;oacuten, como se hab&amp;iacute;a cre&amp;iacute;do .</content>
        </sentence>
        <sentence id="25">
          <content>En el estudio se concluy&amp;oacute: "No hay evidencia significativa para concluir que la grasa saturada de la dieta se asocia con un mayor riesgo de enfermedad card&amp;iacute;aca coronaria o enfermedad cardiovascular" .</content>
        </sentence>
        <sentence id="26">
          <content>Eso significa que la mantequilla y la grasa animal no son un pase garantizado al tren de los infartos, como se cre&amp;iacute;a previamente .</content>
        </sentence>
        <sentence id="27">
          <content>La nutri&amp;oacuteloga Karen Congro, directora del programa Bienestar para la Vida en el Centro Hospital Brooklyn en Estados Unidos, dijo: "La mantequilla, la manteca y el aceite de olivo tienen grasas saturadas, pero son productos naturales .</content>
        </sentence>
        <sentence id="28">
          <content>Una cantidad peque&amp;ntilde;a de grasa saturada en el cuerpo es necesaria para fabricar hormonas y absorber vitaminas&amp;hellip; Nunca llamar&amp;iacute;a a la mantequilla o manteca &amp;lsquo;alimentos saludables&amp;rsquo;, pero en cantidades muy peque&amp;ntilde;as, no son un problema .</content>
        </sentence>
        <sentence id="29">
          <content>No hay niveles seguros de grasas trans" .</content>
        </sentence>
        <sentence id="30">
          <content>Sin embargo, hay una mejor soluci&amp;oacuten, seg&amp;uacute;n Congro: "El aceite de olivo tiene grasas monoinsaturadas muy ben&amp;eacute;ficas, que son muy buenas para ayudar a reducir los triglic&amp;eacute;ridos de colesterol y pueden ayudar a perder peso .</content>
        </sentence>
        <sentence id="31">
          <content>El aceite de olivo, que es una gran parte de la dieta mediterr&amp;aacute;nea, es mucho m&amp;aacute;s saludable de lo esperado .</content>
        </sentence>
        <sentence id="32">
          <content>Comer saludablemente no significa eliminar la grasa de tu dieta, sino comer grasas saludables, como aceite de olivo, nueces, aguacate, y eliminar las grasas malas, de las cuales las grasas trans son las peores" .</content>
        </sentence>
        <sentence id="33">
          <content>Rebecca Solomon, coordinadora de nutrici&amp;oacuten cl&amp;iacute;nica en el Hospital Mount Sinai de Estados Unidos, tambi&amp;eacute;n recomienda el aceite de olivo: "Las grasas poliinsaturadas y monoinsaturadas son las mejores (aceite de olivo y de canola) .</content>
        </sentence>
        <sentence id="34">
          <content>Las grasas saturadas como la manteca o la mantequilla son significativamente peores en comparaci&amp;oacuten con las grasas insaturadas, pero no tan malas como las grasas trans" .</content>
        </sentence>
        <sentence id="35">
          <content>Solomon tambi&amp;eacute;n advirti&amp;oacute en contra del exceso, incluso con las grasas "m&amp;aacute;s saludables" .</content>
        </sentence>
        <sentence id="36">
          <content>Escribi&amp;oacute: "Todas las grasas tienen el mismo n&amp;uacute;mero de calor&amp;iacute;as por cucharada, as&amp;iacute; que ten en cuenta que una cucharada de mantequilla tiene 90 calor&amp;iacute;as, al igual que una cucharada de aceite de olivo" .</content>
        </sentence>
        <sentence id="37">
          <content>Quiz&amp;aacute; solo necesitamos rumiar acerca de la &amp;uacute;ltima afirmaci&amp;oacuten (y masticar algunas galletas deliciosas), mientras desciframos el futuro de la grasa en nuestra dietas .</content>
        </sentence>
      </sentences>
    </paragraph>
  </article>
</document>
