<?xml version="1.0" encoding="UTF-8"?>
<document id="465" link="http://mexico.cnn.com/salud/2014/02/09/el-azucar-de-los-postres-refrescos-y-pan-es-peor-que-la-de-la-fruta" category="Salud" author="Ben Tinker" highlights_mapped="false">
  <title>El az&amp;uacute;car de los postres, refrescos y pan es peor que la de la fruta - Salud - CNNMexico.com</title>
  <keywords>azucar, enfermedades, obesidad, peso, aumentar, enfermedades cardiovasculares,</keywords>
  <summaries>
    <highlights>
      <sentence id="1" ids_sentences_article="">La Organizaci&amp;oacuten Mundial de la Salud recomienda una ingesta menor al 10% de calor&amp;iacute;as provenientes de az&amp;uacute;car a&amp;ntilde;adida.</sentence>
      <sentence id="2" ids_sentences_article="">El az&amp;uacute;car a&amp;ntilde;adida es m&amp;aacute;s da&amp;ntilde;ina para el cuerpo que el az&amp;uacute;car que se presenta en forma natural.</sentence>
      <sentence id="3" ids_sentences_article="">Los impuestos a este tipo de productos han funcionado en muchos pa&amp;iacute;ses, dicen los autores del estudio.</sentence>
    </highlights>
  </summaries>
  <article>
    <paragraph id="1">
      <sentences>
        <sentence id="1">
          <content>El az&amp;uacute;car de los postres, refrescos y pan es peor que la de la fruta.</content>
        </sentence>
        <sentence id="2">
          <content>Las personas que consumen m&amp;aacute;s endulzantes tienen m&amp;aacute;s probabilidades de contraer una enfermedad card&amp;iacute;aca, seg&amp;uacute;n un estudio.</content>
        </sentence>
        <sentence id="3">
          <content>(CNN) -- En los a&amp;ntilde;os recientes, el az&amp;uacute;car --m&amp;aacute;s que la grasa-- ha sido se&amp;ntilde;alada como la gran culpable del deterioro de nuestra salud .</content>
        </sentence>
        <sentence id="4">
          <content>La mayor&amp;iacute;a de nosotros sabemos que consumimos m&amp;aacute;s az&amp;uacute;car de lo que deber&amp;iacute;amos .</content>
        </sentence>
        <sentence id="5">
          <content>La nueva mala noticia es que el az&amp;uacute;car da&amp;ntilde;a m&amp;aacute;s a nuestros cuerpos de lo que sab&amp;iacute;amos hasta ahora .</content>
        </sentence>
        <sentence id="6">
          <content>Anteriormente se le consider&amp;oacute como solo uno m&amp;aacute;s de los varios indicadores de una dieta no saludable y de obesidad .</content>
        </sentence>
        <sentence id="7">
          <content>Ahora se sabe que el az&amp;uacute;car es un factor de riesgo independiente para el desarrollo de enfermedades cardiovasculares y de otras enfermedades cr&amp;oacutenicas, seg&amp;uacute;n unestudio publicado el lunes en la revista de medicina internaJAMA .</content>
        </sentence>
        <sentence id="8">
          <content>"El az&amp;uacute;car tiene efectos negativos en la salud que van m&amp;aacute;s all&amp;aacute; de la creencia de que se trata de &amp;lsquo;calor&amp;iacute;as vac&amp;iacute;as&amp;rsquo; que fomentan la obesidad", escribe en un editorial adjunto Laura Schmidt, de la facultad de medicinade la Universidad de California, en San Francisco .</content>
        </sentence>
        <sentence id="9">
          <content>"Consumir demasiada az&amp;uacute;car no solo engorda; tambi&amp;eacute;n puede causar enfermedades" .</content>
        </sentence>
        <sentence id="10">
          <content>Pero, &amp;iquest;cu&amp;aacute;nto es demasiado?</content>
        </sentence>
        <sentence id="11">
          <content>Resulta que no es tanto como podr&amp;iacute;as pensar .</content>
        </sentence>
        <sentence id="12">
          <content>Como algunos m&amp;eacute;dicos y cient&amp;iacute;ficos han advertido durante un tiempo, un poco de az&amp;uacute;carpuede tenermuchos efectos .</content>
        </sentence>
        <sentence id="13">
          <content>El az&amp;uacute;car a&amp;ntilde;adida, seg&amp;uacute;n la mayor&amp;iacute;a de expertos, es mucho m&amp;aacute;s da&amp;ntilde;ina para nuestros cuerpos que el az&amp;uacute;car que se presenta de forma natural .</content>
        </sentence>
        <sentence id="14">
          <content>El az&amp;uacute;car a&amp;ntilde;adida es la que se usa en alimentos procesados o preparados, como bebidas endulzadas con az&amp;uacute;car, postres a base de cereales, bebidas de frutas, postres l&amp;aacute;cteos, golosinas, cereales listos para comer y panes con levadura .</content>
        </sentence>
        <sentence id="15">
          <content>No hay problema con las frutas y los jugos naturales de fruta .</content>
        </sentence>
        <sentence id="16">
          <content>Las recomendaciones para el consumo diario de az&amp;uacute;car a&amp;ntilde;adida var&amp;iacute;an mucho:El Instituto de Medicina de Estados Unidos recomienda que el az&amp;uacute;car a&amp;ntilde;adidarepresente menos del 25% de tu ingesta total decalor&amp;iacute;asLa Organizaci&amp;oacuten Mundial de la Salud recomienda menos del 10% .</content>
        </sentence>
        <sentence id="17">
          <content>Hay algunas buenas noticias .</content>
        </sentence>
        <sentence id="18">
          <content>El porcentaje medio de las calor&amp;iacute;as obtenidas del az&amp;uacute;car a&amp;ntilde;adida aument&amp;oacute de 15 .</content>
        </sentence>
        <sentence id="19">
          <content>7% en el periodo 1988-1994 a 16 .</content>
        </sentence>
        <sentence id="20">
          <content>8% en 1999-2004, pero disminuy&amp;oacute a 14 .</content>
        </sentence>
        <sentence id="21">
          <content>9% entre 2005 y 2010, seg&amp;uacute;n el estudio .</content>
        </sentence>
        <sentence id="22">
          <content>Pero la mayor&amp;iacute;a de adultos a&amp;uacute;n obtuvieron 10% o m&amp;aacute;s de sus calor&amp;iacute;as del az&amp;uacute;car a&amp;ntilde;adida y m&amp;aacute;s o menos una de cada 10 personas obtuvo el 25% o m&amp;aacute;s de sus calor&amp;iacute;as a partir del az&amp;uacute;car durante el mismo per&amp;iacute;odo .</content>
        </sentence>
        <sentence id="23">
          <content>Los participantes en el estudio que obten&amp;iacute;an aproximadamente del 17 al 21% de sus calor&amp;iacute;as a partir del az&amp;uacute;car a&amp;ntilde;adida presentaron un 38% m&amp;aacute;s de riesgo de morir por una enfermedad cardiovascular, en comparaci&amp;oacuten con quienes obten&amp;iacute;an aproximadamente el 8% de sus calor&amp;iacute;as a partir del az&amp;uacute;car a&amp;ntilde;adida, concluyeron los autores del estudio .</content>
        </sentence>
        <sentence id="24">
          <content>"Este riesgo relativo era de m&amp;aacute;s del doble para quienes obten&amp;iacute;an 21% o m&amp;aacute;s de sus calor&amp;iacute;as a partir del az&amp;uacute;car a&amp;ntilde;adida", escribieron .</content>
        </sentence>
        <sentence id="25">
          <content>Shmidt escribe que "los m&amp;eacute;dicos deber&amp;iacute;an advertir a los pacientes que, para cuidar la salud cardiovascular, lo m&amp;aacute;s seguro es consumir menos del 15% de sus calor&amp;iacute;as diarias a partir del az&amp;uacute;car a&amp;ntilde;adida" .</content>
        </sentence>
        <sentence id="26">
          <content>Schmidt se&amp;ntilde;ala que eso equivale a beber una lata de refresco de tama&amp;ntilde;o regular en una dieta de 2,000 calor&amp;iacute;as .</content>
        </sentence>
        <sentence id="27">
          <content>"A partir de ah&amp;iacute;, el riesgo aumenta exponencialmente en funci&amp;oacuten de un aumento en el consumo de az&amp;uacute;car", escribe .</content>
        </sentence>
        <sentence id="28">
          <content>As&amp;iacute; que, &amp;iquest;deber&amp;iacute;a establecerse un impuesto a todos los productos con az&amp;uacute;car a&amp;ntilde;adida?</content>
        </sentence>
        <sentence id="29">
          <content>"Los &amp;lsquo;impuestos del pecado&amp;rsquo;, ya sea sobre el tabaco, alcohol, o los productos cargados de az&amp;uacute;car, son populares porque son f&amp;aacute;ciles de implementar y generan ingresos, con una base de evidencia bien documentada que apoya su efectividad parareducir el consumo", escribe Schmidt .</content>
        </sentence>
        <sentence id="30">
          <content>Pero olv&amp;iacute;date del costo monetario a corto plazo .</content>
        </sentence>
        <sentence id="31">
          <content>Antes de que elijas tu pr&amp;oacutexima golosina, piensa en el costo a largo plazo que afectar&amp;aacute; a tu salud .</content>
        </sentence>
      </sentences>
    </paragraph>
  </article>
</document>
