<?xml version="1.0" encoding="UTF-8"?>
<document id="779" link="http://mexico.cnn.com/salud/2013/04/11/por-cuarta-ocasion-el-aeropuerto-changi-de-singapur-es-el-mejor-del-mundo" category="Salud" author="Eoghan Macguire" highlights_mapped="false">
  <title>Por cuarta ocasi&amp;oacuten, el aeropuerto Changi de Singapur es el mejor del mundo - Salud - CNNMexico.com</title>
  <keywords>aeropuerto, changi, singapur, mejor del mundo, world airport awards, skytrax,</keywords>
  <summaries>
    <highlights>
      <sentence id="1" ids_sentences_article="">El aeropuerto Changi de Singapur fue nombrado el mejor aeropuerto del mundo.</sentence>
      <sentence id="2" ids_sentences_article="">Mantuvo competencia de otros aeropuertos de Europa, Am&amp;eacute;rica del Norte y otras ciudades asi&amp;aacute;ticas.</sentence>
      <sentence id="3" ids_sentences_article="">Los premios han sido dominados por aeropuertos en el este de Asia por m&amp;aacute;s de una d&amp;eacute;cada.</sentence>
    </highlights>
  </summaries>
  <article>
    <paragraph id="1">
      <sentences>
        <sentence id="1">
          <content>Por cuarta ocasi&amp;oacuten, el aeropuerto Changi de Singapur es el mejor del mundo.</content>
        </sentence>
        <sentence id="2">
          <content>El aeropuerto tiene instalaciones como piscinas, jardines de mariposas, senderos naturales y cinemas, y ofrece tours gratuitos a la ciudad.</content>
        </sentence>
        <sentence id="3">
          <content>(CNN) -- El aeropuerto Changi de Singapur fue coronado como el mejor en el mundo por cuarta vez en 14 a&amp;ntilde;os por los prestigiosos premios World Airport en Ginebra .</content>
        </sentence>
        <sentence id="4">
          <content>El hub del sureste asi&amp;aacute;tico venci&amp;oacute a otros aeropuertos como el Incheon de Corea del Sur, y Schiphol de Amsterdam, los cuales quedaron en segundo y tercer lugar respectivamente .</content>
        </sentence>
        <sentence id="5">
          <content>El premio est&amp;aacute; basado en encuestas realizadas por Skytrax, una empresa brit&amp;aacute;nica de consultor&amp;iacute;a de viajes a&amp;eacute;reos, que entrevist&amp;oacute a 12 .</content>
        </sentence>
        <sentence id="6">
          <content>1 millones de pasajeros durante un periodo de nueve meses .</content>
        </sentence>
        <sentence id="7">
          <content>Un total de 39 servicios y productos, incluyendo documentaci&amp;oacuten, llegadas, transbordos, compras, seguridad e inmigraci&amp;oacuten, fueron examinados en 395 aeropuertos a trav&amp;eacute;s del mundo .</content>
        </sentence>
        <sentence id="8">
          <content>Leer: El aeropuerto de Canc&amp;uacute;n, el mejor de Am&amp;eacute;rica Latina"Al ganar este prestigioso galard&amp;oacuten, el aeropuerto Changi de Singapur se posiciona como uno de los aeropuertos favoritos del mundo", afirm&amp;oacute Edward Plaisted, presidente de Skytrax .</content>
        </sentence>
        <sentence id="9">
          <content>Un bullicioso punto de enlace de la aviaci&amp;oacuten entre occidente y oriente, que movi&amp;oacute a 52 millones de pasajeros y 1 .</content>
        </sentence>
        <sentence id="10">
          <content>81 millones de toneladas de carga en 2012, Changi ha ganado una reputaci&amp;oacuten por su atenci&amp;oacuten al pasajero y la abundancia de sus servicios de entretenimiento .</content>
        </sentence>
        <sentence id="11">
          <content>El aeropuerto ofrece viajes tur&amp;iacute;sticos gratuitos a la ciudad para todos los viajeros que hagan escala de cinco horas o m&amp;aacute;s, y tiene instalaciones como piscinas, jardines de mariposas, senderos naturales y cinemas .</content>
        </sentence>
        <sentence id="12">
          <content>Changi tambi&amp;eacute;n fue uno de los primeros aeropuertos en ofrecer internet inal&amp;aacute;mbrico gratuito, y ya gan&amp;oacute el premio al mejor aeropuerto en el a&amp;ntilde;o 2000, en 2006 y en 2010 .</content>
        </sentence>
        <sentence id="13">
          <content>En una entrevista con el programa The Gateway de CNN, el vicepresidente ejecutivo de gesti&amp;oacuten de Changi, Tan Lye Teck, dijo que es "reconfortante saber que hay gente que muestra aprecio por las cosas que hacemos" .</content>
        </sentence>
        <sentence id="14">
          <content>"Continuaremos esencialmente con lo que siempre hemos intentado hacer (que es poner) al pasajero, el usuario, el cliente al centro de todo", agreg&amp;oacute .</content>
        </sentence>
        <sentence id="15">
          <content>Otros destinos en las primeras posiciones incluidas este a&amp;ntilde;o est&amp;aacute;n el aeropuerto internacional de Hong Kong, y el de Beijing .</content>
        </sentence>
        <sentence id="16">
          <content>Cinco de los primeros 10 son aeropuertos asi&amp;aacute;ticos .</content>
        </sentence>
        <sentence id="17">
          <content>Hong Kong ya fue catalogado como el mejor aeropuerto ocho veces, Incheon dos veces y Changi cuatro veces .</content>
        </sentence>
        <sentence id="18">
          <content>Leer: Asia domina la lista de los mejores aeropuertos del mundoSolo un aeropuerto no asi&amp;aacute;tico ha ganado el premio, Schiphol de Amsterdam en 1999, el primer a&amp;ntilde;o en que se comenzaron a entregar los premios .</content>
        </sentence>
        <sentence id="19">
          <content>Schiphol fue nombrado mejor aeropuerto europeo en 2013, mientras que el mejor aeropuerto de Am&amp;eacute;rica del Norte fue para Vancouver .</content>
        </sentence>
        <sentence id="20">
          <content>El aeropuerto de Ciudad del Cabo, el Jorge Ch&amp;aacute;vez de Lima, el Tocumen de Panam&amp;aacute;, y el de Abu Dhabi tomaron los premios regionales para &amp;Aacute;frica, Sudam&amp;eacute;rica, Am&amp;eacute;rica Central y el Medio Oriente, respectivamente .</content>
        </sentence>
        <sentence id="21">
          <content>La lista completa de ganadores en diversas categor&amp;iacute;as puede encontrarse aqu&amp;iacute; .</content>
        </sentence>
      </sentences>
    </paragraph>
  </article>
</document>
