<?xml version="1.0" encoding="UTF-8"?>
<document id="159" link="http://mexico.cnn.com/salud/2013/11/02/ni-muy-guapo-ni-muy-feo-entonces-eres-sexy" category="Salud" author="Jarrett Bellini" highlights_mapped="false">
  <title>&amp;iquestNi muy guapo ni muy feo? Entonces eres sexy  - Salud - CNNMexico.com</title>
  <keywords>efecto porrista, universidad de California, revista psychological science, cientificos, ragos, atractivos, poco atractivos</keywords>
  <summaries>
    <highlights>
      <sentence id="1" ids_sentences_article="">Salir con un grupo de personas reduce tus rasgos poco atractivos, seg&amp;uacute;n un estudio de la Universidad de California.</sentence>
      <sentence id="2" ids_sentences_article="">Los rostros de la gente tienden a "promediarse" en un grupo, haciendo que las caracter&amp;iacute;sticas se vean menos &amp;uacute;nicas de lo que son.</sentence>
      <sentence id="3" ids_sentences_article="">El promedio social en realidad es la llave para verse bien en lugares p&amp;uacute;blicos.</sentence>
    </highlights>
  </summaries>
  <article>
    <paragraph id="1">
      <sentences>
        <sentence id="1">
          <content>&amp;iquestNi muy guapo ni muy feo?</content>
        </sentence>
        <sentence id="2">
          <content>Entonces eres sexy.</content>
        </sentence>
        <sentence id="3">
          <content>Una investigaci&amp;oacuten de la Universidad de California revela que salir en grupo reduce tus rasgos poco atractivos.</content>
        </sentence>
        <sentence id="4">
          <content>Nota del editor: Cada semana en Aparentemente esto es importante, Jarret Bellini de CNN, aplica sus susceptibilidades deformadas para temas del momento en los medios sociales y elementos aleatorios de inter&amp;eacute;s en la web .</content>
        </sentence>
        <sentence id="5">
          <content>(CNN)&amp;ndash; En mi mejor momento: soy un cinco .</content>
        </sentence>
        <sentence id="6">
          <content>No me quejo, agunos de ustedes son cuatro .</content>
        </sentence>
        <sentence id="7">
          <content>No dir&amp;eacute; nombres, pero los he visto caminar a la tienda Great Clips, usualmente cuando estoy saliendo de Old Navy . . . as&amp;iacute; que estamos en esto juntos .</content>
        </sentence>
        <sentence id="8">
          <content>Pero s&amp;iacute;, en mi mejor momento soy un cinco .</content>
        </sentence>
        <sentence id="9">
          <content>En un buen d&amp;iacute;a, sin iluminaci&amp;oacuten deficiente .</content>
        </sentence>
        <sentence id="10">
          <content>Y estoy completamente bien con mi estatus de un cinco .</content>
        </sentence>
        <sentence id="11">
          <content>Porque, de acuerdo con un nuevo estudio, tener una apariencia promedio es sexy .</content>
        </sentence>
        <sentence id="12">
          <content>La revista GQ todav&amp;iacute;a no me ha llamado para una sesi&amp;oacuten de fotos, pero uso mis mejores pantalones solo para estar seguro .</content>
        </sentence>
        <sentence id="13">
          <content>Esto se basa en una teor&amp;iacute;a llamada el "efecto porrista", y se gener&amp;oacute originalmente en el programa de televisi&amp;oacuten How I Met Your Mother,cuando el personaje que interpreta el actor Neil Patrick Harris, Barney Stinson, explic&amp;oacute el fen&amp;oacutemeno a sus amigos mientras admiraba a los clientes en un bar .</content>
        </sentence>
        <sentence id="14">
          <content>Barney dijo: "El efecto porrista es cuando un grupo de mujeres parecen ser atractivas, pero solo como un grupo .</content>
        </sentence>
        <sentence id="15">
          <content>As&amp;iacute; como con las porristas .</content>
        </sentence>
        <sentence id="16">
          <content>Ellas se ven bien, pero toma a cada una de ellas individualmente&amp;hellip;&amp;iexcl;no tan bien!</content>
        </sentence>
        <sentence id="17">
          <content>"Aparentemente, se trata de un promedio social dentro de un grupo, en el que de alguna manera la apariencia de aquellos que no son atractivos mejora mientras que la apariencia de aquellos que son guapos declina en alg&amp;uacute;n tipo de punto medio perfecto .</content>
        </sentence>
        <sentence id="18">
          <content>B&amp;aacute;sicamente, todo el grupo se convierte en un men&amp;uacute; de Applebbe&amp;rsquo;s, que es excitadamente sabroso, al darle un primer vistazo .</content>
        </sentence>
        <sentence id="19">
          <content>Y el efecto porrista definitivamente se aplica a ambos sexos, como fue probado por investigadores en la Universidade California, San Diego, donde este estudio de la vida real fue llevado a cabo tanto para hombres como mujeres .</content>
        </sentence>
        <sentence id="20">
          <content>Los resultados, recientemente publicados en la revista Psychological Science, revela que una buena manera de elevar tu apariencia completa en p&amp;uacute;blico es simplemente rodearte de m&amp;aacute;s personas (de preferencia que conozcas) .</content>
        </sentence>
        <sentence id="21">
          <content>"Vaya, &amp;iquest;qu&amp;eacute; brisa, no?</content>
        </sentence>
        <sentence id="22">
          <content>Hola, me llamo David" .</content>
        </sentence>
        <sentence id="23">
          <content>Por supuesto, esto parece obvio .</content>
        </sentence>
        <sentence id="24">
          <content>En situaciones sociales, estar rodeados de otros te hace m&amp;aacute;s deseable que ser un solitario rodeado de dudas .</content>
        </sentence>
        <sentence id="25">
          <content>Pero este estudio no es acerca de tu vibra, sino tu apariencia .</content>
        </sentence>
        <sentence id="26">
          <content>Los cient&amp;iacute;ficos Drew Walker y Edward Vul escribieron que los rostros de la gente tienden a "promediarse" en un grupo, haciendo que las caracter&amp;iacute;sticas se vean menos &amp;uacute;nicas de lo que son .</content>
        </sentence>
        <sentence id="27">
          <content>Unos cinco perfectos .</content>
        </sentence>
        <sentence id="28">
          <content>Lo cual no necesariamente suena como una buena cosa .</content>
        </sentence>
        <sentence id="29">
          <content>Pero lo es .</content>
        </sentence>
        <sentence id="30">
          <content>De acuerdo con esta investigaci&amp;oacuten, el promedio social en realidad es la llave para verse bien en lugares p&amp;uacute;blicos .</content>
        </sentence>
        <sentence id="31">
          <content>Walker explica en el estudio: "Los rostros promedio son m&amp;aacute;s atractivos, en parte debido a la idiosincrasia de los poco atractivos .</content>
        </sentence>
        <sentence id="32">
          <content>Quiz&amp;aacute;s sea como las familias de Tolstoy: "Las personas hermosas se parecen, pero cada persona no atractiva es poco atractiva a su manera" .</content>
        </sentence>
        <sentence id="33">
          <content>B&amp;aacute;sicamente, ellos suponen que salir en grupo no necesariamente acent&amp;uacute;a tus supuestas buenas calidades, pero si en cambio, minimiza tus rasgos menos atractivos .</content>
        </sentence>
        <sentence id="34">
          <content>As&amp;iacute; que esa rara cicatriz de nacimiento en tu mejilla parecida a la de Richard Nixon&amp;hellip;pfff, &amp;iexcl;c&amp;oacutemo si no estuviera ah&amp;iacute;!De hecho, los hallazgos mostraron que las personas en grupos fueron calificados 5 .</content>
        </sentence>
        <sentence id="35">
          <content>5% m&amp;aacute;s atractivos que si se ve&amp;iacute;an solos .</content>
        </sentence>
        <sentence id="36">
          <content>Lo cual no dice mucho, pero es algo .</content>
        </sentence>
        <sentence id="37">
          <content>Para probar la teor&amp;iacute;a del "efecto porrista" se realizaron cinco experimentos con m&amp;aacute;s de 130 estudiantes a los que se les mostraron fotos de 100 personas .</content>
        </sentence>
        <sentence id="38">
          <content>Despu&amp;eacute;s, se les pidi&amp;oacute que calificaran su atractivo .</content>
        </sentence>
        <sentence id="39">
          <content>Algunas de las personas en las fotos fueron exhibidas solas, y en otras fotos eran parte de un grupo .</content>
        </sentence>
        <sentence id="40">
          <content>Finalmente, tanto hombres como mujeres fueron vistas m&amp;aacute;s atractivas en fotos grupales .</content>
        </sentence>
        <sentence id="41">
          <content>Por supuesto, una vez que te separas del grupo, est&amp;aacute;s solo y ah&amp;iacute; surge la verdad .</content>
        </sentence>
        <sentence id="42">
          <content>As&amp;iacute; que definitivamente tiene su m&amp;eacute;rito la idea de tener un amigo o amiga con qui&amp;eacute;n salir a lugares .</content>
        </sentence>
        <sentence id="43">
          <content>Y mientras m&amp;aacute;s tengas, mucho mejor .</content>
        </sentence>
      </sentences>
    </paragraph>
  </article>
</document>
