<?xml version="1.0" encoding="UTF-8"?>
<document id="627" link="http://mexico.cnn.com/salud/2013/10/07/los-infames-e-indeseados-nombres-de-las-enfermedades" category="Salud" highlights_mapped="false">
  <title>Los infames (e &amp;iquestindeseados?) nombres de las enfermedades - Salud - CNNMexico.com</title>
  <keywords>nombres de las enfermedades, enfermedad, mers, gripe porcina, alzheimer, tourette,</keywords>
  <summaries>
    <highlights>
      <sentence id="1" ids_sentences_article="">La influenza H1N1 al principio se dio a conocer como gripe porcina, pero la industria de la carne de cerdo rechaz&amp;oacute el t&amp;eacute;rmino.</sentence>
      <sentence id="2" ids_sentences_article="">La Organizaci&amp;oacuten Mundial de la Salud indic&amp;oacute que preferentemente los nombres no aludan a la regi&amp;oacuten de detecci&amp;oacuten inicial.</sentence>
      <sentence id="3" ids_sentences_article="">Algunas enfermedades como el alzh&amp;eacute;imer han sido nombradas en honor a sus descubridores.</sentence>
    </highlights>
  </summaries>
  <article>
    <paragraph id="1">
      <sentences>
        <sentence id="1">
          <content>Los infames (e &amp;iquestindeseados?)</content>
        </sentence>
        <sentence id="2">
          <content>nombres de las enfermedades.</content>
        </sentence>
        <sentence id="3">
          <content>Las naciones intentan evitar que las nuevas enfermedades sean identificadas con los nombres de donde se originaron.</content>
        </sentence>
        <sentence id="4">
          <content>(AFP) -- Algunas enfermedades tienen mala fama, pero a&amp;uacute;n cuando sus nombres glorifican a m&amp;eacute;dicos nazis o calumnian a alg&amp;uacute;n grupo &amp;eacute;tnico o social, es dif&amp;iacute;cil lograr que se las llame de otra manera, dicen expertos .</content>
        </sentence>
        <sentence id="5">
          <content>Afecciones m&amp;eacute;dicas, virus y hasta tics nerviosos han sido bautizados en alusi&amp;oacuten a lugares, atletas famosos, m&amp;eacute;dicos pioneros y destacados escritores .</content>
        </sentence>
        <sentence id="6">
          <content>La influenza H1N1, que desat&amp;oacute una pandemia mundial en 2009, fue llamada inicialmente gripe porcina, mientras el S&amp;iacute;ndrome de Pickwick es otro nombre para el S&amp;iacute;ndrome de Hipoventilaci&amp;oacuten por Obesidad (SHO), basado en un personaje gordo de una novela de Charles Dickens .</content>
        </sentence>
        <sentence id="7">
          <content>La &amp;uacute;ltima enfermedad con nombre de lugar de origen que ha sido noticia es el S&amp;iacute;ndrome Respiratorio Coronavirus de Medio Oriente (MERS-CoV, por sus siglas en ingl&amp;eacute;s), que ha matado a 58 de las 130 personas contagiadas desde 2012 .</content>
        </sentence>
        <sentence id="8">
          <content>La Organizaci&amp;oacuten Mundial de la Salud (OMS) aprob&amp;oacute el nombre en mayo, pero apunt&amp;oacute: "la OMS generalmente prefiere que los nombres de los virus no aludan a la regi&amp;oacuten o lugar de detecci&amp;oacuten inicial" .</content>
        </sentence>
        <sentence id="9">
          <content>Ausencia de un organismo regulador centralAnte la ausencia de un organismo regulador central de nombres de enfermedades, estas pueden terminar con m&amp;uacute;ltiples etiquetas .</content>
        </sentence>
        <sentence id="10">
          <content>"Donde hay desacuerdo se puede poner complicado", dijo Stephanie Morrison, experta de la Biblioteca Nacional de Medicina de Estados Unidos .</content>
        </sentence>
        <sentence id="11">
          <content>Algunos nombres inapropiados han desaparecido r&amp;aacute;pidamente .</content>
        </sentence>
        <sentence id="12">
          <content>A principios de la d&amp;eacute;cada de los 80, el VIH se identificaba con las "4H", en referencia a los haitianos, homosexuales, hemof&amp;iacute;licos y heroin&amp;oacutemanos .</content>
        </sentence>
        <sentence id="13">
          <content>Otro nombre que se introdujo en 1982, pero pronto desapareci&amp;oacute, fue GRID, siglas en ingl&amp;eacute;s para Inmunodeficiencia Relacionada a los Gays .</content>
        </sentence>
        <sentence id="14">
          <content>Ya no suelen nombrarse las enfermedades mencionando a sus descubridores, pero algunos casos persisten, como el alzh&amp;eacute;imer, por el psiquiatra alem&amp;aacute;n Alois Alzheimer (1864-1915), y el S&amp;iacute;ndrome de Tourette, por el neur&amp;oacutelogo franc&amp;eacute;s Georges Gilles de la Tourette (1859-1904) .</content>
        </sentence>
        <sentence id="15">
          <content>Nombrar enfermedades aludiendo a lugares geogr&amp;aacute;ficos no siempre ha sido buena idea .</content>
        </sentence>
        <sentence id="16">
          <content>En 2009, una nueva superbacteria resistente a los medicamentos fue bautizada NDM-1 (siglas en ingl&amp;eacute;s de Nueva Delhi metalo beta lactamasa), por haber sido identificada por un indio afincado en Suecia que contrajo la enfermedad durante una visita a India en 2007 .</content>
        </sentence>
        <sentence id="17">
          <content>Expertos m&amp;eacute;dicos y parlamentarios indios proteestaron por considerar que el nombre dejaba a la ciudad como un lugar sucio .</content>
        </sentence>
        <sentence id="18">
          <content>La superbacteria se ha encontrado desde entonces en todo el mundo, se&amp;ntilde;al&amp;oacute Ajai Singh, un m&amp;eacute;dico de Mumbai que propuso crear una comisi&amp;oacuten internacional para nombres m&amp;eacute;dicos, que a&amp;uacute;n no se ha concretado .</content>
        </sentence>
        <sentence id="19">
          <content>"El nombre NDM-1 sigue siendo ampliamente utilizado .</content>
        </sentence>
        <sentence id="20">
          <content>Los h&amp;aacute;bitos tardan en desaparecer, incluso entre los cient&amp;iacute;ficos", dijo en un correo electr&amp;oacutenico .</content>
        </sentence>
        <sentence id="21">
          <content>Nazis y ShakespeareAun cuando la comunidad cient&amp;iacute;fica est&amp;eacute; de acuerdo en cambiar el nombre de una dolencia, como es el caso de un raro defecto neurol&amp;oacutegico llamado S&amp;iacute;ndrome de Hallervorden-Spatz, llamado as&amp;iacute; por los m&amp;eacute;dicos nazis que la describieron por primera vez, el proceso puede durar d&amp;eacute;cadas .</content>
        </sentence>
        <sentence id="22">
          <content>"No quiero que la enfermedad tenga nada que ver con ellos", dijo Patty Wood, cuya hija Kimbi, ahora de 27 a&amp;ntilde;os, fue diagnosticada a los tres a&amp;ntilde;os con este mal cuando perdi&amp;oacute gradualmente la capacidad de caminar y hablar .</content>
        </sentence>
        <sentence id="23">
          <content>Cuando Wood se enter&amp;oacute de que Julius Hallervorden y su jefe, Hugo Spatz, hicieron su investigaci&amp;oacuten usando el cerebro de ni&amp;ntilde;os exterminados por el r&amp;eacute;gimen nazi, cambi&amp;oacute el nombre del grupo que fund&amp;oacute para generar conciencia sobre esa afecci&amp;oacuten, por Asociaci&amp;oacuten de Enfermos de Neurodegeneraci&amp;oacuten con Acumulaci&amp;oacuten Cerebral de Hierro (NBIA, por su sigla en ingl&amp;eacute;s), e inst&amp;oacute a los m&amp;eacute;dicos a hacer lo mismo .</content>
        </sentence>
        <sentence id="24">
          <content>Eso fue hace 10 a&amp;ntilde;os .</content>
        </sentence>
        <sentence id="25">
          <content>Pero "todav&amp;iacute;a hay algunos m&amp;eacute;dicos fuera de Estados Unidos que diagnostican el S&amp;iacute;ndrome de Hallervorden-Spatz", dijo Wood, mencionando casos en Sudam&amp;eacute;rica e India .</content>
        </sentence>
        <sentence id="26">
          <content>Un estudio realizado el a&amp;ntilde;o pasado mostr&amp;oacute que el uso del nombre S&amp;iacute;ndrome de Hallervorden-Spatz disminuy&amp;oacute a cerca de la mitad desde la d&amp;eacute;cada de 1990, en una iniciativa que Michael Shevell, de la Universidad McGill en Canad&amp;aacute;, consider&amp;oacute "una decisi&amp;oacuten colectiva inconsciente de la comunidad neurol&amp;oacutegica de 'hacer lo correcto'" .</content>
        </sentence>
        <sentence id="27">
          <content>Otros nombres surgen de fuentes menos pol&amp;eacute;micas .</content>
        </sentence>
        <sentence id="28">
          <content>Por ejemplo, m&amp;eacute;dicos irlandeses sugirieron hace poco dejar de llamar el gesto de un moribundo de aferrarse a la ropa de cama como "Se&amp;ntilde;al de Enrique V", una descripci&amp;oacuten presente en la obra "Enrique V" de Shakespeare .</content>
        </sentence>
        <sentence id="29">
          <content>Fergus Shanahan, presidente del departamento de medicina de la Universidad College Cork en Irlanda, dijo que el nombre funcion&amp;oacute porque la obra de Shakespeare es conocida .</content>
        </sentence>
        <sentence id="30">
          <content>"Es una descripci&amp;oacuten abreviada de algo bastante complejo, pero tambi&amp;eacute;n muy com&amp;uacute;n" .</content>
        </sentence>
      </sentences>
    </paragraph>
  </article>
</document>
