<?xml version="1.0" encoding="UTF-8"?>
<document id="545" link="http://mexico.cnn.com/salud/2013/11/29/de-chile-mezcal-y-chocolate-una-guia-gastronomica-de-oaxaca" category="Salud" highlights_mapped="false">
  <title>De chile, mezcal y chocolate: una gu&amp;iacute;a gastron&amp;oacutemica de Oaxaca - Salud - CNNMexico.com</title>
  <keywords>viajes, oaxaca, gastronomia, platillos tipicos, comida, guia turistica, turismo, mexico, comida mexicana, comida tipica, mezcal, bebida, bebidas tradicionales, cultura, costumbres, chocolate, mole, insectos, comida con insectos, mercados, productos oaxaquenos</keywords>
  <summaries>
    <highlights>
      <sentence id="1" ids_sentences_article="">Los mercados son los lugares ideales para probar la comida t&amp;iacute;pica de la regi&amp;oacuten.</sentence>
      <sentence id="2" ids_sentences_article="">No se te puede pasar hacer una visita por los mejores lugares para deleitarte con un mezcal.</sentence>
      <sentence id="3" ids_sentences_article="">Tlayudas, mole y chocolate son algunos de los elementos tradicionales de la gastronom&amp;iacute;a oaxaque&amp;ntilde;a.</sentence>
    </highlights>
  </summaries>
  <article>
    <paragraph id="1">
      <sentences>
        <sentence id="1">
          <content>De chile, mezcal y chocolate: una gu&amp;iacute;a gastron&amp;oacutemica de Oaxaca.</content>
        </sentence>
        <sentence id="2">
          <content>Tlayudas, platillos con insectos, barbacoa, pan de yema y tampoco te puedes ir sin probar un buen mezcal.</content>
        </sentence>
        <sentence id="3">
          <content>(TRAVEL+LEISURE) -- Por su tradici&amp;oacuten y sabor, Oaxaca es considerado uno de los templos culinarios m&amp;aacute;s importantes en M&amp;eacute;xico .</content>
        </sentence>
        <sentence id="4">
          <content>Te presentamos algunos de los lugares donde podr&amp;aacute;s encontrar el saz&amp;oacuten y las bebidas tradicionales de este estado:Los mercados-El mercado 20 De Noviembre es uno de los m&amp;aacute;s concurridos, no solo por su oferta de productos para llevar, sino por su cantidad de fondas y sitios para degustar ah&amp;iacute; mismo los platillos preparados con los elementos de ese lugar .</content>
        </sentence>
        <sentence id="5">
          <content>Mucho pan, mucho chocolate y mucho mole circundan largas bancas repletas de gente que tiene encima un caldo sustancioso o un pan con chocolate enfrente .</content>
        </sentence>
        <sentence id="6">
          <content>Visita su pasillo del humo, una experiencia surreal .</content>
        </sentence>
        <sentence id="7">
          <content>Ubicaci&amp;oacuten: en las calles Aldama, 20 de Noviembre y Miguel Cabrera .</content>
        </sentence>
        <sentence id="8">
          <content>- La Merced, aunque en realidad su verdadero nombre es mercado Democracia, es conocido as&amp;iacute; por su relaci&amp;oacuten con el barrio que lleva dicho nombre .</content>
        </sentence>
        <sentence id="9">
          <content>En su interior se encuentra uno de los lugares m&amp;aacute;s emblem&amp;aacute;ticos y concurridos para la hora del desayuno: La Florecita, una fonda con mesas comunales donde preparan tlayudas, salsa de huevo, enfrijoladas y el indispensable chocolate de agua .</content>
        </sentence>
        <sentence id="10">
          <content>Ubicaci&amp;oacuten: Murgu&amp;iacute;a esquina Leandro Valle .</content>
        </sentence>
        <sentence id="11">
          <content>- Tlacolula es el mercado de los domingos a solo 30 minutos de la ciudad .</content>
        </sentence>
        <sentence id="12">
          <content>Es un hervidero de productos aut&amp;eacute;nticos del estado: quesillo, chocolate, barbacoa, pan de yema, chiles, mezcal, entre otros .</content>
        </sentence>
        <sentence id="13">
          <content>Adem&amp;aacute;s, tiene uno de los mejores pasillos del humo de Oaxaca: un conjunto de locales que ofrecen carne, tasajo, costillas, cebolla, chorizo, longaniza y chiles para que, en medio del pasillo, utilices los asadores para prepararte una comida completa a tu gusto .</content>
        </sentence>
        <sentence id="14">
          <content>- A un costado del mercado 20 de Noviembre se encuentra el Benito Ju&amp;aacute;rez, un sitio en el que encontrar&amp;aacute;s lo mejor de los productos oaxaque&amp;ntilde;os (incluidos textiles y pieles) .</content>
        </sentence>
        <sentence id="15">
          <content>Tlayudas para llevar, fruta, chiles, tasajo, quesillo y se&amp;ntilde;oras con canastas llenas de chapulines sazonados de distintas maneras .</content>
        </sentence>
        <sentence id="16">
          <content>Entre sus locales legendarios se encuentra el de las aguas Casilda que, desde 1926, sirve combinaciones de aguas frescas de frutas, as&amp;iacute; como las nieves Chag&amp;uuml;ita, una parada obligada para probar su m&amp;iacute;tica nieve de leche quemada con tuna roja .</content>
        </sentence>
        <sentence id="17">
          <content>Ubicaci&amp;oacuten: en las calles Aldama, Flores Mag&amp;oacuten y Las Casas .</content>
        </sentence>
        <sentence id="18">
          <content>Si de mezcales se trata&amp;hellip;Oaxaca es la tierra del mezcal por excelencia, y la Mezcaloteca es el lugar indicado para conocer todo sobre la bebida .</content>
        </sentence>
        <sentence id="19">
          <content>No se trata de un bar ni el lugar para la sobremesa, aqu&amp;iacute; solo podr&amp;aacute;s degustar y aprender a beber mezcal .</content>
        </sentence>
        <sentence id="20">
          <content>Es necesario hacer una cita para tener acceso a una cata de tres tipos de mezcal .</content>
        </sentence>
        <sentence id="21">
          <content>Ubicaci&amp;oacuten: Reforma 506, Centro .</content>
        </sentence>
        <sentence id="22">
          <content>Visita: mezcaloteca .</content>
        </sentence>
        <sentence id="23">
          <content>com- El Mezquite es uno de los nuevos que lleg&amp;oacute a la ciudad en septiembre .</content>
        </sentence>
        <sentence id="24">
          <content>Tiene excelentes cervezas, mezcales y cocteler&amp;iacute;a en la carta, basta con pedir algo de beber para que a tu mesa lleguen diferentes tiempos de guisados locales .</content>
        </sentence>
        <sentence id="25">
          <content>Ubicaci&amp;oacuten: Garc&amp;iacute;a Vigil 601-A .</content>
        </sentence>
        <sentence id="26">
          <content>- Con 10 a&amp;ntilde;os reci&amp;eacute;n cumplidos, la Biznaga es uno de los consentidos de los viajeros para una tarde de comida y bebida en el ambiente m&amp;aacute;s relajado .</content>
        </sentence>
        <sentence id="27">
          <content>En la carta podr&amp;aacute;s encontrar 40 tipos de cervezas y unos 50 mezcales de Guerrero y Oaxaca; no es dif&amp;iacute;cil encontrar el maridaje correcto a sus sopas, ensaladas, carnes y pescados que ofrecen con mucho sabor y nada de pretensi&amp;oacuten .</content>
        </sentence>
        <sentence id="28">
          <content>Ubicaci&amp;oacuten: Garc&amp;iacute;a Vigil 512, Centro .</content>
        </sentence>
        <sentence id="29">
          <content>Visita: labiznaga .</content>
        </sentence>
        <sentence id="30">
          <content>mxEste es un fragmento de un art&amp;iacute;culo publicado en la edici&amp;oacuten de noviembre de 2013 de la revista Travel+Leisure, que es parte de Grupo Expansi&amp;oacuten, una empresa de Time Inc .</content>
        </sentence>
        <sentence id="31">
          <content>La firma edita en M&amp;eacute;xico 17 revistas y 11 sitios de internet, entre ellos CNNM&amp;eacute;xico .</content>
        </sentence>
      </sentences>
    </paragraph>
  </article>
</document>
