<?xml version="1.0" encoding="UTF-8"?>
<document id="476" link="http://mexico.cnn.com/salud/2014/02/20/una-bacteria-que-provoca-acne-fue-nombrada-en-honor-a-frank-zappa" category="Salud" author="Nisha Giridharan, especial para CNN" highlights_mapped="false">
  <title>Una bacteria que provoca acn&amp;eacute; fue nombrada en honor a Frank Zappa - Salud - CNNMexico.com</title>
  <keywords>bacteria, bicho, acne, frank zappa, cientificos, italia, vides, microbiologia, plantas, microbio</keywords>
  <summaries>
    <highlights>
      <sentence id="1" ids_sentences_article="">El cient&amp;iacute;fico Omar Rota-Stabelli encontr&amp;oacute en una planta a la bacteria que causa acn&amp;eacute; en humanos.</sentence>
      <sentence id="2" ids_sentences_article="">Un asteroide, un g&amp;eacute;nero de pez y un molusco tienen nombres inspirados en Frank Zappa.</sentence>
    </highlights>
  </summaries>
  <article>
    <paragraph id="1">
      <sentences>
        <sentence id="1">
          <content>Una bacteria que provoca acn&amp;eacute; fue nombrada en honor a Frank Zappa.</content>
        </sentence>
        <sentence id="2">
          <content>Un equipo de cient&amp;iacute;ficos italianos dio el nombre de 'P .</content>
        </sentence>
        <sentence id="3">
          <content>Zappae' a un bicho, en honor a la leyenda del rock.</content>
        </sentence>
        <sentence id="4">
          <content>(CNN) -- Zappa inspir&amp;oacute a un grupo de cient&amp;iacute;ficos a nombrar a un bicho que causa acn&amp;eacute; en su honor .</content>
        </sentence>
        <sentence id="5">
          <content>&amp;iquest;Suena extra&amp;ntilde;o?</content>
        </sentence>
        <sentence id="6">
          <content>En realidad, no lo es .</content>
        </sentence>
        <sentence id="7">
          <content>Todo tipo de escarabajos (George W .</content>
        </sentence>
        <sentence id="8">
          <content>Bush, Dick Cheney, Donald Rumsfeld), plantas (orqu&amp;iacute;dea princesa Diana, musgo presidente Obama) y animales (l&amp;eacute;mur lanudo de John Cleese) son solo algunos de los organismos nombrados en honor a celebridades .</content>
        </sentence>
        <sentence id="9">
          <content>Tampoco es la primera vez que una criatura es nombrada en honor a Zappa .</content>
        </sentence>
        <sentence id="10">
          <content>Hace 40 a&amp;ntilde;os, un molusco extinto desde hace 300 millones de a&amp;ntilde;os fue nombrado Amaurotoma zapp y hace un cuarto de siglo un nuevo g&amp;eacute;nero de pez fue nombrado Zappa .</content>
        </sentence>
        <sentence id="11">
          <content>El nombre Zappa tambi&amp;eacute;n se ha otorgado a medusas y ara&amp;ntilde;as .</content>
        </sentence>
        <sentence id="12">
          <content>Incluso le dio nombre a un asteroide, el 3834 Zappafrank .</content>
        </sentence>
        <sentence id="13">
          <content>Y este martes un grupo de cient&amp;iacute;ficos italianos anunci&amp;oacute, en la revista Molecular Biology and Evolution, que una bacteria que causa granos en humanos 'dio un salto' y coloniz&amp;oacute vides hace m&amp;aacute;s de 7,000 a&amp;ntilde;os .</content>
        </sentence>
        <sentence id="14">
          <content>Los autores nombraron al bicho P .</content>
        </sentence>
        <sentence id="15">
          <content>Zappae, en honor del miembro del Sal&amp;oacuten de la Fama del Rock and Roll, quien ten&amp;iacute;a ascendencia italiana .</content>
        </sentence>
        <sentence id="16">
          <content>Lee: &amp;iquest;Te gustar&amp;iacute;a que una enfermedad fuera nombrada en tu honor?En una de sus canciones m&amp;aacute;s controversiales, Zappa cantaba sobre desear a una princesa jud&amp;iacute;a con "granos de arena" .</content>
        </sentence>
        <sentence id="17">
          <content>A menudo hac&amp;iacute;a referencia a g&amp;eacute;rmenes en sus letras, porque cuando era ni&amp;ntilde;o vivi&amp;oacute cerca de una instalaci&amp;oacuten de armas qu&amp;iacute;micas .</content>
        </sentence>
        <sentence id="18">
          <content>A pesar de estas referencias, es improbable que Zappa, quien muri&amp;oacute en 1993, previera que iba a influir en el campo de la microbiolog&amp;iacute;a .</content>
        </sentence>
        <sentence id="19">
          <content>El evolucionista Omar Rota-Stabelli analizaba datos que el equipo recolect&amp;oacute de las bacterias en las vides, cuando inesperadamente encontr&amp;oacute el ADN de un microbio que causa acn&amp;eacute; .</content>
        </sentence>
        <sentence id="20">
          <content>Crey&amp;oacute que era una casualidad .</content>
        </sentence>
        <sentence id="21">
          <content>En an&amp;aacute;lisis posteriores se mostr&amp;oacute que la bacteria que causa acn&amp;eacute; de hecho encontr&amp;oacute un nuevo hogar en las c&amp;eacute;lulas de plantas .</content>
        </sentence>
        <sentence id="22">
          <content>Es la primera evidencia de una transferencia de microbio de humanos a plantas .</content>
        </sentence>
        <sentence id="23">
          <content>(En caso de que te lo preguntes, las plantas no comenzaron a presentar granos) .</content>
        </sentence>
        <sentence id="24">
          <content>Mientras Rota-Stabelli corr&amp;iacute;a para contarle al equipo, vio la cara de Zappa pegada en el fondo de pantalla de la computadora de la cient&amp;iacute;fica Andrea Campisano .</content>
        </sentence>
        <sentence id="25">
          <content>Mientras sonaba la canci&amp;oacuten Bobby Brown de fondo, los cient&amp;iacute;ficos creyeron que era simplemente natural nombrar a la bacteria en honor a algo tan inusual como lo era Frank Zappa .</content>
        </sentence>
        <sentence id="26">
          <content>"Frank Zappa era un m&amp;uacute;sico muy exc&amp;eacute;ntrico y de alguna forma muy inesperado en su comportamiento", dijo Campisano, autora principal de la investigaci&amp;oacuten .</content>
        </sentence>
        <sentence id="27">
          <content>"Realmente no esper&amp;aacute;bamos este (descubrimiento) y pensamos en &amp;eacute;l" .</content>
        </sentence>
      </sentences>
    </paragraph>
  </article>
</document>
