<?xml version="1.0" encoding="UTF-8"?>
<document id="608" link="http://mexico.cnn.com/salud/2013/06/25/las-olas-mas-grandes-y-peligrosas-del-mundo-para-surfear" category="Salud" author="Matthew Ponsford" highlights_mapped="false">
  <title>Las olas m&amp;aacute;s grandes (y peligrosas) del mundo para 'surfear' - Viajes - Salud - CNNMexico.com</title>
  <keywords>turismo, viajes, surf, olas, estados unidos, mexico, tahiti, portugal, francia, sudafrica, australia, tasmania, arrecife</keywords>
  <summaries>
    <highlights>
      <sentence id="1" ids_sentences_article="">Cyclops, en Australia, es el lugar que tiene las olas m&amp;aacute;s 'pesadas' y peligrosas de ese pa&amp;iacute;s.</sentence>
      <sentence id="2" ids_sentences_article="">En Dungeons, Sud&amp;aacute;frica, los surfistas tienen que compartir las olas con tiburones.</sentence>
    </highlights>
  </summaries>
  <article>
    <paragraph id="1">
      <sentences>
        <sentence id="1">
          <content>Las olas m&amp;aacute;s grandes (y peligrosas) del mundo para 'surfear'.</content>
        </sentence>
        <sentence id="2">
          <content>(CNN) -- Desde playas con olas de m&amp;aacute;s de 20 metros, hasta aguas infestadas de tiburones, estas son las olas m&amp;aacute;s peligrosas conquistadas por surfistas, seg&amp;uacute;n los premios Billabong XXL .</content>
        </sentence>
        <sentence id="3">
          <content>Uno de los lugares consentidos para practicar surf profesional es Cortes Bank, en Estados Unidos, donde en 2008 Mike Parsons logr&amp;oacute montar la mayor ola de todos los tiempos, que midi&amp;oacute 23 .</content>
        </sentence>
        <sentence id="4">
          <content>4 metros .</content>
        </sentence>
        <sentence id="5">
          <content>En M&amp;eacute;xico, adem&amp;aacute;s de Puerto Escondido, en Oaxaca, la isla de Todos Santos en Baja California tambi&amp;eacute;n es sede de competencias y torneos de surf .</content>
        </sentence>
        <sentence id="6">
          <content>En 2005, el surfista Brad Gerlach gan&amp;oacute un premio de 68,000 d&amp;oacutelares por domar una ola de casi 21 metros .</content>
        </sentence>
        <sentence id="7">
          <content>Pero no es solo la altura de las olas lo que representa un reto para estos deportistas .</content>
        </sentence>
        <sentence id="8">
          <content>En Teahupo&amp;rsquo;o, Tahit&amp;iacute; el oleaje tiene una fuerza y volumen tal que los surfistas llamaron a una ola de 7 .</content>
        </sentence>
        <sentence id="9">
          <content>6 metros la m&amp;aacute;s "pesada" montada en toda la historia .</content>
        </sentence>
        <sentence id="10">
          <content>Si quieres a&amp;ntilde;adir un toque de peligro y aventura tambi&amp;eacute;n est&amp;aacute; Dungeons, Sud&amp;aacute;frica, donde la rompiente de las olas est&amp;aacute; infestada con tiburones .</content>
        </sentence>
        <sentence id="11">
          <content>Navega por el mapa para conocer m&amp;aacute;s de estos para&amp;iacute;sos para practicar surf profesional y cu&amp;eacute;ntanos en la secci&amp;oacuten de comentarios si conoces otro lugar para domar gigantescas olas .</content>
        </sentence>
      </sentences>
    </paragraph>
  </article>
</document>
