<?xml version="1.0" encoding="UTF-8"?>
<document id="640" link="http://mexico.cnn.com/salud/2013/06/18/los-ninos-con-discapacidad-aun-son-excluidos-en-mexico-segun-unicef" category="Salud" highlights_mapped="false">
  <title>Los ni&amp;ntilde;os con discapacidad a&amp;uacute;n son excluidos en M&amp;eacute;xico, seg&amp;uacute;n Unicef  - Salud - CNNMexico.com</title>
  <keywords>ninos, discapacidad, informe, unicef, estado mundial de la infancia, estigma, percepciones, prejuicios</keywords>
  <summaries>
    <highlights>
      <sentence id="1" ids_sentences_article="">A pesar de avances en materia de pol&amp;iacute;ticas p&amp;uacute;blicas, los ni&amp;ntilde;os con discapacidad siguen apartados de la sociedad.</sentence>
      <sentence id="2" ids_sentences_article="">Los ni&amp;ntilde;os con discapacidad de zonas rurales son doblemente discriminados.</sentence>
      <sentence id="3" ids_sentences_article="">Sostener a un ni&amp;ntilde;o con discapacidad tiene un elevado costo, que lleva a los padres a mantenerlos en sus casas, alejados de la sociedad.</sentence>
      <sentence id="4" ids_sentences_article="">Aun falta integrar a los menores que tienen alguna discapacidad.</sentence>
    </highlights>
  </summaries>
  <article>
    <paragraph id="1">
      <sentences>
        <sentence id="1">
          <content>Los ni&amp;ntilde;os con discapacidad a&amp;uacute;n son excluidos en M&amp;eacute;xico, seg&amp;uacute;n Unicef.</content>
        </sentence>
        <sentence id="2">
          <content>A pesar de avances en materia de programas gubernamentales y legislativos, los ni&amp;ntilde;os siguen marginados en una sociedad que los estigmatiza.</content>
        </sentence>
        <sentence id="3">
          <content>(CNNM&amp;eacute;xico) -- A pesar del avance en programas para proteger a los ni&amp;ntilde;os con discapacidad en M&amp;eacute;xico, este grupo es de los m&amp;aacute;s discriminados y excluidos por la sociedad, de acuerdo con un informe presentado este martes por el Fondo de las Naciones Unidas para la Infancia (Unicef) .</content>
        </sentence>
        <sentence id="4">
          <content>El reporte Estado Mundial de la Infancia 2013: Ni&amp;ntilde;as y ni&amp;ntilde;os con discapacidad, presentado en la Ciudad de M&amp;eacute;xico, indica que los ni&amp;ntilde;os con discapacidad tienen una menor posibilidad de ir a la escuela, recibir buena atenci&amp;oacuten de salud, y son los m&amp;aacute;s vulnerables a la violencia, el abuso y la explotaci&amp;oacuten .</content>
        </sentence>
        <sentence id="5">
          <content>Casi la mitad --el 47%-- de los ni&amp;ntilde;os con discapacidad no va a preescolar, el 17% no asiste a educaci&amp;oacuten primaria, y el 27% nunca llega a estudiar la secundaria, de acuerdo con cifras del fondo para la infancia .</content>
        </sentence>
        <sentence id="6">
          <content>Sostener a un ni&amp;ntilde;o con discapacidad tambi&amp;eacute;n implica un costo elevado que lleva a los padres a mantenerlos en sus casas, alejados de la sociedad, a lo cual se agrega el estigma social, indica el informe de Unicef .</content>
        </sentence>
        <sentence id="7">
          <content>"Para cumplir la promesa de una sociedad realmente inclusiva que respeta los derechos de las ni&amp;ntilde;as y ni&amp;ntilde;os con discapacidad debemos incluirlos en iniciativas que cambien las percepciones de la sociedad", afirm&amp;oacute Isabel Crowley, representante de Unicef en M&amp;eacute;xico .</content>
        </sentence>
        <sentence id="8">
          <content>En M&amp;eacute;xico hay 5 millones 900,000 personas con discapacidad, de ellos 1 mill&amp;oacuten 200,000 son ni&amp;ntilde;os o adolescentes de hasta 19 a&amp;ntilde;os --equivalente al 1 .</content>
        </sentence>
        <sentence id="9">
          <content>46% de la poblaci&amp;oacuten--, seg&amp;uacute;n datos del Censo de Poblaci&amp;oacuten y Vivienda de 2010 .</content>
        </sentence>
        <sentence id="10">
          <content>En zonas rurales, el 23% de la poblaci&amp;oacuten tiene alguna discapacidad, agrega .</content>
        </sentence>
        <sentence id="11">
          <content>El fondo inform&amp;oacute que la situaci&amp;oacuten es mucho m&amp;aacute;s complicada para los ni&amp;ntilde;os en zonas rurales, quienes son doblemente excluidos de la sociedad por razones de discriminaci&amp;oacuten .</content>
        </sentence>
        <sentence id="12">
          <content>Aunque la Unicef reconoci&amp;oacute que M&amp;eacute;xico ha avanzado en materia de protecci&amp;oacuten a los ni&amp;ntilde;os con discapacidad --como con la ratificaci&amp;oacuten de la Convenci&amp;oacuten de los Derechos de las Personas con Discapacidad en 2007--, a&amp;uacute;n falta incluir la integraci&amp;oacuten de los menores que tienen alguna discapacidad .</content>
        </sentence>
        <sentence id="13">
          <content>Las personas con discapacidad son el sexto grupo m&amp;aacute;s discriminado, seg&amp;uacute;n el reporte que cit&amp;oacute datos de la Encuesta Nacional sobre Discriminaci&amp;oacuten en M&amp;eacute;xico, realizada en 2010 .</content>
        </sentence>
        <sentence id="14">
          <content>A la fecha no se sabe si existe un impacto en los ni&amp;ntilde;os de las pol&amp;iacute;ticas a favor de sus derechos, y es tarea del gobierno articular y visibilizar los programas de atenci&amp;oacuten .</content>
        </sentence>
        <sentence id="15">
          <content>Por ello, "se requieren pol&amp;iacute;ticas p&amp;uacute;blicas integrales que combatan la discriminaci&amp;oacuten y ayuden a derribar las barreras tanto f&amp;iacute;sicas, como legislativas y presupuestales", agreg&amp;oacute Crowley .</content>
        </sentence>
        <sentence id="16">
          <content>Seg&amp;uacute;n el informe, en el mundo al menos 93 millones de ni&amp;ntilde;os --uno de cada 20 menores de 14 a&amp;ntilde;os-- vive con alguna discapacidad moderada o grave .</content>
        </sentence>
        <sentence id="17">
          <content>El informe urge a los gobiernos a cumplir sus promesas de garantizar la igualdad de derechos de todos sus ciudadanos y recuerda que alrededor de un tercio de los pa&amp;iacute;ses del mundo a&amp;uacute;n no han ratificado la Convenci&amp;oacuten sobre los Derechos de las Personas con Discapacidad .</content>
        </sentence>
      </sentences>
    </paragraph>
  </article>
</document>
