<?xml version="1.0" encoding="UTF-8"?>
<document id="593" link="http://mexico.cnn.com/salud/2013/04/19/11-cosas-que-tienes-que-saber-antes-de-ir-a-myanmar" category="Salud" author="Kate Whitehead" highlights_mapped="false">
  <title>11 cosas que tienes que saber antes de ir a Myanmar - Salud - CNNMexico.com</title>
  <keywords>myanmar, rangun, mandalay, asia, turismo, playas, viaje, viajero, vacaciones, dolar, divisa, exotico, playa, besito, hotel, comida, costo, bebida, tren, nuez, betel</keywords>
  <summaries>
    <highlights>
      <sentence id="1" ids_sentences_article="">Myanmar es un destino de moda porque anteriormente no se permit&amp;iacute;an las visitas de extranjeros.</sentence>
      <sentence id="2" ids_sentences_article="">Los hombres usan faldas, muchas veces sin ropa interior.</sentence>
      <sentence id="3" ids_sentences_article="">Son amantes de las noticias porque estrenaron libertad de prensa.</sentence>
      <sentence id="4" ids_sentences_article="">Las personas con dientes rojos no son vampiros.</sentence>
    </highlights>
  </summaries>
  <article>
    <paragraph id="1">
      <sentences>
        <sentence id="1">
          <content>11 tips para viajar al ex&amp;oacutetico Myanmar.</content>
        </sentence>
        <sentence id="2">
          <content>El pa&amp;iacute;s asi&amp;aacute;tico se abri&amp;oacute al turismo recientemente y apenas comienza a revelar sus encantos a los viajeros m&amp;aacute;s intr&amp;eacute;pidos.</content>
        </sentence>
        <sentence id="3">
          <content>Nota del editor: No te pierdas el estreno del programa de Anthony Bourdain, Destinos, este s&amp;aacute;bado 20 de abril a las 16:00 horas (tiempo del centro de M&amp;eacute;xico) en el canal de CNNenEspa&amp;ntilde;ol .</content>
        </sentence>
        <sentence id="4">
          <content>El primer cap&amp;iacute;tulo ser&amp;aacute; sobre Myanmar .</content>
        </sentence>
        <sentence id="5">
          <content>(CNN) --Los punks birmanos, &amp;iquest;c&amp;oacutemo mantienen erguidos sus mohicanos?</content>
        </sentence>
        <sentence id="6">
          <content>&amp;iquest;Por qu&amp;eacute; es necesario conservar limpio el dinero en Myanmar?</content>
        </sentence>
        <sentence id="7">
          <content>&amp;iquest;Qu&amp;eacute; pasa si haces el sonido de un beso en un restaurante en Rang&amp;uacute;n?Hace apenas un a&amp;ntilde;o, a pocas personas les interesaban las respuestas, pero la nueva libertad pol&amp;iacute;tica provoc&amp;oacute un auge tur&amp;iacute;stico en este pa&amp;iacute;s que alguna vez estuvo aislado .</content>
        </sentence>
        <sentence id="8">
          <content>Eso hace que este 2013 Myanmar sea el sitio de moda para el viajero y un lugar sobre el que vale la pena informarse .</content>
        </sentence>
        <sentence id="9">
          <content>Las celebraciones de A&amp;ntilde;o Nuevo duran cuatro d&amp;iacute;asLos birmanos toman muy en serio el A&amp;ntilde;o Nuevo, Thingyan (Festival del Agua), que se celebra en abril (este a&amp;ntilde;o del 13 al 16) .</content>
        </sentence>
        <sentence id="10">
          <content>Durante el frenes&amp;iacute; de A&amp;ntilde;o Nuevo, todos se salpican y se mojan unos a otros .</content>
        </sentence>
        <sentence id="11">
          <content>El agua simboliza el lavado de los pecados y la mala suerte del a&amp;ntilde;o anterior .</content>
        </sentence>
        <sentence id="12">
          <content>En la dictadura militar, los punks birmanos extremos usaban pegamento para cuero para mantener su cabello erguido en A&amp;ntilde;o Nuevo .</content>
        </sentence>
        <sentence id="13">
          <content>Sus mohicanos se manten&amp;iacute;an erguidos durante todo el Festival del Agua, pero cuando la fiesta terminaba, ten&amp;iacute;an que raparse .</content>
        </sentence>
        <sentence id="14">
          <content>Actualmente usan fijador .</content>
        </sentence>
      </sentences>
    </paragraph>
  </article>
</document>
