<?xml version="1.0" encoding="UTF-8"?>
<document id="637" link="http://mexico.cnn.com/salud/2014/01/07/la-diabetes-no-tiene-cura-pero-si-es-controlable-si-no-te-descuidas" category="Salud" highlights_mapped="false">
  <title>La diabetes no tiene cura, pero s&amp;iacute; es controlable... si no te descuidas - Salud - CNNMexico.com</title>
  <keywords>diabetes, mexicanos, tratamiento, cuidados, pacientes, senador, barbosa, amputacion</keywords>
  <summaries>
    <highlights>
      <sentence id="1" ids_sentences_article="">Aunque no existe una cura para la diabetes es posible controlar la enfermedad siguiendo un tratamiento.</sentence>
      <sentence id="2" ids_sentences_article="">Llevar un plan de alimentos adecuado y realizar actividad f&amp;iacute;sica al menos cuatro veces por semana es b&amp;aacute;sico.</sentence>
      <sentence id="3" ids_sentences_article="">Acude al m&amp;eacute;dico, toma tus medicamentos y mide tus niveles de glucosa.</sentence>
      <sentence id="4" ids_sentences_article="">Asistir a terapia puede ser muy &amp;uacute;til para ayudarte a seguir tu tratamiento.</sentence>
    </highlights>
  </summaries>
  <article>
    <paragraph id="1">
      <sentences>
        <sentence id="1">
          <content>La diabetes no tiene cura, pero s&amp;iacute; es controlable . . . si no te descuidas.</content>
        </sentence>
        <sentence id="2">
          <content>Apegarte a un tratamiento y mantener h&amp;aacute;bitos saludables es b&amp;aacute;sico para tener bajo control los niveles de glucosa y evitar complicaciones.</content>
        </sentence>
        <sentence id="3">
          <content>(CNNM&amp;eacute;xico) -- El coordinador de los senadores del Partido de la Revoluci&amp;oacuten Democr&amp;aacute;tica (PRD), Miguel &amp;Aacute;ngel Barbosa, inform&amp;oacute este lunes quedebido a una infecci&amp;oacuten, le amputaron el pie derecho, "un descuido de mi parte muy grave", dijo en entrevista radiof&amp;oacutenica .</content>
        </sentence>
        <sentence id="4">
          <content>Como el senador, al menos 6 .</content>
        </sentence>
        <sentence id="5">
          <content>4 millones de mexicanos viven con diabetes .</content>
        </sentence>
        <sentence id="6">
          <content>Aunque no existe una cura para este padecimiento, causado por un exceso de glucosa en la sangre, es posible controlarlo mediante una alimentaci&amp;oacuten adecuada, actividad f&amp;iacute;sica, complementado con medicamentos y revisiones m&amp;eacute;dicas frecuentes .</content>
        </sentence>
        <sentence id="7">
          <content>Este padecimiento esla segunda causa de muerte en M&amp;eacute;xicoy "el mayor reto que enfrenta el sistema nacional de salud", seg&amp;uacute;n el Programa Nacional de Salud 2007-2012, por lo que educarse sobre la enfermedad y apegarse al tratamiento es elemental .</content>
        </sentence>
        <sentence id="8">
          <content>Vigila tu calzado y el cuidado de tus piesSeg&amp;uacute;n informaci&amp;oacuten de la Federaci&amp;oacuten Internacional de la Diabetes (FID), m&amp;aacute;s de la mitad de las amputaciones de miembros inferiores podr&amp;iacute;an prevenirse con unos servicios de detecci&amp;oacuten y atenci&amp;oacuten adecuados .</content>
        </sentence>
        <sentence id="9">
          <content>La diabetes surge cuando el p&amp;aacute;ncreasno produce la cantidad suficiente de insulinao &amp;eacute;sta no funciona correctamente .</content>
        </sentence>
        <sentence id="10">
          <content>La insulina es una hormona que permite que la glucosa entre a las c&amp;eacute;lulas sea transformada en la energ&amp;iacute;a que el cuerpo necesita .</content>
        </sentence>
        <sentence id="11">
          <content>La enfermedad provoca un aumento en la concentraci&amp;oacuten de glucosa en la sangre, que da&amp;ntilde;a a muchos de los sistemas del cuerpo .</content>
        </sentence>
        <sentence id="12">
          <content>En el caso de los pies, sufren da&amp;ntilde;os en los vasos sangu&amp;iacute;neos y nervios, que complican la cicatrizaci&amp;oacuten de las heridas y facilitan que se desarrollen &amp;uacute;lceras y gangrena .</content>
        </sentence>
        <sentence id="13">
          <content>Visitar a un pod&amp;oacutelogo para que examine de forma regular tus pies y trate lesiones que podr&amp;iacute;an complicarse es vital .</content>
        </sentence>
        <sentence id="14">
          <content>Es muy importante que acudas cuando tienes u&amp;ntilde;as enterradas o heridas, seg&amp;uacute;n recomienda la Asociaci&amp;oacuten Mexicana de Diabetes .</content>
        </sentence>
        <sentence id="15">
          <content>Adquirir algunos h&amp;aacute;bitos como vigilar regularmente los pies, examinar el interior de los zapatos antes de pon&amp;eacute;rselos, no andar descalzo, usar calzado c&amp;oacutemodo, mantener los pies limpios y cuidar bien la piel y las u&amp;ntilde;as puede prevenir infecciones .</content>
        </sentence>
        <sentence id="16">
          <content>En M&amp;eacute;xico, "el 80% de las amputaciones mayores de miembros inferiores se realiza en pacientes diab&amp;eacute;ticos", seg&amp;uacute;n el m&amp;eacute;dico Gabriel Arango Montes, de la Facultad de Medicina de la Universidad Nacional Aut&amp;oacutenoma de M&amp;eacute;xico (UNAM) .</content>
        </sentence>
        <sentence id="17">
          <content>&amp;iquest;Es posible revertir la diabetes?Come adecuadamente"La gente que sufre de diabetes, a diferencia de aquellos con muchos otros problemas m&amp;eacute;dicos, no puede simplemente tomarse unas pastillas o insulina por la ma&amp;ntilde;ana, y olvidarse de su condici&amp;oacuten el resto del d&amp;iacute;a", de acuerdo con la Asociaci&amp;oacuten Mexicana de Diabetes .</content>
        </sentence>
        <sentence id="18">
          <content>Una persona con diabetes necesita seguir un plan de alimentos adecuado a sus necesidades, pues la alimentaci&amp;oacuten es b&amp;aacute;sica para mantener estables los niveles de glucosa en la sangre .</content>
        </sentence>
        <sentence id="19">
          <content>El principal requerimiento nutricional esevitar los alimentos con altos contenidos de az&amp;uacute;caro comer porciones muy peque&amp;ntilde;as de estos durante el d&amp;iacute;a .</content>
        </sentence>
        <sentence id="20">
          <content>Un nutri&amp;oacutelogo puede establecer un plan alimenticio adecuado .</content>
        </sentence>
        <sentence id="21">
          <content>Es necesario consumir una gran variedad de alimentos integrales, frutas y vegetales, comer menos grasas, limitar el consumo del alcohol y usar menos sal, de acuerdo con las recomendaciones que el Instituto Mexicano del Seguro Social (IMSS) .</content>
        </sentence>
        <sentence id="22">
          <content>Saca los tenisHacer ejercicio de forma moderada ayuda a mantener los niveles de glucosa en los l&amp;iacute;mites saludables .</content>
        </sentence>
        <sentence id="23">
          <content>El IMSS recomienda correr, trotar, nadar o hacer gimnasia para oxigenar los m&amp;uacute;sculos al menos cuatro veces por semana .</content>
        </sentence>
        <sentence id="24">
          <content>Toda actividad f&amp;iacute;sica debe ser aprobada por tu m&amp;eacute;dico quien debe determinar si es la adecuada a tus necesidades .</content>
        </sentence>
        <sentence id="25">
          <content>Toma tus medicamentosEl tratamiento con medicamentos siempre debe estar recetado por un m&amp;eacute;dico y bajo su supervisi&amp;oacuten, ya que seg&amp;uacute;n los resultados se deber&amp;aacute;n hacer cambios en las dosis y la elecci&amp;oacuten de los f&amp;aacute;rmacos,se&amp;ntilde;ala la Asociaci&amp;oacuten Mexicana de Diabetes .</content>
        </sentence>
        <sentence id="26">
          <content>El tratamiento con insulina es b&amp;aacute;sico en el control de la Diabetes Tipo 1 y una alternativa en los pacientes conDiabetes Tipo 2, que pueden llevar un tratamiento combinado con pastillas e insulina para mejores resultados, agrega la organizaci&amp;oacuten en su sitio web .</content>
        </sentence>
        <sentence id="27">
          <content>Chequeos m&amp;eacute;dicos regularesAcudir al oftalm&amp;oacutelogo al menos cada seis meses para realizar un chequeo te permitir&amp;aacute; identificar y prevenir cualquier alteraci&amp;oacuten en la vista, ya queuna de las complicaciones de la diabetes es la ceguera .</content>
        </sentence>
        <sentence id="28">
          <content>Una visita al dentista tambi&amp;eacute;n es importante .</content>
        </sentence>
        <sentence id="29">
          <content>Padecer diabetes aumenta la probabilidad de sufrir problemas en las enc&amp;iacute;as y dientes que podr&amp;iacute;an llegar hasta la p&amp;eacute;rdida de piezas dentales, lo que se puede evitar con la atenci&amp;oacuten y limpieza adecuada .</content>
        </sentence>
        <sentence id="30">
          <content>Monitorea tu glucosaEl estr&amp;eacute;s, los cambios en la alimentaci&amp;oacuten, las infecciones o no tomar las dosis adecuadas de medicamentos puede llevar a que las concentraciones de glucosa en la sangre se alteren, por lo que automonitorearte es un cuidado b&amp;aacute;sico .</content>
        </sentence>
        <sentence id="31">
          <content>Comprar un medidor de glucosa es una buena inversi&amp;oacuten, solo tienes que obtener una peque&amp;ntilde;a muestra de sangre, depositarla en un tira reactiva y tendr&amp;aacute;s informaci&amp;oacuten que te indicar&amp;aacute; si debes cambiar alg&amp;uacute;n aspecto de tu tratamiento .</content>
        </sentence>
        <sentence id="32">
          <content>HablaAceptar que se tiene diabetes no es sencillo, ya que afecta muchos aspectos de la vida de los pacientes .</content>
        </sentence>
        <sentence id="33">
          <content>Ser diagnosticado implica tambi&amp;eacute;n enfrentar las emociones que te causa la enfermedad o el miedo a una complicaci&amp;oacuten .</content>
        </sentence>
        <sentence id="34">
          <content>Acudir a un terapeuta,buscar terapia v&amp;iacute;a interneto asistir a un grupo de ayuda puede ser muy &amp;uacute;til para aceptar el padecimiento y darte motivaci&amp;oacuten para apegarte a tu tratamiento .</content>
        </sentence>
      </sentences>
    </paragraph>
  </article>
</document>
