<?xml version="1.0" encoding="UTF-8"?>
<document id="699" link="http://mexico.cnn.com/salud/2013/10/29/100000-mexicanos-moriran-por-diabetes-en-2015-calculan-expertos" category="Salud" highlights_mapped="false">
  <title>100,000 mexicanos morir&amp;aacute;n por diabetes en 2015, calculan expertos - Salud - CNNMexico.com</title>
  <keywords>diabetes, muertes, 2015, calculos, pronosticos, enfermedad,</keywords>
  <summaries>
    <highlights>
      <sentence id="1" ids_sentences_article="">La diabetes es la segunda causa de muerte en M&amp;eacute;xico.</sentence>
      <sentence id="2" ids_sentences_article="">Es la primera causa de muerte adquirida y de amputaciones.</sentence>
      <sentence id="3" ids_sentences_article="">El desembolso anual para un tratamiento controlado es de 22,052 pesos.</sentence>
    </highlights>
  </summaries>
  <article>
    <paragraph id="1">
      <sentences>
        <sentence id="1">
          <content>100,000 mexicanos morir&amp;aacute;n por diabetes en 2015, calculan expertos.</content>
        </sentence>
        <sentence id="2">
          <content>La cantidad de personas que al a&amp;ntilde;o fallecen a causa de la diabetes aumentar&amp;aacute; 19% para 2015, en comparaci&amp;oacuten con cifras de 2010.</content>
        </sentence>
        <sentence id="3">
          <content>CIUDAD DE M&amp;Eacute;XICO (CNNM&amp;eacute;xico) -- En el a&amp;ntilde;o 2015 morir&amp;aacute;n alrededor de 100,000 mexicanos a causa de la diabetes, 19% m&amp;aacute;s de los fallecimientos que se registraron en el 2010, de acuerdo con c&amp;aacute;lculos presentados este martes durante el Segundo Di&amp;aacute;logo sobre Diabetes en M&amp;eacute;xico, organizado por la Fundaci&amp;oacuten IDEA, dedicada a promover pol&amp;iacute;ticas p&amp;uacute;blicas que generen igualdad .</content>
        </sentence>
        <sentence id="4">
          <content>El aumento en la cantidad de fallecimientos por esta enfermedad ser&amp;aacute; resultado de la falta de pol&amp;iacute;ticas p&amp;uacute;blicas para prevenir y controlar la diabetes mellitus, dijo Miguel &amp;Aacute;ngel Lezana Fern&amp;aacute;ndez, coordinador del Centro de Estudios en Sistemas de Salud de la Fundaci&amp;oacuten Mexicana para la Salud (Funsalud), seg&amp;uacute;n el comunicado de Fundaci&amp;oacuten IDEA .</content>
        </sentence>
        <sentence id="5">
          <content>El costo actual para el Sistema Nacional de Salud en la atenci&amp;oacuten de pacientes con diabetes es de 1% del Producto Interno Bruto (PIB),dijo Javier D&amp;aacute;vila, director de Prestaciones M&amp;eacute;dicas del IMSS .</content>
        </sentence>
        <sentence id="6">
          <content>A&amp;ntilde;adi&amp;oacute que el Instituto Mexicano del Seguro Social (IMSS) gast&amp;oacute 32,000 millones de pesos para tratar la diabetes y sus complicaciones, como la insuficiencia renal cr&amp;oacutenica .</content>
        </sentence>
        <sentence id="7">
          <content>"Lo anterior significa que la diabetes gener&amp;oacute para este organismo costos por alrededor de 87millones de pesos diarios", dijo D&amp;aacute;vila .</content>
        </sentence>
        <sentence id="8">
          <content>La diabetes es la segunda causa m&amp;aacute;s importante de mortalidad en M&amp;eacute;xico, despu&amp;eacute;s de las enfermedades cardiovasculares .</content>
        </sentence>
        <sentence id="9">
          <content>Adem&amp;aacute;s, es la primera causa de ceguera adquirida y amputaciones, seg&amp;uacute;n una investigaci&amp;oacuten coordinada por el m&amp;eacute;dico Armando Arredondo, de la Federaci&amp;oacuten Mexicana de Diabetes .</content>
        </sentence>
        <sentence id="10">
          <content>El desembolso anual para un tratamiento controlado es de unos 22,052 pesos al a&amp;ntilde;o, seg&amp;uacute;n el mismo estudio .</content>
        </sentence>
        <sentence id="11">
          <content>4% de las personas diagnosticadas con diabetes llevan un control m&amp;eacute;dico de la enfermedad, de acuerdo con Luis Rub&amp;eacute;n Dur&amp;aacute;n, subsecretario de Integraci&amp;oacuten y Desarrollo del Sector Salud de la Secretar&amp;iacute;a de Salud .</content>
        </sentence>
        <sentence id="12">
          <content>2 % de los mexicanos tienen diabetes, seg&amp;uacute;n datos de la Organizaci&amp;oacuten para la Cooperaci&amp;oacuten y Desarrollo Econ&amp;oacutemico (OCDE) .</content>
        </sentence>
        <sentence id="13">
          <content>En el resto de los pa&amp;iacute;ses de esta organizaci&amp;oacuten el promedio de poblaci&amp;oacuten con esta enfermedad es de 6 .</content>
        </sentence>
        <sentence id="14">
          <content>En M&amp;eacute;xico, siete de cada 10 adultos y uno de cada tres ni&amp;ntilde;os tienen sobrepeso y obesidad, una de las principales causas de la diabetes, de acuerdo con datos de la OCDE .</content>
        </sentence>
      </sentences>
    </paragraph>
  </article>
</document>
