<?xml version="1.0" encoding="UTF-8"?>
<document id="613" link="http://mexico.cnn.com/salud/2014/02/14/subir-un-poco-de-peso-el-fin-de-semana-no-arruinara-tu-dieta" category="Salud" author="Jacque Wilson" highlights_mapped="false">
  <title>Subir un poco de peso el fin de semana no arruinar&amp;aacute; tu dieta - Salud - CNNMexico.com</title>
  <keywords>medicina, peso, aumento, fin de semana, dieta, estudio, investigacion, alimentacion, sobrepeso, cenar, cena rom&amp;aacute;ntica, obesidad, dieta,</keywords>
  <summaries>
    <highlights>
      <sentence id="1" ids_sentences_article="">Los aumentos de peso durante el s&amp;aacute;bado y domingo son normales, pero hay que compensarlos de lunes a viernes.</sentence>
      <sentence id="2" ids_sentences_article="">Los investigadores analizaron datos de 80 adultos de entre 25 y 62 a&amp;ntilde;os.</sentence>
      <sentence id="3" ids_sentences_article="">El estudio se public&amp;oacute en la revista 'Obesity Facts'.</sentence>
    </highlights>
  </summaries>
  <article>
    <paragraph id="1">
      <sentences>
        <sentence id="1">
          <content>Subir un poco de peso el fin de semana no arruinar&amp;aacute; tu dieta.</content>
        </sentence>
        <sentence id="2">
          <content>El aumento de peso durante los fines de semana es inofensivo, siempre y cuando sea moderado y se compense en los d&amp;iacute;as h&amp;aacute;biles: estudio.</content>
        </sentence>
        <sentence id="3">
          <content>(CNN) -- Comiste bien toda la semana: desayunaste avena con fruta, almorzaste pollo a la parrilla con verduras cocidas y cenaste ensalada toda la semana .</content>
        </sentence>
        <sentence id="4">
          <content>Pero San Valent&amp;iacute;n lleg&amp;oacute este viernes con una caja de chocolates bajo el brazo y una cena rom&amp;aacute;ntica, claro, con un inevitable postre .</content>
        </sentence>
        <sentence id="5">
          <content>No hay de qu&amp;eacute; preocuparse .</content>
        </sentence>
        <sentence id="6">
          <content>En un nuevo estudio se sugiere que los peque&amp;ntilde;os aumentos de peso durante los fines de semana son normales y, siempre y cuando lo compenses de lunes a viernes, una dosis de autoindulgencia incluso puede ayudarte a perder peso a largo plazo .</content>
        </sentence>
        <sentence id="7">
          <content>Lee: C&amp;oacutemo ser comedor emocional, saludable y delgado"Hay un claro ritmo semanal en la variaci&amp;oacuten de peso para la mayor&amp;iacute;a de las personas", dice una de las autoras del estudio, Anna-Leena Orsama, del Centro VTT de Investigaci&amp;oacuten T&amp;eacute;cnica de Finlandia .</content>
        </sentence>
        <sentence id="8">
          <content>"Durante los fines de semana hay m&amp;aacute;s variabilidad e imprevisibilidad en lo que comemos" .</content>
        </sentence>
        <sentence id="9">
          <content>El estudio, Ritmos del peso: el peso aumenta en los fines de semana y disminuye entre semana, fue publicado en febrero en la revista Obesity Facts .</content>
        </sentence>
        <sentence id="10">
          <content>El estudioLos investigadores analizaron datos de 80 adultos de entre 25 y 62 a&amp;ntilde;os de edad, quienes registraron su peso cada d&amp;iacute;a despu&amp;eacute;s de despertarse .</content>
        </sentence>
        <sentence id="11">
          <content>Los participantes fueron agrupados seg&amp;uacute;n sus cambios de peso durante el periodo de estudio:Las personas que bajaron de peso y perdieron al menos 3% de su peso corporalLas personas que ganaron peso y subieron al menos 1%Las personas que mantuvieron su peso y se quedaron entre esos m&amp;iacute;nimos .</content>
        </sentence>
        <sentence id="12">
          <content>Los resultadosLos tres grupos registraron mayores pesos los domingos y los lunes en comparaci&amp;oacuten con los otros d&amp;iacute;as de la semana .</content>
        </sentence>
        <sentence id="13">
          <content>Pero aquellos que perdieron peso exitosamente ten&amp;iacute;an menores pesos durante la semana, con su menor peso generalmente registrado los viernes .</content>
        </sentence>
        <sentence id="14">
          <content>Esto muestra que lograron compensar su aumento de los fines de semana durante la semana laboral, dicen los investigadores .</content>
        </sentence>
        <sentence id="15">
          <content>Las limitacionesEl tama&amp;ntilde;o de la muestra para este estudio fue relativamente peque&amp;ntilde;o .</content>
        </sentence>
        <sentence id="16">
          <content>Solo 10 personas estuvieron en el grupo de los que aumentaron y solo 18 estuvieron en el grupo de los que perdieron peso .</content>
        </sentence>
        <sentence id="17">
          <content>Adem&amp;aacute;s, los participantes del estudio reportaron sus propios datos, lo que significa que pudieron cometer un error o alterar intencionalmente sus registros de pesos .</content>
        </sentence>
        <sentence id="18">
          <content>Tambi&amp;eacute;n es importante se&amp;ntilde;alar que los investigadores hablan sobre ligeros incrementos cal&amp;oacutericos, as&amp;iacute; que esto no es un permiso para comer el equivalente a tu peso en bombones cubiertos de chocolate .</content>
        </sentence>
        <sentence id="19">
          <content>La conclusi&amp;oacutenLos h&amp;aacute;bitos a largo plazo podr&amp;iacute;an hacer una mayor diferencia que las indulgencias a corto plazo, seg&amp;uacute;n los autores del estudio .</content>
        </sentence>
        <sentence id="20">
          <content>Y un patr&amp;oacuten flexible de comida--es decir, permitirte comer ese brownie o tomar esa cerveza la noche de viernes-- puede ayudarte a mantener h&amp;aacute;bitos saludables de alimentaci&amp;oacuten en general con el paso del tiempo .</content>
        </sentence>
        <sentence id="21">
          <content>El &amp;eacute;xito para perder peso depende principalmente de tu capacidad para compensar esos derroches en otros d&amp;iacute;as de la semana .</content>
        </sentence>
        <sentence id="22">
          <content>"La gran diferencia entre quienes aumentan de peso con el paso del tiempo y los que pierden o mantienen el peso est&amp;aacute; directamente relacionada con la forma en la que comen de lunes a viernes", dijo el economista conductual de la Universidad de Cornell, Brian Wansink .</content>
        </sentence>
        <sentence id="23">
          <content>"Un poco de indulgencia en los fines de semana no hace da&amp;ntilde;o, pero para lograr una p&amp;eacute;rdida de peso exitosa es importante percatarse de estos ritmos y tomar medidas para revertir las tendencias ascendentes" .</content>
        </sentence>
      </sentences>
    </paragraph>
  </article>
</document>
