<?xml version="1.0" encoding="UTF-8"?>
<document id="675" link="http://mexico.cnn.com/salud/2013/05/29/una-parte-de-disney-fue-evacuada-tras-explosion-en-bote-de-basura" category="Salud" author="Ed Payne" highlights_mapped="false">
  <title>La polic&amp;iacute;a detiene a un sospechoso de causar una explosi&amp;oacuten en Disney  - Viajes - Salud - CNNMexico.com</title>
  <keywords>disneylandia, disney, world, parque, juegos, mecanicos, explosion, bote de basura, cesto, viaje, turismo, turista,</keywords>
  <summaries>
    <highlights>
      <sentence id="1" ids_sentences_article="">NUEVO: Un joven empleado del parque fue detenido como sospechoso de causar la explosi&amp;oacuten.</sentence>
      <sentence id="2" ids_sentences_article="">No hubo lesionados ni se reportaron da&amp;ntilde;os.</sentence>
      <sentence id="3" ids_sentences_article="">La explosi&amp;oacuten se produjo en un bote de basura en Disneylandia.</sentence>
      <sentence id="4" ids_sentences_article="">La polic&amp;iacute;a dice que probablemente fue causada por hielo seco en una botella de pl&amp;aacute;stico.</sentence>
    </highlights>
  </summaries>
  <article>
    <paragraph id="1">
      <sentences>
        <sentence id="1">
          <content>La polic&amp;iacute;a detiene a un sospechoso de causar una explosi&amp;oacuten en Disney.</content>
        </sentence>
        <sentence id="2">
          <content>Las investigaciones preliminares apuntan a una botella de pl&amp;aacute;stico con hielo seco que se encontraba dentro del bote.</content>
        </sentence>
        <sentence id="3">
          <content>(CNN) -- A los empleados de Disneylandia se les paga para crear magia y recuerdos, pero no uno como este .</content>
        </sentence>
        <sentence id="4">
          <content>Un empleado de 22 a&amp;ntilde;os que trabaja en el parque tem&amp;aacute;tico del sur de California fue arrestado la noche de este martes, horas despu&amp;eacute;s de que presuntamente provocara una peque&amp;ntilde;a explosi&amp;oacuten en la secci&amp;oacuten Toontown de Mickey .</content>
        </sentence>
        <sentence id="5">
          <content>El estallido no caus&amp;oacute da&amp;ntilde;o a nadie, pero s&amp;iacute; gener&amp;oacute una situaci&amp;oacuten de nervios y una solicitud de evacuaci&amp;oacuten de esa secci&amp;oacuten del parque por algunas horas .</content>
        </sentence>
        <sentence id="6">
          <content>La polic&amp;iacute;a de Anaheim identific&amp;oacute este mi&amp;eacute;rcoles al sospechoso como Christian Barnes, residente de Long Beach y vendedor en Disneylandia .</content>
        </sentence>
        <sentence id="7">
          <content>Bajo sospechas de poseer un dispositivo destructivo, a Barnes le fue fijada una fianza de un mill&amp;oacuten de d&amp;oacutelares .</content>
        </sentence>
        <sentence id="8">
          <content>"Barnes est&amp;aacute; cooperando con los investigadores y ha indicado que esto es un incidente aislado con impactos no previstos", dijo la polic&amp;iacute;a en un comunicado de prensa .</content>
        </sentence>
        <sentence id="9">
          <content>Todo se debe a un incidente ocurrido por la tarde de este martes cuando la gente oy&amp;oacute "una peque&amp;ntilde;a explosi&amp;oacuten" procedente de un bote de basura en Toontown .</content>
        </sentence>
        <sentence id="10">
          <content>Quiz&amp;aacute; no conoc&amp;iacute;as los 8 secretos mejor guardados de Disney: bares ocultos y noches felinas .</content>
        </sentence>
        <sentence id="11">
          <content>"Solo un granboomy el bote de basura explotando (&amp;hellip;) la tapa se alz&amp;oacute (&amp;hellip;) las personas estaban paralizadas",dijo Vanessa Vasquez al afiliado de CNN, KCBS .</content>
        </sentence>
        <sentence id="12">
          <content>"Fue un poco aterrador ver toda el &amp;aacute;rea como una ciudad fantasma" .</content>
        </sentence>
        <sentence id="13">
          <content>Otros dijeron que el sonido fue algo raro en la zona .</content>
        </sentence>
        <sentence id="14">
          <content>"Fue muy tenso en el momento porque no esperas escuchar ese sonido en Toontown", dijo Allen Wolf, otro visitante en Disney .</content>
        </sentence>
        <sentence id="15">
          <content>El sargento Bob Dunn, de la polic&amp;iacute;a de Anaheim, explic&amp;oacute que el ruido proven&amp;iacute;a de una botella de pl&amp;aacute;stico con hielo seco que explot&amp;oacute .</content>
        </sentence>
        <sentence id="16">
          <content>En su cuenta oficial de Twitter, Disneylandia declar&amp;oacute que "no hubo heridos ni da&amp;ntilde;os reportados" .</content>
        </sentence>
        <sentence id="17">
          <content>La gente fue evacuada de Toontown durante unas dos horas mientras las autoridades investigaban, aunque el resto de del parque permaneci&amp;oacute abierto .</content>
        </sentence>
        <sentence id="18">
          <content>(Lee: Parque de diversiones de Chern&amp;oacutebil y otros sitios m&amp;aacute;s tenebrosos del planeta . )</content>
        </sentence>
        <sentence id="19">
          <content>"Con abundante precauci&amp;oacuten, el &amp;aacute;rea fue evacuada", dijo Disney ensu cuenta oficial de Twitter .</content>
        </sentence>
        <sentence id="20">
          <content>"No hubo lesionados ni se reportaron da&amp;ntilde;os" .</content>
        </sentence>
        <sentence id="21">
          <content>Toowntown reabri&amp;oacute unas horas despu&amp;eacute;s .</content>
        </sentence>
        <sentence id="22">
          <content>Tina Burnside, Alta Spells y Henry Hank de CNN contribuyeron con este reporte .</content>
        </sentence>
      </sentences>
    </paragraph>
  </article>
</document>
