<?xml version="1.0" encoding="UTF-8"?>
<document id="807" link="http://mexico.cnn.com/salud/2013/05/22/una-medico-salva-a-pacientes-de-un-hospital-durante-el-tornado-en-oklahoma" category="Salud" author="Jacque Wilson" highlights_mapped="false">
  <title>Una m&amp;eacute;dico salva a pacientes de un hospital durante el tornado en Oklahoma - Salud - CNNMexico.com</title>
  <keywords>oklahoma, moore, medico, stephanie barnhart, tornado, supervivencia, pacientes, hospital</keywords>
  <summaries>
    <highlights>
      <sentence id="1" ids_sentences_article="">La m&amp;eacute;dica Stephanie Barnhart ayud&amp;oacute a evacuar a una treintena de pacientes en el Centro M&amp;eacute;dico de Moore.</sentence>
      <sentence id="2" ids_sentences_article="">El hospital estaba directamente en el camino del tornado EF5 que devast&amp;oacute a Oklahoma.</sentence>
      <sentence id="3" ids_sentences_article="">Todos los pacientes del hospital sobrevivieron gracias al plan de Barnhart de transportar a los pacientes en camillas y cubrirlos con cobijas.</sentence>
    </highlights>
  </summaries>
  <article>
    <paragraph id="1">
      <sentences>
        <sentence id="1">
          <content>Una m&amp;eacute;dico salva a pacientes de un hospital durante el tornado en Oklahoma.</content>
        </sentence>
        <sentence id="2">
          <content>Stephanie Barnhart logr&amp;oacute poner a salvo a los pacientes del Centro M&amp;eacute;dico Moore antes de que el poderoso meteoro se aproximara.</content>
        </sentence>
        <sentence id="3">
          <content>(CNN) -- Dentro de la sala de emergencias del Centro M&amp;eacute;dico Moore, en Estados Unidos, la m&amp;eacute;dico Stephanie Barnhart monitore&amp;oacute el clima toda la tarde .</content>
        </sentence>
        <sentence id="4">
          <content>Una alerta de tornado estaba en vigor, pero eso era algo casi com&amp;uacute;n durante esta &amp;eacute;poca del a&amp;ntilde;o en Oklahoma .</content>
        </sentence>
        <sentence id="5">
          <content>La primera alerta de emergencia "c&amp;oacutedigo negro" se present&amp;oacute poco antes de las 15:00 horas (local) de este lunes .</content>
        </sentence>
        <sentence id="6">
          <content>La segunda notific&amp;oacute al equipo que un tornado hab&amp;iacute;a tocado tierra en la ciudad cercana de Newcastle, fue cuando Barnhart y su equipo entraron en acci&amp;oacuten .</content>
        </sentence>
        <sentence id="7">
          <content>Los m&amp;eacute;dicos r&amp;aacute;pidamente llevaron a los 30 pacientes del hospital a una cl&amp;iacute;nica en el centro del hospital .</content>
        </sentence>
        <sentence id="8">
          <content>Utilizaron colchones y cobijas de camillas en el pasillo para cubrirse con la esperanza de prevenir lesiones en la cabeza .</content>
        </sentence>
        <sentence id="9">
          <content>Durante 15 a 20 minutos, esperaron ansiosamente, mientras ve&amp;iacute;an en la televisi&amp;oacuten como el tornado se mov&amp;iacute;a dentro de 3 .</content>
        </sentence>
        <sentence id="10">
          <content>2 kil&amp;oacutemetros de su ubicaci&amp;oacuten .</content>
        </sentence>
        <sentence id="11">
          <content>Luego se fue la luz .</content>
        </sentence>
        <sentence id="12">
          <content>"Lo escuch&amp;aacute;bamos, y sab&amp;iacute;amos que ven&amp;iacute;a por nosotros", recuerda Barnhart .</content>
        </sentence>
        <sentence id="13">
          <content>El tornado arras&amp;oacute 27 kil&amp;oacutemetros del centro de Oklahoma .</content>
        </sentence>
        <sentence id="14">
          <content>Al menos 24 personas murieron, incluidos nueve ni&amp;ntilde;os, seg&amp;uacute;n la oficina del forense del estado .</content>
        </sentence>
        <sentence id="15">
          <content>El segundo piso del hospital fue reducido a escombros .</content>
        </sentence>
        <sentence id="16">
          <content>Postes de luz y otros objetos de las calles fueron arrojados a trav&amp;eacute;s de las paredes de la planta baja .</content>
        </sentence>
        <sentence id="17">
          <content>Autom&amp;oacuteviles, incluido el de Barnhart, ahora est&amp;aacute;n apilados de cabeza y hacia los lados en el estacionamiento .</content>
        </sentence>
        <sentence id="18">
          <content>Parece un dep&amp;oacutesito de chatarra .</content>
        </sentence>
        <sentence id="19">
          <content>"Es bastante sorprendente que salimos vivos", dijo Barnhart al m&amp;eacute;dico Sanjay Gupta, de CNN .</content>
        </sentence>
        <sentence id="20">
          <content>Una de las mayores preocupaciones en un tornado es lametralla, dice Gupta .</content>
        </sentence>
        <sentence id="21">
          <content>Un objeto suelto o cualquier cosa que se rompa porla fuerza de los vientos de una tormentapuede causar una lesi&amp;oacuten penetrante y potencialmente mortal .</content>
        </sentence>
        <sentence id="22">
          <content>Al ver la destrucci&amp;oacuten, es dif&amp;iacute;cil creer que algunos pacientes salieran del centro m&amp;eacute;dico sin un rasgu&amp;ntilde;o .</content>
        </sentence>
        <sentence id="23">
          <content>Los colchones y cobijas ayudaron a protegerlos de lo peor de la tormenta .</content>
        </sentence>
        <sentence id="24">
          <content>Acurrucada dentro del hospital, Barnhart dice que no se percat&amp;oacute decu&amp;aacute;nto da&amp;ntilde;o hab&amp;iacute;a causado el tornadohasta que sali&amp;oacute y vio el boliche del otro lado de la calle; o vio d&amp;oacutende sol&amp;iacute;a estar el boliche .</content>
        </sentence>
        <sentence id="25">
          <content>Barnhart, de 34 a&amp;ntilde;os, era un peque&amp;ntilde;o manojo rubio de esperanza .</content>
        </sentence>
        <sentence id="26">
          <content>Llam&amp;oacute a su esposo tan pronto como pudo tener recepci&amp;oacuten de celular despu&amp;eacute;s de que el tornado pas&amp;oacute para decirle que lo amaba .</content>
        </sentence>
        <sentence id="27">
          <content>Dice que realmente no estaba preocupada por su seguridad durante la tormenta, sino que estaba preocupada por sus amigos y familiares; quienes afortunadamente est&amp;aacute;n bien .</content>
        </sentence>
        <sentence id="28">
          <content>"Hemos sido bendecidos por eso .</content>
        </sentence>
        <sentence id="29">
          <content>S&amp;eacute; que hay muchas familias que han sido devastadas por esto, y definitivamente oramos por ellos", dice .</content>
        </sentence>
        <sentence id="30">
          <content>Barnhart regres&amp;oacute a trabajar la noche de este lunes en otro hospital del &amp;aacute;rea, donde los pacientes del Centro M&amp;eacute;dico Moore fueron evacuados despu&amp;eacute;s de que el tornado pas&amp;oacute .</content>
        </sentence>
        <sentence id="31">
          <content>Recibi&amp;oacute muchos agradecimientos por su r&amp;aacute;pido pensamiento, pero dice que es dif&amp;iacute;cil llevarse el cr&amp;eacute;dito .</content>
        </sentence>
        <sentence id="32">
          <content>"Solo hac&amp;iacute;a mi trabajo, y sab&amp;iacute;a lo que ten&amp;iacute;a que hacer", dice .</content>
        </sentence>
        <sentence id="33">
          <content>"Jes&amp;uacute;s fue el que nos ayud&amp;oacute y nos salv&amp;oacute, y s&amp;eacute; que estaba con nosotros" .</content>
        </sentence>
        <sentence id="34">
          <content>Danielle Dellorto de CNN contribuy&amp;oacute con esta historia .</content>
        </sentence>
      </sentences>
    </paragraph>
  </article>
</document>
