<?xml version="1.0" encoding="UTF-8"?>
<document id="875" link="http://mexico.cnn.com/salud/2014/03/20/peru-a-los-turistas-dejen-de-desnudarse-en-machu-picchu" category="Salud" author="Evie Liu" highlights_mapped="false">
  <title>Per&amp;uacute; a los turistas: "&amp;iexcl;Dejen de desnudarse en Machu Picchu!"  - Viajes - Salud - CNNMexico.com</title>
  <keywords>peru, Machu Picchu, turismo, viajes, nudistas, turistas, ruinas, arqueologia,</keywords>
  <summaries>
    <highlights>
      <sentence id="1" ids_sentences_article="">Varios turistas fueron detenidos por desnudarse en Mahu Picchu.</sentence>
      <sentence id="2" ids_sentences_article="">Los oficiales de Per&amp;uacute; llamaron a los incidentes "irrespetuosos".</sentence>
    </highlights>
  </summaries>
  <article>
    <paragraph id="1">
      <sentences>
        <sentence id="1">
          <content>Per&amp;uacute; a los turistas: "&amp;iexcl;Dejen de desnudarse en Machu Picchu!"</content>
        </sentence>
        <sentence id="2">
          <content>Las autoridades aumentar&amp;aacute;n la vigilancia en el sitio despu&amp;eacute;s de arrestos y varios incidentes en que varias personas posaron sin ropa.</content>
        </sentence>
        <sentence id="3">
          <content>(CNN) -- Ten cuidado con los traseros al descubierto cuando viajes a Machu Picchu; los casos de "turismo nudista" en la ciudadela inca del siglo XV van en aumento, a tal punto que han causado irritaci&amp;oacute;n a las autoridades de Per&amp;uacute; .</content>
        </sentence>
        <sentence id="4">
          <content>Seg&amp;uacute;n el diarioPeruvian Times, cuatro turistas estadounidenses fueron detenidos el 14 de marzo por desnudarse y posar para fotograf&amp;iacute;as en el lugar .</content>
        </sentence>
        <sentence id="5">
          <content>En un par de incidentes independientes a principios de esa semana, dos canadienses y dos australianos fueron detenidos por quitarse la ropa para tomarse fotos en Machu Picchu .</content>
        </sentence>
        <sentence id="6">
          <content>Estos casos ocurren despu&amp;eacute;s de otro incidente en 2013, cuando una pareja desnuda fue grabada por otros turistas mientras corr&amp;iacute;a en los jardines de Machu Picchu y saltaban por una escalera de piedra como un par de ant&amp;iacute;lopes adolescentes .</content>
        </sentence>
        <sentence id="7">
          <content>La p&amp;aacute;gina web My Naked Trip muestra im&amp;aacute;genes de un israel&amp;iacute; llamado Amichay Rab posando desnudo en lugares de Sudam&amp;eacute;rica, entre ellos, Machu Picchu .</content>
        </sentence>
        <sentence id="8">
          <content>El pelo largo y rizado de Rab y sus audaces poses le han ganado un grupo de seguidores .</content>
        </sentence>
        <sentence id="9">
          <content>Las fotos y videos se han difundido en las redes sociales, pero a lasautoridades peruanas no les hace ninguna gracia .</content>
        </sentence>
        <sentence id="10">
          <content>Medidas en&amp;eacute;rgicasEl ministro de Cultura de Per&amp;uacute; ha denunciado el espect&amp;aacute;culo de visitantes desnudos en Machu Picchu como "irrespetuoso" y llam&amp;oacute; a los incidentes "casos desafortunados que amenazan el patrimonio cultural" .</content>
        </sentence>
        <sentence id="11">
          <content>"Hay lugares en el mundo donde la gente puede desnudarse, pero no todos los lugares son (apropiados) para desvestirse", le dijo a CNN Alfredo Mormontoy Atayupanqui, director de investigaciones arqueol&amp;oacute;gicas del Ministerio de Cultura de Per&amp;uacute; .</content>
        </sentence>
        <sentence id="12">
          <content>Seg&amp;uacute;n Mormontoy, las reglas del parque, impresas en la parte posterior de los boletos de entrada, advierten a los visitantes en contra de desnudarse en p&amp;uacute;blico .</content>
        </sentence>
        <sentence id="13">
          <content>"Los turistas deber&amp;iacute;an cumplir las normas y regulaciones locales cuando viajan; si no lo hacen habr&amp;aacute; muchos problemas", se&amp;ntilde;al&amp;oacute; .</content>
        </sentence>
        <sentence id="14">
          <content>Mientras tanto, el director regional de cultura de Cusco, Ricardo Ruiz Caro, emiti&amp;oacute; una declaraci&amp;oacute;n en la que afirma que los guardias del parque en Machu Picchu y otros lugares hist&amp;oacute;ricos en la regi&amp;oacute;n incrementar&amp;aacute;n la vigilancia y tomar&amp;aacute;n medidas m&amp;aacute;s en&amp;eacute;rgicas en contra del turismo nudista .</content>
        </sentence>
        <sentence id="15">
          <content>Las nuevas reglas, que fueron anunciadas pero a&amp;uacute;n no han entrado en vigor, tambi&amp;eacute;n tienen el objetivo de abordar el problema de las aglomeraciones .</content>
        </sentence>
        <sentence id="16">
          <content>Seg&amp;uacute;n el Peruvian Times, "todos los visitantes extranjeros en Machu Picchu pronto tendr&amp;aacute;n que contratar un gu&amp;iacute;a oficial para entrar a la ciudadela inca, seguir una de tres rutas predeterminadas para recorrer el complejo y tendr&amp;aacute;n tiempos limitados en puntos espec&amp;iacute;ficos a fin de continuar con la fluidez del tr&amp;aacute;fico, bajo nuevas reglas promulgadas por el Ministerio de Cultura en Cusco" .</content>
        </sentence>
        <sentence id="17">
          <content>"Machu Picchu es un lugar visitado por turistas de diferentes edades, religiones e ideolog&amp;iacute;as", explic&amp;oacute; Mormontoy .</content>
        </sentence>
        <sentence id="18">
          <content>"La conducta nudista puede agradar a un peque&amp;ntilde;o porcentaje de personas, pero causa malestar y enfado en otros .</content>
        </sentence>
        <sentence id="19">
          <content>Hay que asegurarse de que otros turistas no se sientan inc&amp;oacute;modos" .</content>
        </sentence>
        <sentence id="20">
          <content>&amp;iquest;Cu&amp;aacute;l es tu opini&amp;oacute;n respecto al "turismo nudista"?</content>
        </sentence>
        <sentence id="21">
          <content>Cu&amp;eacute;ntanos en la secci&amp;oacute;n de comentarios .</content>
        </sentence>
      </sentences>
    </paragraph>
  </article>
</document>
