<?xml version="1.0" encoding="UTF-8"?>
<document id="651" link="http://mexico.cnn.com/salud/2014/02/14/la-neuromejora-del-amor-el-secreto-de-la-ciencia-detras-del-romance" category="Salud" highlights_mapped="false">
  <title>La 'neuromejora del amor', el secreto de la ciencia detr&amp;aacute;s del romance - Salud - CNNMexico.com</title>
  <keywords>salud, amor, pareja, relaciones, relaciones de pareja, divorcios, ciencia, farmacos para el amor, monogamia, cerebro, cientificos, neurociencia, medicamentos, relaciones interpersonales, matrimonio, sexo, sexualidad, atraccion, enamoramiento</keywords>
  <summaries>
    <highlights>
      <sentence id="1" ids_sentences_article="">Desde hace mucho tiempo los humanos han buscado mantener el amor a trav&amp;eacute;s de pociones y conjuros.</sentence>
      <sentence id="2" ids_sentences_article="">La ciencia podr&amp;iacute;a por fin revelar el secreto del amor eterno.</sentence>
      <sentence id="3" ids_sentences_article="">Una intervenci&amp;oacuten neuronal podr&amp;iacute;a evitar los divorcios.</sentence>
    </highlights>
  </summaries>
  <article>
    <paragraph id="1">
      <sentences>
        <sentence id="1">
          <content>La 'neuromejora del amor', el secreto de la ciencia detr&amp;aacute;s del romance.</content>
        </sentence>
        <sentence id="2">
          <content>El humano ha buscado el amor eterno a trav&amp;eacute;s de pociones y conjuros, pero los especialistas ya tienen una f&amp;oacutermula.</content>
        </sentence>
        <sentence id="3">
          <content>(QUO) -- &amp;iquest;Es posible utilizar la qu&amp;iacute;mica para mejorar las relaciones amorosas?</content>
        </sentence>
        <sentence id="4">
          <content>Hay quienes apuestan a que, en un futuro, los medicamentos evitar&amp;aacute;n muchos divorcios .</content>
        </sentence>
        <sentence id="5">
          <content>Desde hace mucho tiempo, el ser humano ha buscado influir en el amor por medio de conjuros, pociones y amuletos .</content>
        </sentence>
        <sentence id="6">
          <content>Ahora que los especialistas entienden mejor muchos los secretos del cerebro, la ciencia podr&amp;iacute;a sustituir las simples creencias para darle m&amp;aacute;s vida a las relaciones amorosas .</content>
        </sentence>
        <sentence id="7">
          <content>"Esto significa usar todo nuestro conocimiento de neurociencia y bioqu&amp;iacute;mica para avanzar en nuestras relaciones amorosas", se&amp;ntilde;ala Brian D .</content>
        </sentence>
        <sentence id="8">
          <content>Earp, investigador en &amp;Eacute;tica Pr&amp;aacute;ctica de la Universidad de Oxford, quien es pionero en la publicaci&amp;oacuten de art&amp;iacute;culos cient&amp;iacute;ficos sobre el tema .</content>
        </sentence>
        <sentence id="9">
          <content>En la edici&amp;oacuten de febrero de la revista QUO encontrar&amp;aacute;s la historia completa sobre los f&amp;aacute;rmacos para el amorAl enamorarnos, b&amp;aacute;sicamente los niveles de serotonina bajan y los centros de recompensa del cerebro se llenan de dopamina, neurotransmisor que hace que nuestro cuerpo se sienta bien, relajado .</content>
        </sentence>
        <sentence id="10">
          <content>Tambi&amp;eacute;n se activan 12 &amp;aacute;reas diferentes del cerebro, las cuales comienzan a segregar sustancias qu&amp;iacute;micas, como la dopamina o la oxitocina, la adrenalina y la vasopresina, que inducen en el individuo la euforia, la pasi&amp;oacuten y la atracci&amp;oacuten .</content>
        </sentence>
        <sentence id="11">
          <content>Pero eso se termina .</content>
        </sentence>
        <sentence id="12">
          <content>"Sucede que nuestros cerebros no han evolucionado para aguantar las modernas relaciones amorosas mon&amp;oacutegamas de toda una vida, sino para las comparativamente cortas alianzas concertadas por los progenitores de nuestros antepasados", explica Earp, investigador interdisciplinario con formaci&amp;oacuten en ciencias cognitivas sociales y de psicolog&amp;iacute;a experimental .</content>
        </sentence>
        <sentence id="13">
          <content>Seg&amp;uacute;n estudios recientes, el enamoramiento tiene fecha de caducidad: solo dura unos cuatro a&amp;ntilde;os .</content>
        </sentence>
        <sentence id="14">
          <content>Este es el tiempo que nuestro cerebro segrega cantidades enormes de dopamina .</content>
        </sentence>
        <sentence id="15">
          <content>Despu&amp;eacute;s, esta sustancia es sustituida por la oxitocina, la hormona del apego, y la vasopresina, conocida como "la de la monogamia" .</content>
        </sentence>
        <sentence id="16">
          <content>Actualmente, los cient&amp;iacute;ficos han comenzado a utilizar un concepto que quiz&amp;aacute; sea la clave para el amor eterno y pronto podr&amp;iacute;a convertirse en algo cada vez m&amp;aacute;s com&amp;uacute;n: neuromejora del amor .</content>
        </sentence>
        <sentence id="17">
          <content>Algunas de las propuestas existentes basadas en esta idea son el uso de antidepresivos y una especie de spray para inhalar la hormona de la oxitocina .</content>
        </sentence>
        <sentence id="18">
          <content>GR&amp;Aacute;FICO: As&amp;iacute; nos enamoramos y rompemos el coraz&amp;oacuten en la era de internetPaul Amato, profesor estadounidense de sociolog&amp;iacute;a y demograf&amp;iacute;a adem&amp;aacute;s de coautor del libro Alone Together: How Marriage in America is Changing, apunta que el 70% de los matrimonios fracasan y que, desde su perspectiva, estos m&amp;eacute;todos podr&amp;iacute;an ser utilizados en aquellos casos en los que hay ni&amp;ntilde;os de por medio que puedan recibir un da&amp;ntilde;o potencial .</content>
        </sentence>
        <sentence id="19">
          <content>M&amp;eacute;todos como estos, comenta, ayudar&amp;iacute;an a que los padres tuvieran m&amp;aacute;s posibilidades de mejorar su situaci&amp;oacuten matrimonial en beneficio de ellos y sus hijos .</content>
        </sentence>
        <sentence id="20">
          <content>Si "la administraci&amp;oacuten qu&amp;iacute;mica puede ser m&amp;aacute;s efectiva o exitosa, al menos para ciertas parejas, es algo que vale la pena probar en quienes ya no se sienten enamorados o en aquellos cuyo cerebro ya no produce las mismas sustancias que los hace seguir en una relaci&amp;oacuten", comenta Brian D .</content>
        </sentence>
        <sentence id="21">
          <content>La utilizaci&amp;oacuten de f&amp;aacute;rmacos para mejorar el amor no es una novedad, sin embargo, todav&amp;iacute;a es un reto .</content>
        </sentence>
        <sentence id="22">
          <content>Este es un fragmento de un art&amp;iacute;culo publicado en la edici&amp;oacuten de febrero de 2014 de la revista QUO, que es parte de Grupo Expansi&amp;oacuten, una empresa de Time Inc .</content>
        </sentence>
        <sentence id="23">
          <content>La firma edita en M&amp;eacute;xico 17 revistas y 11 sitios de internet, entre ellos CNNM&amp;eacute;xico .</content>
        </sentence>
      </sentences>
    </paragraph>
  </article>
</document>
