<?xml version="1.0" encoding="UTF-8"?>
<document id="701" link="http://mexico.cnn.com/salud/2014/01/11/aprende-a-usar-el-sistema-del-semaforo-para-comer-mejor-en-casa" category="Salud" author="Jacque Wilson" highlights_mapped="false">
  <title>Aprende a usar el sistema del sem&amp;aacute;foro para comer mejor en casa - Salud - CNNMexico.com</title>
  <keywords>medicina, semaforo, alimentacion, metodo, saludable, rojo, amarillo, verde, obesidad, alimentos, comer, comida, dieta, familia, obesidad infantil</keywords>
  <summaries>
    <highlights>
      <sentence id="1" ids_sentences_article="">El Hospital General de Massachusetts etiquet&amp;oacute sus alimentos en la cafeter&amp;iacute;a seg&amp;uacute;n su nivel nutricional.</sentence>
      <sentence id="2" ids_sentences_article="">Al final de un periodo de 24 meses las personas tomaban elecciones m&amp;aacute;s saludables gracias al sistema.</sentence>
      <sentence id="3" ids_sentences_article="">Los resultados se publicaron en la revista 'American Journal of Preventive Medicine'.</sentence>
    </highlights>
  </summaries>
  <article>
    <paragraph id="1">
      <sentences>
        <sentence id="1">
          <content>Aprende a usar el sistema del sem&amp;aacute;foro para comer mejor en casa.</content>
        </sentence>
        <sentence id="2">
          <content>El m&amp;eacute;todo consiste en etiquetar a los alimentos de color rojo, amarillo o verde, seg&amp;uacute;n lo saludables que son.</content>
        </sentence>
        <sentence id="3">
          <content>(CNN) -- &amp;iquest;Qu&amp;eacute; pasar&amp;iacute;a si comer saludablemente fuera tan f&amp;aacute;cil como jugar tu juego favorito?En marzo de 2010, la cafeter&amp;iacute;a del Hospital General de Massachusetts, en Estados Unidos etiquet&amp;oacute los art&amp;iacute;culos saludables con una "luz verde", los menos saludables con una "luz amarilla" y los no saludables con una "luz roja" .</content>
        </sentence>
        <sentence id="4">
          <content>Los art&amp;iacute;culos m&amp;aacute;s saludables tambi&amp;eacute;n fueron colocados en lugares "estelares" de la cafeter&amp;iacute;a, mientras que los art&amp;iacute;culos no saludables fueron puestos debajo del nivel de la vista .</content>
        </sentence>
        <sentence id="5">
          <content>El m&amp;eacute;todo "Luz Verde, Luz Roja" es uno de los favoritos entre los expertos que luchan contra la obesidad infantil .</content>
        </sentence>
        <sentence id="6">
          <content>Pero los m&amp;eacute;dicos en el Hospital General de Massachusetts quer&amp;iacute;an saber si los colores realmente podr&amp;iacute;an inspirar h&amp;aacute;bitos de alimentaci&amp;oacuten m&amp;aacute;s saludables entre los adultos a largo plazo .</content>
        </sentence>
        <sentence id="7">
          <content>Los resultados de su estudio fueron publicados este mes en la revista American Journal of Preventive Medicine .</content>
        </sentence>
        <sentence id="8">
          <content>El estudioUn sistema rastre&amp;oacute todas las compras de la cafeter&amp;iacute;a del hospital entre diciembre de 2009 y febrero de 2012 .</content>
        </sentence>
        <sentence id="9">
          <content>Los primeros tres meses de datos fueron utilizados como punto de referencia para prop&amp;oacutesitos de comparaci&amp;oacuten .</content>
        </sentence>
        <sentence id="10">
          <content>En marzo de 2010, todos los alimentos y bebidas fueron etiquetados con una estampa visible verde, amarilla o roja .</content>
        </sentence>
        <sentence id="11">
          <content>Aquellos con una estampa verde fueron puestos al nivel de la vista y en lugares f&amp;aacute;ciles de alcanzar .</content>
        </sentence>
        <sentence id="12">
          <content>Se utilizaron se&amp;ntilde;alamientos, tableros de men&amp;uacute;s y otras promociones para explicar los cambios .</content>
        </sentence>
        <sentence id="13">
          <content>La cafeter&amp;iacute;a tuvo un promedio de 6,511 transacciones diariamente y aproximadamente una tercera parte fueron de empleados del hospital que utilizaron la cafeter&amp;iacute;a regularmente .</content>
        </sentence>
        <sentence id="14">
          <content>Doce meses despu&amp;eacute;s del comienzo del estudio, los investigadores analizaron la cantidad de compras de cada grupo de colores, y las compararon con los totales del punto de referencia .</content>
        </sentence>
        <sentence id="15">
          <content>Hicieron lo mismo despu&amp;eacute;s de 24 meses .</content>
        </sentence>
        <sentence id="16">
          <content>Los resultadosLa cantidad de art&amp;iacute;culos rojos comprados en el periodo del estudio disminuy&amp;oacute de 24% en el punto de referencia a 21% en los seguimientos de 12 y 24 meses despu&amp;eacute;s .</content>
        </sentence>
        <sentence id="17">
          <content>La mayor disminuci&amp;oacuten se vio en las bebidas con etiqueta roja (como el refresco regular); de 27% en el punto de referencia a un 18% en 24 meses .</content>
        </sentence>
        <sentence id="18">
          <content>Las ventas de los art&amp;iacute;culos verdes aumentaron de un 41% a un 46% .</content>
        </sentence>
        <sentence id="19">
          <content>En otras palabras, los que iban a la cafeter&amp;iacute;a compraron m&amp;aacute;s agua y alimentos m&amp;aacute;s saludables en el periodo de estudio en comparaci&amp;oacuten con lo que compraban antes de que el sistema de sem&amp;aacute;foro entrar&amp;aacute; en vigor .</content>
        </sentence>
        <sentence id="20">
          <content>Los empleados mostraron la mayor mejora: sus compras de art&amp;iacute;culos rojos disminuyeron en aproximadamente 20% .</content>
        </sentence>
        <sentence id="21">
          <content>La conclusi&amp;oacuten"En estos resultados se sugiere que las intervenciones sencillas del ambiente de alimentaci&amp;oacuten pueden jugar un gran papel en las pol&amp;iacute;ticas de salud p&amp;uacute;blica para reducir la obesidad", escriben los autores del estudio .</content>
        </sentence>
        <sentence id="22">
          <content>La autora principal del estudio, la m&amp;eacute;dico Anne Thorndike dijo que los resultados consistentes a los 24 meses sugieren que las personas no se cansaron ni fueron inmunes a las etiquetas &amp;uacute;tiles en los alimentos, dice .</content>
        </sentence>
        <sentence id="23">
          <content>Thorndike no cree que el sistema de c&amp;oacutedigos de colores pueda reemplazara la informaci&amp;oacuten de nutrici&amp;oacuten m&amp;aacute;s detallada, pero dice que las etiquetas "transmiten alguna informaci&amp;oacuten nutricional b&amp;aacute;sica en un formato que puede ser interpretado y entendido r&amp;aacute;pidamente por individuos de diversos antecedentes" .</content>
        </sentence>
        <sentence id="24">
          <content>No se aclar&amp;oacute si el sistema de sem&amp;aacute;foro produjo el cambio en el comportamiento de los consumidores o si fue el reordenamiento de los art&amp;iacute;culos en la cafeter&amp;iacute;a .</content>
        </sentence>
        <sentence id="25">
          <content>&amp;Uacute;salo en casa"Las familias podr&amp;iacute;an utilizar este concepto al categorizar los alimentos en el hogar como &amp;lsquo;verdes&amp;rsquo; o &amp;lsquo;rojos&amp;rsquo;", dice Thorndike .</content>
        </sentence>
        <sentence id="26">
          <content>"Por ejemplo, podr&amp;iacute;as tener un caj&amp;oacuten o estante de aperitivos &amp;lsquo;verdes&amp;rsquo; en el refrigerador que los ni&amp;ntilde;os puedan seleccionar libremente, y podr&amp;iacute;as designar un caj&amp;oacuten &amp;lsquo;rojo&amp;rsquo; para el cual los ni&amp;ntilde;os tendr&amp;iacute;an que pedir permiso antes de tomar un aperitivo" .</content>
        </sentence>
        <sentence id="27">
          <content>Los padres tambi&amp;eacute;n pueden reordenar sus estanter&amp;iacute;as para poner aperitivos m&amp;aacute;s saludables al frente y en el centro .</content>
        </sentence>
        <sentence id="28">
          <content>Lo sentimos, galletas; la esquina oscura de arriba es para ustedes .</content>
        </sentence>
      </sentences>
    </paragraph>
  </article>
</document>
