<?xml version="1.0" encoding="UTF-8"?>
<document id="598" link="http://mexico.cnn.com/salud/2013/11/10/10-hoteles-en-donde-ser-ciclista-no-cuesta-nada" category="Salud" author="Jill Becker" highlights_mapped="false">
  <title>10 hoteles en donde ser ciclista no cuesta nada  - Salud - CNNMexico.com</title>
  <keywords>viajes, hoteles, bicicletas, servicio de habitacion, estados unidos, ciudad, carreteras, california, oregon, canada, vermont</keywords>
  <summaries>
    <highlights>
      <sentence id="1" ids_sentences_article="">Muchos hoteles agregan a su lista de amenidades bicicletas para los hu&amp;eacute;spedes.</sentence>
      <sentence id="2" ids_sentences_article="">El hotel Holiday Inn en Playa del Carmen ofrece estos veh&amp;iacute;culos para llegar a la playa.</sentence>
      <sentence id="3" ids_sentences_article="">Todos los hoteles Fairmont cuentan con bicicletas BMW para los viajeros.</sentence>
    </highlights>
  </summaries>
  <article>
    <paragraph id="1">
      <sentences>
        <sentence id="1">
          <content>10 hoteles en donde ser ciclista no cuesta nada.</content>
        </sentence>
        <sentence id="2">
          <content>Estos lugares te ofrecen 'ruedas' para circular por los alrededores y conocer m&amp;aacute;s del lugar que visitas.</content>
        </sentence>
        <sentence id="3">
          <content>(CNN) -- Actualmente algunos hoteles ofrecen todo tipo de amenidades divertidas, desde iPads hasta mascotas .</content>
        </sentence>
        <sentence id="4">
          <content>Una de las caracter&amp;iacute;sticas que parece estar creciendo en popularidad es el pr&amp;eacute;stamo de bicicletas, que son sin duda una gran forma dedescubrirun nuevo destino .</content>
        </sentence>
        <sentence id="5">
          <content>Algunas propiedades cobran por el servicio, pero estos 10 hoteles tienen pr&amp;eacute;stamos gratuitos de bicicletas para que sus hu&amp;eacute;spedes puedan salir y explorar todo lo que la zona tiene para ofrecer .</content>
        </sentence>
        <sentence id="6">
          <content>As&amp;iacute; que ponte el casco, estira tus cu&amp;aacute;driceps y empieza a pedalear .</content>
        </sentence>
        <sentence id="7">
          <content>Hotel M&amp;oacutenaco (Portland, Oregon, Estados Unidos)En julio pasado, la empresa Kimpton anunci&amp;oacute que todos sus hoteles ahora ofrecer&amp;aacute;n bicicletas de pr&amp;eacute;stamo gratuito .</content>
        </sentence>
        <sentence id="8">
          <content>Esta propiedad se localiza en Portland, una de las ciudades m&amp;aacute;s amigables con el ciclismo en Estados Unidos .</content>
        </sentence>
        <sentence id="9">
          <content>Cuenta con kil&amp;oacutemetros y kil&amp;oacutemetros de ciclov&amp;iacute;as bien se&amp;ntilde;alizados, incluyendo una explanada al lado del r&amp;iacute;o .</content>
        </sentence>
        <sentence id="10">
          <content>Adem&amp;aacute;s de una flota de 18 cruceros de playa, bicicletas de ciudad y de carretera, el hotel cuenta con una bicicleta especial con cerveza y caf&amp;eacute; .</content>
        </sentence>
        <sentence id="11">
          <content>La bicicleta est&amp;aacute; en exhibici&amp;oacuten cuando los empleados no est&amp;aacute;n fuera, paseando por las calles en ella .</content>
        </sentence>
        <sentence id="12">
          <content>Ace Hotel &amp; Swim Club (Palm Springs, California, Estados Unidos)El Ace Hotel de estiloretrofunkyno solo tiene una piscina donde se realizan fiestas semanales con un DJ, un parque para perros y toques de dise&amp;ntilde;o como los pisos de concreto y chimeneas kiva (moldeadas en forma de colmena) .</content>
        </sentence>
        <sentence id="13">
          <content>Tambi&amp;eacute;n cuenta con bicicletas t&amp;aacute;ndem para quienes prefieren compartir el pedaleo con alg&amp;uacute;n amigo .</content>
        </sentence>
        <sentence id="14">
          <content>Las bicicletas de un solo puesto tambi&amp;eacute;n est&amp;aacute;n disponibles .</content>
        </sentence>
        <sentence id="15">
          <content>Element Vaughan Suroeste (Vaughan, Ontario, Canad&amp;aacute;)Esta propiedadcuenta con servicio de pr&amp;eacute;stamo de bicicletas como parte de sus pr&amp;aacute;cticas de conciencia ecol&amp;oacutegica, que incluyen grifos de bajo consumo de agua y una piscina sin cloro .</content>
        </sentence>
        <sentence id="16">
          <content>Los hu&amp;eacute;spedes pueden utilizar sus coloridas motos para ir en busca del Sal&amp;oacuten de la Fama, el Museo de Futbol Canadiense, la esc&amp;eacute;nica &amp;Aacute;rea de Conservaci&amp;oacuten de Boyd y otras atracciones locales .</content>
        </sentence>
        <sentence id="17">
          <content>Si son m&amp;aacute;s aventureros, pueden pedalear los 30 kil&amp;oacutemetros cuesta arriba hasta llegar al centro de Toronto .</content>
        </sentence>
        <sentence id="18">
          <content>Granjas gemelas (Barnard, Vermont)Esta pintoresca pero lujosa propiedad en una casa de campo centenaria que fuera hogar del escritor ganador del Premio Nobel, Sinclair Lewis, equipa a los clientes interesados ya sea con una bicicleta de monta&amp;ntilde;a de alta gama o un crucero m&amp;aacute;s informal (junto con almuerzos preparados por chefs para llevar en bolsas de pl&amp;aacute;stico) para el viaje de 16 kil&amp;oacutemetros hacia abajo para llegar a la localidad de Woodstock .</content>
        </sentence>
        <sentence id="19">
          <content>Mejor a&amp;uacute;n: te recogen una vez que est&amp;aacute;s all&amp;iacute;, as&amp;iacute; que no tienes que pedalear cuesta arriba .</content>
        </sentence>
        <sentence id="20">
          <content>Holiday Inn Express Playa del Carmen (Playa del Carmen, M&amp;eacute;xico)Los vacacionistas conscientes de su presupuesto que buscan sol, arena y surf en la conocida Riviera Maya de M&amp;eacute;xico a menudo optan por este hotel .</content>
        </sentence>
        <sentence id="21">
          <content>Est&amp;aacute; a cinco calles de la playa y tiene una gran variedad de actividades, desde snorkel hasta nado con delfines .</content>
        </sentence>
        <sentence id="22">
          <content>Adem&amp;aacute;s est&amp;aacute; cerca de la 5&amp;ordf; Avenida .</content>
        </sentence>
        <sentence id="23">
          <content>Si no deseas tomar el transporte gratuito del hotel a la playa, elige una de las bicicletas en pr&amp;eacute;stamo y llega pedaleando .</content>
        </sentence>
        <sentence id="24">
          <content>Hotel Jane (Nueva York, Estados Unidos)Este moderno alojamiento boutique con tem&amp;aacute;tica marinera en la parte baja de Manhattan ha ofrecido bicicletas a sus hu&amp;eacute;spedes desde su apertura en 2008, pero recientemente actualiz&amp;oacute la flota con nuevos y geniales Driggs de tres velocidades de Brooklyn Cruiser y modelos de Willow .</content>
        </sentence>
        <sentence id="25">
          <content>"Nuestro programa de bicicletas ha sido muy popular entre nuestros clientes", coment&amp;oacute el propietario, Sean MacPherson, al momento de la transici&amp;oacuten .</content>
        </sentence>
        <sentence id="26">
          <content>"El estilo &amp;uacute;nico neoyorquino de Brooklyn Cruiser es un paso natural para nuestros hoteles y hu&amp;eacute;spedes" .</content>
        </sentence>
        <sentence id="27">
          <content>Le Meurice (Par&amp;iacute;s, Francia)&amp;iquest;Qu&amp;eacute; camino m&amp;aacute;s apropiado para moverse por la Ciudad de la Luz que un cl&amp;aacute;sico europeo de dos ruedas con un cestillo de mimbre que puedes llenar con baguettes, vino franc&amp;eacute;s y golosinas parisinas a lo largo de tu viaje?</content>
        </sentence>
        <sentence id="28">
          <content>El famoso hotel Le Meurice lo hace posible .</content>
        </sentence>
        <sentence id="29">
          <content>De hecho, si te enamoras de estas dulces ruedas, te dejar&amp;aacute;n comprarlas y llev&amp;aacute;rtelas a casa .</content>
        </sentence>
        <sentence id="30">
          <content>El Encanto Resort (Santa B&amp;aacute;rbara, California, Estados Unidos)El magn&amp;iacute;fico El Encanto, que reabri&amp;oacute sus puertas en marzo pasado despu&amp;eacute;s de un cambio de imagen de 17,223 millones de pesos, se localiza en 28,328 exuberantes metros cuadrados en las colinas de Santa B&amp;aacute;rbara, lo que tal vez ayuda a explicar por qu&amp;eacute; todas sus bicicletas en pr&amp;eacute;stamo son el&amp;eacute;ctricas .</content>
        </sentence>
        <sentence id="31">
          <content>Ellos te dan ese atractivo extra necesario para subir una de las pendientes m&amp;aacute;s empinadas que rodean al complejo .</content>
        </sentence>
        <sentence id="32">
          <content>Heywood hotel (Austin, Texas, Estados Unidos)El Hotel Heywood de Austin tiene solamente sieten habitaciones, pero es grande en estilo, incluyendo las bicicletas spiffy Rep&amp;uacute;blica dotadas de una rueda de color verde y una de color blanco que, seg&amp;uacute;n el due&amp;ntilde;o y gerente Kathy Setzer, imitan el dise&amp;ntilde;o del hotel: "Se ve como un bungalow en la parte delantera y moderno en la parte de atr&amp;aacute;s" .</content>
        </sentence>
        <sentence id="33">
          <content>Las bicicletas han demostrado ser un equipamiento tan popular desde que el Heywood abri&amp;oacute hace un a&amp;ntilde;o y medio, que Setzer cre&amp;oacute un rally de b&amp;uacute;squeda del tesoro con pistas fotogr&amp;aacute;ficas de lugares de tur&amp;iacute;sticos de la regi&amp;oacuten .</content>
        </sentence>
        <sentence id="34">
          <content>Completa el recorrido, publica las fotos de tus hallazgos y podr&amp;iacute;as ganar unas cuantas camisetas Heywood .</content>
        </sentence>
        <sentence id="35">
          <content>Monta&amp;ntilde;a Fairmont en el Safari Club de Kenya (Nanyuki, Kenya)Todos los hoteles Fairmont cuentan con bicicletas BMW que los hu&amp;eacute;spedes pueden usar gratuitamente .</content>
        </sentence>
        <sentence id="36">
          <content>Sin embargo, ser&amp;aacute; dif&amp;iacute;cil superar este pabell&amp;oacuten de caza restaurado que data de la d&amp;eacute;cada de los 50 y que est&amp;aacute; situado en la base del segundo pico m&amp;aacute;s alto de &amp;Aacute;frica .</content>
        </sentence>
        <sentence id="37">
          <content>No olvides tu c&amp;aacute;mara .</content>
        </sentence>
      </sentences>
    </paragraph>
  </article>
</document>
