<?xml version="1.0" encoding="UTF-8"?>
<document id="868" link="http://mexico.cnn.com/salud/2014/03/23/que-es-lo-que-una-mujer-quiere-de-un-hombre-conexion" category="Salud" author="Vanessa Voltolina" highlights_mapped="false">
  <title>&amp;iquest;Qu&amp;eacute; es lo que una mujer quiere de un hombre? &amp;iexcl;Conexi&amp;oacute;n! - Salud - CNNMexico.com</title>
  <keywords>mujeres, pareja, relacion, amor, conexion, romance, facilitar, consejos, vida, mejorar</keywords>
  <summaries>
    <highlights>
      <sentence id="1" ids_sentences_article="">Tener interacciones diarias con tu pareja puede ayudar a mejorar su relaci&amp;oacute;n.</sentence>
      <sentence id="2" ids_sentences_article="">Otra forma de mejorarla es a trav&amp;eacute;s de ofrecerte a realizar tareas que ella normalmente odia.</sentence>
      <sentence id="3" ids_sentences_article="">Pasar tiempo con ella en reuniones ayuda a impulsar su conexi&amp;oacute;n.</sentence>
    </highlights>
  </summaries>
  <article>
    <paragraph id="1">
      <sentences>
        <sentence id="1">
          <content>&amp;iquest;Qu&amp;eacute; es lo que una mujer quiere de un hombre?</content>
        </sentence>
        <sentence id="2">
          <content>&amp;iexcl;Conexi&amp;oacute;n!</content>
        </sentence>
        <sentence id="3">
          <content>Ayudarle a tu pareja con las tareas del hogar o hacer lo que le gusta son algunas formas para generar una gran conexi&amp;oacute;n.</content>
        </sentence>
        <sentence id="4">
          <content>Nota del editor:upwave es la nueva marca de estilo de vida de Turner Broadcasting, &amp;iexcl;dise&amp;ntilde;ada para entretenerte y hacerte m&amp;aacute;s saludable!</content>
        </sentence>
        <sentence id="5">
          <content>Visitaupwave .</content>
        </sentence>
        <sentence id="6">
          <content>compara encontrar m&amp;aacute;s informaci&amp;oacute;n y sigue a upwave enTwitter,Facebook,YouTube,PinteresteInstagram .</content>
        </sentence>
        <sentence id="7">
          <content>com) --Est&amp;aacute; bien, as&amp;iacute; que no te has sentido como el Justin Timberlake de su Jessica Biel &amp;uacute;ltimamente .</content>
        </sentence>
        <sentence id="8">
          <content>O quiz&amp;aacute; tienes un amigo que est&amp;aacute; tan interesado en su relaci&amp;oacute;n que hace que te preguntes qu&amp;eacute; pasa con la tuya .</content>
        </sentence>
        <sentence id="9">
          <content>Parece que podr&amp;iacute;as necesitar hacer algo de reconocimiento para impulsar su conexi&amp;oacute;n; pero, &amp;iquest;por qu&amp;eacute; y c&amp;oacute;mo?Ya sea que pases de cero a 60 en el departamento del romance o solo quieras mejorar tus movimientos, recuerda: "No hay un enfoque &amp;uacute;nico para todas las mujeres", dice la profesional en las relaciones y consejera de vida Amy Schoen, entrenadora coactiva profesional certificada .</content>
        </sentence>
        <sentence id="10">
          <content>Sin embargo, los beneficios de mostrarle que te importa superan por mucho aquellos de guardarse esa informaci&amp;oacute;n .</content>
        </sentence>
        <sentence id="11">
          <content>Conectarse con otra persona significa "depositar en la cuenta bancaria de la relaci&amp;oacute;n", dice Michael A .</content>
        </sentence>
        <sentence id="12">
          <content>McNulty, doctor, trabajador social cl&amp;iacute;nico con licencia, terapeuta certificado con el Instituto Gottman Relationship en Estados Unidos .</content>
        </sentence>
        <sentence id="13">
          <content>"Este tipo de positividad se almacena en esta cuenta para cuando algo m&amp;aacute;s estresante surge" .</content>
        </sentence>
        <sentence id="14">
          <content>&amp;iquest;M&amp;aacute;s buenas noticias?</content>
        </sentence>
        <sentence id="15">
          <content>En la investigaci&amp;oacute;n se muestra que el tipo rom&amp;aacute;ntico para construir conexiones puede mejorar la salud f&amp;iacute;sica y mental para ambos .</content>
        </sentence>
        <sentence id="16">
          <content>(&amp;iexcl;Un punto m&amp;aacute;s!)</content>
        </sentence>
        <sentence id="17">
          <content>As&amp;iacute; que, &amp;iquest;qu&amp;eacute; haces ahora; o no haces, que podr&amp;iacute;a necesitar algo de trabajo?</content>
        </sentence>
        <sentence id="18">
          <content>Considera el hecho de que a las mujeres les gusta hablar .</content>
        </sentence>
        <sentence id="19">
          <content>(Absteng&amp;aacute;monos de las bromas obvias, &amp;iquest;est&amp;aacute; bien?)</content>
        </sentence>
        <sentence id="20">
          <content>La mujer promedio habla, en promedio, entre 6,000 y 8,000 palabras al d&amp;iacute;a, mientras que el hombre promedio solo habla la mitad de esa cifra .</content>
        </sentence>
        <sentence id="21">
          <content>Hay formas en las que puedes conciliar esta diferencia sin entrar a un triatl&amp;oacute;n verbal; es decir, al ponerte tu gorra de escuchar .</content>
        </sentence>
        <sentence id="22">
          <content>"Hay un par de gestos que puedes probar y ver cu&amp;aacute;l te da la mejor respuesta con la mujer de tu vida", dice Schoen .</content>
        </sentence>
        <sentence id="23">
          <content>Aqu&amp;iacute; est&amp;aacute; c&amp;oacute;mo impulsar tu conexi&amp;oacute;n:Bueno: Dale un empujoncito diarioSi t&amp;uacute; y tu pareja ya no tienen interacciones diarias, es momento de cambiar eso; pero comienza con algo peque&amp;ntilde;o .</content>
        </sentence>
        <sentence id="24">
          <content>"Env&amp;iacute;ale un mensaje de texto con un cumplido de c&amp;oacute;mo cre&amp;iacute;as que se ve&amp;iacute;a estupenda en ese vestido que se puso el fin de semana pasado", sugiere Schoen .</content>
        </sentence>
        <sentence id="25">
          <content>(Sea cual sea el cumplido, s&amp;eacute; sincero y aseg&amp;uacute;rate de que el mensaje no tenga una connotaci&amp;oacute;n negativa) .</content>
        </sentence>
        <sentence id="26">
          <content>Tambi&amp;eacute;n puedes intentar hablarle al trabajo en el d&amp;iacute;a (si est&amp;aacute; permitido), o programar un momento para hablarle y decirle hola en la noche .</content>
        </sentence>
        <sentence id="27">
          <content>Intenta utilizar Skype o Google Hangout; construir&amp;aacute;s un lazo m&amp;aacute;s fuerte si tienes una imagen visual de la otra persona .</content>
        </sentence>
        <sentence id="28">
          <content>Si regresas a casa a la misma direcci&amp;oacute;nn cada noche, "saluda a tu pareja cuando llegue al detener lo que haces y darle un gran beso y un fuerte abrazo", dice Schoen .</content>
        </sentence>
        <sentence id="29">
          <content>Incluso si lo haces sin decir una palabra, que sea un punto para pausar el DVR y reconocerla .</content>
        </sentence>
        <sentence id="30">
          <content>Mejor: Facilita su vidaAhora que las cosas avanzan en la direcci&amp;oacute;n correcta, mejora tu conexi&amp;oacute;n al hacer algo cada semana que facilite su vida, sugiere McNulty .</content>
        </sentence>
        <sentence id="31">
          <content>El truco est&amp;aacute; en prestar atenci&amp;oacute;n, para que puedas obtener una idea de lo que odia y lo que m&amp;aacute;s le estresa; y luego buscar formas de ayudarle a asumir esa carga .</content>
        </sentence>
        <sentence id="32">
          <content>Si odia llevar el autom&amp;oacute;vil a servicio, por ejemplo, ofr&amp;eacute;cele cambiar autom&amp;oacute;viles y hacer el trabajo sucio .</content>
        </sentence>
        <sentence id="33">
          <content>O escoge una tarea; como lavar la ropa, y ofr&amp;eacute;cete a hacerla durante una semana .</content>
        </sentence>
        <sentence id="34">
          <content>S&amp;eacute; creativo, y "dale un cup&amp;oacute;n de &amp;lsquo;quitar una carga&amp;rsquo;", sugiere Schoen (o crea tu propia idea inteligente) .</content>
        </sentence>
        <sentence id="35">
          <content>Si leg&amp;iacute;timamente no tiene tareas de la casa que odio, coc&amp;iacute;nale la cena cuando sepas que tuvo un d&amp;iacute;a ocupado en el trabajo .</content>
        </sentence>
        <sentence id="36">
          <content>Algo igual de serio: ordenar y recoger su platillo favorito de comida para llevar .</content>
        </sentence>
        <sentence id="37">
          <content>Lo mejor: Haz lo que quiera&amp;hellip; realmenteDespu&amp;eacute;s de que lograste lo "bueno" y "mejor", es mucho mejor dejar a un lado tiempo para hacer lo que quiere; en una forma entusiasta y real .</content>
        </sentence>
        <sentence id="38">
          <content>&amp;iquest;Le gusta cierto tipo de m&amp;uacute;sica, o descubri&amp;oacute; una nueva banda?</content>
        </sentence>
        <sentence id="39">
          <content>Schoen aconseja que seas el que sugiera ir a un concierto como una cita, o crear una mezcla improvisada (al estilo iTunes) para ella .</content>
        </sentence>
        <sentence id="40">
          <content>Aunque gastar tus minutos de tel&amp;eacute;fono o comprar canciones solo te cuestan algunos d&amp;oacute;lares, "es el tiempo gastado en la tarea y la premeditaci&amp;oacute;n lo que captura el coraz&amp;oacute;n de una mujer", dice Schoen .</content>
        </sentence>
        <sentence id="41">
          <content>(Nota: eso no es un pase libre a escatimar en comprarle cosas lindas a tu pareja .</content>
        </sentence>
        <sentence id="42">
          <content>Solo decimos) .</content>
        </sentence>
        <sentence id="43">
          <content>Digamos que est&amp;aacute; emocionada de que la acompa&amp;ntilde;es a una fiesta, pases tiempo con su espeluznante t&amp;iacute;o Andy o aparezcas en la fiesta de Navidad de su oficina .</content>
        </sentence>
        <sentence id="44">
          <content>En lugar de quejarse de la gente, el largo recorrido o el hecho de que te pierdas el partido, "intenta divertirte con esto", dice McNulty .</content>
        </sentence>
        <sentence id="45">
          <content>Este art&amp;iacute;culo fue publicado originalmente enupwave .</content>
        </sentence>
      </sentences>
    </paragraph>
  </article>
</document>
