<?xml version="1.0" encoding="UTF-8"?>
<document id="472" link="http://mexico.cnn.com/salud/2013/12/17/20th-century-fox-construira-un-mega-parque-de-diversiones-en-malasia" category="Salud" author="Karla Cripps" highlights_mapped="false">
  <title>20th Century Fox construir&amp;aacute; un mega parque de diversiones en Malasia - Salud - CNNMexico.com</title>
  <keywords>viajes, parque de diversiones, twentieth century fox world, malasia, asia, construccion, atraccion, 20th century fox, peliculas, alien, depredador,</keywords>
  <summaries>
    <highlights>
      <sentence id="1" ids_sentences_article="">El 20th Century Fox World ser&amp;aacute; inaugurado en Malasia, en 2016.</sentence>
      <sentence id="2" ids_sentences_article="">Algunas atracciones basadas en pel&amp;iacute;culas con 'La era de hielo', 'R&amp;iacute;o', 'Alien vs depredador', 'El planeta de los simios' y 'Una noche en el museo'.</sentence>
      <sentence id="3" ids_sentences_article="">El sur de Asia tiene grandes parques tem&amp;aacute;ticos de marcas como Legoland y Universal Studios.</sentence>
    </highlights>
  </summaries>
  <article>
    <paragraph id="1">
      <sentences>
        <sentence id="1">
          <content>20th Century Fox construir&amp;aacute; un mega parque de diversiones en Malasia.</content>
        </sentence>
        <sentence id="2">
          <content>El nuevo parque tendr&amp;aacute; 25 atracciones tem&amp;aacute;ticas basadas en pel&amp;iacute;culas de la cadena.</content>
        </sentence>
        <sentence id="3">
          <content>(CNN) -- Los parques de diversiones de Disney y Universal pronto tendr&amp;aacute;n a un competidor en las atracciones tem&amp;aacute;ticas inspiradas en el cine .</content>
        </sentence>
        <sentence id="4">
          <content>La compa&amp;ntilde;&amp;iacute;a Twentieth Century Fox revel&amp;oacute los planes para unirse a la fiesta .</content>
        </sentence>
        <sentence id="5">
          <content>El primer parque tem&amp;aacute;tico de la marca se llamar&amp;aacute; Twentieth Century Fox World y se prev&amp;eacute; que abra en 2016 como parte del Resorts World Genting de Malasia, un complejo de entretenimiento ubicado a una hora de la capital Kuala Lumpur .</content>
        </sentence>
        <sentence id="6">
          <content>Seg&amp;uacute;n los planes, el parque de 100,000 metros cuadrados contar&amp;aacute; con m&amp;aacute;s de 25 juegos y atracciones basadas en pel&amp;iacute;culas de Fox como: La era de hielo, R&amp;iacute;o, Alien vs depredador, El planeta de los simios y Una noche en el museo .</content>
        </sentence>
        <sentence id="7">
          <content>Algunas atracciones estar&amp;aacute;n orientadas a los ni&amp;ntilde;os y otra a los amantes de la adrenalina .</content>
        </sentence>
        <sentence id="8">
          <content>No podemos confirmar nuestras sospechas, pero es probable que el juego Alien vs depredador no sea apto para menores de tres a&amp;ntilde;os .</content>
        </sentence>
        <sentence id="9">
          <content>"La apertura del primer parque tem&amp;aacute;tico de la Twentieth Century Fox en Resorts World Genting lleva a nuestra rica historia en contar historias a un nivel completamente nuevo y proporcionar&amp;aacute; una experiencia de entretenimiento excepcional", dijo Jeffrey Godsick, presidente de Twentieth Century Fox Consumer Products, en una declaraci&amp;oacuten .</content>
        </sentence>
        <sentence id="10">
          <content>"La gente de todo el mundo se reunir&amp;aacute; aqu&amp;iacute; en Malasia para convertirse en parte de la historia y experimentar la magia y la aventura en sus historias favoritas de Fox" .</content>
        </sentence>
        <sentence id="11">
          <content>Twentieth Century Fox se ha unido con la empresa de ocio y hospitalidad Genting Malasia para construir el parque .</content>
        </sentence>
        <sentence id="12">
          <content>El CEO de Genting Malaysia, Tan Sri Lim Kok Thay, dijo que est&amp;aacute;n invirtiendo cerca de 300 millones de d&amp;oacutelares en Twentieth Century Fox World y esperan que la mayor&amp;iacute;a de visitantes internacionales procedan principalmente de China y xel sureste asi&amp;aacute;tico .</content>
        </sentence>
        <sentence id="13">
          <content>El auge de los parques tem&amp;aacute;ticos en el sur de Asia La decisi&amp;oacuten de la Twentieth Century Fox de construir su primer parque tem&amp;aacute;tico en Malasia ser&amp;aacute; una decepci&amp;oacuten para los estadounidenses, pero no es sorprendente, teniendo en cuenta el &amp;eacute;xito de los otros parques de grandes marcas en la regi&amp;oacuten, impulsado por una creciente clase media .</content>
        </sentence>
        <sentence id="14">
          <content>El primer Legoland de Asia se inaugur&amp;oacute en Malasia en 2012 .</content>
        </sentence>
        <sentence id="15">
          <content>A pocos minutos de Singapur, el parque tem&amp;aacute;tico de 30 hect&amp;aacute;reas y con una inversi&amp;oacuten de 243 millones de d&amp;oacutelares, est&amp;aacute; dedicado a los ni&amp;ntilde;os amantes de los coloridos ladrillos, se compone de 40 juegos, espect&amp;aacute;culos y atracciones .</content>
        </sentence>
        <sentence id="16">
          <content>En octubre de este a&amp;ntilde;o, se agreg&amp;oacute el Legoland Waterpark, el m&amp;aacute;s grande de la marca hasta este momento .</content>
        </sentence>
        <sentence id="17">
          <content>Un hotel de Legoland, que est&amp;aacute; en fase de detalles finales, se abrir&amp;aacute; a principios de 2014, dijeron las autoridades .</content>
        </sentence>
        <sentence id="18">
          <content>Al sur de la frontera, Singapur tiene su propio parque tem&amp;aacute;tico gigante de Universal Studios, que se inaugur&amp;oacute en 2010 como parte del Resorts World Sentosa .</content>
        </sentence>
        <sentence id="19">
          <content>En Tailandia, se espera el parque acu&amp;aacute;tico Cartoon Network Amazone, propiedad de la divisi&amp;oacuten Turner Broadcasting System, de Time Warner, abra cerca de la ciudad tur&amp;iacute;stica de Pattaya en 2014 .</content>
        </sentence>
        <sentence id="20">
          <content>CNN y CNNM&amp;eacute;xico son parte del grupo Time Warner .</content>
        </sentence>
      </sentences>
    </paragraph>
  </article>
</document>
