<?xml version="1.0" encoding="UTF-8"?>
<document id="595" link="http://mexico.cnn.com/salud/2013/12/06/si-de-comer-se-trata-3-tips-para-un-viajero-gloton" category="Salud" highlights_mapped="false">
  <title>Si de comer se trata... 3 'tips' para un viajero glot&amp;oacuten - Salud - CNNMexico.com</title>
  <keywords>salud, viajes, viajes gastronomicos, gastronomia, restaurantes, platillos, menu, comida exotica, menus exoticos, idioma, reservaciones, lugares de moda, restaurantes de moda, nueva york, tokio, londres, ciudades, vino, comida gourmet, gourmet</keywords>
  <summaries>
    <highlights>
      <sentence id="1" ids_sentences_article="">Primero define qu&amp;eacute; tipo de viajero eres para planear tu ruta gastron&amp;oacutemica.</sentence>
      <sentence id="2" ids_sentences_article="">Actualmente, la tecnolog&amp;iacute;a m&amp;oacutevil es una herramienta que no te puede faltar en tus viajes.</sentence>
      <sentence id="3" ids_sentences_article="">Arriesgate a probar cosas nuevas, pero de preferencia investiga antes.</sentence>
    </highlights>
  </summaries>
  <article>
    <paragraph id="1">
      <sentences>
        <sentence id="1">
          <content>Si de comer se trata . . . 3 'tips' para un viajero glot&amp;oacuten.</content>
        </sentence>
        <sentence id="2">
          <content>Desde las aplicaciones ideales para hacer reservaciones hasta un protocolo para entender men&amp;uacute;s 'ex&amp;oacuteticos'.</content>
        </sentence>
        <sentence id="3">
          <content>(TRAVEL+LEISURE) -- Si lo tuyo son los viajes gastron&amp;oacutemicos, te presentamos algunos consejos pr&amp;aacute;cticos para no perder el "saz&amp;oacuten" de la experiencia: 1 .</content>
        </sentence>
        <sentence id="4">
          <content>Define qu&amp;eacute; tipo de viajero eres- El glamuroso Cuando planea un viaje le importan tres cosas: el tiempo, el tipo de vestimenta y conseguir una reservaci&amp;oacuten en los lugares de moda (incluso pueden planear un viaje exclusivo para llegar a una comida) .</content>
        </sentence>
        <sentence id="5">
          <content>Su lugar por excelencia son las urbes &amp;ndash;&amp;iquest;Nueva York?</content>
        </sentence>
        <sentence id="6">
          <content>&amp;iquest;Londres?</content>
        </sentence>
        <sentence id="7">
          <content>S&amp;iacute;, por favor, y que combinen la oferta de restaurantes con una variedad interesante de camiones de comida .</content>
        </sentence>
        <sentence id="8">
          <content>- El enoturistaEs un viajero un poco m&amp;aacute;s especializado .</content>
        </sentence>
        <sentence id="9">
          <content>Le gusta comer bien, s&amp;iacute;, pero quiere invertir tiempo en la cultura del vino .</content>
        </sentence>
        <sentence id="10">
          <content>Las regiones productoras son sus preferidas, donde puede combinar actividades al aire libre, comidas campestres &amp;ndash;aunque no menos lujosas&amp;ndash;, mucho tiempo en descubrir nuevas a&amp;ntilde;adas y agregar algunas etiquetas a su cava .</content>
        </sentence>
        <sentence id="11">
          <content>- El que disfruta de lo localQuiere descubrir de d&amp;oacutende viene lo que come y, de ser posible, conocer al productor encargado de hacerlo posible .</content>
        </sentence>
        <sentence id="12">
          <content>Es una mezcla de sibarita con esp&amp;iacute;ritu aventurero, capaz de escalar una monta&amp;ntilde;a para llegar a una cueva donde a&amp;ntilde;ejan queso o ensuciarse las manos para cosechar su propia comida .</content>
        </sentence>
        <sentence id="13">
          <content>Que la tecnolog&amp;iacute;a te acompa&amp;ntilde;e- OpenTable: es un sistema de reservaciones muy amigable en la que basta con decir d&amp;oacutende, cu&amp;aacute;ndo y cu&amp;aacute;ntas personas para apartar una mesa .</content>
        </sentence>
        <sentence id="14">
          <content>Adem&amp;aacute;s, tiene un sistema de puntos acumulables que obtienes al asistir a cada reservaci&amp;oacuten .</content>
        </sentence>
        <sentence id="15">
          <content>- Hello Vino: es tu sommelier de bolsillo que te ayudar&amp;aacute; en la elecci&amp;oacuten de vino o lo que opinan otros usuarios sobre ciertas etiquetas .</content>
        </sentence>
        <sentence id="16">
          <content>- Evernote Food: es la aplicaci&amp;oacuten ideal para llevar una bit&amp;aacute;cora ordenada de tus experiencias gastron&amp;oacutemicas .</content>
        </sentence>
        <sentence id="17">
          <content>Aprende el arte de pedir lo correctoNo todos los men&amp;uacute;s son completamente claros o est&amp;aacute;n en otro idioma (o son superextensos) .</content>
        </sentence>
        <sentence id="18">
          <content>Que no cunda el p&amp;aacute;nico .</content>
        </sentence>
        <sentence id="19">
          <content>Para estos casos, es mejor apegarse al protocolo:- Primero, las bebidas .</content>
        </sentence>
        <sentence id="20">
          <content>Si no tienes el h&amp;aacute;bito de ordenar siempre lo mismo, solicita la carta de vinos y pide agua natural mientras lo revisas .</content>
        </sentence>
        <sentence id="21">
          <content>- Sugerencias del mesero .</content>
        </sentence>
        <sentence id="22">
          <content>No son definitivas, pero te pueden dar una idea de los principales platillos .</content>
        </sentence>
        <sentence id="23">
          <content>-No temas preguntar .</content>
        </sentence>
        <sentence id="24">
          <content>Hay que estar seguros sobre los ingredientes que componen el plato (los nombres locales te pueden confundir) .</content>
        </sentence>
        <sentence id="25">
          <content>- Pide con cautela .</content>
        </sentence>
        <sentence id="26">
          <content>Ordenar algo que no conoces es parte de la aventura, pero, si no te gusta, ten en mente una opci&amp;oacuten m&amp;aacute;s segura para la entrada o el postre .</content>
        </sentence>
        <sentence id="27">
          <content>- Prep&amp;aacute;rate para casos dif&amp;iacute;ciles .</content>
        </sentence>
        <sentence id="28">
          <content>Caracoles, langosta, pasta, manitas de cangrejo y dem&amp;aacute;s, requieren utensilios que te pueden hacer quedar muy mal en la mesa .</content>
        </sentence>
        <sentence id="29">
          <content>Hay sitios como finedininglovers .</content>
        </sentence>
        <sentence id="30">
          <content>com que tienen toda una serie de art&amp;iacute;culos para ayudarte en estos casos .</content>
        </sentence>
        <sentence id="31">
          <content>Este es un fragmento de un art&amp;iacute;culo publicado en la edici&amp;oacuten de noviembre de 2013 de la revista Travel+Leisure, que es parte de Grupo Expansi&amp;oacuten, una empresa de Time Inc .</content>
        </sentence>
        <sentence id="32">
          <content>La firma edita en M&amp;eacute;xico 17 revistas y 11 sitios de internet, entre ellos CNNM&amp;eacute;xico .</content>
        </sentence>
      </sentences>
    </paragraph>
  </article>
</document>
