<?xml version="1.0" encoding="UTF-8"?>
<document id="513" link="http://mexico.cnn.com/salud/2014/03/03/crees-ser-adicto-al-ejercicio-tal-vez-podrias-estar-equivocado" category="Salud" author="Jessica Cassity" highlights_mapped="false">
  <title>&amp;iquestCrees ser 'adicto' al ejercicio? Tal vez podr&amp;iacute;as estar equivocado - Salud - CNNMexico.com</title>
  <keywords>ejercicio, gimnasio, adicci&amp;oacute;n, droga, upwave, salud, bienestar, gimnasio, estado f&amp;iacute;sico, psicolog&amp;iacute;a, entrenadores, s&amp;iacute;ndrome de abstinencia, corredor, yoga, euforia, endorfinas, adictivo, investigaci&amp;oacute;n, estudio, repercusiones fisicas,</keywords>
  <summaries>
    <highlights>
      <sentence id="1" ids_sentences_article="">Las personas que se ejercitan mucho pero responsablemente no tienen adicci&amp;oacuten, sino est&amp;aacute;n comprometidos con el ejercicio.</sentence>
      <sentence id="2" ids_sentences_article="">La llamada adicci&amp;oacuten al ejercicio s&amp;oacutelo afecta a un peque&amp;ntilde;o grupo de personas.</sentence>
    </highlights>
  </summaries>
  <article>
    <paragraph id="1">
      <sentences>
        <sentence id="1">
          <content>&amp;iquestCrees ser 'adicto' al ejercicio?</content>
        </sentence>
        <sentence id="2">
          <content>Tal vez podr&amp;iacute;as estar equivocado.</content>
        </sentence>
        <sentence id="3">
          <content>Nota del editor:upwave es la nueva marca de estilo de vida de Turner Broadcasting, &amp;iexcl;dise&amp;ntilde;ada para entretenerte y hacerte m&amp;aacute;s saludable!</content>
        </sentence>
        <sentence id="4">
          <content>Visitaupwave .</content>
        </sentence>
        <sentence id="5">
          <content>compara encontrar m&amp;aacute;s informaci&amp;oacuten y sigue a upwave enTwitter,Facebook,YouTube,PinteresteInstagram .</content>
        </sentence>
        <sentence id="6">
          <content>com) -- El rumor: el ejercicio puede volverse adictivo; igual que las drogasProbablemente escuchaste de la "embriaguez del corredor" y la "felicidad de yoga", sentimientos de euforia que pueden presentarse despu&amp;eacute;s de periodos de ejercicio .</content>
        </sentence>
        <sentence id="7">
          <content>Y quiz&amp;aacute; escuchaste hablar a personas sobre c&amp;oacutemo "tienen" que ejercitarse; como si al no ejercitarse, estas personas tendr&amp;iacute;an repercusiones graves f&amp;iacute;sicas o psicol&amp;oacutegicas .</content>
        </sentence>
        <sentence id="8">
          <content>Pero, &amp;iquest;el ejercicio puede ser una "droga" lo suficientemente potente para volverse adictiva para las personas?</content>
        </sentence>
        <sentence id="9">
          <content>&amp;iquest;Algunas personas realmente necesitan ejercitarse; y si no lo hacen tendr&amp;aacute;n s&amp;iacute;ntomas de abstinencia?El veredicto: el ejercicio puede ser adictivo para algunas personas (pero son la excepci&amp;oacuten)Preg&amp;uacute;ntale a psic&amp;oacutelogos deportivos si la adicci&amp;oacuten al ejercicio es leg&amp;iacute;tima, y muchos te confirmar&amp;aacute;n que lo es .</content>
        </sentence>
        <sentence id="10">
          <content>Sin embargo, en una investigaci&amp;oacuten se sugiere que la llamada adicci&amp;oacuten al ejercicio solo afecta a un peque&amp;ntilde;o grupo de personas; aquellos que se presionan demasiado y se ejercitan cuando est&amp;aacute;n lesionados o cansados, o hasta el punto de que afecta adversamente su trabajo y relaciones .</content>
        </sentence>
        <sentence id="11">
          <content>As&amp;iacute; que, a menos que est&amp;eacute;s a punto de perder tu trabajo debido a tus h&amp;aacute;bitos de ejercicio (o corras maratones cada ma&amp;ntilde;ana a pesar de tener calambres en las espinillas), probablemente no eres verdaderamente "adicto" al ejercicio .</content>
        </sentence>
        <sentence id="12">
          <content>Las personas que se ejercitan mucho; pero responsablemente, no tienen adicci&amp;oacuten: son lo que los cient&amp;iacute;ficos deportivos llaman "personas comprometidas con el ejercicio" .</content>
        </sentence>
        <sentence id="13">
          <content>De acuerdo con Andy Martin, entrenador personal en el Club Atl&amp;eacute;tico Aria y Spa en Vail, Colorado, Estados Unidos, muchas personas se sienten culpables despu&amp;eacute;s de perderse ejercicios, o notan cambios negativos en su cuerpo (como m&amp;uacute;sculos y articulaciones m&amp;aacute;s tiesos) cuando no se ejercitan .</content>
        </sentence>
        <sentence id="14">
          <content>Estas personas tienen como prioridad el ejercicio, pero no tienen una adicci&amp;oacuten al ejercicio .</content>
        </sentence>
        <sentence id="15">
          <content>Lee: La mitad de la poblaci&amp;oacuten en M&amp;eacute;xico no realiza actividad f&amp;iacute;sicaHay varias razones por las que las personas se enganchan en el ejercicio en esta forma saludable .</content>
        </sentence>
        <sentence id="16">
          <content>"La embriaguez del corredor en realidad es &amp;lsquo;volar&amp;rsquo; en el sentido literal de la palabra", explica Martin .</content>
        </sentence>
        <sentence id="17">
          <content>"Durante y antes de completar un entrenamiento intenso; ya sea una carrera de resistencia o una sesi&amp;oacuten de levantamiento de pesas de alta intensidad, las endorfinas fluyen al cerebro y pueden inducir una respuesta emocional que va de la satisfacci&amp;oacuten a la euforia, dependiendo de la intensidad de la actividad" .</content>
        </sentence>
        <sentence id="18">
          <content>Para algunos, el ejercicio en grupo en particular puede ofrecer apoyo social, que es una gran necesidad para la mayor&amp;iacute;a de las personas .</content>
        </sentence>
        <sentence id="19">
          <content>Por supuesto, "engancharse" en el ejercicio requiere un entendimiento del valor que la actividad f&amp;iacute;sica inherentemente tiene, dice Martin .</content>
        </sentence>
        <sentence id="20">
          <content>Algunas personas quieren ir al gimnasio porque no quieren tener una enfermedad del coraz&amp;oacuten o un accidente cerebrovascular .</content>
        </sentence>
        <sentence id="21">
          <content>Otros van regularmente porque quieren mantener su apariencia (o quieren que les queden sus pantalones despu&amp;eacute;s de comer muchos postres) .</content>
        </sentence>
        <sentence id="22">
          <content>Aun as&amp;iacute;, otros quieren asegurarse de que pueden mantenerse al paso de sus hijos .</content>
        </sentence>
        <sentence id="23">
          <content>Sea cual sea la raz&amp;oacuten para ejercitarte, siempre y cuando no te saltes reuniones importantes para correr o hagas lagartijas con un brazo porque el otro tiene un yeso por utilizarlo en exceso, tienes m&amp;aacute;s probabilidades de tener una adicci&amp;oacuten a tu caf&amp;eacute; matutino que a tu caminadora .</content>
        </sentence>
        <sentence id="24">
          <content>Este art&amp;iacute;culo fue publicado originalmente enupwave .</content>
        </sentence>
      </sentences>
    </paragraph>
  </article>
</document>
