<?xml version="1.0" encoding="UTF-8"?>
<document id="837" link="http://mexico.cnn.com/salud/2013/11/25/los-trabajadores-mexicanos-desaprovechan-dos-dias-de-vacaciones-por-ano" category="Salud" author="Katia Hetter" highlights_mapped="false">
  <title>Los trabajadores mexicanos desaprovechan dos d&amp;iacute;as de vacaciones al a&amp;ntilde;o - Viajes - Salud - CNNMexico.com</title>
  <keywords>dias de vacaciones, no tomar vacaciones, sobran, sobrantes, viajes, vacaciones, francia, dias, expedia, encuesta, trabajo, empleados, privacion, turismo,</keywords>
  <summaries>
    <highlights>
      <sentence id="1" ids_sentences_article="">Los trabajadores mexicanos dejar&amp;aacute;n sin utilizar dos d&amp;iacute;as de vacaciones este a&amp;ntilde;o, seg&amp;uacute;n un estudio.</sentence>
      <sentence id="2" ids_sentences_article="">Los trabajadores en todo el mundo reciben un promedio de 20 d&amp;iacute;as de vacaciones.</sentence>
      <sentence id="3" ids_sentences_article="">Los trabajadores en Francia reciben 30 d&amp;iacute;as de vacaciones y los utilizan todos.</sentence>
    </highlights>
  </summaries>
  <article>
    <paragraph id="1">
      <sentences>
        <sentence id="1">
          <content>Los trabajadores mexicanos desaprovechan dos d&amp;iacute;as de vacaciones al a&amp;ntilde;o.</content>
        </sentence>
        <sentence id="2">
          <content>Los franceses tienen 30 d&amp;iacute;as de descanso y utilizan todos, sin embargo la mayor&amp;iacute;a de ellos dice que le hace falta tomar m&amp;aacute;s.</content>
        </sentence>
        <sentence id="3">
          <content>(CNN) -- &amp;iquest;Se acaba el a&amp;ntilde;o y te sobran d&amp;iacute;as vacaciones?</content>
        </sentence>
        <sentence id="4">
          <content>&amp;iquest;Por qu&amp;eacute; no utilizarlos?Teniendo en cuenta un promedio de 12 d&amp;iacute;as de vacaciones al a&amp;ntilde;o, los mexicanos dejaron dos d&amp;iacute;as sobre la mesa en 2012, seg&amp;uacute;n el d&amp;eacute;cimo tercer estudio de privaci&amp;oacuten de vacaciones de la operadora de viajes en l&amp;iacute;nea, Expedia .</content>
        </sentence>
        <sentence id="5">
          <content>"Nadie se jubila con el deseo de haber pasado m&amp;aacute;s tiempo en su escritorio", dijo el vicepresidente de Expedia, John Morrey, en un comunicado .</content>
        </sentence>
        <sentence id="6">
          <content>"Hay un sinn&amp;uacute;mero de razones por las que los d&amp;iacute;as de vacaciones no se utilizan; por no lograr planearlos, preocupaciones, olvido, lo que quieras .</content>
        </sentence>
        <sentence id="7">
          <content>Pero los empleados descansados son empleados m&amp;aacute;s productivos, as&amp;iacute; que tomar vacaciones regulares puede ayudar a la empresa m&amp;aacute;s que no hacerlo" .</content>
        </sentence>
        <sentence id="8">
          <content>Los trabajadores en todo el mundo citan una variedad de razones por las que no utilizan estos d&amp;iacute;as .</content>
        </sentence>
        <sentence id="9">
          <content>Aproximadamente el 25% dice que le gusta acumular d&amp;iacute;as por viajes posibles en el futuro .</content>
        </sentence>
        <sentence id="10">
          <content>Otras razones incluyen: dificultad para programar vacaciones (22%), cobrar por d&amp;iacute;as inutilizados (18%), la preocupaci&amp;oacuten de no poder costear unas vacaciones (16%) y falta de planificaci&amp;oacuten (15%) .</content>
        </sentence>
        <sentence id="11">
          <content>Pero el 8% no se se&amp;ntilde;ala a s&amp;iacute; mismo como el culpable, sino que apunta a la atm&amp;oacutesfera de sus lugares de trabajo, al decir que se resisten a utilizar sus d&amp;iacute;as de descanso porque tomarlos puede ser visto negativamente .</content>
        </sentence>
        <sentence id="12">
          <content>El honor de ser los ciudadanos con m&amp;aacute;s privaci&amp;oacuten de vacaciones le corresponde a Jap&amp;oacuten y Corea del Sur .</content>
        </sentence>
        <sentence id="13">
          <content>Los surcoreanos toman siete de sus 10 d&amp;iacute;as de vacaciones, mientras que los japoneses utilizan siete de sus 18 d&amp;iacute;as .</content>
        </sentence>
        <sentence id="14">
          <content>En todo el mundo, los trabajadores reciben un promedio de 20 d&amp;iacute;as de vacaciones .</content>
        </sentence>
        <sentence id="15">
          <content>Los franceses est&amp;aacute;n a la cabeza en vacaciones, al recibir 30 d&amp;iacute;as cada a&amp;ntilde;o y los aprovechan todos .</content>
        </sentence>
        <sentence id="16">
          <content>Aun as&amp;iacute;, el 90% concuerda con la frase: "Me faltan vacaciones" .</content>
        </sentence>
        <sentence id="17">
          <content>Los noruegos son menos propensos a quejarse por su falta de vacaciones: el 17% dice que sinti&amp;oacute que le faltaron vacaciones .</content>
        </sentence>
        <sentence id="18">
          <content>Menos de la mitad en Holanda (41%), Dinamarca (39%), y M&amp;eacute;xico (38%) se sienten de la misma forma .</content>
        </sentence>
        <sentence id="19">
          <content>Una vez que las personas toman vacaciones, &amp;iquest;cu&amp;aacute;n exitosos son para desprenderse del trabajo?Casi la mitad de los encuestados dijo que dejan el trabajo atr&amp;aacute;s "tan pronto como se van de vacaciones", mientras que el 20% lo hace cuando llega a su destino de vacaciones .</content>
        </sentence>
        <sentence id="20">
          <content>Solo el 10% "nunca" puede relajarse realmente en vacaciones .</content>
        </sentence>
        <sentence id="21">
          <content>Dos de cada tres estadounidenses permanecen conectados a su oficina a trav&amp;eacute;s del correo electr&amp;oacutenico o el buz&amp;oacuten de voz, dicen .</content>
        </sentence>
        <sentence id="22">
          <content>Asimismo, al menos nueve de cada 10 de los viajeros mexicanos, franceses, indios, y tailandeses permanecen conectados .</content>
        </sentence>
        <sentence id="23">
          <content>Que tantos trabajadores franceses permanezcan conectados con el trabajo mientras est&amp;aacute;n de viaje puede (o no) servir como consuelo para otros .</content>
        </sentence>
        <sentence id="24">
          <content>Estas cifras y m&amp;aacute;s fueron determinadas por la consultora Harris Interactive, que realiz&amp;oacute esta encuesta en l&amp;iacute;nea del 20 de agosto al 12 de septiembre en Norteam&amp;eacute;rica, Europa, Brasil y Asia-Pac&amp;iacute;fico .</content>
        </sentence>
        <sentence id="25">
          <content>En total participaron 8,535 trabajadores de 24 pa&amp;iacute;ses y mayores de 18 a&amp;ntilde;os .</content>
        </sentence>
        <sentence id="26">
          <content>Los encuestados ten&amp;iacute;an un trabajo de tiempo completo, de medio tiempo o eran autoempleados .</content>
        </sentence>
        <sentence id="27">
          <content>Y a ti, &amp;iquest;generalmente te sobran o te faltan d&amp;iacute;as de vacaciones?</content>
        </sentence>
      </sentences>
    </paragraph>
  </article>
</document>
