<?xml version="1.0" encoding="UTF-8"?>
<document id="883" link="http://mexico.cnn.com/salud/2014/03/24/las-claves-para-evitar-que-tu-cuerpo-se-aburra-en-el-gimnasio" category="Salud" author="Steve Steinberg" highlights_mapped="false">
  <title>Las claves para evitar que tu cuerpo se 'aburra' en el gimnasio - Salud - CNNMexico.com</title>
  <keywords>entrenamiento, ejercicio, cuerpo, cardio, maquinas, movimientos, peso, fuerza, combinacion</keywords>
  <summaries>
    <highlights>
      <sentence id="1" ids_sentences_article="">Hacer el mismo ejercicio a&amp;ntilde;o tras a&amp;ntilde;o hace que tu cuerpo se aburra, dicen los entrenadores.</sentence>
      <sentence id="2" ids_sentences_article="">El entrenador Steve Zim recomienda dejar las m&amp;aacute;quinas y enfocarse en ejercicios para todo el cuerpo.</sentence>
      <sentence id="3" ids_sentences_article="">Los expertos recomiendan ejercicios alternativos de fuerza-entrenamiento con combates cortos e intensos de cardio.</sentence>
    </highlights>
  </summaries>
  <article>
    <paragraph id="1">
      <sentences>
        <sentence id="1">
          <content>Las claves para evitar que tu cuerpo se 'aburra' en el gimnasio.</content>
        </sentence>
        <sentence id="2">
          <content>Hacer el mismo ejercicio constantemente puede 'aburrir' a los m&amp;uacute;sculos de tu cuerpo; aqu&amp;iacute; est&amp;aacute;n unos consejos para evitarlo.</content>
        </sentence>
        <sentence id="3">
          <content>Nota del editor:upwave es la nueva marca de estilo de vida de Turner Broadcasting, &amp;iexcl;dise&amp;ntilde;ada para entretenerte y hacerte m&amp;aacute;s saludable!</content>
        </sentence>
        <sentence id="4">
          <content>Visitaupwave .</content>
        </sentence>
        <sentence id="5">
          <content>compara encontrar m&amp;aacute;s informaci&amp;oacute;n y sigue a upwave enTwitter,Facebook,YouTube,PinteresteInstagram .</content>
        </sentence>
        <sentence id="6">
          <content>com) --La queja m&amp;aacute;s com&amp;uacute;n que escucho de prospectos a clientes es esta: "Me ejercito tres veces a la semana, pero mi cuerpo nunca cambia" .</content>
        </sentence>
        <sentence id="7">
          <content>Cuando les pregunto qu&amp;eacute; hacen en el gimnasio, casi siempre s&amp;eacute; lo que voy a escuchar .</content>
        </sentence>
        <sentence id="8">
          <content>Generalmente hacen dos o tres circuitos de entrenamiento de fuerza basado en m&amp;aacute;quinas y despu&amp;eacute;s 30 minutos en una caminadora o m&amp;aacute;quina el&amp;iacute;ptica .</content>
        </sentence>
        <sentence id="9">
          <content>Y hacen este mismo entrenamiento tres veces a la semana&amp;hellip; desde el comienzo de los tiempos,"Tu cuerpo se aburri&amp;oacute; en ese punto", dice Steve Zim, autor de tres libros best-seller de ejercicio y propietario de ATighterU en Culver City, California, Estados Unidos .</content>
        </sentence>
        <sentence id="10">
          <content>"Es como leer un libro .</content>
        </sentence>
        <sentence id="11">
          <content>&amp;iquest;Cu&amp;aacute;ntas veces puedes leer el mismo libro antes de que te encuentres volteando las hojas sin pensarlo?</content>
        </sentence>
        <sentence id="12">
          <content>Si haces el mismo ejercicio una y otra vez, tu cuerpo simplemente voltea las hojas" .</content>
        </sentence>
        <sentence id="13">
          <content>No es tan dif&amp;iacute;cil cambiar un poco tu entrenamiento para reencender el reto y hacer que tu cuerpo responda y cambie .</content>
        </sentence>
        <sentence id="14">
          <content>Por Dios, ya trabajaste largo y duro, pero si te ejercitas m&amp;aacute;s inteligentemente, puedes generar beneficios reales que ver&amp;aacute;s y sentir&amp;aacute;s en el gimnasio y fuera de este .</content>
        </sentence>
        <sentence id="15">
          <content>Bueno: deja las m&amp;aacute;quinasLas m&amp;aacute;quinas son una forma genial de aislar grupos de m&amp;uacute;sculos, pero para sacar lo mejor de tu entrenamiento, quieres involucrar la mayor parte del cuerpo que puedas por ejercicio .</content>
        </sentence>
        <sentence id="16">
          <content>Mientras m&amp;aacute;s m&amp;uacute;sculos est&amp;eacute;n involucrados, m&amp;aacute;s calor&amp;iacute;as quemas; y m&amp;aacute;s m&amp;uacute;sculo construyes .</content>
        </sentence>
        <sentence id="17">
          <content>Observa un ejercicio de espalda t&amp;iacute;pico .</content>
        </sentence>
        <sentence id="18">
          <content>Al utilizar la m&amp;aacute;quina de remo, te sientas y eres colocado por una almohadilla de pecho .</content>
        </sentence>
        <sentence id="19">
          <content>Trabajas los m&amp;uacute;sculos de la espalda, hombros y b&amp;iacute;ceps, pero tus piernas, abdomen y todo lo dem&amp;aacute;s est&amp;aacute;n de vacaciones .</content>
        </sentence>
        <sentence id="20">
          <content>Compara eso con hacer mancuernas agachado .</content>
        </sentence>
        <sentence id="21">
          <content>Ahora, adem&amp;aacute;s de tu espalda, hombros y b&amp;iacute;ceps, otros m&amp;uacute;sculos se fortalecen y queman calor&amp;iacute;as mientras estabilizan tu cuerpo durante el movimiento .</content>
        </sentence>
        <sentence id="22">
          <content>Fortalece estos estabilizadores; y no solo a&amp;iacute;sla y fortalece los m&amp;uacute;sculos de la espalda, que te mantendr&amp;aacute;n sin lesiones cuando de verdad tengas que hacer algo de peso fuerte en la vida real .</content>
        </sentence>
        <sentence id="23">
          <content>Mejor: haz movimientos de cuerpo completoMuchas personas ven sus visitas al gimnasio como un "d&amp;iacute;a de la parte superior del cuerpo" o un "d&amp;iacute;a de la parte inferior del cuerpo" .</content>
        </sentence>
        <sentence id="24">
          <content>(O para el tipo m&amp;aacute;s microadministrativo, "d&amp;iacute;a de pecho", "d&amp;iacute;a de espalda" o "d&amp;iacute;a de piernas") .</content>
        </sentence>
        <sentence id="25">
          <content>El problema es que muy pocos movimientos fuera del gimnasio involucran grupos de un solo m&amp;uacute;sculo .</content>
        </sentence>
        <sentence id="26">
          <content>Si juegas cualquier tipo de deporte&amp;hellip; o esqu&amp;iacute;as&amp;hellip; o exploras cuevas, y no le ense&amp;ntilde;as a las partes de tu cuerpo c&amp;oacute;mo jugar entre s&amp;iacute;, simplemente no vas a desempe&amp;ntilde;arte a un nivel &amp;oacute;ptimo .</content>
        </sentence>
        <sentence id="27">
          <content>Desde el punto de vista de un entrenador, si solo ejercitas la parte superior del cuerpo o la parte inferior tambi&amp;eacute;n te pierdes algunos ejercicios incre&amp;iacute;blemente geniales, desafiantes y ben&amp;eacute;ficos .</content>
        </sentence>
        <sentence id="28">
          <content>Intenta hacer desplantes con un peso ligero en cada mano .</content>
        </sentence>
        <sentence id="29">
          <content>Cuando avanzas con la pierna derecha para hacer un desplante, encuentra tu equilibrio, despu&amp;eacute;s levanta el brazo derecho al costado hasta que est&amp;eacute; paralelo con el piso .</content>
        </sentence>
        <sentence id="30">
          <content>B&amp;aacute;jalo, encuentra tu equilibrio de nuevo, y vuelve a levantarte a una posici&amp;oacute;n parada .</content>
        </sentence>
        <sentence id="31">
          <content>Alterna desplantes del lazo izquierdo con levantamientos con desplantes del lado derecho y levantamientos .</content>
        </sentence>
        <sentence id="32">
          <content>Es una combinaci&amp;oacute;n de movimiento de fortalecimiento de piernas y hombros que tambi&amp;eacute;n trabaja tu abdomen, coordinaci&amp;oacute;n y equilibrio .</content>
        </sentence>
        <sentence id="33">
          <content>Haz al menos un ejercicio de cuerpo completo por semana .</content>
        </sentence>
        <sentence id="34">
          <content>Lo mejor: combina entrenamiento de fuerza con ejercicios de cardioLa mayor&amp;iacute;a de las personas pasan aproximadamente 30 minutos en la sala de peso y otros 30 minutos en una m&amp;aacute;quina de equipo de cardio .</content>
        </sentence>
        <sentence id="35">
          <content>Para sacar lo mejor de tu tiempo en el gimnasio y mantener tu cuerpo encendido, alterna ejercicios de fuerza-entrenamiento con ratos cortos (pero intensos) de cardio, con el menor descanso posible entre estos .</content>
        </sentence>
        <sentence id="36">
          <content>"Mantendr&amp;aacute;s tu ritmo card&amp;iacute;aco acelerado todo el tiempo y podr&amp;aacute;s obtener un ejercicio sorprendente en aproximadamente la mitad del tiempo que normalmente tarda", dice Zim .</content>
        </sentence>
        <sentence id="37">
          <content>Esta combinaci&amp;oacute;n tambi&amp;eacute;n mantendr&amp;aacute; tu cuerpo caliente y desenvuelto a trav&amp;eacute;s de todo tu ejercicio, y esa es una de las claves para evitar lesiones .</content>
        </sentence>
        <sentence id="38">
          <content>"Una vez que te lesionas, no te ejercitas", dice Zim .</content>
        </sentence>
        <sentence id="39">
          <content>"Se acab&amp;oacute; .</content>
        </sentence>
        <sentence id="40">
          <content>Y tu prop&amp;oacute;sito de A&amp;ntilde;o Nuevo se acab&amp;oacute;" .</content>
        </sentence>
        <sentence id="41">
          <content>Comienza alternando 30 segundos de entrenamiento de fuerza (ya sea con pesas o simplemente al realizar movimientos con el peso corporal) y un minuto de cardio (m&amp;aacute;quina de cardio, saltar la cuerda, saltos o boxeo) .</content>
        </sentence>
        <sentence id="42">
          <content>Ve si puedes mantener eso durante 30 minutos .</content>
        </sentence>
        <sentence id="43">
          <content>Eventualmente, trabaja para subir a un minuto de entrenamiento de fuerza y dos minutos de cardio dif&amp;iacute;cil .</content>
        </sentence>
        <sentence id="44">
          <content>Este art&amp;iacute;culo fue publicado originalmente en upwave .</content>
        </sentence>
      </sentences>
    </paragraph>
  </article>
</document>
