<?xml version="1.0" encoding="UTF-8"?>
<document id="426" link="http://mexico.cnn.com/salud/2013/09/17/un-nino-pide-a-santa-claus-que-dejen-de-hacerle-bullying-a-su-hermana" category="Salud" author="Jareen Imam" highlights_mapped="false">
  <title>Un ni&amp;ntilde;o pide a Santa Claus que dejen de hacerle 'bullying' a su hermana  - Salud - CNNMexico.com</title>
  <keywords>bullying, santa claus, santa clos, escuela, estados unidos, hermana, karen suffern, acoso, escolar</keywords>
  <summaries>
    <highlights>
      <sentence id="1" ids_sentences_article="">Ryan le escribi&amp;oacute una carta a Santa Claus en la que le pidi&amp;oacute que dejen de molestar a su hermana en la escuela.</sentence>
      <sentence id="2" ids_sentences_article="">"Rec&amp;eacute; para que dejaran de hacerlo, pero Dios est&amp;aacute; ocupado y necesita tu ayuda", expres&amp;oacute el ni&amp;ntilde;o en su carta.</sentence>
      <sentence id="3" ids_sentences_article="">La hermana de Ryan padece sobrepeso y trastorno por d&amp;eacute;ficit de atenci&amp;oacuten con hiperactividad.</sentence>
    </highlights>
  </summaries>
  <article>
    <paragraph id="1">
      <sentences>
        <sentence id="1">
          <content>Un ni&amp;ntilde;o pide a Santa Claus que dejen de hacerle 'bullying' a su hermana.</content>
        </sentence>
        <sentence id="2">
          <content>Ryan le dijo a Santa que en lugar de un helic&amp;oacuteptero a control remoto quer&amp;iacute;a que dejaran de hostigar a su hermana Amber, que tiene sobrepeso.</content>
        </sentence>
        <sentence id="3">
          <content>(CNN) -- Para muchas familias de los Estados Unidos, el a&amp;ntilde;o escolar apenas ha comenzado, pero para Karen Suffern quiz&amp;aacute; sea tiempo de empezar a planificar la Navidad .</content>
        </sentence>
        <sentence id="4">
          <content>Aquejada por los problemas econ&amp;oacutemicos, la madre soltera les pidi&amp;oacute a sus dos hijos mellizos que le escribieran una carta a Santa Claus con sus deseos para Navidad .</content>
        </sentence>
        <sentence id="5">
          <content>Suffern, que trabaja como asistente administrativa de medio tiempo en una compa&amp;ntilde;&amp;iacute;a de salud, quer&amp;iacute;a empezar a presupuestar las fiestas de fin de a&amp;ntilde;o .</content>
        </sentence>
        <sentence id="6">
          <content>Sab&amp;iacute;a que sus hijos de ocho a&amp;ntilde;os, que reci&amp;eacute;n arrancan el tercer grado, est&amp;aacute;n en la edad en la que piden aparatos electr&amp;oacutenicos y otros regalos caros .</content>
        </sentence>
        <sentence id="7">
          <content>La carta de su hijo Ryan a Santa Claus comenz&amp;oacute normalmente:"Querido Santa Claus&amp;hellip; Quer&amp;iacute;a un auto y un helic&amp;oacuteptero a control remoto, pero ya no .</content>
        </sentence>
        <sentence id="8">
          <content>Los ni&amp;ntilde;os en la escuela siguen molestando a Amber y no es justo", escribi&amp;oacute .</content>
        </sentence>
        <sentence id="9">
          <content>"Rec&amp;eacute; para que dejaran de hacerlo, pero Dios est&amp;aacute; ocupado y necesita tu ayuda", agreg&amp;oacute .</content>
        </sentence>
        <sentence id="10">
          <content>Suffern sinti&amp;oacute c&amp;oacutemo las l&amp;aacute;grimas llenaban sus ojos mientras le&amp;iacute;a la carta: all&amp;iacute;, su hijo ped&amp;iacute;a que su hermana, que padece sobrepeso,deje de sufrir elbullyingo acoso escolar .</content>
        </sentence>
        <sentence id="11">
          <content>La carta devast&amp;oacute a la madre soltera .</content>
        </sentence>
        <sentence id="12">
          <content>"Trato de ayudar a mi hija con su autoestima y le digo que es hermosa, pero la gente dice cosas hirientes sobre m&amp;iacute;, porque yo tambi&amp;eacute;n tengo un problema de peso y eso me duele", dijo .</content>
        </sentence>
        <sentence id="13">
          <content>"No me puedo ni imaginar lo que debe estar sufriendo Amber", a&amp;ntilde;adi&amp;oacute .</content>
        </sentence>
        <sentence id="14">
          <content>La mujer ten&amp;iacute;a una idea difusa de que Amber era fastidiada en el autob&amp;uacute;s, pero desconoc&amp;iacute;a los detalles delbullying .</content>
        </sentence>
        <sentence id="15">
          <content>Amber, que padece trastorno por d&amp;eacute;ficit de atenci&amp;oacuten con hiperactividad y otros trastornos mentales y de humor, nunca mencion&amp;oacute el acoso .</content>
        </sentence>
        <sentence id="16">
          <content>Suffern explica que Amber es una tragona emocional y pesa 64 kilos, casi el doble que su hermano .</content>
        </sentence>
        <sentence id="17">
          <content>Los mellizos regresaron a clases hace tres semanas en la escuela Rocky Mount de Carolina del Norte .</content>
        </sentence>
        <sentence id="18">
          <content>Es la primera vez que est&amp;aacute;n en la misma aula .</content>
        </sentence>
        <sentence id="19">
          <content>Ryan le contaba a su madre que los compa&amp;ntilde;eros de clase se burlaban de Amber por su peso y por no poder hacer los ejercicios en la clase de gimnasia .</content>
        </sentence>
        <sentence id="20">
          <content>Incluso, se re&amp;iacute;an de ella y le dec&amp;iacute;an que era adoptada por el solo hecho de ser multirracial .</content>
        </sentence>
        <sentence id="21">
          <content>"Todos los d&amp;iacute;as, antes de ir a la escuela, me dice: &amp;lsquo;Mam&amp;aacute;, &amp;iquest;puedo quedarme en casa?</content>
        </sentence>
        <sentence id="22">
          <content>Y ahora, cada vez que la mando a la escuela, siento que no la estoy protegiendo y que la estoy decepcionando", lament&amp;oacute Suffern .</content>
        </sentence>
        <sentence id="23">
          <content>Despu&amp;eacute;s de leer la carta de su hijo, Suffern la comparti&amp;oacute en internet con amigos, incluyendola p&amp;aacute;gina de Facebook de Tony Posnanski, donde publica historias de inspiraci&amp;oacuten, p&amp;eacute;rdida de peso y consejos para la vida .</content>
        </sentence>
        <sentence id="24">
          <content>Posnanski se sinti&amp;oacute conmovido por la carta de Ryan y la subi&amp;oacute aCNN iReport, donde r&amp;aacute;pidamente recibi&amp;oacute miles de visitas .</content>
        </sentence>
        <sentence id="25">
          <content>"Quer&amp;iacute;a hacer algo para que la historia se conociera", dijo, agregando que elbullyinges un asunto serio que merece mucha atenci&amp;oacuten .</content>
        </sentence>
        <sentence id="26">
          <content>Un estudio divulgado el lunesen la revista Pediatricsdice que hay una asociaci&amp;oacuten entre ser v&amp;iacute;ctima del abuso escolar y los problemas psicosom&amp;aacute;ticos, por lo que los ni&amp;ntilde;os que sufrenbullyingcorren un mayor riesgo de tener problemas mentales que les causen angustias f&amp;iacute;sicas .</content>
        </sentence>
        <sentence id="27">
          <content>Los autores del estudio Gianluca Gini y Tiziana Pozzoli afirman lo siguiente: "Dado que el acoso escolar es un fen&amp;oacutemeno muy extendido en varios pa&amp;iacute;ses alrededor del mundo, los resultados indican que elbullyingdeber&amp;iacute;a ser considerado un problema importante de salud internacional p&amp;uacute;blica" .</content>
        </sentence>
        <sentence id="28">
          <content>Otros estudios sugieren que hasta un 25% de los ni&amp;ntilde;os sufren acoso escolar .</content>
        </sentence>
        <sentence id="29">
          <content>Incluso, han existido varios casos en que las v&amp;iacute;ctimas han llegado al punto de suicidarse, siendo el caso m&amp;aacute;s reciente el de Rebecca Sedwick, una adolescente de 15 a&amp;ntilde;os que salt&amp;oacute de un edificio tras ser acosada por internet .</content>
        </sentence>
        <sentence id="30">
          <content>Suffern dice que la carta de Ryan a Santa Claus le ha abierto los ojos sobre la situaci&amp;oacuten de su hija .</content>
        </sentence>
        <sentence id="31">
          <content>Ahora, planea hablar con los profesores de Amber y los padres de los ni&amp;ntilde;os que la acosan .</content>
        </sentence>
        <sentence id="32">
          <content>"Si mis hijos no se burlan ni molestan a otros, espero que otros padres les ense&amp;ntilde;en a sus hijos a ser respetuosos tambi&amp;eacute;n", se&amp;ntilde;al&amp;oacute .</content>
        </sentence>
        <sentence id="33">
          <content>La mujer dice que es importante darse cuenta de que elbullyingviene en varias formas .</content>
        </sentence>
        <sentence id="34">
          <content>"Entiendo que a veces las escuelas hagan lo posible, peroel acoso escolar no es necesariamente f&amp;iacute;sico", explic&amp;oacute .</content>
        </sentence>
        <sentence id="35">
          <content>Suffern, por lo pronto, est&amp;aacute; contenta de tener a un hijo solidario como Ryan, que, junto a Santa Claus, cuida de Amber .</content>
        </sentence>
        <sentence id="36">
          <content>&amp;iquest;Qu&amp;eacute; te pareci&amp;oacute esta historia?</content>
        </sentence>
        <sentence id="37">
          <content>&amp;iquest;Qu&amp;eacute; crees que se pueda hacer para erradicar el acoso escolar?</content>
        </sentence>
        <sentence id="38">
          <content>Cu&amp;eacute;ntanos en los comentarios .</content>
        </sentence>
      </sentences>
    </paragraph>
  </article>
</document>
