<?xml version="1.0" encoding="UTF-8"?>
<document id="851" link="http://mexico.cnn.com/salud/2014/03/19/el-ejercicio-puede-mejorar-tu-inteligencia-y-actividad-cerebral" category="Salud" author="Tom DiChiara" highlights_mapped="false">
  <title>&amp;iquest;El ejercicio puede mejorar tu inteligencia y actividad cerebral? - Salud - CNNMexico.com</title>
  <keywords>cerebro, ejercicio, inteligencia, bienestar, psicologia, estudio, hipocampo, aerobico, celulas</keywords>
  <summaries>
    <highlights>
      <sentence id="1" ids_sentences_article="">El ejercicio aer&amp;oacute;bico real puede tener efectos reales y positivos en el cerebro; a corto y largo plazo.</sentence>
      <sentence id="2" ids_sentences_article="">A corto plazo, el ejercicio puede hacerte temporalmente m&amp;aacute;s inteligente.</sentence>
      <sentence id="3" ids_sentences_article="">A largo plazo mantiene a tu cerebro intacto y funcionando en la mejor capacidad posible.</sentence>
    </highlights>
  </summaries>
  <article>
    <paragraph id="1">
      <sentences>
        <sentence id="1">
          <content>&amp;iquest;El ejercicio puede mejorar tu inteligencia y actividad cerebral?</content>
        </sentence>
        <sentence id="2">
          <content>El ejercicio aer&amp;oacute;bico permite que tu cerebro funcione plenamente y a corto plazo te permite prestar mejor atenci&amp;oacute;n.</content>
        </sentence>
        <sentence id="3">
          <content>Nota del editor:upwave es la nueva marca de estilo de vida de Turner Broadcasting, &amp;iexcl;dise&amp;ntilde;ada para entretenerte y hacerte m&amp;aacute;s saludable!</content>
        </sentence>
        <sentence id="4">
          <content>Visitaupwave .</content>
        </sentence>
        <sentence id="5">
          <content>compara encontrar m&amp;aacute;s informaci&amp;oacute;n y sigue a upwave enTwitter,Facebook,YouTube,PinteresteInstagram .</content>
        </sentence>
        <sentence id="6">
          <content>com) --El rumor: El ejercicio es bueno para el cerebro&amp;iquest;No ser&amp;iacute;a grandioso se ejercitarte durante media hora pudiera ofrecer la misma estimulaci&amp;oacute;n cerebral que leer un libro sobre f&amp;iacute;sica cu&amp;aacute;ntica?</content>
        </sentence>
        <sentence id="7">
          <content>Por supuesto que s&amp;iacute; .</content>
        </sentence>
        <sentence id="8">
          <content>Pero todo ese ox&amp;iacute;geno y precipitaci&amp;oacute;n hacia tu cerebro mientras te ejercitas debe hacer cosas buenas para tu mente .</content>
        </sentence>
        <sentence id="9">
          <content>&amp;iquest;Verdad?El veredicto: El ejercicio s&amp;iacute; tiene beneficios para el cerebroEn un creciente cuerpo de investigaci&amp;oacute;n se muestra que el ejercicio aer&amp;oacute;bico regular tiene efectos muy reales y muy positivos en el cerebro; tanto a corto como a largo plazo .</content>
        </sentence>
        <sentence id="10">
          <content>De acuerdo con Justin Rhodes, m&amp;eacute;dico, neurocient&amp;iacute;fico y profesor de psicolog&amp;iacute;a en el Instituto Beckman para Ciencia Avanzada y Aprendizaje en la Universidad de Illinois en Estados Unidos, el ejercicio beneficia al cerebro en dos formas:A corto plazo, los ejercicios aer&amp;oacute;bicos como correr, nadar, andar en bicicleta y caminar pueden hacerte temporalmente m&amp;aacute;s inteligente gracias a los "efectos agudos" .</content>
        </sentence>
        <sentence id="11">
          <content>"Tienes adrenalina en la sangre, lo que es una hormona que despierta tu cerebro, lo que hace que tus c&amp;eacute;lulas nerviosas est&amp;eacute;n m&amp;aacute;s propensas a encenderse, as&amp;iacute; que puedes prestar mejor atenci&amp;oacute;n y aprender m&amp;aacute;s eficientemente", dice el m&amp;eacute;dico .</content>
        </sentence>
        <sentence id="12">
          <content>De hecho, en un estudio publicado en mayo de 2013 se encontr&amp;oacute; que las mujeres alemanas que estudiaron una lista de palabras polacas durante o despu&amp;eacute;s de un ejercicio de baja intensidad se desempe&amp;ntilde;aron mejor en los ex&amp;aacute;menes de su nuevo vocabulario que las mujeres que estudiaron las palabras mientras se sentaban tranquilamente .</content>
        </sentence>
        <sentence id="13">
          <content>En otro estudio con ratones se encontr&amp;oacute; que el ejercicio de resistencia eleva los niveles cerebrales de una mol&amp;eacute;cula conocida como FNDC5 y su subproducto irisina, que activa a los genes involucrados en la cognici&amp;oacute;n .</content>
        </sentence>
        <sentence id="14">
          <content>De acuerdo con Rhodes, este impulso cognitivo se desgasta una vez que tus niveles de adrenalina regresan a los normales despu&amp;eacute;s del ejercicio .</content>
        </sentence>
        <sentence id="15">
          <content>M&amp;aacute;s permanentes; e incluso m&amp;aacute;s ben&amp;eacute;ficos, son los efectos a largo plazo del ejercicio aer&amp;oacute;bico regular en la actividad cerebral .</content>
        </sentence>
        <sentence id="16">
          <content>"No dir&amp;iacute;a que el ejercicio aer&amp;oacute;bico te hace &amp;lsquo;m&amp;aacute;s inteligente&amp;rsquo; a largo plazo, pero mantiene a tu cerebro intacto y funcionando en la mejor capacidad posible", dice Rhodes .</content>
        </sentence>
        <sentence id="17">
          <content>Eso es debido a que cuando te ejercitas, tu hipocampo; la parte de tu cerebro que juega una parte integral en el aprendizaje y la memoria, est&amp;aacute; altamente involucrada .</content>
        </sentence>
        <sentence id="18">
          <content>"Esta activaci&amp;oacute;n repetida del hipocampo en el ejercicio resulta en el crecimiento de tus c&amp;eacute;lulas en esa &amp;aacute;rea del cerebro; y el crecimiento de toda la estructura", dice Rhodes .</content>
        </sentence>
        <sentence id="19">
          <content>Este crecimiento y preservaci&amp;oacute;n del hipocampo no s&amp;oacute;lo impulsa la memoria sino que tambi&amp;eacute;n puede ayudar a prevenir la p&amp;eacute;rdida de memoria; e incluso el alzh&amp;eacute;imer, a medida que envejeces .</content>
        </sentence>
        <sentence id="20">
          <content>Llevar una vida m&amp;aacute;s sedentaria, por otro lado, puede causar que tu hipocampo se encoja .</content>
        </sentence>
        <sentence id="21">
          <content>"A medida que creces, pierdes aproximadamente 1% en promedio de volumen del hipocampo por a&amp;ntilde;o", dice Rhodes .</content>
        </sentence>
        <sentence id="22">
          <content>"Pero si te ejercitas, puedes revertir eso .</content>
        </sentence>
        <sentence id="23">
          <content>Est&amp;aacute;s fuera de esa curva" .</content>
        </sentence>
        <sentence id="24">
          <content>&amp;iquest;Su recomendaci&amp;oacute;n?</content>
        </sentence>
        <sentence id="25">
          <content>Haz al menos 40 minutos de ejercicio aer&amp;oacute;bico tres veces a la semana .</content>
        </sentence>
        <sentence id="26">
          <content>"Eso va a asociarse con protecci&amp;oacute;n muy positiva contra la p&amp;eacute;rdida de tejido cerebral a medida que envejeces normalmente", dice .</content>
        </sentence>
        <sentence id="27">
          <content>"Si sigues ejercit&amp;aacute;ndote, puedes hacer que tu cerebro se siga viendo y actuando como si fuera joven" .</content>
        </sentence>
        <sentence id="28">
          <content>Este art&amp;iacute;culo fue publicado originalmente enupwave .</content>
        </sentence>
      </sentences>
    </paragraph>
  </article>
</document>
