<?xml version="1.0" encoding="UTF-8"?>
<document id="891" link="http://mexico.cnn.com/salud/2013/06/18/cientificos-relacionan-al-narcisismo-con-una-deficiencia-en-el-cerebro" category="Salud" highlights_mapped="false">
  <title>Cient&amp;iacute;ficos relacionan al narcisismo con una deficiencia en el cerebro - Salud - CNNMexico.com</title>
  <keywords>narcisismo, cerebro, materia gris, pruebas, cientificos, trastorno de personalidad</keywords>
  <summaries>
    <highlights>
      <sentence id="1" ids_sentences_article="">Cient&amp;iacute;ficos europeos establecieron una relaci&amp;oacuten entre el narcisismo y la falta de materia gris en el cerebro.</sentence>
      <sentence id="2" ids_sentences_article="">Para lograrlo usaron pruebas de resonancia magn&amp;eacute;tica en el cerebro de 17 pacientes con trastorno narcisista.</sentence>
      <sentence id="3" ids_sentences_article="">Los pacientes con narcisismo son incapaces de sentir empat&amp;iacute;a, a pesar de que en su interior tienen problemas de inferioridad.</sentence>
    </highlights>
  </summaries>
  <article>
    <paragraph id="1">
      <sentences>
        <sentence id="1">
          <content>Cient&amp;iacute;ficos relacionan al narcisismo con una deficiencia en el cerebro.</content>
        </sentence>
        <sentence id="2">
          <content>Los investigadores comprobaron que los pacientes con este trastorno de personalidad ten&amp;iacute;an deficiencias de materia gris en el cerebro.</content>
        </sentence>
        <sentence id="3">
          <content>(EFE) -- El narcisismo patol&amp;oacutegico est&amp;aacute; relacionado con una disminuci&amp;oacuten de la materia gris en una regi&amp;oacuten del cerebro responsable de la compasi&amp;oacuten, de acuerdo con un grupo de cient&amp;iacute;ficos del Hospital Universitario de La Charit&amp;eacute; y de la Universidad Libre de Berl&amp;iacute;n .</content>
        </sentence>
        <sentence id="4">
          <content>Seg&amp;uacute;n el estudio publicado en la revista Journal of Psychiatric Research,el narcisismo es un trastorno de la personalidad en la que los pacientes tienen fuertes complejos de inferioridad pero hacia afuera se comportan de manera arrogante y autocomplaciente .</content>
        </sentence>
        <sentence id="5">
          <content>Una de las caracter&amp;iacute;sticas fundamentales del narcisismo es la carencia de empat&amp;iacute;a .</content>
        </sentence>
        <sentence id="6">
          <content>Los pacientes pueden estar en condiciones de reconocer lo que otras personas sienten, piensan y quieren, pero son incapaces de sentir compasi&amp;oacuten con ellos .</content>
        </sentence>
        <sentence id="7">
          <content>La investigaci&amp;oacuten, dirigida por Stephan R&amp;ouml;pke de La Charit&amp;eacute;, muestra una correlaci&amp;oacuten estructural entre ese d&amp;eacute;ficit afectivo y una anomal&amp;iacute;a cerebral .</content>
        </sentence>
        <sentence id="8">
          <content>Los cient&amp;iacute;ficos examinaron a 34 pacientes entre los cuales 17 sufr&amp;iacute;an un trastorno narcisista de la personalidad y, con ayuda de una tomograf&amp;iacute;a de resonancia magn&amp;eacute;tica, midieron el grosor de la corteza cerebral .</content>
        </sentence>
        <sentence id="9">
          <content>El estudio mostr&amp;oacute que, justamente los pacientes afectados por el narcisismo, padec&amp;iacute;an anomal&amp;iacute;as en esa regi&amp;oacuten del cerebro .</content>
        </sentence>
        <sentence id="10">
          <content>"Nuestros datos muestran que el grado de empat&amp;iacute;a est&amp;aacute; en correlaci&amp;oacuten con el volumen de materia gris en esa regi&amp;oacuten en la que los pacientes con narcisismo muestran d&amp;eacute;ficit", dijo R&amp;ouml;pke .</content>
        </sentence>
        <sentence id="11">
          <content>Con base a esos datos, el grupo de investigaci&amp;oacuten procura ahora comprender mejor el funcionamiento del cerebro de pacientes con trastorno narcisista .</content>
        </sentence>
        <sentence id="12">
          <content>La denominaci&amp;oacuten del narcisismo proviene de un mito griego en el que Narciso se enamora de su propia imagen reflejada en las aguas, en las que al final se ahoga tras caer en ellas .</content>
        </sentence>
      </sentences>
    </paragraph>
  </article>
</document>
