<?xml version="1.0" encoding="UTF-8"?>
<document id="770" link="http://mexico.cnn.com/salud/2014/03/15/muere-el-marino-de-la-foto-del-beso-a-una-enfermera-en-times-square" category="Salud" highlights_mapped="false">
  <title>Muere el marino de la foto del beso a una enfermera en Times Square  - Salud - CNNMexico.com</title>
  <keywords>marino, beso, Times Square, muere, fin de segunda Guerra Mundial,</keywords>
  <summaries>
    <highlights>
      <sentence id="1" ids_sentences_article="">El marino dijo que no conoc&amp;iacute;a a la mujer que bes&amp;oacute en agosto de 1945.</sentence>
      <sentence id="2" ids_sentences_article="">Una mujer le dijo que la Segunda Guerra Mundial hab&amp;iacute;a terminado y &amp;eacute;l fue a celebrar a la calle.</sentence>
    </highlights>
  </summaries>
  <article>
    <paragraph id="1">
      <sentences>
        <sentence id="1">
          <content>Muere el marino de la foto del beso a una enfermera en Times Square.</content>
        </sentence>
        <sentence id="2">
          <content>La imagen en la que Gleen Edward besa a una enfermera se convirti&amp;oacute en uno de los emblemas del final de la Segunda Guerra Mundial.</content>
        </sentence>
        <sentence id="3">
          <content>WASHINGTON (EFE) -- El marino retirado Gleen Edward McDuffie, cuyobesoa Edith Shain en Times Square para celebrar el fin de la Segunda Guerra Mundial y que dio la vuelta al mundo tras ser inmortalizado por un fot&amp;oacutegrafo de la revista Life, muri&amp;oacute a los 86 a&amp;ntilde;os en Texas, Estados Unidos, seg&amp;uacute;n sus familiares .</content>
        </sentence>
        <sentence id="4">
          <content>El diario The Houston Chronicle, que publica este s&amp;aacute;bado la noticia de su muerte, recuerda que durante una entrevista realizada en 2007 McDuffie cont&amp;oacute que no conoc&amp;iacute;a a Shain, enfermera, ni hab&amp;iacute;a hablado con ella antes de aquelbesoen Times Square, en Nueva York .</content>
        </sentence>
        <sentence id="5">
          <content>Aquel 14 de agosto de 1945 ten&amp;iacute;a 18 a&amp;ntilde;os y "cuando me baj&amp;eacute; del metro una se&amp;ntilde;ora me dijo que la guerra hab&amp;iacute;a terminado y me fui a la calle a gritar .</content>
        </sentence>
        <sentence id="6">
          <content>Vi a la enfermera y ella me estaba sonriendo, as&amp;iacute; que simplemente la agarr&amp;eacute;", record&amp;oacute McDuffie en esa entrevista .</content>
        </sentence>
        <sentence id="7">
          <content>La identificaci&amp;oacuten del joven que protagoniz&amp;oacute aquel famosobesoestuvo sujeta a controversia, pero McDuffie siempre reivindic&amp;oacute que fue &amp;eacute;l y colabor&amp;oacute con la experta forense Lois Gibson, del Departamento de Polic&amp;iacute;a de Houston, para demostrarlo .</content>
        </sentence>
        <sentence id="8">
          <content>Gibson, quien ha realizado numerosas reconstrucciones de rostros usando &amp;uacute;nicamente un cr&amp;aacute;neo, estudi&amp;oacute la estructura &amp;oacutesea de los 11 hombres que dec&amp;iacute;an ser el autor delbesoantes de concluir que el hombre de la foto era McDuffie .</content>
        </sentence>
        <sentence id="9">
          <content>La foto, tomada por Alfred Eisenstaedt para la revista Life, se encuentra actualmente en el Museo de Bellas Artes de Houston .</content>
        </sentence>
        <sentence id="10">
          <content>McDuffie, quien viv&amp;iacute;a desde 2009 en el norte de Texas con su hija, pas&amp;oacute los &amp;uacute;ltimos a&amp;ntilde;os de su vida recaudando fondos para los veteranos de guerra y visitando ferias de armas en las que firmaba ejemplares de la famosa foto .</content>
        </sentence>
        <sentence id="11">
          <content>"Al final consigui&amp;oacute el reconocimiento que merec&amp;iacute;a despu&amp;eacute;s de que tantos hombres trataron de decir que eran ellos los de la foto", explic&amp;oacute Glenda Bell, su hija, antes de anotar que McDuffie ser&amp;aacute; enterrado la pr&amp;oacutexima semana en el cementerio nacional de Dallas-Fort Worth .</content>
        </sentence>
      </sentences>
    </paragraph>
  </article>
</document>
