<?xml version="1.0" encoding="UTF-8"?>
<document id="343" link="http://mexico.cnn.com/salud/2013/09/26/las-parejas-casadas-tienen-mayores-probabilidades-de-sobrevivir-al-cancer" category="Salud" author="John Bonifield" highlights_mapped="false">
  <title>Las parejas casadas tienen mayores probabilidades de sobrevivir al c&amp;aacute;ncer - Salud - CNNMexico.com</title>
  <keywords>cancer, matrimonio, tratamiento, supervivencia, conyuge, probabilidades,</keywords>
  <summaries>
    <highlights>
      <sentence id="1" ids_sentences_article="">Uno de los autores del estudio dice que el apoyo social que se recibe en el matrimonio mejora la supervivencia.</sentence>
      <sentence id="2" ids_sentences_article="">Los pacientes casados tienen mayores probabilidades de hacerse pruebas de detecci&amp;oacuten temprana.</sentence>
      <sentence id="3" ids_sentences_article="">Si no est&amp;aacute;s casado, el papel de la pareja lo puede tomar alg&amp;uacute;n amigo o familiar.</sentence>
    </highlights>
  </summaries>
  <article>
    <paragraph id="1">
      <sentences>
        <sentence id="1">
          <content>Las parejas casadas tienen mayores probabilidades de sobrevivir al c&amp;aacute;ncer.</content>
        </sentence>
        <sentence id="2">
          <content>Los esposos son m&amp;aacute;s propensos a someterse a ex&amp;aacute;menes de detecci&amp;oacuten temprana; adem&amp;aacute;s el apoyo aumenta la supervivencia, seg&amp;uacute;n un estudio.</content>
        </sentence>
        <sentence id="3">
          <content>(CNN) -- Estar casado podr&amp;iacute;a mejorar considerablemente las probabilidades de sobrevivir al c&amp;aacute;ncer, dicen los investigadores .</content>
        </sentence>
        <sentence id="4">
          <content>En un estudio en el que participaron700,000 personas diagnosticadas con los tipos de c&amp;aacute;ncer m&amp;aacute;s letales de Estados Unidos se encontr&amp;oacute que los pacientes casados ten&amp;iacute;an m&amp;aacute;s probabilidades de detectar antes la enfermedad, de recibir tratamientos con potencial de cura y de vivir m&amp;aacute;s tiempo .</content>
        </sentence>
        <sentence id="5">
          <content>El estudio fue publicado en la revista Journal of Clinical Oncology .</content>
        </sentence>
        <sentence id="6">
          <content>Los investigadores observaron una reducci&amp;oacuten del 20% en las muertes entre los pacientes que estaban casados en comparaci&amp;oacuten con los pacientes no casados, un beneficio mayor que el que ofrecen varios tipos de quimioterapia usados para tratar el c&amp;aacute;ncer .</content>
        </sentence>
        <sentence id="7">
          <content>"Es bastante asombroso", dijo Paul Nguyen, autor principal del estudio .</content>
        </sentence>
        <sentence id="8">
          <content>"Hay algo en el apoyo social que recibes en un matrimonio que lleva a una mejor supervivencia" .</content>
        </sentence>
        <sentence id="9">
          <content>Aunque el estudio encontr&amp;oacute una relaci&amp;oacuten s&amp;oacutelida, los investigadores no demostraron que el matrimonio signifique directamente una mejor supervivencia entre los pacientes con c&amp;aacute;ncer .</content>
        </sentence>
        <sentence id="10">
          <content>En el estudio se examinaron las relaciones entre el estado civil y los resultados del c&amp;aacute;ncer .</content>
        </sentence>
        <sentence id="11">
          <content>Los beneficios protectores del matrimonio pueden deberse en parte a que los c&amp;oacutenyuges se mantienen al tanto de la salud de su pareja, especialmente de que recomiendan hacer estudios de detecci&amp;oacuten de c&amp;aacute;ncer, dijeron los autores del estudio .</content>
        </sentence>
        <sentence id="12">
          <content>"Vas a insistirle a tu esposa para que se haga sus mamograf&amp;iacute;as .</content>
        </sentence>
        <sentence id="13">
          <content>Vas a insistirle a tu esposo para que se haga su colonoscop&amp;iacute;a", dijo Nguyen .</content>
        </sentence>
        <sentence id="14">
          <content>"Si est&amp;aacute;s solo, nadie te importunar&amp;aacute;" .</content>
        </sentence>
        <sentence id="15">
          <content>En el estudio, la gente que estaba sola ten&amp;iacute;a 17% m&amp;aacute;s probabilidades de tener un c&amp;aacute;ncer que se hubiera extendido del sitio original .</content>
        </sentence>
        <sentence id="16">
          <content>Los pacientes no casados del estudio tambi&amp;eacute;n ten&amp;iacute;an 53% menos probabilidades de recibir las terapias adecuadas .</content>
        </sentence>
        <sentence id="17">
          <content>Nguyen, onc&amp;oacutelogo del Hospital Brigham y de las Mujeres en Boston, dijo que los c&amp;oacutenyuges pueden ayudar a que los pacientes reciban el tratamiento que necesitan .</content>
        </sentence>
        <sentence id="18">
          <content>"Cuando me re&amp;uacute;no con personas que est&amp;aacute;n solas a veces les abruma realmente la informaci&amp;oacuten", dijo .</content>
        </sentence>
        <sentence id="19">
          <content>"Ni siquiera escuchas todos los datos que necesitas para tomar tus decisiones cuando t&amp;uacute; eres la persona .</content>
        </sentence>
        <sentence id="20">
          <content>Realmente necesitas que alguien m&amp;aacute;s est&amp;eacute; escuchando y haga esa clase de juicios por ti" .</content>
        </sentence>
        <sentence id="21">
          <content>Las ventajas de estar casado parecen persistir conforme los pacientes se someten a sus tratamientos contra el c&amp;aacute;ncer, que a menudo pueden ser dolorosos y dif&amp;iacute;ciles de soportar, dijo Nguyen .</content>
        </sentence>
        <sentence id="22">
          <content>"Si te acompa&amp;ntilde;a un c&amp;oacutenyuge que te ayuda a final de cuentas, que te est&amp;aacute; ayudando a poner en orden el resto de tus cosas y realmente te anima a ir a tus tratamientos, pienso que es mucho m&amp;aacute;s probable que los completes y obtengas sus beneficios ( . . . ) Definitivamente he sometido a muchos pacientes a un tratamiento que no habr&amp;iacute;an superado de ninguna forma sin su c&amp;oacutenyuge", dijo .</content>
        </sentence>
        <sentence id="23">
          <content>Los resultados tambi&amp;eacute;n respaldan los hallazgos de un estudio de 2005 en el que se demuestra que las mujeres mayores casadas que ten&amp;iacute;an c&amp;aacute;ncer de seno presentaban un riesgo de mortalidad menor tras el diagn&amp;oacutestico que las mujeres que no estaban casadas .</content>
        </sentence>
        <sentence id="24">
          <content>Todo esto podr&amp;iacute;a sonar deprimente para las personas que no est&amp;aacute;n casadas, pero Nguyen no lo ve as&amp;iacute; .</content>
        </sentence>
        <sentence id="25">
          <content>"Sin importar qu&amp;eacute; elemento de un matrimonio ayude a que la gente viva m&amp;aacute;s y salga adelante del c&amp;aacute;ncer, podr&amp;iacute;a ser que cualquier amigo, cualquier ser querido pueda hacer eso para un paciente con c&amp;aacute;ncer", dijo .</content>
        </sentence>
        <sentence id="26">
          <content>Eso podr&amp;iacute;a ser especialmente cierto en el caso de los hombres, que seg&amp;uacute;n el estudio parecieron beneficiarse m&amp;aacute;s del matrimonio que las mujeres .</content>
        </sentence>
        <sentence id="27">
          <content>"Un hombre no casado podr&amp;iacute;a ser m&amp;aacute;s solitario respecto a los cuidados de su salud", dijo Nguyen .</content>
        </sentence>
        <sentence id="28">
          <content>"No tengas miedo de llevar a un amigo .</content>
        </sentence>
        <sentence id="29">
          <content>Ac&amp;eacute;rcate a la gente porque podr&amp;iacute;a hacer una gran diferencia" .</content>
        </sentence>
      </sentences>
    </paragraph>
  </article>
</document>
