<?xml version="1.0" encoding="UTF-8"?>
<document id="512" link="http://mexico.cnn.com/salud/2014/01/29/las-principales-ciudades-para-los-turistas-internacionales-son" category="Salud" author="Laura Ma" highlights_mapped="false">
  <title>Las principales ciudades para los turistas internacionales son... - Salud - CNNMexico.com</title>
  <keywords>turismo, viajes, ciudades, euromonitor, lista, hong kong, asia, china, destinos, crecimiento</keywords>
  <summaries>
    <highlights>
      <sentence id="1" ids_sentences_article="">Las ciudades de Asia Pac&amp;iacute;fico tienen seis de los primeros 10 lugares y 32 de los primeros 100.</sentence>
      <sentence id="2" ids_sentences_article="">El &amp;eacute;xito de Hong Kong se debe en su mayor&amp;iacute;a a los muchos turistas de China continental.</sentence>
      <sentence id="3" ids_sentences_article="">Euromonitor predice que China ser&amp;aacute; la mayor fuente de salidas internacionales en 2017.</sentence>
    </highlights>
  </summaries>
  <article>
    <paragraph id="1">
      <sentences>
        <sentence id="1">
          <content>Las principales ciudades para los turistas internacionales son . . . La empresa Euromonitor analiz&amp;oacute 57 pa&amp;iacute;ses durante m&amp;aacute;s de un a&amp;ntilde;o para determinar las tendencias del turismo internacional.</content>
        </sentence>
        <sentence id="2">
          <content>(CNN) -- Hong Kong y Singapur atraen a m&amp;aacute;s turistas internacionales, seg&amp;uacute;n el m&amp;aacute;s reciente ranking de ciudades-destino de Euromonitor .</content>
        </sentence>
        <sentence id="3">
          <content>La empresa de investigaci&amp;oacuten de marketing con sede en Londres, Inglaterra, pas&amp;oacute m&amp;aacute;s de un a&amp;ntilde;o analizando datos de fuentes oficiales, tomados en 2012, y lanz&amp;oacute su reporte esta semana .</content>
        </sentence>
        <sentence id="4">
          <content>Las ciudades de Asia Pac&amp;iacute;fico dominan la lista con seis de los primeros 10 lugares y 32 de los primeros 100 .</content>
        </sentence>
        <sentence id="5">
          <content>Veinte ciudades son de Europa occidental .</content>
        </sentence>
        <sentence id="6">
          <content>La popularidad de Hong Kong se debe en su mayor&amp;iacute;a a sus vecinos del norte .</content>
        </sentence>
        <sentence id="7">
          <content>Los visitantes chinos componen el 63 .</content>
        </sentence>
        <sentence id="8">
          <content>5% de los entrantes a la ciudad, un 11 .</content>
        </sentence>
        <sentence id="9">
          <content>1% m&amp;aacute;s que en 2011 .</content>
        </sentence>
        <sentence id="10">
          <content>Seg&amp;uacute;n Euromonitor, las llegadas internacionales a Hong Kong se mostrar&amp;iacute;an est&amp;aacute;ticas sin este grupo .</content>
        </sentence>
        <sentence id="11">
          <content>Lee: Los chinos son los turistas que m&amp;aacute;s gastan en el mundoEn octubre de 2013 China prohibi&amp;oacute los tours de compras, lo cual puede resultar en una disminuci&amp;oacuten de los visitantes chinos a Hong Kong y Se&amp;uacute;l, Corea del Sur (otra ciudad minorista prominente), se se&amp;ntilde;al&amp;oacute en el reporte .</content>
        </sentence>
        <sentence id="12">
          <content>Mientras tanto, las ciudades chinas luchan por atraer visitantes .</content>
        </sentence>
        <sentence id="13">
          <content>Shangh&amp;aacute;i, Beijing y Zhuhai obtuvieron bajos lugares en 2012 debido a una desaceleraci&amp;oacuten de la econom&amp;iacute;a, un yuan fuerte y la contaminaci&amp;oacuten, seg&amp;uacute;n el reporte de Euromonitor .</content>
        </sentence>
        <sentence id="14">
          <content>Las disputas sobre las Islas Senkaku/Diaoyu desalentaron a m&amp;aacute;s turistas de Jap&amp;oacuten, que alguna vez fue una principal fuente de turismo para China .</content>
        </sentence>
        <sentence id="15">
          <content>La Ciudad de M&amp;eacute;xico qued&amp;oacute en el lugar 46 y Canc&amp;uacute;n en el 61 .</content>
        </sentence>
        <sentence id="16">
          <content>Fueron las &amp;uacute;nicas mexicanas en el Top 100 .</content>
        </sentence>
        <sentence id="17">
          <content>Principales destinos de ciudades por llegadas y crecimiento1 .</content>
        </sentence>
        <sentence id="18">
          <content>Hong Kong: 23,770,200 (6 .</content>
        </sentence>
        <sentence id="19">
          <content>Singapur: 21,345,700 (7 .</content>
        </sentence>
        <sentence id="20">
          <content>Bangkok, Tailandia: 15,822,600 (14 .</content>
        </sentence>
        <sentence id="21">
          <content>Londres, Inglaterra; 15,461,000 (2 .</content>
        </sentence>
        <sentence id="22">
          <content>Macao: 13,360,800 (3 .</content>
        </sentence>
        <sentence id="23">
          <content>Kuala Lumpur, Malasia: 13,339,500 (6 .</content>
        </sentence>
        <sentence id="24">
          <content>Shenzhen, China: 12,100,400 (9 .</content>
        </sentence>
        <sentence id="25">
          <content>Nueva York, Estados Unidos: 11,618,000 (8 .</content>
        </sentence>
        <sentence id="26">
          <content>Antalya, Turqu&amp;iacute;a: 10,296, 600 (-1 .</content>
        </sentence>
        <sentence id="27">
          <content>Par&amp;iacute;s, Francia: 9,780,800 (3 .</content>
        </sentence>
      </sentences>
    </paragraph>
  </article>
</document>
