<?xml version="1.0" encoding="UTF-8"?>
<document id="163" link="http://mexico.cnn.com/salud/2013/08/14/10-platillos-mexicanos-ricos-en-sabor-y-en-calorias" category="Salud" author="Aline Ju&amp;Atilde;&amp;iexcl;rez" highlights_mapped="false">
  <title>10 platillos mexicanos (y un postre) ricos en sabor... y en calor&amp;iacute;as - Obesidad: el enemigo p&amp;uacute;blico - Salud - CNNMexico.com</title>
  <keywords>comida, mexicana, calorias, alimentacion, mexicanos, sedentarismo, habitos, unesco</keywords>
  <summaries>
    <highlights>
      <sentence id="1" ids_sentences_article="">Los platillos mexicanos son reconocidos como patrimonio cultural de la UNESCO.</sentence>
      <sentence id="2" ids_sentences_article="">Algunos son altos en calor&amp;iacute;as, que no son quemadas debido a los h&amp;aacute;bitos sedentarios del mexicano actual.</sentence>
      <sentence id="3" ids_sentences_article="">La nutri&amp;oacuteloga Adriana Arroyo recomienda mejorar la actividad f&amp;iacute;sica y consumir menos calor&amp;iacute;as de las que se usan.</sentence>
    </highlights>
  </summaries>
  <article>
    <paragraph id="1">
      <sentences>
        <sentence id="1">
          <content>10 platillos mexicanos (y un postre) ricos en sabor . . . y en calor&amp;iacute;as.</content>
        </sentence>
        <sentence id="2">
          <content>(CNNM&amp;eacute;xico) -- La comida mexicana es reconocida y considerada una de las m&amp;aacute;s importantes del mundo .</content>
        </sentence>
        <sentence id="3">
          <content>Como la francesa, fue declarada en 2010 patrimonio cultural inmaterial de la humanidad por la Organizaci&amp;oacuten de Naciones Unidas para la Educaci&amp;oacuten, la Ciencia y la Cultura (UNESCO) .</content>
        </sentence>
        <sentence id="4">
          <content>Su autenticidad y capacidad para evolucionar, as&amp;iacute; como el uso de ingredientes como el ma&amp;iacute;z, el chile y el frijol, fueron determinantes para lograr este reconocimiento .</content>
        </sentence>
        <sentence id="5">
          <content>El pozole, los tamales, los tacos, las flautas y postres como el arroz con leche, son alimentos cotidianos en la dieta del mexicano; pero, &amp;iquest;qu&amp;eacute; tanto empatan con su ritmo de vida y necesidades nutricionales?El problema de que esta comida no se ajuste al estilo de vida actual del mexicano est&amp;aacute; relacionado con el sedentarismo y la falta de actividad f&amp;iacute;sica, dijo a CNNM&amp;eacute;xico Celia Peniche, acad&amp;eacute;mica del departamento de Nutrici&amp;oacuten y Bienestar Integral del Tecnol&amp;oacutegico de Monterrey .</content>
        </sentence>
        <sentence id="6">
          <content>"Hoy en d&amp;iacute;a la gente realiza menos actividad f&amp;iacute;sica, camina y se mueve menos, los ni&amp;ntilde;os juegan menos y las actividades giran alrededor de las computadoras .</content>
        </sentence>
        <sentence id="7">
          <content>Esto provoca que el gasto energ&amp;eacute;tico de los individuos sea menor y todos estos platillos se convierten en excesos en la vida sedentaria de los individuos", indic&amp;oacute .</content>
        </sentence>
        <sentence id="8">
          <content>Las especialistas del Tec de Monterrey, Cecilia Peniche y Adriana Arroyo Berezovzky, esta &amp;uacute;ltima nutri&amp;oacuteloga del deporte, le hacen una "radiograf&amp;iacute;a" a diversos antojitos y platillos mexicanos para conocer cu&amp;aacute;ntas grasas, calor&amp;iacute;as y az&amp;uacute;cares consumimos al degustarlas .</content>
        </sentence>
        <sentence id="9">
          <content>La nutri&amp;oacuteloga Adriana Arroyo se&amp;ntilde;al&amp;oacute que todos estos platillos tradicionales son cocinados con una gran cantidad de grasa y, por lo general, manteca .</content>
        </sentence>
        <sentence id="10">
          <content>"Hoy en d&amp;iacute;a son elaborados con diferentes tipos de grasas, pero en su mayor&amp;iacute;a grasas saturadas que tiene un impacto negativo sobre la salud .</content>
        </sentence>
        <sentence id="11">
          <content>Al tener todos estos platillos una proporci&amp;oacuten elevada de grasas los vuelve alimentos de alto contenido cal&amp;oacuterico", dijo .</content>
        </sentence>
        <sentence id="12">
          <content>Varios factores como g&amp;eacute;nero, edad, estatura y peso, determinan cu&amp;aacute;ntas calor&amp;iacute;as se deben consumir al d&amp;iacute;a, dijo la directora del departamento de Nutrici&amp;oacuten del Tec de Monterrey, Erika Ochoa Ortiz .</content>
        </sentence>
        <sentence id="13">
          <content>Hacer ejercicio implica un gasto energ&amp;eacute;tico mayor, lo cual permite un mayor consumo cal&amp;oacuterico, precis&amp;oacute .</content>
        </sentence>
        <sentence id="14">
          <content>Pero si se desea bajar de peso, se deben consumir menos calor&amp;iacute;as de las que se gastan .</content>
        </sentence>
      </sentences>
    </paragraph>
  </article>
</document>
