<?xml version="1.0" encoding="UTF-8"?>
<document id="697" link="http://mexico.cnn.com/salud/2013/11/26/cerveza-a-domicilio-5-changarros-para-comprar-esto-y-mas-online" category="Salud" highlights_mapped="false">
  <title>&amp;iquestCerveza a domicilio? 5 'changarros' para comprar esto y m&amp;aacute;s 'online'   - Salud - CNNMexico.com</title>
  <keywords>compras en linea, internet, red, web, tarjeta de credito, moda, decoracion, vintage, arte, dise&amp;ntilde;o, dise&amp;ntilde;adores, mexico, ciudad de mexico, cervezas artesanales, hipsters, moda retro, decoracion, compras por internet, internet, paypal</keywords>
  <summaries>
    <highlights>
      <sentence id="1" ids_sentences_article="">Existen peque&amp;ntilde;os negocios para comprar en l&amp;iacute;nea donde podr&amp;aacute;s encontrar objetos de culto.</sentence>
      <sentence id="2" ids_sentences_article="">Ropa 'vintage' y cervezas artesanales son algunos de los exclusivos objetos a la venta.</sentence>
      <sentence id="3" ids_sentences_article="">Art&amp;iacute;culos dise&amp;ntilde;ados y fabricados en M&amp;eacute;xico tambi&amp;eacute;n est&amp;aacute;n al alcance de un click.</sentence>
    </highlights>
  </summaries>
  <article>
    <paragraph id="1">
      <sentences>
        <sentence id="1">
          <content>&amp;iquestCerveza a domicilio?</content>
        </sentence>
        <sentence id="2">
          <content>5 'changarros' para comprar esto y m&amp;aacute;s 'online'.</content>
        </sentence>
        <sentence id="3">
          <content>S&amp;iacute;, en las tiendas virtuales de los gigantes de internet encuentras casi todo, pero estos peque&amp;ntilde;os negocios ofrecen objetos &amp;uacute;nicos.</content>
        </sentence>
        <sentence id="4">
          <content>(CHILANGO) -- No todo es Amazon, tambi&amp;eacute;n hay otros peque&amp;ntilde;os negocios para comprar en l&amp;iacute;nea donde podr&amp;aacute;s encontrar desde objetos vintage hasta catas de cerveza a domicilio .</content>
        </sentence>
        <sentence id="5">
          <content>Te presentamos cinco opciones:Un centro comercial virtualM&amp;uacute;sicos, ilustradores, dise&amp;ntilde;adores, escritores y toda clase de artistas utilizan la plataforma kichink para poner sus productos en tus manos .</content>
        </sentence>
        <sentence id="6">
          <content>Una de sus ventajas es que si no cuentas con tarjeta de cr&amp;eacute;dito, puedes utilizar alguno de sus m&amp;aacute;s de 15,000 puntos de pago en efectivo .</content>
        </sentence>
        <sentence id="7">
          <content>Te recomendamos estar al pendiente, ya que tienen d&amp;iacute;as en los que sus env&amp;iacute;os son gratuitos .</content>
        </sentence>
        <sentence id="8">
          <content>Visita: kichink .</content>
        </sentence>
        <sentence id="9">
          <content>comModa snobSacional es un bazar en l&amp;iacute;nea que hasta hace unos meses era conocido como Snob Cultural .</content>
        </sentence>
        <sentence id="10">
          <content>Su principal atractivo son moda, dise&amp;ntilde;o, arte y decoraci&amp;oacuten .</content>
        </sentence>
        <sentence id="11">
          <content>Los productos son creaciones de nuevos talentos .</content>
        </sentence>
        <sentence id="12">
          <content>Aceptan cualquier tarjeta de cr&amp;eacute;dito, transferencia bancaria, efectivo o Paypal .</content>
        </sentence>
        <sentence id="13">
          <content>El tiempo de entrega es de entre 3 a 15 d&amp;iacute;as, y si por alguna raz&amp;oacuten no te convence, puedes devolverla .</content>
        </sentence>
        <sentence id="14">
          <content>Visita: snobcultural .</content>
        </sentence>
        <sentence id="15">
          <content>comHecho en M&amp;eacute;xicoCompra Moda Nacional es una tienda online que re&amp;uacute;ne a los mejores dise&amp;ntilde;adores del pa&amp;iacute;s .</content>
        </sentence>
        <sentence id="16">
          <content>Puedes comprar lo que ves en las pasarelas de Julia &amp; Renata, Malafacha, Delia Gonz&amp;aacute;lez, Adriana Soto, Clara Gonz&amp;aacute;lez, Sandra Weill, Alex Medina, Ethnology, Krome, entre otros .</content>
        </sentence>
        <sentence id="17">
          <content>Aceptan todas las tarjetas y hacen env&amp;iacute;os en todo M&amp;eacute;xico y al extranjero en cinco d&amp;iacute;as h&amp;aacute;biles .</content>
        </sentence>
        <sentence id="18">
          <content>Tambi&amp;eacute;n tienen una boutique en Polanco, en el DF .</content>
        </sentence>
        <sentence id="19">
          <content>Visita: compramodanacional .</content>
        </sentence>
        <sentence id="20">
          <content>comCerveza a domicilioTres Pares ofrece un trato que no podr&amp;aacute;s rechazar: pagas una suscripci&amp;oacuten mensual de 299 pesos (m&amp;aacute;s env&amp;iacute;o) para que lleguen a tu casa tres pares de cervezas artesanales mexicanas diferentes .</content>
        </sentence>
        <sentence id="21">
          <content>Cada env&amp;iacute;o es de marcas distintas y te dan informaci&amp;oacuten sobre su origen y opciones de maridaje (puedes cancelar cuando quieras) .</content>
        </sentence>
        <sentence id="22">
          <content>Te recomendamos probar la Gordolobo de Gracias a Dios, La V-Porter y la Sanctum de Calavera Beer .</content>
        </sentence>
        <sentence id="23">
          <content>Visita: trespares .</content>
        </sentence>
        <sentence id="24">
          <content>mxSi te gusta lo retroLa especialidad de Mil Etiquetas son los productos vintage, a la moda y prendas originales que no ver&amp;aacute;s en las tiendas convencionales .</content>
        </sentence>
        <sentence id="25">
          <content>Las entregas son personales en puntos c&amp;eacute;ntricos del Distrito Federal y en caso de que algo te guste, pero no cuentes con el total, lo puedes apartar con el 50% .</content>
        </sentence>
        <sentence id="26">
          <content>Debes apresurarte a comprar, ya que tienen clientes frecuentes que arrasan con todo .</content>
        </sentence>
        <sentence id="27">
          <content>Visita: facebook .</content>
        </sentence>
        <sentence id="28">
          <content>etiquetasEste es un fragmento de un art&amp;iacute;culo publicado en la edici&amp;oacuten de noviembre de 2013 de la revista Chilango, que es parte de Grupo Expansi&amp;oacuten, una empresa de Time Inc .</content>
        </sentence>
        <sentence id="29">
          <content>La firma edita en M&amp;eacute;xico 17 revistas y 11 sitios de internet, entre ellos CNNM&amp;eacute;xico .</content>
        </sentence>
      </sentences>
    </paragraph>
  </article>
</document>
