<?xml version="1.0" encoding="UTF-8"?>
<document id="565" link="http://mexico.cnn.com/salud/2014/01/17/sigue-estos-cinco-pasos-para-protegerte-de-la-influenza" category="Salud" highlights_mapped="false">
  <title>Sigue estos cinco pasos para protegerte de la influenza - Salud - CNNMexico.com</title>
  <keywords>protegerse de la influenza, contagio influenza, influenza, h1n1, mexico, vacuna, prevenir, prevencion</keywords>
  <summaries>
    <highlights>
      <sentence id="1" ids_sentences_article="">L&amp;aacute;vate las manos frecuentemente y durante 20 segundos en cada ocasi&amp;oacuten.</sentence>
      <sentence id="2" ids_sentences_article="">Es importante estornudar y toser sobre un pa&amp;ntilde;uelo o el brazo, en lugar de taparse con las manos.</sentence>
      <sentence id="3" ids_sentences_article="">La mejor prevenci&amp;oacuten es la vacuna.</sentence>
    </highlights>
  </summaries>
  <article>
    <paragraph id="1">
      <sentences>
        <sentence id="1">
          <content>Sigue estos cinco pasos para protegerte de la influenza.</content>
        </sentence>
        <sentence id="2">
          <content>La higiene y una distancia prudente con posibles enfermos son algunas medidas para "librar" la temporada sin contraer ese padecimiento.</content>
        </sentence>
        <sentence id="3">
          <content>(CNNM&amp;eacute;xico) -- En lo que va del a&amp;ntilde;o 2014 ha habido 556 casos de influenza estacional confirmados, de los cuales 32 terminaron en muerte, seg&amp;uacute;n dio a conocer la Secretar&amp;iacute;a de Salud el jueves pasado .</content>
        </sentence>
        <sentence id="4">
          <content>Ante ciertos mitos, como que puedes enfermarte de gripe por las condiciones clim&amp;aacute;ticas, consultamos a la Secretar&amp;iacute;a de Salud de M&amp;eacute;xico, los Centros para el Control y la Prevenci&amp;oacuten de Enfermedades de Estados Unidos (CDC) y la Cl&amp;iacute;nica Mayo y te presentamos cinco pasos para evitar el contagio .</content>
        </sentence>
        <sentence id="5">
          <content>&amp;iquest;C&amp;oacutemo evito contagiarme de influenza?La respuesta es: vac&amp;uacute;nate .</content>
        </sentence>
        <sentence id="6">
          <content>La vacuna contra la influenza es la mejor forma de prevenir contagiarte con la enfermedad .</content>
        </sentence>
        <sentence id="7">
          <content>Aunque existen muchos virus diferentes, una vacuna contra la influenza protege contra los m&amp;aacute;s comunes en la temporada .</content>
        </sentence>
        <sentence id="8">
          <content>Debes vacunarte una vez al a&amp;ntilde;o, de preferencia antes de la temporada de influenza, que inicia aproximadamente en octubre .</content>
        </sentence>
        <sentence id="9">
          <content>Algunos efectos secundarios de la vacuna pueden ser: dolor, enrojecimiento o hinchaz&amp;oacuten en el lugar donde se aplic&amp;oacute la vacuna, dolor de cabeza y cuerpo, dolor, enrojecimiento o comez&amp;oacuten en los ojos, tos, fiebre, ronquera, comez&amp;oacuten y fatiga .</content>
        </sentence>
        <sentence id="10">
          <content>Estos efectosdesaparecen en aproximadamente 24 horas y es mejor presentarlos que enfermarte de influenza .</content>
        </sentence>
        <sentence id="11">
          <content>Mitos y realidades de la vacuna de influenza2 .</content>
        </sentence>
        <sentence id="12">
          <content>&amp;iquest;Cu&amp;aacute;ndo y d&amp;oacutende me vacuno?Lo mejor es vacunarse antes del inicio de la temporada de la influenza porque la vacuna puede demorar alrededor de dos semanas hasta alcanzar su efecto completo, pero nunca es demasiado tarde para vacunarse contra la influenza, seg&amp;uacute;n el especialista en vacunas, Gregory Poland, de Cl&amp;iacute;nica Mayo .</content>
        </sentence>
        <sentence id="13">
          <content>Hasta en el caso de una persona no vacunada que tuvo la gripe fuerte, la vacuna todav&amp;iacute;a le ofrece protecci&amp;oacuten contra otras cepas circulantes, explic&amp;oacute el m&amp;eacute;dico .</content>
        </sentence>
        <sentence id="14">
          <content>Si est&amp;aacute;s enfermo en este momento, espera hasta que te recuperes y despu&amp;eacute;s, vac&amp;uacute;nate, recomiendan los CDC .</content>
        </sentence>
        <sentence id="15">
          <content>Evita la vacuna si alguna vez has tenido una reacci&amp;oacuten al&amp;eacute;rgica grave al huevo .</content>
        </sentence>
        <sentence id="16">
          <content>Seg&amp;uacute;n el &amp;aacute;rea de Comunicaci&amp;oacuten Social de la Secretar&amp;iacute;a de Salud, la vacuna est&amp;aacute; disponible en los centros de salud y hospitales de la Secretar&amp;iacute;a de Salud para cualquier persona que pertenezca a una poblaci&amp;oacuten en riesgo: menores de 36 meses, mayores de 60, diab&amp;eacute;ticos, embaradas y personas con obesidad .</content>
        </sentence>
        <sentence id="17">
          <content>El resto de las personas pueden acudir al Hospital General en el Distrito Federal .</content>
        </sentence>
        <sentence id="18">
          <content>En las dem&amp;aacute;s entidades, la Secretar&amp;iacute;a de Salud recomend&amp;oacute acudir al centro de salud, pero no confirm&amp;oacute que ah&amp;iacute; se les aplicar&amp;iacute;a la vacuna .</content>
        </sentence>
        <sentence id="19">
          <content>Otras medidas para evitar el contagioLavarse las manosCu&amp;aacute;ndo: frecuentemente, sobre todo despu&amp;eacute;s de usar el ba&amp;ntilde;o y antes de comer o tocar .</content>
        </sentence>
        <sentence id="20">
          <content>C&amp;oacutemo: frota tus manos con jab&amp;oacuten y agua durante 20 segundos .</content>
        </sentence>
        <sentence id="21">
          <content>Si usas un ba&amp;ntilde;o p&amp;uacute;blico, utiliza una toalla de papel para cerrar las llaves del agua y para abrir la puerta .</content>
        </sentence>
        <sentence id="22">
          <content>Tambi&amp;eacute;n puedes utilizar un desinfectante de manos a base de alcohol .</content>
        </sentence>
        <sentence id="23">
          <content>No fumar El tabaquismo puede hacerte m&amp;aacute;s susceptible a las enfermedades en general .</content>
        </sentence>
        <sentence id="24">
          <content>Mantener la distanciaSi est&amp;aacute;s cerca de una persona enferma,ap&amp;aacute;rtate o pide un cambio de lugar .</content>
        </sentence>
        <sentence id="25">
          <content>Si alg&amp;uacute;n camarero o mesero toca tu comida o el borde de tu vaso, pide un cambio, o ve a comer en otro lugar .</content>
        </sentence>
        <sentence id="26">
          <content>Evitar tocar tu boca y narizSi toses o estornudas, cubre tu boca y nariz, pero no utilices las manos desnudas para hacerlo, porque podr&amp;iacute;as estar llevando a estos orificios los virus que hayas recogido en alguna otra parte .</content>
        </sentence>
        <sentence id="27">
          <content>C&amp;oacutemo lo hago: usa un pa&amp;ntilde;uelo desechable para cubrir tu boca y nariz al toser o estornudar y t&amp;iacute;ralo a la basura luego de usarlo, o hazlo en la parte interna de tu codo .</content>
        </sentence>
        <sentence id="28">
          <content>Es menos probable que haya virus en la parte interna de tu codo que en tus manos .</content>
        </sentence>
        <sentence id="29">
          <content>HigieneLimpia y desinfecta las superficies y los objetos que puedan estar contaminados con g&amp;eacute;rmenes como los de la influenza .</content>
        </sentence>
        <sentence id="30">
          <content>&amp;iquest;C&amp;oacutemo s&amp;eacute; si debo ir al m&amp;eacute;dico?Los s&amp;iacute;ntomas comunes de la influenza son: dolor de garganta, tos, congesti&amp;oacuten nasal, fatiga, dolor de cabeza, escalofr&amp;iacute;os, cuerpo cortado, fiebre y en ocasiones diarrea y n&amp;aacute;useas .</content>
        </sentence>
        <sentence id="31">
          <content>La mayor&amp;iacute;a de los casos de influenza solamente requieren descanso y constante hidrataci&amp;oacuten para aliviarse .</content>
        </sentence>
        <sentence id="32">
          <content>Sin embargo, algunos casos son graves y requieren atenci&amp;oacuten m&amp;eacute;dica urgente .</content>
        </sentence>
        <sentence id="33">
          <content>Ve al m&amp;eacute;dico si presentas estos s&amp;iacute;ntomas: falta de aire o dificultad para respirar, dolor o presi&amp;oacuten en el pecho o abdomen, confusi&amp;oacuten, mareos repentinos, v&amp;oacutemito graves o persistente y s&amp;iacute;ntomas similares a los de la influenza que mejoran, pero luego reaparecen con fiebre y agravamiento de la tos .</content>
        </sentence>
        <sentence id="34">
          <content>Medidas para no contagiar a los dem&amp;aacute;sCubre tu boca y nariz cuando tosas o estornudes, pero no lo hagas con las manos porque podr&amp;iacute;as contaminarlas y esparcir los virus .</content>
        </sentence>
        <sentence id="35">
          <content>Usa un pa&amp;ntilde;uelo desechable y t&amp;iacute;ralo despu&amp;eacute;s de toser o estornudar o usar la parte interna de tu codo .</content>
        </sentence>
        <sentence id="36">
          <content>L&amp;aacute;vate las manos (ve arriba c&amp;oacutemo hacerlo) .</content>
        </sentence>
        <sentence id="37">
          <content>No acudas al trabajo .</content>
        </sentence>
        <sentence id="38">
          <content>Trabaja desde casa o descansa .</content>
        </sentence>
        <sentence id="39">
          <content>Puedes volver a salir de casa cuando se hayan cumplido 24 horas despu&amp;eacute;s de haber tenido la &amp;uacute;ltima fiebre .</content>
        </sentence>
        <sentence id="40">
          <content>La condici&amp;oacuten es que la fiebre haya desaparecido sin haber utilizado medicamentos antifebriles, seg&amp;uacute;n los CDC .</content>
        </sentence>
        <sentence id="41">
          <content>Lee: C&amp;oacutemo reportarte enfermoEvita los lugares p&amp;uacute;blicos hasta donde sea posible, como las escuelas, oficinas, teatros o auditorios y transporte p&amp;uacute;blico .</content>
        </sentence>
      </sentences>
    </paragraph>
  </article>
</document>
