<?xml version="1.0" encoding="UTF-8"?>
<document id="231" link="http://mexico.cnn.com/salud/2013/10/16/las-galletas-oreo-son-tan-adictivas-como-la-cocaina-segun-un-estudio" category="Salud" author="Jacque Wilson" highlights_mapped="false">
  <title>Las galletas Oreo son tan adictivas como la coca&amp;iacute;na, seg&amp;uacute;n un estudio - Salud - CNNMexico.com</title>
  <keywords>galletas, oreo, estudio, adiccion, comida, cocaina, morfina,</keywords>
  <summaries>
    <highlights>
      <sentence id="1" ids_sentences_article="">Los cient&amp;iacute;ficos han sospechado por mucho tiempo que la comida chatarra tiene el mismo efecto que las drogas.</sentence>
      <sentence id="2" ids_sentences_article="">El nuevo estudio hecho por estudiantes del Colegio de Connecticut confirma esta hip&amp;oacutetesis.</sentence>
      <sentence id="3" ids_sentences_article="">Los resultados del estudio no han sido publicados en una revista cient&amp;iacute;fica.</sentence>
    </highlights>
  </summaries>
  <article>
    <paragraph id="1">
      <sentences>
        <sentence id="1">
          <content>Las galletas Oreo son tan adictivas como la coca&amp;iacute;na, seg&amp;uacute;n un estudio.</content>
        </sentence>
        <sentence id="2">
          <content>Un experimento con ratas de laboratorio mostr&amp;oacute que los roedores obten&amp;iacute;an tanto o m&amp;aacute;s placer con las galletas que con la coca&amp;iacute;na o morfina.</content>
        </sentence>
        <sentence id="3">
          <content>(CNN) -- Cualquiera que haya comido galletas Oreo alguna vez sabe lo dif&amp;iacute;cil que es comer sola .</content>
        </sentence>
        <sentence id="4">
          <content>Los cient&amp;iacute;ficos han sospechado por mucho tiempo que a nuestros cerebros les apetece la comida chatarra de la misma forma que otras sustancias placenteras, como las drogas ilegales .</content>
        </sentence>
        <sentence id="5">
          <content>Estudios previos en roedores y humanos han mostrado que la misma &amp;aacute;rea del cerebro que se vuelve m&amp;aacute;s activa cuando la gente usa drogas incrementa su actividad cuando los participantes de un estudio consumen, o incluso miran, comida con alto contenido en az&amp;uacute;car o calor&amp;iacute;as como los helados o el tocino .</content>
        </sentence>
        <sentence id="6">
          <content>Un nuevo estudio de estudiantes del Colegio de Connecticut aporta a la creciente evidencia que sugiere que la comida puede ser adictiva .</content>
        </sentence>
        <sentence id="7">
          <content>Los estudiantes estaban interesados en entender c&amp;oacutemo la disponibilidad de comida basura en &amp;aacute;reas de bajos ingresos ha contribuido a extender la epidemia de obesidad en Estados Unidos .</content>
        </sentence>
        <sentence id="8">
          <content>"Incluso si asociamos peligros para la salud al tomar drogas como la coca&amp;iacute;na y la morfina, la comida alta en grasa y az&amp;uacute;car puede representar un mayor riesgo debido a la accesibilidad y precio", dijo a trav&amp;eacute;s de un comunicado el neurocirujano y dise&amp;ntilde;ador del estudio, Jamie Honohan .</content>
        </sentence>
        <sentence id="9">
          <content>Los estudiantes investigadores usaron un laberinto con dos lados para probar su teor&amp;iacute;a .</content>
        </sentence>
        <sentence id="10">
          <content>En un lado del laberinto, dieron a las ratas galletas Oreo, en el otro, galletas de arroz .</content>
        </sentence>
        <sentence id="11">
          <content>Luego se les permit&amp;iacute;a a las ratas decidir qu&amp;eacute; lado del laberinto quer&amp;iacute;an explorar .</content>
        </sentence>
        <sentence id="12">
          <content>Los investigadores tomaron el tiempo que las ratas pasaron en cada lado .</content>
        </sentence>
        <sentence id="13">
          <content>Luego compararon los tiempos con un experimento similar en el que se les pon&amp;iacute;a a las ratas una inyecci&amp;oacuten de coca&amp;iacute;na o morfina en un lado del laberinto y una inyecci&amp;oacuten de salina del otro .</content>
        </sentence>
        <sentence id="14">
          <content>Tambi&amp;eacute;n analizaron los efectos de las galletas Oreo en los cerebros de las ratas al revisar el n&amp;uacute;mero de neuronas en el llamado "centro del placer" quese activaron mientras com&amp;iacute;an .</content>
        </sentence>
        <sentence id="15">
          <content>Las ratas de laboratorio condicionadas con galletas Oreo pasaron tanto tiempo del lago del laberinto como cuando se les ofrec&amp;iacute;a coca&amp;iacute;na o morfina .</content>
        </sentence>
        <sentence id="16">
          <content>"Esto, por s&amp;iacute; mismo, no es sorprendente o novedoso", dijo Schroeder a CNN en un correo electr&amp;oacutenico .</content>
        </sentence>
        <sentence id="17">
          <content>Pero los investigadores tambi&amp;eacute;n encontraron que las ratas que com&amp;iacute;an Oreos experimentaban m&amp;aacute;s placer que los animales a los que les inyectaban drogas .</content>
        </sentence>
        <sentence id="18">
          <content>"En conjunto, estos hallazgos apoyan la hip&amp;oacutetesis de que el consumo de comida con mucha grasa y az&amp;uacute;car puede llevar a comportamientos adictivos y puede activar el cerebro de una forma similar al abuso de drogas", dijo Shroeder .</content>
        </sentence>
        <sentence id="19">
          <content>"Esto puede, en parte, ayudarnos a entender por qu&amp;eacute; los individuos que han tenido problemas al controlar su consumo de comida, especialmente cuando las opciones son limitadas a altas en grasa y az&amp;uacute;car, son m&amp;aacute;s susceptibles a la obesidad" .</content>
        </sentence>
        <sentence id="20">
          <content>Los resultados no han sido publicados en una revista cient&amp;iacute;fica .</content>
        </sentence>
        <sentence id="21">
          <content>Y las investigaciones en ratas no siempre se trasladan a los humanos .</content>
        </sentence>
        <sentence id="22">
          <content>Ser&amp;iacute;a dif&amp;iacute;cil obtener su aprobaci&amp;oacuten debido a que requerir&amp;iacute;a el uso de sustancias ilegales .</content>
        </sentence>
        <sentence id="23">
          <content>Aunque se usaron galletas Oreo en el experimento, este ten&amp;iacute;a como objetivo ilustrar el efecto de cualquier comida alta en grasa o az&amp;uacute;car .</content>
        </sentence>
        <sentence id="24">
          <content>El estudio nos ayuda a entender por qu&amp;eacute; a veceses dif&amp;iacute;cil resistirse a la comida chatarraaunque sepamos que es mala para nosotros, dijo Schroeder .</content>
        </sentence>
      </sentences>
    </paragraph>
  </article>
</document>
