<?xml version="1.0" encoding="UTF-8"?>
<document id="391" link="http://mexico.cnn.com/salud/2013/11/15/tus-antojos-y-caprichos-el-cerebro-decide-que-quiere-algo-ahora-buenfin" category="Salud" author="Elizabeth Landau" highlights_mapped="false">
  <title>Tus antojos y caprichos: c&amp;oacutemo el cerebro decide que quiere algo ahora - Salud - CNNMexico.com</title>
  <keywords>medicina, cerebro, decisiones, tentaciones, hipocampo, estudio, alzheimer, demencia, decision, impulso, recompensa, capricho,</keywords>
  <summaries>
    <highlights>
      <sentence id="1" ids_sentences_article="">El hipocampo est&amp;aacute; involucrado en recordar acontecimientos del pasado e imaginar los del futuro.</sentence>
      <sentence id="2" ids_sentences_article="">En el estudio se analiz&amp;oacute la toma de decisiones de individuos saludables y personas con alzh&amp;eacute;imer.</sentence>
      <sentence id="3" ids_sentences_article="">Las personas con da&amp;ntilde;o en el hipocampo tienen problemas para visualizar metas a largo plazo.</sentence>
    </highlights>
  </summaries>
  <article>
    <paragraph id="1">
      <sentences>
        <sentence id="1">
          <content>Tus antojos y caprichos: c&amp;oacutemo el cerebro decide que quiere algo ahora.</content>
        </sentence>
        <sentence id="2">
          <content>Un equipo de investigadores estudi&amp;oacute la participaci&amp;oacuten del hipocampo en la toma de decisiones para obtener recompensas.</content>
        </sentence>
        <sentence id="3">
          <content>(CNN) -- Si te ofreciera una tableta de marca libre hoy, o una del &amp;uacute;ltimo modelo de la marca l&amp;iacute;der la pr&amp;oacutexima semana, &amp;iquest;cu&amp;aacute;l escoger&amp;iacute;as?</content>
        </sentence>
        <sentence id="4">
          <content>Los neurocient&amp;iacute;ficos est&amp;aacute;n interesados en explorar qu&amp;eacute; ocurre cuando el cerebro debe elegir entre recibir una recompensa inmediatamente o en el futuro, especialmente cuando la espera puede resultar en un premio que te gusta m&amp;aacute;s .</content>
        </sentence>
        <sentence id="5">
          <content>Una estructura en forma de caballito de mar en el cerebro llamada hipocampo est&amp;aacute; involucrada en recordar acontecimientos del pasado e imaginar los del futuro .</content>
        </sentence>
        <sentence id="6">
          <content>En un nuevo estudio de la revista PLOS Biology se analiza qu&amp;eacute; papel juega el hipocampo cuando una persona tiene que decidir entre recibir una recompensa ahora o despu&amp;eacute;s .</content>
        </sentence>
        <sentence id="7">
          <content>En este estudio se observ&amp;oacute a un grupo de individuos saludables, uno con alzh&amp;eacute;imer (una condici&amp;oacuten caracterizada por el deterioro de la memoria y asociada con la atrofia del hipocampo) y otro con una condici&amp;oacuten llamada demencia frontotemporal, que se relaciona con la falta de control de los impulsos .</content>
        </sentence>
        <sentence id="8">
          <content>En el estudio franc&amp;eacute;s, liderado por Mael Lebreton, del Instituto del Cerebro y la Columna Vertebral (ICM, por sus siglas en franc&amp;eacute;s) en Par&amp;iacute;s, se observaron las elecciones que depend&amp;iacute;an del tiempo e involucraban dinero, as&amp;iacute; como opciones epis&amp;oacutedicas como elecciones de comida, acontecimientos deportivos o culturales .</content>
        </sentence>
        <sentence id="9">
          <content>En el primer experimento, los investigadores dieron a 15 participantes una serie de decisiones que involucraban elegir una recompensa u otra, donde uno de los premios hipot&amp;eacute;ticos se daba ahora, y el otro despu&amp;eacute;s .</content>
        </sentence>
        <sentence id="10">
          <content>Algunas opciones fueron descritas en fotograf&amp;iacute;as etiquetadas y otras en textos .</content>
        </sentence>
        <sentence id="11">
          <content>Las fotograf&amp;iacute;as le dieron a los participantes una imagen visual, pero con el texto, los sujetos fueron forzados a imaginarse qu&amp;eacute; recibir&amp;iacute;an .</content>
        </sentence>
        <sentence id="12">
          <content>Los participantes tend&amp;iacute;an a escoger las recompensas tard&amp;iacute;as cuando las imaginaban con m&amp;aacute;s detalles .</content>
        </sentence>
        <sentence id="13">
          <content>El segundo experimento involucr&amp;oacute a 20 participantes que se enfrentaron a los mismos tipos de decisiones .</content>
        </sentence>
        <sentence id="14">
          <content>En esta prueba, los participantes sol&amp;iacute;an ser consistentes en su nivel de impulsividad, sin importar si escog&amp;iacute;an entre cantidades de dinero o experiencias como alimentos o entradas para un evento deportivo .</content>
        </sentence>
        <sentence id="15">
          <content>En este segundo experimento tambi&amp;eacute;n se utilizaron im&amp;aacute;genes de resonancia magn&amp;eacute;tica funcional (fMRI, por sus siglas en ingl&amp;eacute;s) para rastrear los patrones de activaci&amp;oacuten del hipocampo .</content>
        </sentence>
        <sentence id="16">
          <content>Cuando se mostraban a las recompensas inmediatas como im&amp;aacute;genes, y las recompensas futuras se daban como texto, los investigadores encontraron que la cantidad de actividad en el hipocampo estaba relacionada con la selecci&amp;oacuten de recompensas futuras .</content>
        </sentence>
        <sentence id="17">
          <content>Pero cuando ambas opciones se presentan como im&amp;aacute;genes, o como texto, el hipocampo no muestra un aumento en la activaci&amp;oacuten .</content>
        </sentence>
        <sentence id="18">
          <content>En otras palabras, el hipocampo ayuda a evaluar el valor de espera para una recompensa cuando tienes que imaginarla, comparado con una recompensa inmediata que puedes ver .</content>
        </sentence>
        <sentence id="19">
          <content>Los investigadores tambi&amp;eacute;n estudiaron estos tipos de tareas entre los pacientes con demencia comparados con los saludables .</content>
        </sentence>
        <sentence id="20">
          <content>A diferencia de los participantes saludables, los pacientes con alzh&amp;eacute;imer no tend&amp;iacute;an a favorecer opciones escritas como texto, lo que requer&amp;iacute;a simulaci&amp;oacuten mental .</content>
        </sentence>
        <sentence id="21">
          <content>Los autores del estudio dicen que esto sugiere que el da&amp;ntilde;o al hipocampo causado por el alzh&amp;eacute;imer puede impactar estas elecciones relacionadas con el tiempo .</content>
        </sentence>
        <sentence id="22">
          <content>El tipo de demencia tambi&amp;eacute;n parece importar .</content>
        </sentence>
        <sentence id="23">
          <content>Los pacientes con una variante conductual de la demencia frontotemporal tend&amp;iacute;an a ser impulsivos en muchos escenarios diferentes, mientras que los pacientes con alzh&amp;eacute;imer favorec&amp;iacute;an a las recompensas inmediatas sobre las tard&amp;iacute;as cuando ten&amp;iacute;an que imaginar las recompensas futuras .</content>
        </sentence>
        <sentence id="24">
          <content>Potencialmente, esto puede significar que los pacientes con la enfermedad de Alzheimer o incluso con da&amp;ntilde;o general en el hipocampo, tendr&amp;aacute;n problemas para perseguir metas a largo plazo porque tienen problemas para simular experiencias futuras en sus mentes, seg&amp;uacute;n el estudio .</content>
        </sentence>
        <sentence id="25">
          <content>Pero, debido a los peque&amp;ntilde;os tama&amp;ntilde;os de las muestras para los experimentos, se necesita m&amp;aacute;s investigaci&amp;oacuten para confirmar los resultados y fortalecer las posibles conclusiones .</content>
        </sentence>
        <sentence id="26">
          <content>Tambi&amp;eacute;n est&amp;aacute; basado en asociaciones entre comportamientos y actividad cerebral, y no prueba la causalidad .</content>
        </sentence>
        <sentence id="27">
          <content>En el futuro, dicen los cient&amp;iacute;ficos, podr&amp;iacute;an dise&amp;ntilde;arse medicamentos para mejorar estos procesos, para que las personas con problemas de control de impulso puedan encontrar alivio .</content>
        </sentence>
      </sentences>
    </paragraph>
  </article>
</document>
