<?xml version="1.0" encoding="UTF-8"?>
<document id="607" link="http://mexico.cnn.com/salud/2013/07/01/cinco-formas-para-superar-tu-habito-de-consumir-refresco" category="Salud" author="Keri Gans, especial para CNN" highlights_mapped="false">
  <title>Cinco formas para superar tu h&amp;aacute;bito de consumir refresco - Salud - CNNMexico.com</title>
  <keywords>refresco, adiccion, habito, azucar, peso, diabetes, dieta, te verde, agua, como dejar de consumir, bajar de peso, bebidas,</keywords>
  <summaries>
    <highlights>
      <sentence id="1" ids_sentences_article="">El consumo de refresco est&amp;aacute; relacionado con el aumento de peso, c&amp;aacute;lculos renales y otros padecimientos.</sentence>
      <sentence id="2" ids_sentences_article="">Bebe un vaso con agua cuando sientas el antojo de beber un refresco.</sentence>
      <sentence id="3" ids_sentences_article="">Busca fuentes de cafe&amp;iacute;na m&amp;aacute;s saludables, como el t&amp;eacute; verde.</sentence>
    </highlights>
  </summaries>
  <article>
    <paragraph id="1">
      <sentences>
        <sentence id="1">
          <content>Cinco formas para superar tu h&amp;aacute;bito de consumir refresco.</content>
        </sentence>
        <sentence id="2">
          <content>Elige bebidas con cafe&amp;iacute;na m&amp;aacute;s saludables, agua mineral o agua simple con un toque frutal.</content>
        </sentence>
        <sentence id="3">
          <content>(CNN) -- A pesar de que recientemente ha aumentado la consciencia acerca de los efectos negativos que tiene el consumo de refresco en nuestra salud, muchos de nosotros seguimos consumi&amp;eacute;ndolo diariamente para obtener un golpe de cafe&amp;iacute;na o una azucarada satisfacci&amp;oacuten, para superar el baj&amp;oacuten de media tarde o para acompa&amp;ntilde;ar el almuerzo o la cena .</content>
        </sentence>
        <sentence id="4">
          <content>Los estudios han demostrado que un consumo m&amp;iacute;nimo de refresco puede causar el aumento de peso, tal vez porque las personas eligen alimentos y bebidas poco saludables en general .</content>
        </sentence>
        <sentence id="5">
          <content>Desafortunadamente, el aumento de peso puede ocasionar el desarrollo de diabetes tipo dos y eleva el riesgo de embolia .</content>
        </sentence>
        <sentence id="6">
          <content>El aumento en el consumo de refrescos tambi&amp;eacute;n se relaciona con los c&amp;aacute;lculos renales y con el deterioro de los dientes .</content>
        </sentence>
        <sentence id="7">
          <content>La cafe&amp;iacute;na puede ser altamente adictiva y puede causar h&amp;aacute;bito, por lo que muchas personas evitan dejarla abruptamente .</content>
        </sentence>
        <sentence id="8">
          <content>Entonces, &amp;iquest;c&amp;oacutemo se puede superar la dependencia al refresco?</content>
        </sentence>
        <sentence id="9">
          <content>Aqu&amp;iacute; hay cinco consejos para abandonar para siempre este h&amp;aacute;bito:1 .</content>
        </sentence>
        <sentence id="10">
          <content>Hidr&amp;aacute;tate con aguaEl cuerpo requiere agua para un funcionamiento &amp;oacuteptimo, pero sus beneficios van m&amp;aacute;s all&amp;aacute; de ser esencial para la salud b&amp;aacute;sica del d&amp;iacute;a a d&amp;iacute;a .</content>
        </sentence>
        <sentence id="11">
          <content>Bebe un vaso con agua cuando sientas antojo de tomar un refresco .</content>
        </sentence>
        <sentence id="12">
          <content>Aunque ambas bebidas nos ayudan a sentirnos saciados temporalmente, el agua no te har&amp;aacute; sentir desinflado cuando baje el efecto de la cafe&amp;iacute;na .</content>
        </sentence>
        <sentence id="13">
          <content>Si lo que se te antoja es algo gasificado, prueba beber agua mineral cuando tengas sed .</content>
        </sentence>
        <sentence id="14">
          <content>El agua tampoco tiene que ser simple .</content>
        </sentence>
        <sentence id="15">
          <content>Agregarle frutas como lim&amp;oacuten, lima o mel&amp;oacuten te ayudar&amp;aacute; a darle un toque refrescante y delicioso .</content>
        </sentence>
        <sentence id="16">
          <content>Busca apoyoEn reuniones, a menudo se consume refresco en grandes cantidades, ya sea en el cine o en una cena en grupo .</content>
        </sentence>
        <sentence id="17">
          <content>Reclutar a tus amigos, seres queridos y familiares para que te ayuden a librarte de tu h&amp;aacute;bito, te ser&amp;aacute; &amp;uacute;til para responsabilizarte y mantenerte en el camino correcto .</content>
        </sentence>
        <sentence id="18">
          <content>Reducir tu ingesta de cafe&amp;iacute;na a menudo puede provocar s&amp;iacute;ntomas de abstinencia como cambios de humor, por ello es importante que te comuniques eficazmente con tus seres queridos .</content>
        </sentence>
        <sentence id="19">
          <content>Mantener abiertas las l&amp;iacute;neas de comunicaci&amp;oacuten puede mejorar tu estado de &amp;aacute;nimo y ayudarte a liberar los sentimientos y pensamientos negativos .</content>
        </sentence>
        <sentence id="20">
          <content>Elige una bebida con cafe&amp;iacute;na m&amp;aacute;s saludableEl t&amp;eacute; verde es rico en antioxidantes y es una excelente alternativa al refresco, ya que se ha demostrado que aporta varios beneficios a la salud en general .</content>
        </sentence>
        <sentence id="21">
          <content>Los estudios han demostrado que el t&amp;eacute; verde podr&amp;iacute;a proteger la piel del da&amp;ntilde;o por la exposici&amp;oacuten al sol, estabilizar los niveles de az&amp;uacute;car y reducir el riesgo de desarrollar ciertos tipos de c&amp;aacute;ncer .</content>
        </sentence>
        <sentence id="22">
          <content>El sabor del t&amp;eacute; verde puede mejorarse f&amp;aacute;cilmente si lo bebes con hielos o si le agregas lim&amp;oacuten reci&amp;eacute;n exprimido .</content>
        </sentence>
        <sentence id="23">
          <content>Consumir t&amp;eacute; verde tambi&amp;eacute;n puede ayudarte a liberarte de la necesidad de cafe&amp;iacute;na que sientes: la bebida contiene una peque&amp;ntilde;a dosis (considerablemente menos que el refresco) de cafe&amp;iacute;na natural .</content>
        </sentence>
        <sentence id="24">
          <content>Mantente ocupadoComo sucede con muchas de las cosas que hacemos por repetici&amp;oacuten, a menudo se vuelven h&amp;aacute;bito a causa del aburrimiento .</content>
        </sentence>
        <sentence id="25">
          <content>Si te encuentras dirigi&amp;eacute;ndote inconscientemente hacia el refrigerador, toma un bocadillo r&amp;aacute;pido y bajo en calor&amp;iacute;as .</content>
        </sentence>
        <sentence id="26">
          <content>Por ejemplo, el yogurt griego tiene un sabor dulce, es bajo en grasa y puede ayudarte a satisfacer tu necesidad de un estimulante r&amp;aacute;pido .</content>
        </sentence>
        <sentence id="27">
          <content>Haz una llamada breve a un amigo o revisa tu sitio web favorito para mantenerte ocupado .</content>
        </sentence>
        <sentence id="28">
          <content>Lee: 49 consejos para decirle adi&amp;oacutes (para siempre) a los kilos de m&amp;aacute;s .</content>
        </sentence>
        <sentence id="29">
          <content>A&amp;iacute;slate de la fuente de tu adicci&amp;oacutenEs mucho m&amp;aacute;s probable que cedas a la tentaci&amp;oacuten de abrir una lata de refresco si tienes una al alcance .</content>
        </sentence>
        <sentence id="30">
          <content>Es una soluci&amp;oacuten sencilla, pero liberar tu ambiente de refresco puede ser vital en tu lucha por lograr una dieta libre de esta bebida .</content>
        </sentence>
        <sentence id="31">
          <content>Si t&amp;uacute; te encargas de las compras en casa, para empezar no los compres .</content>
        </sentence>
        <sentence id="32">
          <content>Si tu perdici&amp;oacuten est&amp;aacute; en el trabajo, pide que incluyan opciones m&amp;aacute;s saludables en la m&amp;aacute;quina expendedora de tu oficina o camina por una ruta diferente para que evites la tentaci&amp;oacuten de ese refresco que te est&amp;aacute; llamando .</content>
        </sentence>
      </sentences>
    </paragraph>
  </article>
</document>
