<?xml version="1.0" encoding="UTF-8"?>
<document id="870" link="http://mexico.cnn.com/salud/2013/12/12/estados-unidos-debate-permitir-llamadas-de-moviles-durante-los-vuelos" category="Salud" author="Mike M. Ahlers" highlights_mapped="false">
  <title>Estados Unidos debate permitir llamadas de m&amp;oacuteviles durante los vuelos - Salud - CNNMexico.com</title>
  <keywords>aviones, vuelos, avion, llamadas, telefono, celular, movil, fcc, voto, prohibicion, departamento del transporte, encuesta,</keywords>
  <summaries>
    <highlights>
      <sentence id="1" ids_sentences_article="">La FCC vot&amp;oacute para considerar el permitir el uso de tel&amp;eacute;fonos m&amp;oacuteviles a bordo de los aviones.</sentence>
      <sentence id="2" ids_sentences_article="">Otra agencia federal, sin embargo, est&amp;aacute; buscando prohibirlos.</sentence>
      <sentence id="3" ids_sentences_article="">Una nueva encuesta muestra que la mayor&amp;iacute;a est&amp;aacute; en contra de permitirlo.</sentence>
      <sentence id="4" ids_sentences_article="">El poder enviar mensajes de texto, no el poder llamar, es lo m&amp;aacute;s ideal, seg&amp;uacute;n un congresista.</sentence>
    </highlights>
  </summaries>
  <article>
    <paragraph id="1">
      <sentences>
        <sentence id="1">
          <content>Estados Unidos debate permitir llamadas de m&amp;oacuteviles durante los vuelos.</content>
        </sentence>
        <sentence id="2">
          <content>Aunque la Comisi&amp;oacuten Federal de Comunicaciones analiza eliminar la prohibici&amp;oacuten por razones t&amp;eacute;cnicas, hay quienes trabajan para prohibirlas.</content>
        </sentence>
        <sentence id="3">
          <content>WASHINGTON (CNN) -- La Comisi&amp;oacuten Federal de Comunicaciones (FCC, por sus siglas en ingl&amp;eacute;s) vot&amp;oacute este jueves a favor permitir las llamadas telef&amp;oacutenicas durante los vuelos, el mismo d&amp;iacute;a en que el Departamento de Transporte est&amp;aacute; tomando medidas para bloquearlas .</content>
        </sentence>
        <sentence id="4">
          <content>El voto, de tres a favor y dos en contra, permitir&amp;iacute;a que se comience a discutir el tema antes de tomarse una decisi&amp;oacuten final .</content>
        </sentence>
        <sentence id="5">
          <content>La decisi&amp;oacuten de la FCC ocurre el mismo d&amp;iacute;a en que el secretario de Transporte, Michael Foxx, afirm&amp;oacute a CNN que est&amp;aacute; analizando la posibilidad de prohibir las llamadas en pleno vuelo .</content>
        </sentence>
        <sentence id="6">
          <content>El departamento determinar&amp;aacute; si permitir las llamadas es "justo para los consumidores" .</content>
        </sentence>
        <sentence id="7">
          <content>Mucha gente considera la idea de las conversaciones telef&amp;oacutenicas a bordo como molestas por lo estrecho del espacio dentro de los aviones, y algunos lo catalogan como un asunto relacionado con los derechos de los consumidores .</content>
        </sentence>
        <sentence id="8">
          <content>"En las &amp;uacute;ltimas semanas hemos escuchado de aerol&amp;iacute;neas, viajeros, sobrecargos, miembros del congreso y otros que est&amp;aacute;n preocupados por la idea de pasajeros hablando a trav&amp;eacute;s de tel&amp;eacute;fonos celulares en pleno vuelo, y yo tambi&amp;eacute;n estoy preocupado sobre esa posibilidad", afirm&amp;oacute Foxx .</content>
        </sentence>
        <sentence id="9">
          <content>&amp;iquest;Est&amp;aacute;n trabajando las dos entidades gubernamentales en propuestas cruzadas?</content>
        </sentence>
        <sentence id="10">
          <content>Pero cada una cita sus mandatos individuales e independientes .</content>
        </sentence>
        <sentence id="11">
          <content>La FCC ha prohibido las llamadas en vuelo por razones t&amp;eacute;cnicas .</content>
        </sentence>
        <sentence id="12">
          <content>Pero la nueva tecnolog&amp;iacute;a ha hecho obsoleta esta prohibici&amp;oacuten, seg&amp;uacute;n la comisi&amp;oacuten, por lo que no hay raz&amp;oacuten para continuarla .</content>
        </sentence>
        <sentence id="13">
          <content>El Departamento de Transporte, que incluye a la Administraci&amp;oacuten Federal de Aviaci&amp;oacuten (FAA, por sus siglas en ingl&amp;eacute;s), est&amp;aacute; encargada de garantizar la seguridad a&amp;eacute;rea, pero tambi&amp;eacute;n de proteger los derechos de los viajeros .</content>
        </sentence>
        <sentence id="14">
          <content>La FCC ha sido criticada en las &amp;uacute;ltimas semanas luego de que el nuevo presidente de la comisi&amp;oacuten hizo el anuncio .</content>
        </sentence>
        <sentence id="15">
          <content>"Soy la &amp;uacute;ltima persona en el mundo que quiere escuchar a alguien hablarme mientras vuelo a trav&amp;eacute;s del pa&amp;iacute;s", afirm&amp;oacute Tom Wheeler, quien propuso el cambio que fue aprobado este jueves .</content>
        </sentence>
        <sentence id="16">
          <content>"Pero somos una agencia t&amp;eacute;cnica, y haremos las reglas de acuerdo a c&amp;oacutemo funciona la nueva tecnolog&amp;iacute;a" .</content>
        </sentence>
        <sentence id="17">
          <content>Una encuesta de la Universidad de Quinnipiac dada a conocer este mi&amp;eacute;rcoles indica que la mayor&amp;iacute;a de los estadounidenses quieren silencio cuando vuelan .</content>
        </sentence>
        <sentence id="18">
          <content>El 59% dicen que no quieren usar tel&amp;eacute;fonos celulares en aviones y solo el 30% dicen que est&amp;aacute;n a favor de eliminar la prohibici&amp;oacuten .</content>
        </sentence>
        <sentence id="19">
          <content>Inclusive la mayor&amp;iacute;a de los j&amp;oacutevenes de entre 18 y 29 a&amp;ntilde;os, que dependen mucho de la tecnolog&amp;iacute;a, afirman que est&amp;aacute;n en contra de usar tel&amp;eacute;fonos en aviones: 52% se oponen y solo 39% est&amp;aacute;n a favor .</content>
        </sentence>
        <sentence id="20">
          <content>En tanto, el representante republicano por Pennsylvania, Bill Shuster, present&amp;oacute un proyecto de ley que prohibir&amp;iacute;a comunicaciones de voz durante los vuelos pero permitir&amp;iacute;a mensajes de texto .</content>
        </sentence>
        <sentence id="21">
          <content>Shuster dijo a CNN que los bebes que lloran y los adultos que estornudan ya causan suficiente conmoci&amp;oacuten durante los vuelos, y las llamadas telef&amp;oacutenicas solo empeorar&amp;aacute;n las cosas .</content>
        </sentence>
        <sentence id="22">
          <content>"Teclea, no hables", dice Shuster .</content>
        </sentence>
      </sentences>
    </paragraph>
  </article>
</document>
