<?xml version="1.0" encoding="UTF-8"?>
<document id="573" link="http://mexico.cnn.com/salud/2014/02/04/la-mitad-de-la-poblacion-en-mexico-no-realiza-actividad-fisica-conade" category="Salud" highlights_mapped="false">
  <title>La mitad de la poblaci&amp;oacuten en M&amp;eacute;xico no realiza actividad f&amp;iacute;sica: Conade - Salud - CNNMexico.com</title>
  <keywords>Conade, INEGI, ejercicio, actividad fisica, mexicanos, habitos, salud, bajar de peso, inactividad, rutinas ejercicio, deporte</keywords>
  <summaries>
    <highlights>
      <sentence id="1" ids_sentences_article="">En general, los hombres se ejercitan m&amp;aacute;s que las mujeres.</sentence>
      <sentence id="2" ids_sentences_article="">La mayor&amp;iacute;a de los mexicanos realiza ejercicio en espacios p&amp;uacute;blicos.</sentence>
    </highlights>
  </summaries>
  <article>
    <paragraph id="1">
      <sentences>
        <sentence id="1">
          <content>La mitad de la poblaci&amp;oacuten en M&amp;eacute;xico no realiza actividad f&amp;iacute;sica: Conade.</content>
        </sentence>
        <sentence id="2">
          <content>(CNNM&amp;eacute;xico) -- Cada d&amp;iacute;a, millones de personas se ejercitan, o se proponen hacerlo, pero en M&amp;eacute;xico, m&amp;aacute;s de la mitad de la poblaci&amp;oacuten no lo hace, &amp;iquest;el consuelo?</content>
        </sentence>
        <sentence id="3">
          <content>No somos los &amp;uacute;nicos: el nivel de inactividad f&amp;iacute;sica es similar al de pa&amp;iacute;ses como Canad&amp;aacute; o Estado Unidos, seg&amp;uacute;n cifras delInstituto Nacional de Estad&amp;iacute;stica y Geograf&amp;iacute;a(INEGI), los Centros para el Control y Prevenci&amp;oacuten de Enfermedades (CDC) y del gobierno de Canad&amp;aacute; .</content>
        </sentence>
        <sentence id="4">
          <content>2% de los mexicanos mayores de 18 a&amp;ntilde;os no hace ninguna actividad f&amp;iacute;sica, 18% nunca ha practicado una actividad f&amp;iacute;sica en su tiempo libre, seg&amp;uacute;n un estudio realizado por el Instituto Nacional de Estad&amp;iacute;stica y Geograf&amp;iacute;a INEGI en conjunto con la Comisi&amp;oacuten Nacional del Deporte (Conade) en noviembre de 2013 .</content>
        </sentence>
        <sentence id="5">
          <content>De acuerdo con el reporte, publicado la &amp;uacute;ltima semana de enero, hay distintos culpables dela falta de actividad: tiempo (57 .</content>
        </sentence>
        <sentence id="6">
          <content>9%), cansancio despu&amp;eacute;s de la jornada laboral (16%) o problemas de salud (13%) .</content>
        </sentence>
        <sentence id="7">
          <content>Para el 3% de los consultados, la falta de dinero (3%) y la pereza (2 .</content>
        </sentence>
        <sentence id="8">
          <content>9%) son tambi&amp;eacute;n razones para no hacer ejercicio .</content>
        </sentence>
        <sentence id="9">
          <content>El estudio tituladoM&amp;oacutedulo de Pr&amp;aacute;ctica deportiva y ejercicio f&amp;iacute;sico fue realizado entre mayores de 18 a&amp;ntilde;os en 2,336 viviendas de 32 &amp;aacute;reas "representativas de cada entidad federativa" del pa&amp;iacute;s con una poblaci&amp;oacuten mayor a 100,000 personas .</content>
        </sentence>
        <sentence id="10">
          <content>La educaci&amp;oacuten, pieza claveSeg&amp;uacute;n el reporte, las personas con mayor nivel educativo son quienes se ejercitan m&amp;aacute;s .</content>
        </sentence>
        <sentence id="11">
          <content>"El problema que tenemos tiene su origen en la educaci&amp;oacuten, al tener informaci&amp;oacuten clara cuando somos ni&amp;ntilde;os, lo haremos bien a lo largo de toda la vida, porque lo aprendimos bien, por eso es importante transmitir esta informaci&amp;oacuten a los ni&amp;ntilde;os y j&amp;oacutevenes", dijo Jes&amp;uacute;s Mena Campos, director de la Conade al presentar el reporte .</content>
        </sentence>
        <sentence id="12">
          <content>Los mexicanos que realizan ejercicio lo hacen en instalaciones o lugares p&amp;uacute;blicos (66 .</content>
        </sentence>
        <sentence id="13">
          <content>4%) y 31% lo hace en deportivos privados o en sus domicilios .</content>
        </sentence>
        <sentence id="14">
          <content>Cinco de cada 10 prefieren hacerlo por la ma&amp;ntilde;ana, tres de cada 10 por la tarde y 1 de cada 10 en la noche .</content>
        </sentence>
        <sentence id="15">
          <content>El 78% lo hace para mejorar su salud o por recomendaci&amp;oacuten m&amp;eacute;dica y el 20% por diversi&amp;oacuten .</content>
        </sentence>
        <sentence id="16">
          <content>En general, los hombres de todas las edades son m&amp;aacute;s activos que las mujeres .</content>
        </sentence>
        <sentence id="17">
          <content>La poblaci&amp;oacuten masculina que se ejercita m&amp;aacute;s se encuentra entre el rango de edad de los 18 a 24 a&amp;ntilde;os con 68 .</content>
        </sentence>
        <sentence id="18">
          <content>5% del total .</content>
        </sentence>
        <sentence id="19">
          <content>Mientras que entre las mujeres la poblaci&amp;oacuten m&amp;aacute;s activa tambi&amp;eacute;n es la de 18 a 24 a&amp;ntilde;os, con 47 .</content>
        </sentence>
        <sentence id="20">
          <content>Los hombres menos activos tienen 55 a&amp;ntilde;os o m&amp;aacute;s, mientras que las mujeres que realizan menos ejercicio est&amp;aacute;n entre los 35 a 44 a&amp;ntilde;os .</content>
        </sentence>
        <sentence id="21">
          <content>La mitad de quienes se ejercitan lo hacen de forma insuficienteY para los mexicanos que s&amp;iacute; se ejercitan, las noticias tampoco son buenas, quiz&amp;aacute; todo el empe&amp;ntilde;o que ponen en esa hora de f&amp;uacute;tbol o ejercicio semanal, no es suficiente . . . Del 43% de habitantes que realiza ejercicio en M&amp;eacute;xico, solo la mitad recibe beneficios en su salud: los que dedican al menos cuatro horas semanales, en promedio, a ejercitarse .</content>
        </sentence>
        <sentence id="22">
          <content>Tanto para hombres como para mujeres, hacer en promedio dos horas de ejercico a la semana es insuficiente .</content>
        </sentence>
        <sentence id="23">
          <content>La Organizaci&amp;oacuten Mundial de la Salud (OMS) recomienda realizar por lo menos 30 minutos de ejercicio diario, 150 minutos de actividad aer&amp;oacutebica o 75 de actividad f&amp;iacute;sica vigorosa a la semana .</content>
        </sentence>
        <sentence id="24">
          <content>El 60% de la poblaci&amp;oacuten mundial no realiza actividad f&amp;iacute;sica suficientepara mantener su cuerpo en condiciones aceptables, seg&amp;uacute;n la Organizaci&amp;oacuten Mundial de la Salud, lo que constituyeun factor de riesgo para enfermedades cardiovasculares, diabetes, obesidad e incluso algunos tipos de c&amp;aacute;ncer .</content>
        </sentence>
        <sentence id="25">
          <content>En julio del 2013, la Organizaci&amp;oacuten de las Naciones Unidas emiti&amp;oacute un reporte que coloc&amp;oacute a M&amp;eacute;xico como el pa&amp;iacute;s con mayor obesidad en el mundo .</content>
        </sentence>
        <sentence id="26">
          <content>Dos meses despu&amp;eacute;s, el gobierno federal present&amp;oacute una estrategia para combatir la obesidad que se centra en campa&amp;ntilde;as educativas para impulsar el ejercicio e impuestos y prohibici&amp;oacuten de alimentos chatarra .</content>
        </sentence>
        <sentence id="27">
          <content>La campa&amp;ntilde;a Ponte al 100,a cargo de la Conade e iniciativas privadas, ofrece 1,200 centros de evaluaci&amp;oacuten en la Rep&amp;uacute;blica Mexicana donde la poblaci&amp;oacuten se puede realizar una serie de pruebas f&amp;iacute;sicas y obtener rutinas de ejercicio seg&amp;uacute;n sus necesidadades .</content>
        </sentence>
        <sentence id="28">
          <content>En una prueba piloto realizada en 105 escuelas del Estado de M&amp;eacute;xico, se encontr&amp;oacute que de los estudiantes que realizaron entre 45 a 60 minutos de ejercicio durante 30 sesiones, el 65% de ellos mejor&amp;oacute su salud y reduj&amp;oacute su procentaje de grasa, seg&amp;uacute;n Conade .</content>
        </sentence>
      </sentences>
    </paragraph>
  </article>
</document>
