<?xml version="1.0" encoding="UTF-8"?>
<document id="241" link="http://mexico.cnn.com/salud/2013/11/27/el-matrimonio-mas-antiguo-de-estados-unidos-comparte-sus-secretos" category="Salud" highlights_mapped="false">
  <title>El matrimonio m&amp;aacute;s antiguo de Estados Unidos comparte sus secretos - Salud - CNNMexico.com</title>
  <keywords>matrimoni, antiguo, estados unidos, john y ann betar, connecticut,</keywords>
  <summaries>
    <highlights>
      <sentence id="1" ids_sentences_article="">La pareja ha perdido de c&amp;aacute;ncer a dos de sus cinco hijos.</sentence>
      <sentence id="2" ids_sentences_article="">Su hija mayor tiene 80 a&amp;ntilde;os.</sentence>
      <sentence id="3" ids_sentences_article="">El Encuentro Mundial de Matrimonios design&amp;oacute a la pareja como la m&amp;aacute;s antigua.</sentence>
    </highlights>
  </summaries>
  <article>
    <paragraph id="1">
      <sentences>
        <sentence id="1">
          <content>El matrimonio m&amp;aacute;s antiguo de Estados Unidos comparte sus secretos.</content>
        </sentence>
        <sentence id="2">
          <content>John y Ann Betar, de 102 y 98 a&amp;ntilde;os respectivamente, se casaron en 1932 y han estado casados durante ocho d&amp;eacute;cadas.</content>
        </sentence>
        <sentence id="3">
          <content>(HLN) -- John y Ann Betar se casaron el 25 de noviembre de 1932, en medio de la Gran Depresi&amp;oacuten, antes de la Segunda Guerra Mundial y del primer filme animado, antes de que se inventara la PC y de que la televisi&amp;oacuten se volviera popular .</content>
        </sentence>
        <sentence id="4">
          <content>Hebert Hoover era presidente de Estados Unidos y ese pa&amp;iacute;s a&amp;uacute;n no hab&amp;iacute;a visto un Super Bowl ni experimentado el aire acondicionado .</content>
        </sentence>
        <sentence id="5">
          <content>Aunque parece que todo en el mundo ha cambiado, John y Anne siguen aqu&amp;iacute;, sujet&amp;aacute;ndose las manos y sonriendo .</content>
        </sentence>
        <sentence id="6">
          <content>Marido y mujer, de 102 y 98 a&amp;ntilde;os respectivamente, han estado unidos en matrimonio por 81 a&amp;ntilde;os y tienen el honor de ser la pareja m&amp;aacute;s longeva en Estado Unidos, de acuerdo con el Contador del Matrimonio Mundial .</content>
        </sentence>
        <sentence id="7">
          <content>&amp;iquest;C&amp;oacutemo lo hacen?</content>
        </sentence>
        <sentence id="8">
          <content>La pareja de Farifield, Connecticut, imparte algunos sabios consejos y hechos incre&amp;iacute;bles sobre su marat&amp;oacutenico matrimonio, seg&amp;uacute;n un reporte del diario brit&amp;aacute;nico Daily Mail .</content>
        </sentence>
        <sentence id="9">
          <content>Esposa feliz, vida feliz: "La clave es estar siempre de acuerdo con tu esposa", dice John con una sonrisa .</content>
        </sentence>
        <sentence id="10">
          <content>La longevidad atrae p&amp;eacute;rdidas inevitables: La pareja ha perdido de c&amp;aacute;ncer a dos de sus cinco hijos .</content>
        </sentence>
        <sentence id="11">
          <content>Su hija m&amp;aacute;s grande tiene 80 a&amp;ntilde;os .</content>
        </sentence>
        <sentence id="12">
          <content>Casarse por las razones correctas: Los Betars se fugaron luego de que el padre de Ann prometi&amp;oacute casarla con un hombre mayor .</content>
        </sentence>
        <sentence id="13">
          <content>Ann recuerda a John llev&amp;aacute;ndola a la preparatoria en su Ford Roadster .</content>
        </sentence>
        <sentence id="14">
          <content>"Por eso se cas&amp;oacute conmigo, porque le encantaba mi carro", bromea John .</content>
        </sentence>
        <sentence id="15">
          <content>El hogar es donde est&amp;aacute; el coraz&amp;oacuten: La pareja ha vivido en la misma casa desde 1964, es decir, casi 50 a&amp;ntilde;os .</content>
        </sentence>
        <sentence id="16">
          <content>Elige tus batallas: "Solo sobre cocinar, es por lo &amp;uacute;nico que nos peleamos", dice John .</content>
        </sentence>
        <sentence id="17">
          <content>Ann se muestra cort&amp;eacute;smente en desacuerdo: "&amp;iquest;Ve?</content>
        </sentence>
        <sentence id="18">
          <content>Eso es lo que &amp;eacute;l piensa" .</content>
        </sentence>
        <sentence id="19">
          <content>La designaci&amp;oacuten de los Betars como el matrimonio m&amp;aacute;s antiguo de Estados Unidos la hizo el Encuentro Mundial deMatrimonioscon base en nominaciones, por lo que es posible que haya parejas que tengan m&amp;aacute;s tiempo casadas .</content>
        </sentence>
        <sentence id="20">
          <content>Pero hay que admitirlo .</content>
        </sentence>
        <sentence id="21">
          <content>Como se mira, 81 a&amp;ntilde;os es rid&amp;iacute;culamente impresionante .</content>
        </sentence>
        <sentence id="22">
          <content>Nota del editor: Lee m&amp;aacute;s historias en HLNtv .</content>
        </sentence>
      </sentences>
    </paragraph>
  </article>
</document>
