<?xml version="1.0" encoding="UTF-8"?>
<document id="572" link="http://mexico.cnn.com/salud/2014/03/06/que-tanto-sexo-hay-que-practicar-para-que-se-considere-como-ejercicio" category="Salud" author="Jay Williams" highlights_mapped="false">
  <title>&amp;iquestQu&amp;eacute; tanto sexo hay que practicar para que se considere como ejercicio? - Salud - CNNMexico.com</title>
  <keywords>medicina, ejercicio, sexo, calorias, entrenamiento, pareja, resistencia, orgasmo, musculos, cuerpo</keywords>
  <summaries>
    <highlights>
      <sentence id="1" ids_sentences_article="">Una relaci&amp;oacuten sexual promedio de seis minutos solo quema aproximadamente 21 calor&amp;iacute;as.</sentence>
      <sentence id="2" ids_sentences_article="">Tener sexo en la ma&amp;ntilde;ana puede ser bueno, ya que los niveles de testosterona de un hombre est&amp;aacute;n en su m&amp;aacute;ximo punto.</sentence>
      <sentence id="3" ids_sentences_article="">Incorporar algunos alimentos a la dieta pueden ayudar a impulsar la resistencia.</sentence>
    </highlights>
  </summaries>
  <article>
    <paragraph id="1">
      <sentences>
        <sentence id="1">
          <content>&amp;iquestQu&amp;eacute; tanto sexo hay que practicar para que se considere como ejercicio?</content>
        </sentence>
        <sentence id="2">
          <content>30 minutos de actividad puede quemar entre 85 y 100 calor&amp;iacute;as, &amp;iquestcon esto podemos reemplazar al ejercicio regular?</content>
        </sentence>
        <sentence id="3">
          <content>Nota del editor:upwave es la nueva marca de estilo de vida de Turner Broadcasting, &amp;iexcl;dise&amp;ntilde;ada para entretenerte y hacerte m&amp;aacute;s saludable!</content>
        </sentence>
        <sentence id="4">
          <content>Visitaupwave .</content>
        </sentence>
        <sentence id="5">
          <content>compara encontrar m&amp;aacute;s informaci&amp;oacuten y sigue a upwave enTwitter,Facebook,YouTube,PinteresteInstagram .</content>
        </sentence>
        <sentence id="6">
          <content>com) --Cuando pienso en un entrenamiento sexual definitivo, me imagino la escena de Sr .</content>
        </sentence>
        <sentence id="7">
          <content>Smith donde Brad Pitt y Angelina Jolie se arrojan entre s&amp;iacute; en su cocina durante una hora .</content>
        </sentence>
        <sentence id="8">
          <content>Desafortunadamente, no toda experiencia sexual es as&amp;iacute;&amp;hellip; bueno, con tanta intensidad .</content>
        </sentence>
        <sentence id="9">
          <content>Pero, &amp;iquest;realmente cu&amp;aacute;ntas calor&amp;iacute;as quemamos en el acto?Rumor: Una actividad sexual puede quemar entre 100 y 300 calor&amp;iacute;asEscuchamos todo el tiempo que el sexo es un ejercicio genial, &amp;iquest;pero cu&amp;aacute;les son los datos duros?</content>
        </sentence>
        <sentence id="10">
          <content>&amp;iquest;cu&amp;aacute;nto sexo se considera ejercicio?</content>
        </sentence>
        <sentence id="11">
          <content>En una escala de quedarse dormidos a Brangelina, &amp;iquest;d&amp;oacutende se encuentra el encuentro sexual promedio en la escala de quema de calor&amp;iacute;as?El veredicto: El sexo quema algunas calor&amp;iacute;as, pero jugar frecuentemente no va a reemplazar al gimnasioPodr&amp;iacute;as no obtener un buen ejercicio debajo de las s&amp;aacute;banas como t&amp;uacute; crees .</content>
        </sentence>
        <sentence id="12">
          <content>Seg&amp;uacute;n un estudio realizado por la revista New England Journal of Medicine, el sexo dura seis minutos en promedio y solo quema aproximadamente 21 calor&amp;iacute;as .</content>
        </sentence>
        <sentence id="13">
          <content>Como psic&amp;oacutelogo del ejercicio y alguien que incluso encuentra formas para quemar calor&amp;iacute;as mientras conduzco y trabajo en mi computadora, encuentro a esto una estad&amp;iacute;stica muy decepcionante .</content>
        </sentence>
        <sentence id="14">
          <content>Seg&amp;uacute;n WebMD, 30 minutos de sexo puede quemar entre 85 y 100 calor&amp;iacute;as; si sientes que tienes una vida sexual bastante vigorosa, probablemente est&amp;aacute;s en el mayor extremo de esa estad&amp;iacute;stica .</content>
        </sentence>
        <sentence id="15">
          <content>Esto me puso a pensar .</content>
        </sentence>
        <sentence id="16">
          <content>Aunque parece que probablemente no deber&amp;iacute;amos renunciar a nuestras membres&amp;iacute;as de gimnasio en el nombre del sexo, hay formas en las que podemos optimizar nuestro sexercicio .</content>
        </sentence>
        <sentence id="17">
          <content>Aqu&amp;iacute; est&amp;aacute;n algunas ideas:Sexo antes del desayuno .</content>
        </sentence>
        <sentence id="18">
          <content>Tener sexo en la ma&amp;ntilde;ana es una idea genial por varias razones .</content>
        </sentence>
        <sentence id="19">
          <content>En primera, los niveles de testosterona de un hombre est&amp;aacute;n en su m&amp;aacute;ximo punto entre las 07:00 y 08:00 horas en la ma&amp;ntilde;ana .</content>
        </sentence>
        <sentence id="20">
          <content>Tambi&amp;eacute;n, si haces tiempo para una sesi&amp;oacuten matutina de media hora, puedes salir de la cama e ir directo a tu entrenamiento matutino &amp;iexcl;y ya habr&amp;aacute;s calentado!</content>
        </sentence>
        <sentence id="21">
          <content>Ahora eso es algo por lo que vale la pena poner el despertador .</content>
        </sentence>
        <sentence id="22">
          <content>Comer para obtener resistencia .</content>
        </sentence>
        <sentence id="23">
          <content>Incorporar algunos alimentos que impulsan la resistencia tambi&amp;eacute;n puede ayudar cuando intentas llegar a un mayor nivel en el departamento del sexo .</content>
        </sentence>
        <sentence id="24">
          <content>Alimentos como higos, ostras, apio, moras azules, cacahuates, pl&amp;aacute;tanos, ajo e incluso chocolate tienen el potencial de impulsar la resistencia sexual de un hombre .</content>
        </sentence>
        <sentence id="25">
          <content>(Nota: comer muchos carbohidratos la noche anterior de tu marat&amp;oacuten sexual matutino no se recomienda y probablemente ser&amp;aacute; contraproducente) .</content>
        </sentence>
        <sentence id="26">
          <content>Cambia las cosas .</content>
        </sentence>
        <sentence id="27">
          <content>Con el sexercicio; al igual que con cualquier ejercicio, es importante intentar cosas nuevas y diferentes todo el tiempo .</content>
        </sentence>
        <sentence id="28">
          <content>Al intentar posiciones m&amp;aacute;s desafiantes y aventureras, utilizas m&amp;uacute;sculos diferentes para estabilizarte, lo que constantemente sorprende a tu cuerpo (y quiz&amp;aacute; a tu pareja), y obtienes un mejor entrenamiento .</content>
        </sentence>
        <sentence id="29">
          <content>Si te encuentras en las mismas posiciones todo el tiempo y tu lugar de sexo m&amp;aacute;s aventurero es el pie de la cama, definitivamente es tiempo de cambiar las cosas .</content>
        </sentence>
        <sentence id="30">
          <content>Orgasmo en el centro .</content>
        </sentence>
        <sentence id="31">
          <content>Involucra a tu abdomen todo el tiempo mientras tengas sexo .</content>
        </sentence>
        <sentence id="32">
          <content>Enfocarte en tu abdomen y aislar los m&amp;uacute;sculos alrededor de la pelvis no solo fortalecer&amp;aacute; a este, har&amp;aacute; que tu abdomen se vea m&amp;aacute;s plano en ese momento .</content>
        </sentence>
        <sentence id="33">
          <content>Tambi&amp;eacute;n, hay una mayor evidencia de que los ejercicios adecuados en el abdomen pueden inducir el orgasmo .</content>
        </sentence>
        <sentence id="34">
          <content>&amp;iexcl;Hablando de duplicar el placer!Entrena .</content>
        </sentence>
        <sentence id="35">
          <content>Ya dijimos que el sexo realmente no cuenta como tu forma principal de ejercicio as&amp;iacute; que, &amp;iquest;por qu&amp;eacute; no ejercitarse para tener mejor sexo?</content>
        </sentence>
        <sentence id="36">
          <content>En una investigaci&amp;oacuten se muestra que las mujeres que se ejercitan regularmente tienen vidas sexuales m&amp;aacute;s activas, llegan al orgasmo m&amp;aacute;s r&amp;aacute;pidamente y se excitan m&amp;aacute;s f&amp;aacute;cilmente que las mujeres sedentarias .</content>
        </sentence>
        <sentence id="37">
          <content>Por otra parte, en el estudio, las mujeres fueron m&amp;aacute;s sexualmente responsivas despu&amp;eacute;s de 20 minutos de ejercicio vigoroso .</content>
        </sentence>
        <sentence id="38">
          <content>Entre los hombres, el ejercicio corto e intenso se vincula con mayores niveles de testosterona, lo que puede estimular el inter&amp;eacute;s y comportamiento sexual .</content>
        </sentence>
        <sentence id="39">
          <content>&amp;iquest;Buscas el calentamiento perfecto para una sesi&amp;oacuten caliente en la ducha?</content>
        </sentence>
        <sentence id="40">
          <content>Un entrenamiento sexy en la ma&amp;ntilde;ana con tu otra mitad lo garantizar&amp;aacute; .</content>
        </sentence>
        <sentence id="41">
          <content>Enfoca tu entrenamiento en aislar a los m&amp;uacute;sculos que te ayudar&amp;aacute;n en el sexo .</content>
        </sentence>
        <sentence id="42">
          <content>&amp;iexcl;Los movimientos p&amp;eacute;lvicos son necesarios!Riley Rearden contribuy&amp;oacute con este art&amp;iacute;culo .</content>
        </sentence>
        <sentence id="43">
          <content>Este art&amp;iacute;culo fue publicado originalmente enupwave .</content>
        </sentence>
      </sentences>
    </paragraph>
  </article>
</document>
