<?xml version="1.0" encoding="UTF-8"?>
<document id="840" link="http://mexico.cnn.com/salud/2014/02/04/una-vacuna-desarrollada-en-argentina-esperanza-contra-el-cancer-pulmonar" category="Salud" highlights_mapped="false">
  <title>Una vacuna desarrollada en Argentina, esperanza contra el c&amp;aacute;ncer pulmonar - Salud - CNNMexico.com</title>
  <keywords>salud, vacuna, vacuna contra el cancer de pulmon, cancer de pulmon, cancer, enfermedad, enfermedades, tabaquismo, celulas cancerigenas, metastasis, quimioterapia, radioterapia, ciencia, descubrimiento cientifico, cientificos, america latina, argentina</keywords>
  <summaries>
    <highlights>
      <sentence id="1" ids_sentences_article="">Racotumomab, de acuerdo con sus creadores, es una vacuna contra el c&amp;aacute;ncer de pulm&amp;oacuten.</sentence>
      <sentence id="2" ids_sentences_article="">Es la primera vez que Am&amp;eacute;rica Latina tiene un logro cient&amp;iacute;fico de tal envergadura.</sentence>
      <sentence id="3" ids_sentences_article="">De acuerdo con la OMS, en el mundo mueren 1 . 3 millones de personas al a&amp;ntilde;o.</sentence>
    </highlights>
  </summaries>
  <article>
    <paragraph id="1">
      <sentences>
        <sentence id="1">
          <content>Una vacuna desarrollada en Argentina, esperanza contra el c&amp;aacute;ncer pulmonar.</content>
        </sentence>
        <sentence id="2">
          <content>Sin efectos adversos hasta ahora, seg&amp;uacute;n las pruebas, y 5 inyecciones cada 14 d&amp;iacute;as, podr&amp;iacute;an ser una nueva alternativa de cura.</content>
        </sentence>
        <sentence id="3">
          <content>(QUO) -- Racotumomab, conocida por sus creadores como la vacuna contra el c&amp;aacute;ncer de pulm&amp;oacuten, inaugura una nueva etapa en los tratamientos contra la mortal enfermedad .</content>
        </sentence>
        <sentence id="4">
          <content>El Centro de Inmunolog&amp;iacute;a Molecular de La Habana y el Laboratorio Elea, de Argentina, iniciaron en 1995 una investigaci&amp;oacuten de tratamientos contra el c&amp;aacute;ncer .</content>
        </sentence>
        <sentence id="5">
          <content>Al principio trabajaron sobre el de piel y el de mama, pero luego tuvieron que readaptar el proyecto .</content>
        </sentence>
        <sentence id="6">
          <content>"El c&amp;aacute;ncer de pulm&amp;oacuten no era el primero en la lista .</content>
        </sentence>
        <sentence id="7">
          <content>Reacomodamos la investigaci&amp;oacuten cuando descubrimos que esta variante de c&amp;aacute;ncer era la m&amp;aacute;s promisoria para tratar", explica Daniel Alonso, director cient&amp;iacute;fico del Consorcio de Investigaci&amp;oacuten, Desarrollo e Innovaci&amp;oacuten (I+D+i) que en mayo de 2013 anunci&amp;oacute el descubrimiento de la vacuna terap&amp;eacute;utica Racotumomab .</content>
        </sentence>
        <sentence id="8">
          <content>mx encontrar&amp;aacute;s el art&amp;iacute;culo completo sobre la vacuna terap&amp;eacute;utica contra el c&amp;aacute;ncer pulmonarDe acuerdo con datos de la Organizaci&amp;oacuten Mundial de la Salud (OMS), el c&amp;aacute;ncer de pulm&amp;oacuten es el que m&amp;aacute;s muertes causa en el mundo: 1 .</content>
        </sentence>
        <sentence id="9">
          <content>3 millones de personas, en promedio, al a&amp;ntilde;o .</content>
        </sentence>
        <sentence id="10">
          <content>El desarrollo de la vacuna es algo innovador en s&amp;iacute; mismo, pero tiene un atractivo extra: es la primera vez, en Am&amp;eacute;rica Latina, que un logro cient&amp;iacute;fico de esta envergadura es alcanzado gracias a la colaboraci&amp;oacuten estatal y privada, con una inversi&amp;oacuten superior a los 50 millones de d&amp;oacutelares (m&amp;aacute;s de 600 millones de pesos), realizada a lo largo de 18 a&amp;ntilde;os y con una participaci&amp;oacuten de 90 cient&amp;iacute;ficos .</content>
        </sentence>
        <sentence id="11">
          <content>La vacuna demostr&amp;oacute su efectividad en la etapa precl&amp;iacute;nica: en c&amp;eacute;lulas en cultivo, en animales, en modelos de laboratorio .</content>
        </sentence>
        <sentence id="12">
          <content>Cuando los cient&amp;iacute;ficos tuvieron pruebas suficientes de que era segura y efectiva, lo cual tard&amp;oacute alrededor de dos a&amp;ntilde;os, dieron el siguiente paso: la autorizaci&amp;oacuten para aplicarla en humanos .</content>
        </sentence>
        <sentence id="13">
          <content>Realizaron varias fases de pruebas .</content>
        </sentence>
        <sentence id="14">
          <content>En ellas, los retos fueron reclutar a los voluntarios, demostrar la efectividad de la vacuna y valorar la sobrevida de los pacientes .</content>
        </sentence>
        <sentence id="15">
          <content>El c&amp;aacute;ncer de pulm&amp;oacuten puede ser de "c&amp;eacute;lulas peque&amp;ntilde;as" o de "c&amp;eacute;lulas no peque&amp;ntilde;as (CNP)", se&amp;ntilde;alaron los especialistas .</content>
        </sentence>
        <sentence id="16">
          <content>El segundo es el m&amp;aacute;s com&amp;uacute;n y el m&amp;aacute;s peligroso, ya que es la variante asociada al tabaquismo y la que ataca a 90% de los pacientes .</content>
        </sentence>
        <sentence id="17">
          <content>Fue justo en las CNP en donde los investigadores probaron la variante m&amp;aacute;s promisoria de su vacuna .</content>
        </sentence>
        <sentence id="18">
          <content>"Los tumores que enferman al paciente tienen que ser entendidos como c&amp;eacute;lulas del propio individuo que han degenerado por mutaciones, aunque sean c&amp;eacute;lulas, son c&amp;eacute;lulas alteradas, lo que explica que sean toleradas por el sistema inmune, porque m&amp;aacute;s all&amp;aacute; de sus da&amp;ntilde;os pertenecen al propio organismo y este no las ataca .</content>
        </sentence>
        <sentence id="19">
          <content>Lo que hace la vacuna es ayudar a desenmascarar el tumor que el sistema inmune no ve y que es el 'colado de la fiesta' .</content>
        </sentence>
        <sentence id="20">
          <content>Le saca la careta gracias al ant&amp;iacute;geno que le pone la vacuna, le dice: 'ojo, este no estaba invitado'&amp;#8202;", describe Daniel Alonso .</content>
        </sentence>
        <sentence id="21">
          <content>LEER: Sabemos que fumar mata, entonces &amp;iquest;por qu&amp;eacute; seguimos fumando?La vacuna induce una potente respuesta, que hace que los anticuerpos y c&amp;eacute;lulas producidos por el organismo act&amp;uacute;en en contra del tumor principal y de la met&amp;aacute;stasis, sin afectar los tejidos sanos .</content>
        </sentence>
        <sentence id="22">
          <content>Es aplicada a pacientes con c&amp;aacute;ncer de pulm&amp;oacuten avanzado que ya recibieron tratamientos de quimio o radioterapia, e incluso ambos .</content>
        </sentence>
        <sentence id="23">
          <content>Es decir, es complementaria, pero de ninguna manera sustituye los tratamientos tradicionales .</content>
        </sentence>
        <sentence id="24">
          <content>La ventaja es que casi no tiene efectos adversos .</content>
        </sentence>
        <sentence id="25">
          <content>El protocolo indica que es necesario aplicar cinco inyecciones cada 14 d&amp;iacute;as, y despu&amp;eacute;s un refuerzo mensual de mantenimiento .</content>
        </sentence>
        <sentence id="26">
          <content>Por ahora, el Consorcio en Argentina ya tiene avances en una serie de compuestos sint&amp;eacute;ticos que podr&amp;iacute;an aplicarse como auxiliares en la cirug&amp;iacute;a oncol&amp;oacutegica, reduciendo el riesgo de sangrado y de met&amp;aacute;stasis postoperatorias .</content>
        </sentence>
        <sentence id="27">
          <content>Alonso subraya: "La vacuna no es una cura milagrosa, est&amp;aacute; validada para una etapa espec&amp;iacute;fica del tumor .</content>
        </sentence>
        <sentence id="28">
          <content>Lo que no quiere decir que con el tiempo, el d&amp;iacute;a de ma&amp;ntilde;ana, no sirva en otros momentos de la enfermedad" .</content>
        </sentence>
        <sentence id="29">
          <content>Para llegar a eso, todav&amp;iacute;a habr&amp;aacute; que esperar .</content>
        </sentence>
        <sentence id="30">
          <content>Este es un fragmento de un art&amp;iacute;culo publicado en la edici&amp;oacuten de enero de 2014 de la revista QUO, que es parte de Grupo Expansi&amp;oacuten, una empresa de Time Inc .</content>
        </sentence>
        <sentence id="31">
          <content>La firma edita en M&amp;eacute;xico 17 revistas y 11 sitios de internet, entre ellos CNNM&amp;eacute;xico .</content>
        </sentence>
      </sentences>
    </paragraph>
  </article>
</document>
