<?xml version="1.0" encoding="UTF-8"?>
<document id="463" link="http://mexico.cnn.com/salud/2014/02/04/un-aumento-del-57-del-cancer-mundial-augura-un-desastre-humanitario" category="Salud" author="Tim Hume" highlights_mapped="false">
  <title>Un aumento del 57% del c&amp;aacute;ncer mundial augura un "desastre humanitario" - Salud - CNNMexico.com</title>
  <keywords>lucha contra el cancer, cancer de pulmon, cervicouterino, de mama, politicas preventivas, atencion temprana, salud publica, desastre humanitario</keywords>
  <summaries>
    <highlights>
      <sentence id="1" ids_sentences_article="">Los casos de c&amp;aacute;ncer aumentar&amp;aacute;n en un 57% a nivel mundial en 20 a&amp;ntilde;os, indic&amp;oacute la OMS.</sentence>
      <sentence id="2" ids_sentences_article="">El Reporte Mundial del C&amp;aacute;ncer indic&amp;oacute que los pa&amp;iacute;ses en desarrollo ser&amp;aacute;n m&amp;aacute;s afectados.</sentence>
      <sentence id="3" ids_sentences_article="">Aun los pa&amp;iacute;ses desarrollados deber&amp;aacute;n lidiar con los altos costos de tratamiento.</sentence>
      <sentence id="4" ids_sentences_article="">En este panorama es esencial un nuevo enfoque preventivo, detall&amp;oacute la OMS.</sentence>
    </highlights>
  </summaries>
  <article>
    <paragraph id="1">
      <sentences>
        <sentence id="1">
          <content>Un aumento del 57% del c&amp;aacute;ncer mundial augura un "desastre humanitario".</content>
        </sentence>
        <sentence id="2">
          <content>La Organizaci&amp;oacuten Mundial de la Salud urgi&amp;oacute a mejorar las pol&amp;iacute;ticas preventivas ante el pron&amp;oacutestico que amenaza aun m&amp;aacute;s a pa&amp;iacute;ses en desarrollo.</content>
        </sentence>
        <sentence id="3">
          <content>(CNN) -- Se espera que los casos de c&amp;aacute;ncer aumenten un 57% en el mundo en los pr&amp;oacuteximos 20 a&amp;ntilde;os, un inminente "desastre humanitario" que requiere un enfoque renovado en la prevenci&amp;oacuten y el combate, indic&amp;oacute la Organizaci&amp;oacuten Mundial de la Salud (OMS) .</content>
        </sentence>
        <sentence id="4">
          <content>El Reporte Mundial de C&amp;aacute;ncer, realizado por la agencia especializada de la OMS en esta enfermedad, predice que los nuevos casos de c&amp;aacute;ncer se elevar&amp;aacute;n de un estimado de 14 millones en 2012 a 22 millones anualmente en las siguientes dos d&amp;eacute;cadas .</content>
        </sentence>
        <sentence id="5">
          <content>En el mismo periodo, se prev&amp;eacute; que las muertes por c&amp;aacute;ncer se eleven de 8 .</content>
        </sentence>
        <sentence id="6">
          <content>2 millones por a&amp;ntilde;o a 13 millones anualmente .</content>
        </sentence>
        <sentence id="7">
          <content>Urge una mayor prevenci&amp;oacutenEl aumento en la incidencia de c&amp;aacute;ncer, propiciada por el envejecimiento de las poblaciones a nivel mundial, requerir&amp;aacute; un enfoque mayor en pol&amp;iacute;ticas p&amp;uacute;blicas preventivas de salud, dijo Christopher Wild, director de la Agencia Internacional de la Investigaci&amp;oacuten del C&amp;aacute;ncer .</content>
        </sentence>
        <sentence id="8">
          <content>"No podemos tomar atajos en nuestro camino de salida del c&amp;aacute;ncer", dijo .</content>
        </sentence>
        <sentence id="9">
          <content>"Se necesitan desesperadamente m&amp;aacute;s compromisos para la prevenci&amp;oacuten y detecci&amp;oacuten temprana para complementar las mejoras en los tratamientos y atender el alarmante aumento de la carga global del c&amp;aacute;ncer" .</content>
        </sentence>
        <sentence id="10">
          <content>C&amp;aacute;ncer recurrente: lecciones para sobrevivirEl reporte destaca que el costo de responder a la "carga del c&amp;aacute;ncer" --en 2010, el costo econ&amp;oacutemico de la enfermedad a nivel mundial fue estimado en 1 .</content>
        </sentence>
        <sentence id="11">
          <content>16 billones de d&amp;oacutelares-- lesiona las econom&amp;iacute;as de pa&amp;iacute;ses ricos y a los pobres m&amp;aacute;s all&amp;aacute; de sus medios .</content>
        </sentence>
        <sentence id="12">
          <content>El reporte indica que casi la mitad de todos los tipos de c&amp;aacute;ncer son prevenibles, y que podr&amp;iacute;an ser evitadossi el actual conocimiento m&amp;eacute;dico se aplica en consecuencia .</content>
        </sentence>
        <sentence id="13">
          <content>La enfermedad podr&amp;iacute;a ser atacada atendiendo factores de estilo de vida, como fumar, el consumo de alcohol, la dieta o el ejercicio, adoptando programas de monitoreo o, en su caso de tipos de c&amp;aacute;ncer derivados de infecciones como el c&amp;eacute;rvicouterino y de h&amp;iacute;gado a trav&amp;eacute;s de vacunas .</content>
        </sentence>
        <sentence id="14">
          <content>Los tipos de c&amp;aacute;ncer m&amp;aacute;s letalesDejar de fumar tendr&amp;iacute;a un impacto significativo, ya que el c&amp;aacute;ncer de pulm&amp;oacuten permanece como el c&amp;aacute;ncer m&amp;aacute;s diagnosticado com&amp;uacute;nmente (1 mill&amp;oacuten 800,000 casos al a&amp;ntilde;o, o 13% del total de los casos diagnosticados) y el m&amp;aacute;s letal, y representa un quinto (1 mill&amp;oacuten 600,000) de todas las muertes por c&amp;aacute;ncer a nivel mundial .</content>
        </sentence>
        <sentence id="15">
          <content>Los autores del reporte sugieren que los gobiernos deben realizar aproximaciones legislativas similares las que se han adoptado contra el tabaco, en un intento por reducir el consumo de alcohol y bebidas azucaradas, y en limitar la exposici&amp;oacuten de carcin&amp;oacutegenos ocupacionales y ambientales,incluida la contaminaci&amp;oacuten del aire .</content>
        </sentence>
        <sentence id="16">
          <content>Seg&amp;uacute;n el reporte, los siguientes dos diagn&amp;oacutesticos m&amp;aacute;s comunes son de mama (1 mill&amp;oacuten 700,000, 11 .</content>
        </sentence>
        <sentence id="17">
          <content>9%) c&amp;aacute;ncer colorrectal (1 mill&amp;oacuten 400,000, 9 .</content>
        </sentence>
        <sentence id="18">
          <content>El de h&amp;iacute;gado (800,000 o 9 .</content>
        </sentence>
        <sentence id="19">
          <content>1%) y el de est&amp;oacutemago (700,000 o 8 .</content>
        </sentence>
        <sentence id="20">
          <content>8%) son responsables por m&amp;aacute;s muertes despu&amp;eacute;s del c&amp;aacute;ncer de pulm&amp;oacuten .</content>
        </sentence>
        <sentence id="21">
          <content>"El aumento del c&amp;aacute;ncer a nivel mundial es un obst&amp;aacute;culo mayor para el desarrollo humano y el bienestar", dijo Wild .</content>
        </sentence>
        <sentence id="22">
          <content>"Estas nuevas cifras y proyecciones env&amp;iacute;an una se&amp;ntilde;al fuerte de que se necesita acci&amp;oacuten inmediata para confrontar este desastre humanitario, que toca cada comunidad a nivel mundial" .</content>
        </sentence>
        <sentence id="23">
          <content>Pa&amp;iacute;ses en desarrollo, los m&amp;aacute;s vulnerablesEl reporte indica que el aumento de la carga de c&amp;aacute;ncer afectar&amp;iacute;a desproporcionalmente los pa&amp;iacute;ses en desarrollo --que tienen menos recursos para atender el problema-- debido a que sus poblaciones crecen, viven m&amp;aacute;s y se vuelven cada vez m&amp;aacute;s susceptibles a los tipos de c&amp;aacute;ncer asociados conlos estilos de vida industrializados .</content>
        </sentence>
        <sentence id="24">
          <content>M&amp;aacute;s de 60% de los casos globales y casi 70% de las muertes por c&amp;aacute;ncer a nivel mundial ocurren en &amp;Aacute;frica, Asia, y Centro y Sudam&amp;eacute;rica .</content>
        </sentence>
        <sentence id="25">
          <content>Los gobiernos necesitan apreciar que los programas de vigilancia y de detecci&amp;oacuten temprana son "una inversi&amp;oacuten en vez de un costo", dijo Bernard Stewart, coeditor del reporte, y que las aproximaciones de baja tecnolog&amp;iacute;a han demostrado ser exitosos en algunos pa&amp;iacute;ses en desarrollo .</content>
        </sentence>
        <sentence id="26">
          <content>El Reporte Mundial del C&amp;aacute;ncer, que es publicado una vez cada cinco a&amp;ntilde;os, implic&amp;oacute una colaboraci&amp;oacuten de casi 250 cient&amp;iacute;ficos de m&amp;aacute;s de 40 pa&amp;iacute;ses .</content>
        </sentence>
        <sentence id="27">
          <content>Este martes es el D&amp;iacute;a Mundial contra el C&amp;aacute;ncer .</content>
        </sentence>
      </sentences>
    </paragraph>
  </article>
</document>
