<?xml version="1.0" encoding="UTF-8"?>
<document id="921" link="http://mexico.cnn.com/tecnologia/2013/07/10/la-industria-relojera-suiza-preve-un-minimo-impacto-por-el-iwatch-de-apple" category="Tecnolog&amp;iacute;a" highlights_mapped="false">
  <title>La industria relojera suiza prev&amp;eacute; un m&amp;iacute;nimo impacto por el iWatch de Apple - Tecnolog&amp;iacute;a - CNNMexico.com</title>
  <keywords>juegos y gadgets, salud, reloj, relojes suizos, apple, fabricantes, cuppertino, nelly rodi, smartphone, telefono, telefono inteligente, afp, suiza</keywords>
  <summaries>
    <highlights>
      <sentence id="1" ids_sentences_article="">Se prev&amp;eacute; que los relojes inteligentes atraigan a la generaci&amp;oacuten Y.</sentence>
      <sentence id="2" ids_sentences_article="">Informes se&amp;ntilde;ala que Apple prepara el lanzamiento de un reloj inteligente.</sentence>
      <sentence id="3" ids_sentences_article="">La firma ya registr&amp;oacute la marca iWatch en varios pa&amp;iacute;ses.</sentence>
      <sentence id="4" ids_sentences_article="">Los fabricantes de relojes suizos no ven con preocupaci&amp;oacuten la incursi&amp;oacuten de Apple en su mercado.</sentence>
    </highlights>
  </summaries>
  <article>
    <paragraph id="1">
      <sentences>
        <sentence id="1">
          <content>La industria relojera suiza prev&amp;eacute; un m&amp;iacute;nimo impacto por el iWatch de Apple.</content>
        </sentence>
        <sentence id="2">
          <content>Analistas dicen que el esperado dispositivo de la empresa de Cupertino no afectar&amp;aacute; el mercado de gama alta, del cual depende el sector suizo.</content>
        </sentence>
        <sentence id="3">
          <content>(CNNM&amp;eacute;xico) -- Los fabricantes suizos de relojes est&amp;aacute;n atentos ante la posible incursi&amp;oacuten de Apple en su &amp;aacute;rea, pero estiman que el iWatch no les representar&amp;aacute; grandes p&amp;eacute;rdidas porque sus exportaciones est&amp;aacute;n dirigidas a un mercado de lujo .</content>
        </sentence>
        <sentence id="4">
          <content>Aunque a&amp;uacute;n no es oficial el lanzamiento del dispositivo, la compa&amp;ntilde;&amp;iacute;a empez&amp;oacute a registrar la marca en varios pa&amp;iacute;ses y diversos reportes de prensa revelan que ser&amp;aacute; la pr&amp;oacutexima gran sorpresa de la firma .</content>
        </sentence>
        <sentence id="5">
          <content>"Ser&amp;iacute;a pretencioso pensar que este tipo de reloj no le har&amp;aacute; la competencia a los relojes suizos", dijo Jean-Claude Biver, presidente de Hublot, una de las marcas de prestigio del grupo de lujo franc&amp;eacute;s LVMH .</content>
        </sentence>
        <sentence id="6">
          <content>"Lo que es cierto es que no le har&amp;aacute;n la competencia a los relojes suizos de alta gama, que responden por la gran parte de las exportaciones", dice este veterano de la industria relojera suiza .</content>
        </sentence>
        <sentence id="7">
          <content>Seg&amp;uacute;n Rene Weber, analista de Vontobel, los relojes de m&amp;aacute;s de 500 francos suizos (509 d&amp;oacutelares) cuando salen de f&amp;aacute;brica --donde sevenden a m&amp;aacute;s de 1,000 francos --representan actualmente el 87% de las exportaciones relojeras del pa&amp;iacute;s .</content>
        </sentence>
        <sentence id="8">
          <content>No obstante, el esperado reloj de Apple podr&amp;iacute;a causar una revoluci&amp;oacuten en el mundo de la relojer&amp;iacute;a .</content>
        </sentence>
        <sentence id="9">
          <content>"Apostar&amp;iacute;a por una generaci&amp;oacuten de la relojer&amp;iacute;a en versi&amp;oacuten 2 .</content>
        </sentence>
        <sentence id="10">
          <content>Creo que eso va a empujar los l&amp;iacute;mites", dijoJ&amp;eacute;rome Bloch, responsable de moda masculina de la firma de investigaci&amp;oacuten de tendenciasNelly Rodi .</content>
        </sentence>
        <sentence id="11">
          <content>Estos relojes inteligentes atraer&amp;aacute;n sobre todo a la generaci&amp;oacuten Y--los j&amp;oacutevenes nacidos entre 1980 y 2000-- as&amp;iacute; como a los amantes de los productos de lujo, que suelen ser consumidores de tecnolog&amp;iacute;a .</content>
        </sentence>
        <sentence id="12">
          <content>Bloch estima que esta industria crecer&amp;aacute; r&amp;aacute;pido, al destacar la capacidad de Apple en el tema del marketing .</content>
        </sentence>
        <sentence id="13">
          <content>Despu&amp;eacute;s de todo, la compa&amp;ntilde;&amp;iacute;a con sede en Cupertino cambi&amp;oacute el paisaje de la m&amp;uacute;sica y la telefon&amp;iacute;a .</content>
        </sentence>
        <sentence id="14">
          <content>Opini&amp;oacuten: &amp;iquest;Apple dej&amp;oacute de ser cool?Jon Cox, analista de Kepler Cheuvreux, coincide en que el impacto ser&amp;aacute; limitado para la industria relojera suiza, y se&amp;ntilde;ala que el iWatch afectar&amp;aacute; m&amp;aacute;s en Estados Unidos o China .</content>
        </sentence>
        <sentence id="15">
          <content>"Imagino que el impacto al Swatch Group ser&amp;aacute; inferior al 5% de los beneficios", estima Cox .</content>
        </sentence>
        <sentence id="16">
          <content>Aunque esta marca de relojes de pl&amp;aacute;stico es una de las m&amp;aacute;s emblem&amp;aacute;ticas del grupo relojero, sus ingresos dependen m&amp;aacute;s de sus piezas de lujo, en particular de Omega, los favoritos deJames Bond .</content>
        </sentence>
        <sentence id="17">
          <content>En una entrevista con la revista l'Hebdo,el presidente de Swatch Group expres&amp;oacute estar tranquilo e incluso dijo que su empresa est&amp;aacute; abierta a los ingenieros de Apple .</content>
        </sentence>
        <sentence id="18">
          <content>&amp;iquest;Una segunda crisis?En la d&amp;eacute;cada de 1970, la relojer&amp;iacute;a suiza atraves&amp;oacute por una crisis por no haber anticipado los relojes de cuarzo, pero la industria se restableci&amp;oacute con el &amp;eacute;xito de Swatch y su posicionamiento en el mercado de alta gama .</content>
        </sentence>
        <sentence id="19">
          <content>Recomendamos: El reloj de pl&amp;aacute;stico que salv&amp;oacute a suizaEn el caso de los relojes inteligentes, el analista de Citigroup Thomas Chauvet no prev&amp;eacute; una gran transici&amp;oacuten .</content>
        </sentence>
        <sentence id="20">
          <content>"No se trata de un cambio en t&amp;eacute;rminos de innovaci&amp;oacuten como fue el caso del reloj de cuarzo en los a&amp;ntilde;os 1970", dice .</content>
        </sentence>
        <sentence id="21">
          <content>"Los relojes suizos forman parte de los raros accesorios de lujo masculinos y se diferencian mucho de los relojes de baja gama fabricados en China", precisa .</content>
        </sentence>
        <sentence id="22">
          <content>A&amp;uacute;n as&amp;iacute; hay marcas que se preparan .</content>
        </sentence>
        <sentence id="23">
          <content>Tag Heuer, propriedad de LVMH, dio un paso en el segmento de los relojes inteligentes con un proyecto con el grupo inform&amp;aacute;tico estadounidense Oracle .</content>
        </sentence>
        <sentence id="24">
          <content>Patrocinador del equipo Oracle Team America para la Copa de la Am&amp;eacute;rica, la marca suiza desarroll&amp;oacute un reloj capaz de dar a cada uno de los miembros del equipo del barco informaciones diferenciadas, tanto desde la inclinaci&amp;oacuten del barco como la direcci&amp;oacuten del viento .</content>
        </sentence>
        <sentence id="25">
          <content>Leer: Abogados mexicanos se anticipan y registran la marca iWatchCon informaci&amp;oacuten de AFP.</content>
        </sentence>
      </sentences>
    </paragraph>
  </article>
</document>
