<?xml version="1.0" encoding="UTF-8"?>
<document id="272" link="http://mexico.cnn.com/tecnologia/2013/10/03/una-retroexcavadora-descubre-fosil-de-dinosaurio-en-canada" category="Tecnolog&amp;iacute;a" author="Ben Brumfield" highlights_mapped="false">
  <title>Una retroexcavadora descubre f&amp;oacutesil de dinosaurio en Canad&amp;aacute; - Tecnolog&amp;iacute;a - CNNMexico.com</title>
  <keywords>ciencia, dinosaurio, descubrimiento, cola, alberta, canada, Spirit River, Tourmaline Oil Corp</keywords>
  <summaries>
    <highlights>
      <sentence id="1" ids_sentences_article="">Un dinosaurio de 10 metros podr&amp;iacute;a estar dentro de la roca que un trabajador golpe&amp;oacute en un sitio en construcci&amp;oacuten.</sentence>
      <sentence id="2" ids_sentences_article="">El f&amp;oacutesil es muy fr&amp;aacute;gil y debe de ser removido cuidadosamente o se puede romper.</sentence>
      <sentence id="3" ids_sentences_article="">Los paleont&amp;oacutelogos quieren sacarlo antes de que llegue el invierno.</sentence>
    </highlights>
  </summaries>
  <article>
    <paragraph id="1">
      <sentences>
        <sentence id="1">
          <content>Una retroexcavadora descubre f&amp;oacutesil de dinosaurio en Canad&amp;aacute;.</content>
        </sentence>
        <sentence id="2">
          <content>Los trabajadores encontraron lo que parece ser el f&amp;oacutesil completo de un dinosaurio dentro de una roca mientras preparaban un oleoducto.</content>
        </sentence>
        <sentence id="3">
          <content>(CNN) -- Es como una escena de Los Picapiedra .</content>
        </sentence>
        <sentence id="4">
          <content>Pedro est&amp;aacute; operando una retroexcavadora y deja caer su pala encima de la cola de un dinosaurio .</content>
        </sentence>
        <sentence id="5">
          <content>Ocurri&amp;oacute en Canad&amp;aacute; esta semana cuando una retroexcavadora puso al descubierto un hallazgo extremadamente raro: el f&amp;oacutesil de un dinosaurio de millones de a&amp;ntilde;os de antig&amp;uuml;edad .</content>
        </sentence>
        <sentence id="6">
          <content>Un dinosaurio de unos 10 metros podr&amp;iacute;a estar dentro de la roca que un trabajador de la construcci&amp;oacuten golpe&amp;oacute mientras limpiaba un sitio en la ciudad de Spirit River, quien constru&amp;iacute;a un camino para un oleoducto .</content>
        </sentence>
        <sentence id="7">
          <content>La compa&amp;ntilde;&amp;iacute;a detuvo los trabajos y comenz&amp;oacute a buscar a alguien que supiera sobre dinosaurios .</content>
        </sentence>
        <sentence id="8">
          <content>As&amp;iacute; es como lleg&amp;oacute el paleont&amp;oacutelogo Mateo Vavrek, quien no esperaba ver lo que se encontr&amp;oacute en uno de los lado de la piedra arenisca .</content>
        </sentence>
        <sentence id="9">
          <content>"A medida que caminamos, vimos toda esta parte de la cola de un dinosaurio .</content>
        </sentence>
        <sentence id="10">
          <content>Ver algo as&amp;iacute; es bastante incre&amp;iacute;ble", dijo .</content>
        </sentence>
        <sentence id="11">
          <content>Los paleont&amp;oacutelogos suelen encontrar f&amp;oacutesiles desordenados, rotos o aplastados y que se encuentran en un &amp;aacute;rea grande, no en una sola pieza como este .</content>
        </sentence>
        <sentence id="12">
          <content>"La &amp;uacute;ltima vez que vi algo como esto estaba en un museo .</content>
        </sentence>
        <sentence id="13">
          <content>Nunca he encontrado algo como esto antes", dijo .</content>
        </sentence>
        <sentence id="14">
          <content>Inclusive son raros este tipo de descubrimientos en cualquier parte del mundo .</content>
        </sentence>
        <sentence id="15">
          <content>Un delicado dinosaurioSi la retroexcavadora hubiese continuado, el f&amp;oacutesil se habr&amp;iacute;a convertido en polvo .</content>
        </sentence>
        <sentence id="16">
          <content>Los trozos que recogi&amp;oacute la pala r&amp;aacute;pidamente cayeron en pedazos .</content>
        </sentence>
        <sentence id="17">
          <content>El conductor se dio cuenta de esto y de inmediato se detuvo .</content>
        </sentence>
        <sentence id="18">
          <content>El dinosaurio pudo haber estado duro cuando estaba vivo, pero su f&amp;oacutesil es tan fr&amp;aacute;gil como un pedazo de pastel .</content>
        </sentence>
        <sentence id="19">
          <content>"Debe manejarse con cuidado, o se va a romper", afirm&amp;oacute Vavrek .</content>
        </sentence>
        <sentence id="20">
          <content>La compa&amp;ntilde;&amp;iacute;a, Tourmaline Oil Corp, puso a disposici&amp;oacuten de Vavrek su personal y maquinaria para retirar el dinosaurio con cautela .</content>
        </sentence>
        <sentence id="21">
          <content>Eso podr&amp;iacute;a llevar semanas, si el buen tiempo contin&amp;uacute;a, o meses, si hay una ola de frio que congele el suelo .</content>
        </sentence>
        <sentence id="22">
          <content>Los primeros copos de nieve ya han ca&amp;iacute;do, seg&amp;uacute;n Vavrek .</content>
        </sentence>
        <sentence id="23">
          <content>Los trabajadores est&amp;aacute;n en una carrera contra el tiempo para evitar el invierno, que puede ser muy duro en Alberta .</content>
        </sentence>
        <sentence id="24">
          <content>Una lenta revelaci&amp;oacutenMientras avance la excavaci&amp;oacuten se sabr&amp;aacute; qu&amp;eacute; tan importante es el descubrimiento"No sabemos a ciencia cierta si el resto del animal est&amp;aacute; ah&amp;iacute;", afirma Vavrek .</content>
        </sentence>
        <sentence id="25">
          <content>"A veces todo lo que ves es todo lo que tienes" .</content>
        </sentence>
        <sentence id="26">
          <content>Los trabajadores esperan sacarlo con toda la tierra con la que est&amp;aacute; y llevarlo a un lugar donde pueda ser limpiado poco a poco para que sea estudiado e identificado .</content>
        </sentence>
        <sentence id="27">
          <content>Los t&amp;eacute;cnicos usar&amp;aacute;n peque&amp;ntilde;os cinceles para dejar al descubierto el resto del dinosaurio .</content>
        </sentence>
        <sentence id="28">
          <content>Pero aun as&amp;iacute;, todav&amp;iacute;a pueden no saber qu&amp;eacute; tipo de dinosaurio que es, si se trata de una especie que ya se encuentra en los libros de texto o podr&amp;iacute;a tomar a&amp;ntilde;os para clasificarlo .</content>
        </sentence>
        <sentence id="29">
          <content>"Si resulta ser algo nuevo, algo nunca encontrado, se tardar&amp;iacute;a m&amp;aacute;s tiempo", afirma Vavrek .</content>
        </sentence>
        <sentence id="30">
          <content>Dave Alsup contribuy&amp;oacute con este reporte .</content>
        </sentence>
      </sentences>
    </paragraph>
  </article>
</document>
