<?xml version="1.0" encoding="UTF-8"?>
<document id="318" link="http://mexico.cnn.com/tecnologia/2013/04/06/la-nasa-proyecta-enviar-una-mision-a-un-asteroide-asegura-senador-de-eu" category="Tecnolog&amp;iacute;a" highlights_mapped="false">
  <title>La NASA proyecta enviar una misi&amp;oacuten a un asteroide, anuncia senador de EU - Tecnolog&amp;iacute;a - CNNMexico.com</title>
  <keywords>ciencia, nasa, proyecto, enviar astronautas a un asteroide, mision, explorar un asteroide, presupuesto, agencia espacial, senador, bill nelson</keywords>
  <summaries>
    <highlights>
      <sentence id="1" ids_sentences_article="">La NASA proyecta una misi&amp;oacuten para orbitar un asteroide alrededor de la Luna para 2020.</sentence>
      <sentence id="2" ids_sentences_article="">La misi&amp;oacuten permitir&amp;iacute;a explorarlo y desarrollar tecnolog&amp;iacute;as para futuros viajes a Marte, dijo el senador Bill Nelson.</sentence>
      <sentence id="3" ids_sentences_article="">Nelson form&amp;oacute parte de un misi&amp;oacuten espacial en 1986 que orbit&amp;oacute la Tierra durante seis d&amp;iacute;as.</sentence>
    </highlights>
  </summaries>
  <article>
    <paragraph id="1">
      <sentences>
        <sentence id="1">
          <content>La NASA proyecta enviar una misi&amp;oacuten a un asteroide, anuncia senador de EU.</content>
        </sentence>
        <sentence id="2">
          <content>El plan buscar&amp;iacute;a explotar los recursos del cuerpo celeste y aprender a desviarlo en caso de ser una amenaza, seg&amp;uacute;n el senador Bill Nelson.</content>
        </sentence>
        <sentence id="3">
          <content>(AFP) -- La NASA proyecta una misi&amp;oacuten rob&amp;oacutetica para capturar un peque&amp;ntilde;o asteroide y colocarlo en &amp;oacuterbita alrededor de la Luna, como parte de un plan de largo alcance hacia el establecimiento de puestos permanentes tripulados en el espacio, seg&amp;uacute;n un senador de Estados Unidos .</content>
        </sentence>
        <sentence id="4">
          <content>Para lograr el despegue del proyecto, el presidente de Estados Unidos Barack Obama propondr&amp;aacute; alrededor de 100 millones de d&amp;oacutelares para la agencia espacial NASA en su presupuesto de 2014, que enviar&amp;aacute; al Congreso el mi&amp;eacute;rcoles,dijo el senador Bill Nelson en un comunicado .</content>
        </sentence>
        <sentence id="5">
          <content>"Esta iniciativa forma parte de lo que ser&amp;aacute; un programa mucho m&amp;aacute;s amplio", explic&amp;oacute el senador dem&amp;oacutecrata por el sure&amp;ntilde;o estado de Florida en un sitio de internet .</content>
        </sentence>
        <sentence id="6">
          <content>Nelson es un legislador cercano a la NASA y en 1986form&amp;oacute parte de una misi&amp;oacuten que orbit&amp;oacute seis d&amp;iacute;as alrededor de la Tierra, seg&amp;uacute;n la agencia espacial .</content>
        </sentence>
        <sentence id="7">
          <content>"El programa combina a la vez la investigaci&amp;oacuten necesaria para explotar los recursos del asteroide, los medios dedesviar su trayectoria en caso de amenaza para la Tierray el desarrollo de tecnolog&amp;iacute;as que permitan facilitar una futura misi&amp;oacuten (habitada) en Marte", precis&amp;oacute .</content>
        </sentence>
        <sentence id="8">
          <content>Seg&amp;uacute;n el senador, la idea inicial del proyecto hab&amp;iacute;a sido expuesta en 2012 por el Instituto de Tecnolog&amp;iacute;a de California, en Pasadena, y aceptada por la NASA y la Oficina de Ciencia y Tecnolog&amp;iacute;a de la Casa Blanca, que invitaron a participar en ella a otros centros de investigaci&amp;oacuten y universidades .</content>
        </sentence>
        <sentence id="9">
          <content>El objetivo del presidente Obama de enviar astronautas a un asteroide cercano a la Tierra antes de 2025 no puede ser alcanzado con el estrecho presupuesto proyectado para la NASA para los pr&amp;oacuteximos a&amp;ntilde;os .</content>
        </sentence>
        <sentence id="10">
          <content>Citando a los cient&amp;iacute;ficos que realizaron ese estudio, al que accedi&amp;oacute, Nelson dijo que esta iniciativa tendr&amp;iacute;a un costo "aceptable" y permitir&amp;iacute;a adelantar el objetivo de Obama en cuatro a&amp;ntilde;os .</content>
        </sentence>
        <sentence id="11">
          <content>En marzo, el administrador de la NASA, Charles Boldendijo que poco pueden hacer actualmente los pa&amp;iacute;sespara manejar una emergencia como un asteroide enorme que se dirija a la Tierra .</content>
        </sentence>
        <sentence id="12">
          <content>O la ca&amp;iacute;da de un meteorito sobre Cheli&amp;aacute;binsk, Rusia, como ocurri&amp;oacute el 15 de febrero y gener&amp;oacute ondas de choque que rompieron ventanas y da&amp;ntilde;aron edificios,en el incidente m&amp;aacute;s de 1,000 personas resultaron heridas .</content>
        </sentence>
      </sentences>
    </paragraph>
  </article>
</document>
