<?xml version="1.0" encoding="UTF-8"?>
<document id="448" link="http://mexico.cnn.com/tecnologia/2014/02/13/7-maneras-en-las-que-facebook-cambio-el-romance-y-las-relaciones-de-pareja" category="Tecnolog&amp;iacute;a" author="AJ Willingham" highlights_mapped="false">
  <title>7 maneras en las que Facebook cambi&amp;oacute el romance y las relaciones de pareja - Tecnolog&amp;iacute;a - CNNMexico.com</title>
  <keywords>redes sociales, amor, relaciones, Facebook, pareja, romance,</keywords>
  <summaries>
    <highlights>
      <sentence id="1" ids_sentences_article="">&amp;iquestYa indicaste en tu perfil que "est&amp;aacute;s es una relaci&amp;oacuten"? Si no, sabes que podr&amp;iacute;as tener problemas.</sentence>
      <sentence id="2" ids_sentences_article="">&amp;iquestUn perfil est&amp;aacute; bloqueado? Ya todos somos expertos en acoso en internet.</sentence>
      <sentence id="3" ids_sentences_article="">Ya no necesitas un &amp;aacute;lbum para ti y tu pareja; ahora todo est&amp;aacute; en tu perfil.</sentence>
    </highlights>
  </summaries>
  <article>
    <paragraph id="1">
      <sentences>
        <sentence id="1">
          <content>7 maneras en las que Facebook cambi&amp;oacute el romance y las relaciones de pareja.</content>
        </sentence>
        <sentence id="2">
          <content>Tu relaci&amp;oacuten es oficial hasta que est&amp;aacute; en tu perfil; el acoso y la infidelidad est&amp;aacute;n a un clic .</content>
        </sentence>
        <sentence id="3">
          <content>As&amp;iacute; es el amor en tiempos de Facebook.</content>
        </sentence>
        <sentence id="4">
          <content>(HLN) -- Hola, amorosos .</content>
        </sentence>
        <sentence id="5">
          <content>Parece que fue ayer cuando nuestros intentos de romance eran caminar en el parque, las personas se conoc&amp;iacute;an a lo largo de conversaciones cara a cara (en persona, no en vivo), y si quer&amp;iacute;as comunicarte con tu amor ten&amp;iacute;as que meter tu dedo en un disco de marcar y hacerlo girar aproximadamente siete veces .</content>
        </sentence>
        <sentence id="6">
          <content>Facebook ha cambiado todo esoy el amor nunca ser&amp;aacute; lo mismo .</content>
        </sentence>
        <sentence id="7">
          <content>No es real hasta que lo oficializas en FacebookPor supuesto, hay parejas que 'no practican el amor en Facebook', pero en el mundo ha habido m&amp;aacute;s de una conversaci&amp;oacuten dif&amp;iacute;cil acerca de si dejar&amp;aacute;n o no que sus amigos de la preparatoria y la t&amp;iacute;a Chonita se enteren de que est&amp;aacute;n juntos .</content>
        </sentence>
        <sentence id="8">
          <content>Lee: Las personas que publican en Facebook su relaci&amp;oacuten son m&amp;aacute;s felices"Oficial en Facebook"se ha convertido en un estatus de relaci&amp;oacuten por s&amp;iacute; mismo, y se encuentra entre "tenemos citas casuales" y "tendremos un segundo hijo juntos" .</content>
        </sentence>
        <sentence id="9">
          <content>El acoso ya es una actividad leg&amp;iacute;tima&amp;iquest;Google?</content>
        </sentence>
        <sentence id="10">
          <content>Juego de ni&amp;ntilde;os .</content>
        </sentence>
        <sentence id="11">
          <content>Incluso si un perfil est&amp;aacute; bloqueado (en cuyo caso: &amp;iquest;qu&amp;eacute; intentas esconder, futura pareja?)</content>
        </sentence>
        <sentence id="12">
          <content>, todo el mundo sabe c&amp;oacutemo darle por lo menos un vistazo a algunas fotograf&amp;iacute;as y quiz&amp;aacute;s a algunas interacciones p&amp;uacute;blicas .</content>
        </sentence>
        <sentence id="13">
          <content>Si incluyeron d&amp;oacutende trabajan y algunos enlaces a sus otras cuentas en redes sociales, puedes ahorrarte la charla inc&amp;oacutemoda en un caf&amp;eacute; e ir directamente al acuerdo prenupcial .</content>
        </sentence>
        <sentence id="14">
          <content>Es f&amp;aacute;cil verse incre&amp;iacute;ble y mentir sobre uno mismoSabes que la gente te estar&amp;aacute; acosando .</content>
        </sentence>
        <sentence id="15">
          <content>Por suerte, est&amp;aacute;s preparado para deslumbrar a tu nuevo amor con las fotograf&amp;iacute;as en la l&amp;iacute;nea de meta de los 10k y tus vacaciones en sitios tropicales y paradisiacos .</content>
        </sentence>
        <sentence id="16">
          <content>Si realmente te importa, podr&amp;iacute;as tener una lista de intereses cuidadosamente curada y algunas interacciones bien colocadas que muestran que, a pesar de tu casi impecable imagen, eres una persona totalmente divertida . . . y no un psic&amp;oacutepata que crea una vida perfecta en internet .</content>
        </sentence>
        <sentence id="17">
          <content>Ya no tienes que sacar un &amp;aacute;lbum para mostrar sus fotos de parejaSi eres feliz y no se lo restriegas en la cara a cientos de conocidos en l&amp;iacute;nea, &amp;iquest;realmente eres feliz?</content>
        </sentence>
        <sentence id="18">
          <content>Los &amp;aacute;lbumes de Facebook son las nuevas fotos de la billetera y no hay un enamorado que no quiera que sus fotos delices saturen las p&amp;aacute;ginas de sus amigos .</content>
        </sentence>
        <sentence id="19">
          <content>Para ser justos, casarse es un gran paso, y si somos honestos, probablemente te guste navegar a trav&amp;eacute;s de las fotos de las bodas de tus amigos, as&amp;iacute; que no nos quejemos .</content>
        </sentence>
        <sentence id="20">
          <content>Las reglas de la infidelidad han cambiadoEn realidad es tr&amp;aacute;gico, en cierto modo .</content>
        </sentence>
        <sentence id="21">
          <content>Te gustar&amp;iacute;a esperar que tu pareja no te enga&amp;ntilde;e, pero estar a unos cuantos clics de distancia de un amor del colegio o de un compa&amp;ntilde;ero de trabajo excesivamente amable lo hace un poco m&amp;aacute;s f&amp;aacute;cil .</content>
        </sentence>
        <sentence id="22">
          <content>Adem&amp;aacute;s Facebook les da a los infieles una nueva forma de comunicarse .</content>
        </sentence>
        <sentence id="23">
          <content>De cualquier manera, &amp;iquest;qu&amp;eacute; significa la infidelidad en estos tiempos?</content>
        </sentence>
        <sentence id="24">
          <content>&amp;iquest;Coqueteo?</content>
        </sentence>
        <sentence id="25">
          <content>&amp;iquest;Conversaciones de sexo extra&amp;ntilde;as?</content>
        </sentence>
        <sentence id="26">
          <content>&amp;iquest;Algo estrictamente f&amp;iacute;sico?</content>
        </sentence>
        <sentence id="27">
          <content>&amp;iquest;Ya est&amp;aacute;s asustado?</content>
        </sentence>
        <sentence id="28">
          <content>Deber&amp;iacute;as estarlo .</content>
        </sentence>
        <sentence id="29">
          <content>Las rupturas son MUCHO m&amp;aacute;s desagradables &amp;iquest;Crees que esa persona est&amp;aacute; fuera de tu vida porque decidiste desocupar el caj&amp;oacuten que ten&amp;iacute;as en su casa?</content>
        </sentence>
        <sentence id="30">
          <content>Divi&amp;eacute;rtete cambiando tu situaci&amp;oacuten sentimental, desetiquetando las fotograf&amp;iacute;as, respondiendo a las preocupaciones bien intencionadas (pero que no te interesan) que tus amigos y familiares publican en tu muro, manteniendo un halo de resistencia y tratando de decidir si quitas o no a tu ex de tus 'amigos' de Facebook .</content>
        </sentence>
        <sentence id="31">
          <content>Lee: C&amp;oacutemo comportarte en redes sociales tras una ruptura&amp;iquest;Deber&amp;iacute;as eliminar tambi&amp;eacute;n a sus amigos?</content>
        </sentence>
        <sentence id="32">
          <content>&amp;iquest;Sabes qu&amp;eacute;?</content>
        </sentence>
        <sentence id="33">
          <content>, mejor deber&amp;iacute;as eliminar tu cuenta y tirar tu computadora por la ventana .</content>
        </sentence>
        <sentence id="34">
          <content>Lee: Cuando Facebook te abofetea emocionalmente7 .</content>
        </sentence>
        <sentence id="35">
          <content>La gente es m&amp;aacute;s . . . pegajosaEn realidad no pegajosa, desagradable .</content>
        </sentence>
        <sentence id="36">
          <content>Crees que te has deshecho de un contacto que te idolatraba o con quien tuviste un desliz (o peor: ambos), pero de repente el amigo de un amigo interact&amp;uacute;a casualmente y &amp;iexcl;bam!</content>
        </sentence>
        <sentence id="37">
          <content>, vuelves a ver el peque&amp;ntilde;o cuadro con su cara mir&amp;aacute;ndote desde tu muro .</content>
        </sentence>
        <sentence id="38">
          <content>Y si eso no sucede, los algoritmos de Facebook est&amp;aacute;n m&amp;aacute;s que felices de proveerte una cadena de arrepentimiento en su peque&amp;ntilde;a secci&amp;oacuten: "Personas que quiz&amp;aacute;s conozcas" .</content>
        </sentence>
        <sentence id="39">
          <content>S&amp;iacute;, Facebook, yo conozco a esas personas .</content>
        </sentence>
        <sentence id="40">
          <content>Y desear&amp;iacute;a no haberlo hecho .</content>
        </sentence>
      </sentences>
    </paragraph>
  </article>
</document>
