<?xml version="1.0" encoding="UTF-8"?>
<document id="874" link="http://mexico.cnn.com/tecnologia/2013/02/16/el-avion-solar-impulse-viaja-en-piezas-de-suiza-a-estados-unidos" category="Tecnolog&amp;iacute;a" highlights_mapped="false">
  <title>El avi&amp;oacuten Solar Impulse viaja en piezas de Suiza a Estados Unidos - Planeta CNN - Tecnolog&amp;iacute;a - CNNMexico.com</title>
  <keywords>innovacion, solar impulse, vuelo, estados unidos, california, nueva york, suiza</keywords>
  <summaries>
    <highlights>
      <sentence id="1" ids_sentences_article="">El Solar Impulse ser&amp;aacute; desmantelado y enviado a Estados Unidos.</sentence>
      <sentence id="2" ids_sentences_article="">Realizar&amp;aacute; un vuelo de prueba desde California a Nueva York.</sentence>
      <sentence id="3" ids_sentences_article="">El avi&amp;oacuten, que funciona a base de energ&amp;iacute;a solar, recorrer&amp;aacute; un trayecto de California a Nueva York despu&amp;eacute;s de abril.</sentence>
    </highlights>
  </summaries>
  <article>
    <paragraph id="1">
      <sentences>
        <sentence id="1">
          <content>El avi&amp;oacuten Solar Impulse viaja en piezas de Suiza a Estados Unidos.</content>
        </sentence>
        <sentence id="2">
          <content>La aeronave que utiliza exclusivamente energ&amp;iacute;a solar llevar&amp;aacute; a cabo un vuelo de California a Nueva York.</content>
        </sentence>
        <sentence id="3">
          <content>(EFE) -- SolarImpulse, el primer avi&amp;oacuten que ha sido capaz de volar por m&amp;aacute;s de 24 horas continuas con energ&amp;iacute;asolar, ser&amp;aacute; enviado en piezas a Estados Unidos para realizar un vuelo entre las costas este y oeste del pa&amp;iacute;s .</content>
        </sentence>
        <sentence id="4">
          <content>La viabilidad del prototipo suizo, que ha realizado varios vuelos en Europa--en uno de los cuales lleg&amp;oacute hasta el norte de &amp;Aacute;frica--qued&amp;oacute confirmada cuando logr&amp;oacute volar durante 26 horas continuas sin una gota de combustible .</content>
        </sentence>
        <sentence id="5">
          <content>Ahora, elSolarImpulse fue desmantelado completamente y la pr&amp;oacutexima semana --entre el mi&amp;eacute;rcoles y el s&amp;aacute;bado-- ser&amp;aacute; transportado a Estados Unidos en un avi&amp;oacuten Boeing desde su hangar en la localidad suiza de Payerne, dijeron este s&amp;aacute;bado los organizadores .</content>
        </sentence>
        <sentence id="6">
          <content>En Estados Unidos, el avi&amp;oacutensolarser&amp;aacute; ensamblado en marzo, y en abril realizar&amp;aacute; varios vuelos de prueba .</content>
        </sentence>
        <sentence id="7">
          <content>El objetivo es que despegue del Aeropuerto Federal de Moffett (California) y cruce el pa&amp;iacute;s haciendo varias escalas hasta su destino final en Nueva York .</content>
        </sentence>
        <sentence id="8">
          <content>El renombre que ha adquirido el proyectoSolarImpulse ha llevado en los &amp;uacute;ltimos d&amp;iacute;as al gobierno suizo a renovarle su compromiso financiero por un importe de 1 mill&amp;oacuten 660,000 d&amp;oacutelares para el periodo 2013-2015 .</content>
        </sentence>
        <sentence id="9">
          <content>Las autoridades esperan sacar provecho de la visibilidad internacional de esta experiencia, que combina la tecnolog&amp;iacute;a aeron&amp;aacute;utica y la eficiencia energ&amp;eacute;tica, para promocionar la imagen de Suiza en el exterior .</content>
        </sentence>
        <sentence id="10">
          <content>Para 2015 est&amp;aacute; prevista una gira mundial que ser&amp;aacute; realizada por un segundo prototipo de aeronavesolar que ya est&amp;aacute; en construcci&amp;oacuten en Z&amp;uacute;rich .</content>
        </sentence>
        <sentence id="11">
          <content>El avi&amp;oacutensolares ultraligero de 1,600 kilogramos y su peso se concentra en sus dos inmensas alas cubiertas de c&amp;eacute;lulas foltovoltaicas, donde almacena la energ&amp;iacute;a necesaria para sus traves&amp;iacute;as .</content>
        </sentence>
      </sentences>
    </paragraph>
  </article>
</document>
