<?xml version="1.0" encoding="UTF-8"?>
<document id="409" link="http://mexico.cnn.com/tecnologia/2014/02/17/un-asteroide-del-tamano-de-tres-estadios-de-futbol-rozara-la-tierra" category="Tecnolog&amp;iacute;a" author="Dana Ford" highlights_mapped="false">
  <title>Un asteroide del tama&amp;ntilde;o de tres estadios de futbol "roza" la Tierra - Tecnolog&amp;iacute;a - CNNMexico.com</title>
  <keywords>ciencia, espacio, asteroide, tamano, tres estadios, paso cercano, tierra, objeto espacial, astronomia,</keywords>
  <summaries>
    <highlights>
      <sentence id="1" ids_sentences_article="">El asteroide pas&amp;oacute a unos 3 . 2 millones de kil&amp;oacutemetros de la tierra.</sentence>
      <sentence id="2" ids_sentences_article="">Su paso ser&amp;aacute; cerca de un a&amp;ntilde;o despu&amp;eacute;s de que un asteroide explot&amp;oacute sobre Rusia.</sentence>
      <sentence id="3" ids_sentences_article="">La roca especial tiene un di&amp;aacute;metro de tres campos de f&amp;uacute;tbol.</sentence>
    </highlights>
  </summaries>
  <article>
    <paragraph id="1">
      <sentences>
        <sentence id="1">
          <content>Un asteroide del tama&amp;ntilde;o de tres estadios de futbol "roza" la Tierra.</content>
        </sentence>
        <sentence id="2">
          <content>El asteroide pas&amp;oacute a 3 .</content>
        </sentence>
        <sentence id="3">
          <content>2 millones de kil&amp;oacutemetros de la Tierra, algo considerado "cercano" por los astr&amp;oacutenomos.</content>
        </sentence>
        <sentence id="4">
          <content>(CNN) -- Solamente en el espacio una distancia de 3 .</content>
        </sentence>
        <sentence id="5">
          <content>2 millones de kil&amp;oacutemetros puede ser considerada "cercana" .</content>
        </sentence>
        <sentence id="6">
          <content>Un asteroide con un di&amp;aacute;metro estimado de tres campos de futbol pas&amp;oacute la noche de este lunes cerca de la Tierra, a dicha distancia .</content>
        </sentence>
        <sentence id="7">
          <content>El cuerpo celest&amp;eacute; desarroll&amp;oacute una velocidad de 43,000 kil&amp;oacutemetros por hora y su m&amp;aacute;ximo acercamiento y el evento tuvo lugar a las 20:00 horas (tiempo del centro de M&amp;eacute;xico) .</content>
        </sentence>
        <sentence id="8">
          <content>El espect&amp;aacute;culo pudo observarse desde el sitio Slooh .</content>
        </sentence>
        <sentence id="9">
          <content>com, que sigue a objetos potencialmente peligrosos .</content>
        </sentence>
        <sentence id="10">
          <content>El asteroide pas&amp;oacute cerca de un a&amp;ntilde;o despu&amp;eacute;s de que un relativamente peque&amp;ntilde;o asteroide explot&amp;oacute sobre Rusia .</content>
        </sentence>
        <sentence id="11">
          <content>La roca espacial de unos 18 metros de di&amp;aacute;metro entr&amp;oacute a la atm&amp;oacutesfera y explot&amp;oacute sobre la ciudad de Chelyabinsk, con la fuerza equivalente a 30 bombas nucleares .</content>
        </sentence>
        <sentence id="12">
          <content>La explosion dej&amp;oacute m&amp;aacute;s de 1,500 heridos, la mayor&amp;iacute;a por cristales que se rompieron por el impacto, y aument&amp;oacute la preocupaci&amp;oacuten sobre la vulnerabilidad de la humanidad ante dichos cuerpos espaciales .</content>
        </sentence>
        <sentence id="13">
          <content>"En un nivel pr&amp;aacute;ctico, un asteroide desconocido, no descubierto, parece golpear nuestro planeta y causar da&amp;ntilde;os y heridos una vez en un siglo, tal como lo atestiguamos el 20 de junio de 1908, y el 15 de febrero de 2013", seg&amp;uacute;n el astr&amp;oacutenomo Bob Berman, quien administra Slooh .</content>
        </sentence>
        <sentence id="14">
          <content>"Cada pocos siglos, inclusive asteroides m&amp;aacute;s grandes nos golpean, afortunadamente usualmente en el oc&amp;eacute;ano o en territorios inhabitados como la Ant&amp;aacute;rtida", agreg&amp;oacute .</content>
        </sentence>
      </sentences>
    </paragraph>
  </article>
</document>
