<?xml version="1.0" encoding="UTF-8"?>
<document id="473" link="http://mexico.cnn.com/tecnologia/2014/01/07/que-es-el-vortice-polar-que-provoca-las-heladas-en-norteamerica" category="Tecnolog&amp;iacute;a" author="Alan Duke" highlights_mapped="false">
  <title>&amp;iquestQu&amp;eacute; es el v&amp;oacutertice polar que provoca las heladas en Norteam&amp;eacute;rica? - Tecnolog&amp;iacute;a - CNNMexico.com</title>
  <keywords>ciencia, frio, artico, vientos, vortice, polar, estados unidos, europa, temperatura, tormenta, helada</keywords>
  <summaries>
    <highlights>
      <sentence id="1" ids_sentences_article="">El v&amp;oacutertice polar es la circulaci&amp;oacuten de vientos fuertes de nivel superior que normalmente rodean el Polo Norte.</sentence>
      <sentence id="2" ids_sentences_article="">La distorsi&amp;oacuten puede llevar a grandes brotes de aire fr&amp;iacute;o en Norteam&amp;eacute;rica, Europa y Asia.</sentence>
      <sentence id="3" ids_sentences_article="">Un brote de aire fr&amp;iacute;o causado por el v&amp;oacutertice polar es mucho m&amp;aacute;s extendido que una sola tormenta.</sentence>
    </highlights>
  </summaries>
  <article>
    <paragraph id="1">
      <sentences>
        <sentence id="1">
          <content>&amp;iquestQu&amp;eacute; es el v&amp;oacutertice polar que provoca las heladas en Norteam&amp;eacute;rica?</content>
        </sentence>
        <sentence id="2">
          <content>La distorsi&amp;oacuten de este v&amp;oacutertice genera que los vientos fr&amp;iacute;os desciendan m&amp;aacute;s al sur de lo acostumbrado.</content>
        </sentence>
        <sentence id="3">
          <content>(CNN) -- Un v&amp;oacutertice polar distorsionado es el mayor visitante del Polo Norte desde el paso de Santa Claus en diciembre .</content>
        </sentence>
        <sentence id="4">
          <content>Pero los regalos que trae son helados y poco bienvenidos en la mayor&amp;iacute;a de Estados Unidos, que se sumerge profundamente en una helada de bajas temperaturas r&amp;eacute;cord .</content>
        </sentence>
        <sentence id="5">
          <content>El meteor&amp;oacutelogo de CNN International, Brandon Miller, responde algunas preguntas urgentes sobre este fen&amp;oacutemeno .</content>
        </sentence>
        <sentence id="6">
          <content>&amp;iquest;Qu&amp;eacute; es un v&amp;oacutertice polar?</content>
        </sentence>
        <sentence id="7">
          <content>&amp;iquest;Qu&amp;eacute; lo distingue?El v&amp;oacutertice polar es la circulaci&amp;oacuten de vientos fuertes de nivel superior que normalmente rodean al polo norte en una direcci&amp;oacuten contraria a las agujas del reloj .</content>
        </sentence>
        <sentence id="8">
          <content>Estos vientos tienden a mantener al aire glacial encerrado en las regiones &amp;aacute;rticas del Hemisferio Norte .</content>
        </sentence>
        <sentence id="9">
          <content>El v&amp;oacutertice polar se encuentra a varios kil&amp;oacutemetros de altura, aproximadamente a la distancia a la que vuelan los aviones .</content>
        </sentence>
        <sentence id="10">
          <content>No se trata de una sola tormenta, sino de un fen&amp;oacutemeno que ocurre todo el tiempo .</content>
        </sentence>
        <sentence id="11">
          <content>En ocasiones, este v&amp;oacutertice se distorsiona y se traslada m&amp;aacute;s al sur de donde lo encontrar&amp;iacute;as normalmente, lo que provoca que su aire g&amp;eacute;lido se vierta hacia el sur .</content>
        </sentence>
        <sentence id="12">
          <content>&amp;iquest;Cu&amp;aacute;n frecuentemente ocurre esta distorsi&amp;oacuten del v&amp;oacutertice polar?Los vientos de nivel superior que componen el v&amp;oacutertice polar cambian en intensidad de vez en cuando .</content>
        </sentence>
        <sentence id="13">
          <content>Cuando estos vientos disminuyen significativamente, el v&amp;oacutertice puede distorsionarse y el resultado es una corriente en chorro que se sumerge profundamente en las latitudes del sur, lo que acarrea al aire fr&amp;iacute;o y denso del &amp;Aacute;rtico hacia abajo .</content>
        </sentence>
        <sentence id="14">
          <content>Esta oscilaci&amp;oacuten es conocida como la Oscilaci&amp;oacuten &amp;Aacute;rtica .</content>
        </sentence>
        <sentence id="15">
          <content>Cuando los vientos polares son m&amp;aacute;s d&amp;eacute;biles, pueden provocar brotes de aire fr&amp;iacute;o en una o m&amp;aacute;s regiones del planeta .</content>
        </sentence>
        <sentence id="16">
          <content>&amp;iquest;D&amp;oacutende ocurre esto en la Tierra?El v&amp;oacutertice polar puede dar lugar a grandes brotes de aire fr&amp;iacute;o en cualquier parte del Hemisferio Norte, ya sea en Norteam&amp;eacute;rica, Europa o Asia .</content>
        </sentence>
        <sentence id="17">
          <content>Esto puede dar lugar a olas de fr&amp;iacute;o en m&amp;uacute;ltiples ubicaciones, aunque no siempre sucede .</content>
        </sentence>
        <sentence id="18">
          <content>&amp;iquest;Cu&amp;aacute;n peligrosa es la distorsi&amp;oacuten de un v&amp;oacutertice polar en comparaci&amp;oacuten con un tornado o un hurac&amp;aacute;n?Son tipos de sistemas completamente diferentes .</content>
        </sentence>
        <sentence id="19">
          <content>Un brote de aire fr&amp;iacute;o causado por el v&amp;oacutertice polar es mucho m&amp;aacute;s extenso en &amp;aacute;rea y duraci&amp;oacuten que una sola tormenta .</content>
        </sentence>
        <sentence id="20">
          <content>Sin embargo, con el descenso generalizado en la temperatura, pueden desarrollarse tormentas invernales significativas, especialmente cuando el aire fr&amp;iacute;o inicia la penetraci&amp;oacuten a una regi&amp;oacuten previamente caliente .</content>
        </sentence>
        <sentence id="21">
          <content>&amp;iquest;Cu&amp;aacute;ndo fue la &amp;uacute;ltima vez que una distorsi&amp;oacuten del v&amp;oacutertice polar golpe&amp;oacute un &amp;aacute;rea densamente poblada?Las fuertes olas de fr&amp;iacute;o ocurren varias veces al a&amp;ntilde;o, aunque en distintas regiones del mundo y con niveles diferentes de gravedad .</content>
        </sentence>
        <sentence id="22">
          <content>En marzo de 2013 hubo un descenso significativo en la temperatura, como resultado de un v&amp;oacutertice polar que se adentraba a gran parte de Europa .</content>
        </sentence>
        <sentence id="23">
          <content>En muchas regiones del Viejo Continente la Semana Santa fue mucho m&amp;aacute;s fr&amp;iacute;a que la Navidad .</content>
        </sentence>
        <sentence id="24">
          <content>Por ejemplo, Reino Unido tuvo su marzo m&amp;aacute;s fr&amp;iacute;o en 50 a&amp;ntilde;os .</content>
        </sentence>
        <sentence id="25">
          <content>Si quedas atrapado en una de estas distorsiones, &amp;iquest;qu&amp;eacute; debes hacer?No es una tormenta en la que puedas quedar atrapado, pero si te enfrentas a estas temperaturas fr&amp;iacute;as significativas, debes permanecer dentro siempre que sea posible, preparar a tu casa y autom&amp;oacutevil para el fr&amp;iacute;o y usar varias capas de ropa si debes salir .</content>
        </sentence>
        <sentence id="26">
          <content>&amp;iquest;Es un efecto secundario del calentamiento global o debemos esperar m&amp;aacute;s eventos como este?Este es un tema altamente investigado .</content>
        </sentence>
        <sentence id="27">
          <content>En resumen, s&amp;iacute; podr&amp;iacute;a serlo .</content>
        </sentence>
        <sentence id="28">
          <content>Parece contradictorio que el calentamiento global pueda provocar olas significativas de fr&amp;iacute;o como esta, pero algunos estudios muestran que podr&amp;iacute;a ser as&amp;iacute; .</content>
        </sentence>
        <sentence id="29">
          <content>Sabemos que diferentes tipos de climas extremos pueden resultar del calentamiento general del planeta .</content>
        </sentence>
        <sentence id="30">
          <content>Esto incluye distorsiones extremas de la corriente en chorro, que puede causar olas de calor en verano y olas de fr&amp;iacute;o en invierno .</content>
        </sentence>
      </sentences>
    </paragraph>
  </article>
</document>
