<?xml version="1.0" encoding="UTF-8"?>
<document id="327" link="http://mexico.cnn.com/tecnologia/2013/12/09/el-robot-curiosity-halla-evidencia-de-un-lago-de-agua-dulce-en-marte" category="Tecnolog&amp;iacute;a" highlights_mapped="false">
  <title>El robot 'Curiosity' halla evidencia de un lago de agua dulce en Marte  - Tecnolog&amp;iacute;a - CNNMexico.com</title>
  <keywords>ciencia, curiosity, robot, marte, lago, agua dulce, Bahia Yellowknife, crater gale, nasa, rios, rio, agua, nasa</keywords>
  <summaries>
    <highlights>
      <sentence id="1" ids_sentences_article="">Los an&amp;aacute;lisis del robot a rocas sugieren que hubo condiciones para soportar la vida microbiana hace 3,600 millones de a&amp;ntilde;os.</sentence>
      <sentence id="2" ids_sentences_article="">El cuerpo de agua habr&amp;iacute;a tenido baja salinidad y un pH relativamente neutro.</sentence>
      <sentence id="3" ids_sentences_article="">La vida microbiana es muy similar a la que se encuentra en cuevas en la Tierra.</sentence>
    </highlights>
  </summaries>
  <article>
    <paragraph id="1">
      <sentences>
        <sentence id="1">
          <content>El robot 'Curiosity' halla evidencia de un lago de agua dulce en Marte.</content>
        </sentence>
        <sentence id="2">
          <content>Un antiguo lago en Marte fue capaz de soportar la vida hace miles de a&amp;ntilde;os, informaron investigadores en base a hallazgos del robot.</content>
        </sentence>
        <sentence id="3">
          <content>(CNNM&amp;eacute;xico) -- El robot estadounidenseCuriositydescubri&amp;oacute por primera vez en la superficie de Marte evidencia directa de la existencia en el pasado de un lago de agua dulce en el planeta rojo, anunciaron cient&amp;iacute;ficos este lunes .</content>
        </sentence>
        <sentence id="4">
          <content>Las pruebas de perforaci&amp;oacuten y an&amp;aacute;lisis qu&amp;iacute;micos realizados por el robot en rocas s&amp;oacutelidas sugieren que hubo condiciones para que hubiera vida microbiana en ese lago hace unos 3,600 millones de a&amp;ntilde;os .</content>
        </sentence>
        <sentence id="5">
          <content>Las rocas analizadas contienen trazas de carbono, hidr&amp;oacutegeno, ox&amp;iacute;geno, nitr&amp;oacutegeno, sulfuro y f&amp;oacutesforo, y "proporcionan condiciones ideales para una vida microbiana b&amp;aacute;sica",indicaron los cient&amp;iacute;ficos en un estudio publicado en la revistaSciencey analizado en una reuni&amp;oacuten de la Uni&amp;oacuten Geof&amp;iacute;sica Americana (AGU, por su sigla en ingl&amp;eacute;s) en San Francisco, California .</content>
        </sentence>
        <sentence id="6">
          <content>Esto hace pensar que el cuerpo de agua --que estuvo localizado en la llamada Bah&amp;iacute;a Yellowknife, en el cr&amp;aacute;ter Gale, donde aterriz&amp;oacute el robot el a&amp;ntilde;o pasado-- habr&amp;iacute;a tenido baja salinidad y un pH relativamente neutro, lo que en teor&amp;iacute;a har&amp;iacute;a bebible dicho l&amp;iacute;quido .</content>
        </sentence>
        <sentence id="7">
          <content>Por ello se cree que Marte alguna vez tuvo suficiente agua dulce y las condiciones necesarias para generar vida,afirm&amp;oacute por su parte la NASA en su sitio de internet .</content>
        </sentence>
        <sentence id="8">
          <content>Bajo estas condiciones, pudo haberse dado el surgimiento de vida microbiana muy simple, seg&amp;uacute;n los expertos, similar a la que actualmente se encuentra en cuevas en la tierra .</content>
        </sentence>
        <sentence id="9">
          <content>"Es realmente el mismo ambiente en la Tierra", afirm&amp;oacute John Grotzinger, profesor de geolog&amp;iacute;a del Instituto de Tecnolog&amp;iacute;a de California, al describir lo que se cree fue un lago de agua fr&amp;iacute;a atravesado por corrientes y rodeado de un paisaje de monta&amp;ntilde;as nevadas .</content>
        </sentence>
        <sentence id="10">
          <content>Aunque no se detect&amp;oacute ninguna forma de vida en las rocas, el investigador precis&amp;oacute que Curiosity ha realizado perforaciones en fragmentos de piedra arenisca y barro y hall&amp;oacute minerales arcillosos que sugieren una interacci&amp;oacuten con el agua .</content>
        </sentence>
        <sentence id="11">
          <content>"Estas son rocas relativamente j&amp;oacutevenes en la historia de Marte", agreg&amp;oacute Gr&amp;ouml;tzinger a periodistas en San Francisco, y se&amp;ntilde;al&amp;oacute que uno de los "resultados sorprendentes" del hallazgo es que estas rocas podr&amp;iacute;an tener entre 3 .</content>
        </sentence>
        <sentence id="12">
          <content>600 millones de a&amp;ntilde;os .</content>
        </sentence>
        <sentence id="13">
          <content>"Esto coincide precisamente con los rastros m&amp;aacute;s antiguos de vida encontrados en la Tierra" .</content>
        </sentence>
        <sentence id="14">
          <content>"Esta es la primera vez que encontramos realmente rocas en Marte que proporcionan evidencia de la existencia de lagos", afirm&amp;oacute por su parte Sanjeev Gupta, profesor del Imperial College de Londres y coautor de la investigaci&amp;oacuten .</content>
        </sentence>
        <sentence id="15">
          <content>"Es fant&amp;aacute;stico porque los lagos son un ambiente ideal para que una vida microbiana elemental pueda desarrollarse y preservarse", agreg&amp;oacute .</content>
        </sentence>
        <sentence id="16">
          <content>Confianza en el futuro de la misi&amp;oacutenLa piedra arenisca encontrada parece similar a la que existe en los r&amp;iacute;os de la Tierra, lo que sugiere, seg&amp;uacute;n los cient&amp;iacute;ficos, que un r&amp;iacute;o desembocaba en ese lago, que se encuentra al pie de una peque&amp;ntilde;a monta&amp;ntilde;a .</content>
        </sentence>
        <sentence id="17">
          <content>Los investigadores ya encontraron pruebas de la existencia de agua en Marte en otro lugar de la superficie del planeta rojo e investigaciones realizadas por orbitadores anteriores tambi&amp;eacute;n hacen pensar fuertemente en la existencia de lagos en el pasado .</content>
        </sentence>
        <sentence id="18">
          <content>Curiosity, que lleg&amp;oacute al cr&amp;aacute;ter Gale en el ecuador marciano el 6 de agosto del a&amp;ntilde;o pasado y es el veh&amp;iacute;culo m&amp;aacute;s sofisticado enviado hasta ahora a otro planeta,ya constat&amp;oacute que el planeta rojo fue propicio para la vida microbiana en un pasado lejano, objetivo principal de su misi&amp;oacuten de dos a&amp;ntilde;os .</content>
        </sentence>
        <sentence id="19">
          <content>Estos &amp;uacute;ltimos resultados proporcionan "la prueba m&amp;aacute;s elocuente de que Marte tuvo en alg&amp;uacute;n momento las condiciones necesarias para el desarrollo de la vida", seg&amp;uacute;n el estudio .</content>
        </sentence>
        <sentence id="20">
          <content>La NASA, la agencia espacial estadounidense, eligi&amp;oacute el cr&amp;aacute;ter Gale en particular por sus diferentes capas sedimentarias, que podr&amp;iacute;an permitir datar los per&amp;iacute;odos en los que Marte fue apto para la vida .</content>
        </sentence>
        <sentence id="21">
          <content>El robotCuriosity, de un costo total de 2,500 millones de d&amp;oacutelares, es operado por ingenieros de la NASA desde el laboratorio de Pasadena en California .</content>
        </sentence>
        <sentence id="22">
          <content>Con informaci&amp;oacuten de la agencia AFP .</content>
        </sentence>
      </sentences>
    </paragraph>
  </article>
</document>
