<?xml version="1.0" encoding="UTF-8"?>
<document id="60" link="http://mexico.cnn.com/tecnologia/2014/02/26/la-nasa-descubre-715-nuevos-planetas-afuera-del-sistema-solar" category="Tecnolog&amp;iacute;a" author="Doug Gross" highlights_mapped="false">
  <title>La NASA descubre 715 nuevos planetas afuera del Sistema Solar - Tecnolog&amp;iacute;a - CNNMexico.com</title>
  <keywords>innovacion, planetas, descubiertos, nasa, kepler, observatorio, telescopio, espacial, decubrimiento, galaxia</keywords>
  <summaries>
    <highlights>
      <sentence id="1" ids_sentences_article="">Cuatro de 715 planetas que descubri&amp;oacute la NASA podr&amp;iacute;an albergar vida.</sentence>
      <sentence id="2" ids_sentences_article="">El descubrimiento es el mayor hecho en un mismo periodo en la historia.</sentence>
      <sentence id="3" ids_sentences_article="">Los planetas fueron descubiertos con datos de los dos primeros a&amp;ntilde;os del telescopio Kepler, lanzado en 2009.</sentence>
    </highlights>
  </summaries>
  <article>
    <paragraph id="1">
      <sentences>
        <sentence id="1">
          <content>La NASA descubre 715 nuevos planetas afuera del Sistema Solar.</content>
        </sentence>
        <sentence id="2">
          <content>Los planetas, que orbitan en 305 estrellas diferentes, fueron descubiertos a trav&amp;eacute;s del telescopio espacial Kepler.</content>
        </sentence>
        <sentence id="3">
          <content>(CNNM&amp;eacute;xico) -- Nuestro vecindario gal&amp;aacute;ctico creci&amp;oacute .</content>
        </sentence>
        <sentence id="4">
          <content>La NASA anunci&amp;oacute este mi&amp;eacute;rcoles que descubri&amp;oacute la existencia de 715 nuevos planetas, por mucho el mayor n&amp;uacute;mero descubierto en un mismo periodo en la historia .</content>
        </sentence>
        <sentence id="5">
          <content>Para darnos una idea, hasta este mi&amp;eacute;rcoles apenas se hab&amp;iacute;an identificado 1,000 planetas en total en nuestra galaxia .</content>
        </sentence>
        <sentence id="6">
          <content>Cuatro de los planetas reci&amp;eacute;n descubiertos est&amp;aacute;n en "zonas habitables", lo que significa que podr&amp;iacute;an albergar vida .</content>
        </sentence>
        <sentence id="7">
          <content>Los planetas, que orbitan en 305 estrellas diferentes, fueron descubiertos por el telescopio espacial Kepler y su existencia fue verificada usando una nueva t&amp;eacute;cnica conocida como "verificaci&amp;oacuten por multiplicidad", con la que los cient&amp;iacute;ficos esperan sea m&amp;aacute;s frecuente hallar otros .</content>
        </sentence>
        <sentence id="8">
          <content>Kepler, lanzado en marzo de 2009, fue la primera misi&amp;oacuten de la NASA para encontrar planetas similares a la Tierra que est&amp;aacute;n dentro o cerca de "zonas habitables", es decir,a la distancia correcta de una estrella de moderada temperatura, lo que les permitir&amp;iacute;a tener agua .</content>
        </sentence>
        <sentence id="9">
          <content>Los planetas descubiertos este martes fueron verificados usando datos de los primeros dos a&amp;ntilde;os de viaje de Kepler, lo que podr&amp;iacute;a significar quehay m&amp;aacute;s por venir .</content>
        </sentence>
        <sentence id="10">
          <content>"Kepler ha sido un verdadero cambio de juego en nuestro entendimiento de la incre&amp;iacute;ble diversidad de planetas y sistemas planetarios en nuestra galaxia", consider&amp;oacute Douglas Hudgings, cient&amp;iacute;fico de la divisi&amp;oacuten de astrof&amp;iacute;sica de la NASA .</content>
        </sentence>
        <sentence id="11">
          <content>Con la t&amp;eacute;cnica "verificaci&amp;oacuten por multiplicidad", los cient&amp;iacute;ficos en lugar de buscar "a ciegas" se enfocan en estrellas que tienen mayor probabilidad de tener m&amp;aacute;s de un planeta en &amp;oacuterbita .</content>
        </sentence>
        <sentence id="12">
          <content>La NASA se&amp;ntilde;al&amp;oacute que 95% de los planetas descubiertos por Kepler son m&amp;aacute;s peque&amp;ntilde;os queNeptuno, que es cuatro veces m&amp;aacute;s grande que la Tierra .</content>
        </sentence>
      </sentences>
    </paragraph>
  </article>
</document>
