<?xml version="1.0" encoding="UTF-8"?>
<document id="858" link="http://mexico.cnn.com/tecnologia/2014/03/20/playstation-4-project-morpheus-sony-play-station-gamer-videojuegos" category="Tecnolog&amp;iacute;a" author="Doug Gross" highlights_mapped="false">
  <title>El escenario de la realidad virtual tiene otro 'gamer': Morpheus, de Sony - Tecnolog&amp;iacute;a - CNNMexico.com</title>
  <keywords>juegos y gadgets, sony, playstation 4, realidad, virtual, project morpheus, oculus rift, sistema</keywords>
  <summaries>
    <highlights>
      <sentence id="1" ids_sentences_article="">Sony anunci&amp;oacute; Project Morpheus, un sistema de juegos de realidad virtual.</sentence>
      <sentence id="2" ids_sentences_article="">El sistema sumergir&amp;aacute; a los jugadores en un mundo de 360 grados.</sentence>
      <sentence id="3" ids_sentences_article="">Morpheus se une a Oculus Rift en el terreno de la realidad virtual.</sentence>
      <sentence id="4" ids_sentences_article="">Se rumora que Microsoft tambi&amp;eacute;n trabaja en esta tecnolog&amp;iacute;a.</sentence>
    </highlights>
  </summaries>
  <article>
    <paragraph id="1">
      <sentences>
        <sentence id="1">
          <content>El escenario de la realidad virtual tiene otro 'gamer': Morpheus, de Sony.</content>
        </sentence>
        <sentence id="2">
          <content>El fabricante de Oculus Rift se enfrenta por primera vez a la competencia de una gran marca en el terreno de la tecnolog&amp;iacute;a 3D.</content>
        </sentence>
        <sentence id="3">
          <content>(CNN) -- La realidad virtual, la tecnolog&amp;iacute;a 3D prevista como el pr&amp;oacute;ximo gran avance en el mundo de los videojuegos, es ahora un poco m&amp;aacute;s real .</content>
        </sentence>
        <sentence id="4">
          <content>Sony lanz&amp;oacute; Project Morpheus, un sistema compatible con su consola PlayStation 4 que pretende sumergir a los jugadores en mundos virtuales .</content>
        </sentence>
        <sentence id="5">
          <content>El proyecto anunciado este martes en la Conferencia de Desarrolladores de Juegos en San Francisco, Estados Unidos, se une a Oculus Rift, un sistema similar de completa inmersi&amp;oacute;n de realidad virtual que captur&amp;oacute; las imaginaciones de los gamersdesde su debut, de 2 .</content>
        </sentence>
        <sentence id="6">
          <content>4 millones de d&amp;oacute;lares, en Kickstarter, en 2012 .</content>
        </sentence>
        <sentence id="7">
          <content>Leer: 5 cosas que aprendimos del SXSW"En (Sony Computer Entertainment) vemos a la innovaci&amp;oacute;n como una oportunidad para construir nuestra misi&amp;oacute;n de empujar los l&amp;iacute;mites del juego", dijo Shuhei Yoshida, presidente de SCE Worldwide Studios, en la conferencia .</content>
        </sentence>
        <sentence id="8">
          <content>"Project Morpheus es el ejemplo m&amp;aacute;s reciente de innovaci&amp;oacute;n de SCE, y esperamos su continuo desarrollo y que los juegos que ser&amp;aacute;n creados como kits de desarrollo est&amp;eacute;n en las manos de los creadores de contenido" .</content>
        </sentence>
        <sentence id="9">
          <content>La realidad virtual incluye un aparato que le da a quien lo porta un campo de visi&amp;oacute;n de 360 grados, lo que le permite interactuar con sus alrededores como si de verdad estuviera all&amp;iacute; .</content>
        </sentence>
        <sentence id="10">
          <content>Morpheus estar&amp;aacute; conformado por un dispositivo estilo visor e interactuar&amp;aacute; con la c&amp;aacute;mara en la PlayStation 4 por medio de sensores que rastrear&amp;aacute;n los movimientos de la cabeza del jugador .</content>
        </sentence>
        <sentence id="11">
          <content>A pesar de los m&amp;uacute;ltiples cambios desde hace d&amp;eacute;cadas, la forma en que los jugadores interact&amp;uacute;an con los aspectos visuales pr&amp;aacute;cticamente se mantiene .</content>
        </sentence>
        <sentence id="12">
          <content>La posibilidadde reemplazar la pantalla est&amp;aacute;tica bidimensional entusiasma a muchos .</content>
        </sentence>
        <sentence id="13">
          <content>"La realidad virtual es emocionante porque sumerge completamente a los jugadores en formas que no son posibles de regular en una televisi&amp;oacute;n", dijo Dan ShoeHsu, un periodista de videojuegos experimentado y editor en jefe de GamesBeat .</content>
        </sentence>
        <sentence id="14">
          <content>"A donde gires tu cabeza, eso es lo que ver&amp;aacute;s, incluso si est&amp;aacute; f&amp;iacute;sicamente detr&amp;aacute;s de ti .</content>
        </sentence>
        <sentence id="15">
          <content>Ese tipo de inmersi&amp;oacute;n de 360 grados nunca se ha hecho de una manera cre&amp;iacute;ble en el pasado, pero la tecnolog&amp;iacute;a se ha puesto al d&amp;iacute;a .</content>
        </sentence>
        <sentence id="16">
          <content>Ahora podemos experimentar dentro de la realidad virtual la misma calidad gr&amp;aacute;fica que vemos en televisores de alta definici&amp;oacute;n", a&amp;ntilde;adi&amp;oacute; Hsu .</content>
        </sentence>
        <sentence id="17">
          <content>Sony no anunci&amp;oacute; un plazo ni el costo que tendr&amp;aacute; Morpheus, e indic&amp;oacute; que los modelos disponibles para los desarrolladores son prototipos .</content>
        </sentence>
        <sentence id="18">
          <content>Todo esto deja la duda de si los l&amp;iacute;deres en el desarrollo de videojuegos estar&amp;aacute;n dispuestos a invertir tiempo y recursos considerables para crear t&amp;iacute;tulos compatibles con un sistema para una sola consola .</content>
        </sentence>
        <sentence id="19">
          <content>Sin embargo, Hsu cree que Sony est&amp;aacute; en una buena posici&amp;oacute;n .</content>
        </sentence>
        <sentence id="20">
          <content>En solo tres meses y medio, la empresa vendi&amp;oacute; m&amp;aacute;s de 6 millones de consolas Play Station 4 en todo el mundo .</content>
        </sentence>
        <sentence id="21">
          <content>"No todo propietario de la PS4 comprar&amp;aacute; uno, por supuesto", dijo el especialista .</content>
        </sentence>
        <sentence id="22">
          <content>"Pero debido a que Project Morpheus es esencialmente una nueva plataforma en s&amp;iacute;, habr&amp;aacute; muchos desarrolladores que querr&amp;aacute;n ser los primeros en esto .</content>
        </sentence>
        <sentence id="23">
          <content>Esta es una oportunidad para que los desarrolladores dejen su bandera en un mercado nuevo" .</content>
        </sentence>
        <sentence id="24">
          <content>Entonces, &amp;iquest;qu&amp;eacute; significa la llegada de Morpheus para Oculus?</content>
        </sentence>
        <sentence id="25">
          <content>Con el rumor de que el fabricante de la Xbox, Microsoft, tambi&amp;eacute;n trabaja en su propio sistema, &amp;iquest;la tienda independiente ser&amp;aacute; presionada por los grandes nombres de los videojuegos antes de que llegue al mercado?No cuentes con eso .</content>
        </sentence>
        <sentence id="26">
          <content>Por un lado, el Oculus Rift est&amp;aacute; dise&amp;ntilde;ado para funcionar, principalmente, con PCs .</content>
        </sentence>
        <sentence id="27">
          <content>As&amp;iacute; que, incluso si los fabricantes de consolas desarrollan sus propios sistemas, hay mucho espacio para que la marca prospere a pesar de la competencia .</content>
        </sentence>
        <sentence id="28">
          <content>Y tiene mucho impulso .</content>
        </sentence>
        <sentence id="29">
          <content>Oculus invirti&amp;oacute; m&amp;aacute;s de 90 millones de d&amp;oacute;lares en financiamiento y, en agosto, trajo al legendario desarrollador de juegos, John Carmack, el programador l&amp;iacute;der de cl&amp;aacute;sicos como Doom, Quake yWolfenstein 3Dpara ser su director de Tecnolog&amp;iacute;a .</content>
        </sentence>
        <sentence id="30">
          <content>"Oculus todav&amp;iacute;a est&amp;aacute; en una gran posici&amp;oacute;n con su primer inicio en el desarrollo, tanto en hardware como en software", dijo Hsu .</content>
        </sentence>
        <sentence id="31">
          <content>"Los juegos de terceros est&amp;aacute;n en proceso para el Oculus Rift desde hace alg&amp;uacute;n tiempo, as&amp;iacute; que la empresa est&amp;aacute; en una buena posici&amp;oacute;n para cuando se lance el sistema" .</content>
        </sentence>
        <sentence id="32">
          <content>El sistema tuvo un impulso de perfil en el festival South by Southwest Interactive de este mes, cuando fue utilizado para una popular exhibici&amp;oacute;n que promocionaba Game of Thrones de HBO .</content>
        </sentence>
        <sentence id="33">
          <content>"La competencia siempre, siempre es buena", dijo Hsu .</content>
        </sentence>
        <sentence id="34">
          <content>"Si el anuncio de Sony fuerza a Oculus a ser todav&amp;iacute;a m&amp;aacute;s agresivo en crear una unidad de realidad virtual de primera categor&amp;iacute;a y llevarla al mercado m&amp;aacute;s r&amp;aacute;pidamente, entonces los clientes se beneficiar&amp;aacute;n" .</content>
        </sentence>
      </sentences>
    </paragraph>
  </article>
</document>
