<?xml version="1.0" encoding="UTF-8"?>
<document id="410" link="http://mexico.cnn.com/tecnologia/2013/11/28/el-estratosferico-ascenso-de-la-nasa-en-instagram-350000-seguidores" category="Tecnolog&amp;iacute;a" author="Matthew Ponsford" highlights_mapped="false">
  <title>El estratosf&amp;eacute;rico ascenso de la NASA en Instagram: 350,000 seguidores - Tecnolog&amp;iacute;a - CNNMexico.com</title>
  <keywords>redes sociales, nasa, instagram, seguidores, fotografias, espacio, planeta, lanzamientos, nuevas</keywords>
  <summaries>
    <highlights>
      <sentence id="1" ids_sentences_article="">La NASA super&amp;oacute los 350,000 seguidores en Instagram a casi tres meses de haber lanzado la cuenta.</sentence>
      <sentence id="2" ids_sentences_article="">La agencia publica im&amp;aacute;genes sobre los proyectos activos y sorprendentes vistas de la Tierra y el universo.</sentence>
      <sentence id="3" ids_sentences_article="">Cada d&amp;iacute;a unos suma unos 100 seguidores que han hecho varios temas virales con sus im&amp;aacute;genes.</sentence>
    </highlights>
  </summaries>
  <article>
    <paragraph id="1">
      <sentences>
        <sentence id="1">
          <content>El estratosf&amp;eacute;rico ascenso de la NASA en Instagram: 350,000 seguidores.</content>
        </sentence>
        <sentence id="2">
          <content>La agencia espacial estadounidense registra 100 seguidores cada d&amp;iacute;a en la cuenta que le pone otra perspectiva al mundo y el espacio.</content>
        </sentence>
        <sentence id="3">
          <content>(CNN) -- M&amp;aacute;s de 350,000 seguidores est&amp;aacute;n de acuerdo: nadie logra mejoresselfiesque la NASA .</content>
        </sentence>
        <sentence id="4">
          <content>El neologismo sobre los autorretratos, seleccionado comola palabra del a&amp;ntilde;o en ingl&amp;eacute;s, ha cobrado mayor relevancia en los &amp;uacute;ltimos tiempos con la transmisi&amp;oacuten en redes sociales de fotograf&amp;iacute;as tomadas a grandes alturas, y m&amp;aacute;s con la llegada de NASA a Instagram .</content>
        </sentence>
        <sentence id="5">
          <content>En menos de tres meses, la agencia espacial ha capturado m&amp;aacute;s de 350,000 seguidores quienes han disfrutado de una incomparable perspectiva del d&amp;iacute;a a d&amp;iacute;a de los astronautas, as&amp;iacute; como del trabajo de la agencia espacial estadounidense por revelar los misterios del universo .</content>
        </sentence>
        <sentence id="6">
          <content>LaNASA lanz&amp;oacute la cuentael 6 de septiembre con la promesa de llevar a susfollowersa "un viaje hacia fuera de este mundo a trav&amp;eacute;s de im&amp;aacute;genes de la Tierra y m&amp;aacute;s all&amp;aacute;" .</content>
        </sentence>
        <sentence id="7">
          <content>Y pronto dio lugar a una serie de temas que se volvieron virales en internet .</content>
        </sentence>
        <sentence id="8">
          <content>El primer mensaje de la cuenta destac&amp;oacute el lanzamiento del robot investigaci&amp;oacuten LADEE de la NASA .</content>
        </sentence>
        <sentence id="9">
          <content>Pero el despegue de la nave arroj&amp;oacute algunos resultados inesperados en las im&amp;aacute;genes captadas, puesapareci&amp;oacute una rana en medio del despegueque gener&amp;oacute la etiqueta #nasafrog .</content>
        </sentence>
        <sentence id="10">
          <content>&amp;iquest;La rana que quiso ser astronauta?Nuevas fotograf&amp;iacute;as de sat&amp;eacute;lites y naves espaciales de la NASA han sido difundidas a trav&amp;eacute;s de internet, as&amp;iacute; como una nueva vista de Saturno, adem&amp;aacute;s de escenas simp&amp;aacute;ticas al interior de la Estaci&amp;oacuten Espacial Internacional .</content>
        </sentence>
        <sentence id="11">
          <content>En tres meses, la cuenta sigue su buen camino, recogiendo 100 o m&amp;aacute;s seguidores cada d&amp;iacute;a .</content>
        </sentence>
      </sentences>
    </paragraph>
  </article>
</document>
