<?xml version="1.0" encoding="UTF-8"?>
<document id="749" link="http://mexico.cnn.com/tecnologia/2013/08/24/un-grupo-de-cientificos-combate-el-sida-con-la-energia-de-tu-smartphone" category="Tecnolog&amp;iacute;a" author="Katie Lobosco" highlights_mapped="false">
  <title>Un grupo de cient&amp;iacute;ficos combate el sida con la energ&amp;iacute;a de tu 'smartphone' - Tecnolog&amp;iacute;a - CNNMexico.com</title>
  <keywords>movil, aplicacion, sida, vih, proyectos, remoto, distancia, ibm, energia, smartphones, android, telefono, cientificos, supercomputadora</keywords>
  <summaries>
    <highlights>
      <sentence id="1" ids_sentences_article="">La aplicaci&amp;oacuten re&amp;uacute;ne la energ&amp;iacute;a de los tel&amp;eacute;fonos 'donados' para constituir una supercomputadora.</sentence>
      <sentence id="2" ids_sentences_article="">Uno de los proyectos que utiliza esta red es FightAIDS@Home.</sentence>
      <sentence id="3" ids_sentences_article="">Se espera que con esta red se reduzca el tiempo de investigaci&amp;oacuten y el costo de varios proyectos.</sentence>
    </highlights>
  </summaries>
  <article>
    <paragraph id="1">
      <sentences>
        <sentence id="1">
          <content>Un grupo de cient&amp;iacute;ficos combate el sida con la energ&amp;iacute;a de tu 'smartphone'.</content>
        </sentence>
        <sentence id="2">
          <content>La aplicaci&amp;oacuten usa la energ&amp;iacute;a de los dispositivos de miles de usuarios para crear una 'supercomputadora' remota usada en la investigaci&amp;oacuten.</content>
        </sentence>
        <sentence id="3">
          <content>(CNNMoney) -- Mientras tusmartphoneest&amp;aacute; en reposo, los cient&amp;iacute;ficos pueden utilizarlo para combatir el sida .</content>
        </sentence>
        <sentence id="4">
          <content>Una nueva aplicaci&amp;oacuten para Android te permite donar la energ&amp;iacute;a no utilizada en tusmartphoney tableta para la investigaci&amp;oacuten cient&amp;iacute;fica, todo mientas duermes .</content>
        </sentence>
        <sentence id="5">
          <content>Solo funciona cuando tu dispositivo est&amp;aacute; conectado al wi-fiy a la corriente el&amp;eacute;ctrica, para no gastar tu plan de datos o descargar tu bater&amp;iacute;a .</content>
        </sentence>
        <sentence id="6">
          <content>Cuando se combina con la energ&amp;iacute;a excedente de miles de otros tel&amp;eacute;fonos "donados", la red de dispositivosconstituye una cuasi-supercomputadora disponible para el uso de cient&amp;iacute;ficos .</content>
        </sentence>
        <sentence id="7">
          <content>Uno de los proyectos que hace uso de la red desmartphonesse llamaFightAIDS@Home(Combate el Sida desde tu casa) .</content>
        </sentence>
        <sentence id="8">
          <content>Los cient&amp;iacute;ficos que trabajan en FightAids@Home buscan nuevos medicamentos para tratar el VIH/sida .</content>
        </sentence>
        <sentence id="9">
          <content>Est&amp;aacute; dirigido por el Laboratorio Olson y el Instituto de Investigaci&amp;oacuten Scripps en Estados Unidos y es impulsado por la Red Comunitaria Mundial de IBM .</content>
        </sentence>
        <sentence id="10">
          <content>La Red Comunitaria Mundial ha patrocinado m&amp;aacute;s de una docena de proyectos de investigaci&amp;oacuten cient&amp;iacute;fica en la &amp;uacute;ltima d&amp;eacute;cada .</content>
        </sentence>
        <sentence id="11">
          <content>Pero hasta ahora, solo pod&amp;iacute;a aprovechar computadoras de escritorio ylaptopsinactivas .</content>
        </sentence>
        <sentence id="12">
          <content>Desde que la aplicaci&amp;oacuten para Android, conocida como la Infraestructura Abierta Berkeley para Computaci&amp;oacuten en Red o BOINC (por sus siglas en ingl&amp;eacute;s), se puso en marcha el 22 de julio, se ha descargado 30,000 veces desde la tienda de aplicaciones Google Play .</content>
        </sentence>
        <sentence id="13">
          <content>Para los cient&amp;iacute;ficos, la supercomputadora generada por la multitud reduce el costo de la investigaci&amp;oacuten y el tiempo que toma obtener resultados .</content>
        </sentence>
        <sentence id="14">
          <content>Rentar una supercomputadora puede ser costoso para institutos de investigaci&amp;oacuten sin fines de lucro y tiene un precio que asciende hasta los 1,000 d&amp;oacutelares por hora; y eso normalmente no le da al cient&amp;iacute;fico acceso a todo el sistema .</content>
        </sentence>
        <sentence id="15">
          <content>"Cuando nos sentamos por primera vez con los investigadores, propusieron proyectos que eran demasiado modestos debido a que eso era lo que estaba disponible para ellos", dijo Ari Fishkind, un vocero de IBM .</content>
        </sentence>
        <sentence id="16">
          <content>"Ahora pueden acceder a mucha m&amp;aacute;s energ&amp;iacute;a" .</content>
        </sentence>
        <sentence id="17">
          <content>Se espera que un proyecto en el que se trabaja para identificar medicamentos para tratar una enfermedad tropical llamada esquistosomiasis reduzca su tiempo de investigaci&amp;oacuten de aproximadamente 30 a&amp;ntilde;os a un a&amp;ntilde;o o menosal aprovechar la red desmartphones,adem&amp;aacute;s de las PCs donadas en la Red Comunitaria Mundial .</content>
        </sentence>
        <sentence id="18">
          <content>Fishkind espera que m&amp;aacute;s proyectos utilicen la aplicaci&amp;oacuten para Android en el futuro .</content>
        </sentence>
      </sentences>
    </paragraph>
  </article>
</document>
