<?xml version="1.0" encoding="UTF-8"?>
<document id="356" link="http://mexico.cnn.com/tecnologia/2014/01/23/dos-lugares-en-marte-pudieron-ser-habitables-alguna-vez-segun-la-nasa" category="Tecnolog&amp;iacute;a" author="Elizabeth Landau" highlights_mapped="false">
  <title>Dos lugares en Marte pudieron ser habitables alguna vez, seg&amp;uacute;n la NASA  - Tecnolog&amp;iacute;a - CNNMexico.com</title>
  <keywords>ciencia, Curiosity, Opportunity, lugares habitables en Marte, vida, espacio, NASA,</keywords>
  <summaries>
    <highlights>
      <sentence id="1" ids_sentences_article="">Opportunity fue enviado junto a su gemelo Spirit a Marte en 2004.</sentence>
      <sentence id="2" ids_sentences_article="">Curiosity lleg&amp;oacute al 'planeta rojo' en 2012.</sentence>
      <sentence id="3" ids_sentences_article="">Los dos veh&amp;iacute;culos han recolectado evidencia de que Marte alguna vez fue habitable.</sentence>
    </highlights>
  </summaries>
  <article>
    <paragraph id="1">
      <sentences>
        <sentence id="1">
          <content>Dos lugares en Marte pudieron ser habitables alguna vez, seg&amp;uacute;n la NASA.</content>
        </sentence>
        <sentence id="2">
          <content>Los veh&amp;iacute;culos 'Curiosity' y 'Opportunity' encontraron evidencia, cada uno por su lado, de que el 'planeta rojo' pudo albergar vida.</content>
        </sentence>
        <sentence id="3">
          <content>(CNN) -- Dos veh&amp;iacute;culos de la NASA se encuentran separados por m&amp;aacute;s de 8,000 kil&amp;oacutemetros enla superficie de Marte y probablemente nunca se encontrar&amp;aacute;n .</content>
        </sentence>
        <sentence id="4">
          <content>Pero, a pesar de que deambulan solos, Curiosity y Opportunity contin&amp;uacute;an revelando detalles sobre las condiciones habitables del planeta rojo .</content>
        </sentence>
        <sentence id="5">
          <content>Nuevos estudios en la revistaSciencedescriben los puntos de observaci&amp;oacuten de cada uno de los veh&amp;iacute;culos sobre medio ambientes antiguos donde quiz&amp;aacute; alguna vez hubo vida .</content>
        </sentence>
        <sentence id="6">
          <content>"Los resultados muestran que el Marte temprano fue habitable, pero esto no significa que estaba habitado", escribi&amp;oacute John Grotzinger, cient&amp;iacute;fico principal de la misi&amp;oacuten Curiosity, en una introducci&amp;oacuten de la revista cient&amp;iacute;ficaScience .</content>
        </sentence>
        <sentence id="7">
          <content>Hemos escuchado mucho sobre c&amp;oacutemo el veh&amp;iacute;culo de dos toneladas y del tama&amp;ntilde;o de un autom&amp;oacutevil, Curiosity, ha encontrado evidencia de que Marte pudo albergar vida en alg&amp;uacute;n punto .</content>
        </sentence>
        <sentence id="8">
          <content>El a&amp;ntilde;o pasado, la NASAinform&amp;oacute que Marte fue alguna vez habitable .</content>
        </sentence>
        <sentence id="9">
          <content>La nueva investigaci&amp;oacuten refuerza ese punto de vista del Curiosity y a&amp;ntilde;ade la perspectiva del veh&amp;iacute;culo Opportunity, que encontr&amp;oacute un ambiente antiguamente habitable en otra parte del planeta .</content>
        </sentence>
        <sentence id="10">
          <content>Opportunity es m&amp;aacute;s peque&amp;ntilde;o, con un peso de 174 kilogramos y un metro y medio de altura y m&amp;aacute;s antiguo, ya que aterriz&amp;oacute el 25 de enero de 2004 en un lugar llamado Meridiani Planum .</content>
        </sentence>
        <sentence id="11">
          <content>Ha conducido menos de 40 kil&amp;oacutemetros en una d&amp;eacute;cada y actualmente se encuentra en un punto llamado cr&amp;aacute;terEndeavour .</content>
        </sentence>
      </sentences>
    </paragraph>
  </article>
</document>
