<?xml version="1.0" encoding="UTF-8"?>
<document id="768" link="http://mexico.cnn.com/tecnologia/2014/03/18/google-entra-a-la-batalla-de-los-relojes-inteligentes" category="Tecnolog&amp;iacute;a" author="Adrian Covert, CNN" highlights_mapped="false">
  <title>Google entra a la batalla de los relojes inteligentes  - Tecnolog&amp;iacute;a - CNNMexico.com</title>
  <keywords>innovacion, m&amp;oacute;viles, android, google, relojes, sistema operativo, moto 360, motorola, Glass</keywords>
  <summaries>
    <highlights>
      <sentence id="1" ids_sentences_article="">El sistema Android Wear enviar&amp;aacute; notificaciones al reloj y permitir&amp;aacute; responder con comandos de voz.</sentence>
      <sentence id="2" ids_sentences_article="">.</sentence>
      <sentence id="3" ids_sentences_article="">Motorola lanzar&amp;aacute; el Moto 360, un reloj inteligente con Android Wear, en el verano.</sentence>
    </highlights>
  </summaries>
  <article>
    <paragraph id="1">
      <sentences>
        <sentence id="1">
          <content>Google entra a la batalla de los relojes inteligentes.</content>
        </sentence>
        <sentence id="2">
          <content>(CNNMoney) -- Google se dispone a entrar en el mercado de los relojes inteligentes con su iniciativa Android Wear .</content>
        </sentence>
        <sentence id="3">
          <content>En colaboraci&amp;oacuten con empresas tecnol&amp;oacutegicas, fabricantes de chips y marcas de moda, Google planea lanzar a gran escala relojes inteligentes en un futuro cercano .</content>
        </sentence>
        <sentence id="4">
          <content>Para ello, cre&amp;oacute una versi&amp;oacuten de su sistema operativo Android especial para relojes con la idea de que resulte tan exitoso como su Android para tel&amp;eacute;fonos m&amp;oacuteviles .</content>
        </sentence>
        <sentence id="5">
          <content>Conceptualmente, el Android Wear parece m&amp;aacute;s bien una extensi&amp;oacuten del software que Google desarroll&amp;oacute para sus gafas Glass .</content>
        </sentence>
        <sentence id="6">
          <content>El nuevo sistema enviar&amp;aacute; notificaciones al reloj y permitir&amp;aacute; responder con comandos de voz, dos funciones en las que Google ya ha demostrado su capacidad .</content>
        </sentence>
        <sentence id="7">
          <content>Android Wear no s&amp;oacutelo enviar&amp;aacute; alertas de mensajes y correos que uno reciba, o te ayudar&amp;aacute; a llegar a los lugares adonde quieras ir, cosa que ya hacen los tel&amp;eacute;fonos de hoy, sino que adem&amp;aacute;s te dar&amp;aacute; informaci&amp;oacuten relevante al lugar donde te encuentres .</content>
        </sentence>
        <sentence id="8">
          <content>En este video conceptual de Google sobre Android Wear, se ve a una mujer en un aeropuerto y c&amp;oacutemo le aparece el pase de abordar en el reloj, y unos surfistas reciben una alerta de medusas en el momento en que bajan sus tablas de su veh&amp;iacute;culo para ir al mar .</content>
        </sentence>
        <sentence id="9">
          <content>En esencia, ser&amp;aacute; un Google Now, la versi&amp;oacuten Google de Siri, pero en tu mu&amp;ntilde;eca .</content>
        </sentence>
        <sentence id="10">
          <content>Motorola anunci&amp;oacute el jueves que lanzar&amp;aacute; el Moto 360, un reloj inteligente con Android Wear, en el verano .</content>
        </sentence>
        <sentence id="11">
          <content>Google tambi&amp;eacute;n se asoci&amp;oacute con Asus, HTC, LG, Samsung, Intel, Qualcomm y Fossil, entre otros, para lanzar relojes inteligentes este a&amp;ntilde;o .</content>
        </sentence>
      </sentences>
    </paragraph>
  </article>
</document>
