<?xml version="1.0" encoding="UTF-8"?>
<document id="690" link="http://mexico.cnn.com/tecnologia/2014/01/28/el-vaticano-se-divierte-compartiendo-un-grafiti-del-superpapa" category="Tecnolog&amp;iacute;a" highlights_mapped="false">
  <title>El Vaticano revela en Twitter la 'superidentidad' del papa Francisco  - Tecnolog&amp;iacute;a - CNNMexico.com</title>
  <keywords>redes sociales, grafiti, superpapa, vaticano, twitter, comunicacion social, comparte, imagen, superman, valores</keywords>
  <summaries>
    <highlights>
      <sentence id="1" ids_sentences_article="">El Vaticano comparti&amp;oacute este martes la imagen de un grafiti hallado en una calle de Roma.</sentence>
      <sentence id="2" ids_sentences_article="">Las autoridades pontificias desconocen qui&amp;eacute;n es el autor del 'Superpapa'.</sentence>
    </highlights>
  </summaries>
  <article>
    <paragraph id="1">
      <sentences>
        <sentence id="1">
          <content>El Vaticano revela en Twitter la 'superidentidad' del papa Francisco.</content>
        </sentence>
        <sentence id="2">
          <content>El &amp;oacutergano encargado de la comunicaci&amp;oacuten en la Santa Sede comparti&amp;oacute la imagen en la que el papa Francisco aparece como Superman.</content>
        </sentence>
        <sentence id="3">
          <content>(CNNM&amp;eacute;xico) -- Un grafiti del Superpapa fue encontrado este martes en uno de los muros que recorren los l&amp;iacute;mites de Vaticano, y el Consejo Pontificio de la Comunicaci&amp;oacuten Social aprovech&amp;oacute para compartirlo con sus al menos 83,000 seguidores en Twitter .</content>
        </sentence>
        <sentence id="4">
          <content>"Compartimos con ustedes un grafiti aparecido en Roma en una calle cercana al Vaticano", escribi&amp;oacute el Consejo con la imagen en la que Francisco aparece volando, como si fuera Superman, ataviado con la sotana blanca, el solideo y los zapatos negros que eligi&amp;oacute al inicio de su pontificado .</content>
        </sentence>
        <sentence id="5">
          <content>El papa sostiene en la mano izquierda su malet&amp;iacute;n negro, en el que aparece escrita la palabra "valores" y del que sale un calcet&amp;iacute;n de rayas rojas y azules, los colores de San Lorenzo de Almagro, el equipo argentino del que Jorge Mario Bergoglioes seguidor .</content>
        </sentence>
        <sentence id="6">
          <content>We share with you a graffiti found in a Roman street near the #Vatican / Les compartimos este graffiti que vimos hoy pic .</content>
        </sentence>
        <sentence id="7">
          <content>com/In76sMJE4v-- VaticanCommunication (@PCCS_VA) enero 28, 2014Las autoridades pontificias desconocen qui&amp;eacute;n es el autor del grafiti que encontraron este martes en la calle Plauto, aleda&amp;ntilde;a a los muros que recorren los l&amp;iacute;mites del Estado Vaticano .</content>
        </sentence>
        <sentence id="8">
          <content>La publicaci&amp;oacuten de la pintura del Superpapa coincidi&amp;oacute con el anuncio de la revista estadounidense Rolling Stone de que el mes de febrero dedica a Francisco su portada, a un mes y medio de que cumpla el primer a&amp;ntilde;o de su elecci&amp;oacuten en c&amp;oacutenclave como sucesor de Benedicto XVI .</content>
        </sentence>
        <sentence id="9">
          <content>Y luego de que en diciembre, la revista Time lo eligi&amp;oacute como Persona del A&amp;ntilde;o .</content>
        </sentence>
        <sentence id="10">
          <content>El papa Francisco se ha vuelto muy popular en las redes sociales, sus cuentas en diferentes idiomas cuentan con m&amp;aacute;s de 10 millones de seguidores .</content>
        </sentence>
      </sentences>
    </paragraph>
  </article>
</document>
