<?xml version="1.0" encoding="UTF-8"?>
<document id="132" link="http://mexico.cnn.com/tecnologia/2014/03/06/el-depredador-mas-grande-de-europa-media-mas-de-10-metros-de-alto" category="Tecnolog&amp;iacute;a" author="Elizabeth Landau" highlights_mapped="false">
  <title>El depredador m&amp;aacute;s grande de Europa med&amp;iacute;a m&amp;aacute;s de 10 metros de alto - Tecnolog&amp;iacute;a - CNNMexico.com</title>
  <keywords>ciencia, depredador, dinosaurio, europa, lisboa, portugal, christophe hendrickx, universidad nova, plos, nature, cientificos</keywords>
  <summaries>
    <highlights>
      <sentence id="1" ids_sentences_article="">El m&amp;aacute;s grande depredador que habit&amp;oacute Europa med&amp;iacute;a 10 metros y fue encontrado en Portugal.</sentence>
      <sentence id="2" ids_sentences_article="">El 'Torvosaurus gurneyi' era carn&amp;iacute;voro y se alimentaba de dinosaurios herb&amp;iacute;voros.</sentence>
      <sentence id="3" ids_sentences_article="">Sus dientes med&amp;iacute;an 10 cent&amp;iacute;metros y su cr&amp;aacute;neo era de m&amp;aacute;s de un metro.</sentence>
    </highlights>
  </summaries>
  <article>
    <paragraph id="1">
      <sentences>
        <sentence id="1">
          <content>El depredador m&amp;aacute;s grande de Europa med&amp;iacute;a m&amp;aacute;s de 10 metros de alto.</content>
        </sentence>
        <sentence id="2">
          <content>Los cient&amp;iacute;ficos encontraron evidencia de un dinosaurio que habit&amp;oacute en la regi&amp;oacuten de Lisboa, Portugal, hace unos 150 millones de a&amp;ntilde;os.</content>
        </sentence>
        <sentence id="3">
          <content>(CNN) -- Con una altura de unos 10 metros, un peso de entre cuatro a cinco toneladas, y dientes muy filosos, el dinosaurio Torvosaurus gurneyi era una animal formidable .</content>
        </sentence>
        <sentence id="4">
          <content>"Supongo que no hubiera sido una buena idea el atravesarse con este dinosaurio en el camino", dijo Christophe Hendrickx, candidato al doctorado en la Universidad Nova de Lisboa en Portugal .</content>
        </sentence>
        <sentence id="5">
          <content>Gracias a Hendrickx y al paleont&amp;oacutelogo Octavio Mateus, el Torvosaurus gurneyi quiz&amp;aacute;s tenga la distinci&amp;oacuten de ser el depredador terrestre m&amp;aacute;s grande que se haya encontrado en Europa .</content>
        </sentence>
        <sentence id="6">
          <content>Hendrickx y Mateus lo describieron en un nuevo art&amp;iacute;culo de la revista PLOS One .</content>
        </sentence>
        <sentence id="7">
          <content>Los restos del Torvosaurus gurneyi fueron descubiertos en la Formaci&amp;oacuten Lourinha, un lugar fruct&amp;iacute;fero para los f&amp;oacutesiles de dinosaurio al norte de Lisboa, Portugal .</content>
        </sentence>
        <sentence id="8">
          <content>Antes de este estudio, los cient&amp;iacute;ficos dijeron que los huesos pertenec&amp;iacute;an a otra nueva especie, oriunda de Am&amp;eacute;rica del Norte, el Torvosaurus tanneri .</content>
        </sentence>
        <sentence id="9">
          <content>Pero los comparativos entre los restos del dinosaurio portugu&amp;eacute;s y el norteamericano sugieren que son diferentes nombres de especies .</content>
        </sentence>
        <sentence id="10">
          <content>Por ejemplo, el Torvosaurus tanneri ten&amp;iacute;a al menos 11 dientes, mientras que el Torvosaurus gurneyimenos, seg&amp;uacute;n los cient&amp;iacute;ficos .</content>
        </sentence>
        <sentence id="11">
          <content>El Torvosaurus gurneyi existi&amp;oacute hace unos 150 millones de a&amp;ntilde;os .</content>
        </sentence>
        <sentence id="12">
          <content>Los continentes de nuestro planeta eran una gran masa, pero para cuando este dinosaurio existi&amp;oacute, la pen&amp;iacute;nsula ib&amp;eacute;rica se hab&amp;iacute;a separado de Am&amp;eacute;rica del Norte, dijo Hendrickx .</content>
        </sentence>
        <sentence id="13">
          <content>El Tyrannosaurus, Carcharodontosaurus y el Giganotosaurus del periodo del Cret&amp;aacute;ceo, definido como hace 145 .</content>
        </sentence>
        <sentence id="14">
          <content>5 millones de a&amp;ntilde;o, fueron m&amp;aacute;s grandes que el Torvosaurus gurneyi .</content>
        </sentence>
        <sentence id="15">
          <content>Pero este gigante europeo parece haber sido un depredador poderoso .</content>
        </sentence>
        <sentence id="16">
          <content>Al parecer, el dinosaurio era un carn&amp;iacute;voro que probablemente com&amp;iacute;a dinosaurios herb&amp;iacute;voros .</content>
        </sentence>
        <sentence id="17">
          <content>Sus dientes eran de casi 10 cent&amp;iacute;metros y se cree que su cr&amp;aacute;neo de 1 .</content>
        </sentence>
        <sentence id="18">
          <content>14 metros .</content>
        </sentence>
        <sentence id="19">
          <content>El ambiente en donde viv&amp;iacute;a era tropical, con temperaturas de entre los 30 y 35 grados cent&amp;iacute;grados .</content>
        </sentence>
        <sentence id="20">
          <content>Una diversa colecci&amp;oacuten de dinosaurios viv&amp;iacute;an en su &amp;aacute;rea .</content>
        </sentence>
        <sentence id="21">
          <content>"Con certeza, la fauna era dominada por dinosaurios", dijo Hendrickx .</content>
        </sentence>
        <sentence id="22">
          <content>Los espec&amp;iacute;menes que con seguridad pertenec&amp;iacute;an a esta especie incluyen un hueso con mand&amp;iacute;bula superior, dientes y una cola parcialmente vertebral, remanentes que fueron descubiertos en 2003 .</content>
        </sentence>
        <sentence id="23">
          <content>Hendrickx propone que otro material encontrado en el mismo lugar en Portugal tambi&amp;eacute;n pertenece al Torvosaurus gurneyi .</content>
        </sentence>
        <sentence id="24">
          <content>Una tibia y f&amp;eacute;mur parecen embonar en el perfil, as&amp;iacute; como embriones que Hendrickx, Mateus y colegas describieron en la revista Nature en 2013 .</content>
        </sentence>
        <sentence id="25">
          <content>El Torvosaurus gurneyiquiz&amp;aacute; estuvo cubierto con plumas, dando evidencia de una relaci&amp;oacuten cercana con los dinosaurios, dijeron los cient&amp;iacute;ficos .</content>
        </sentence>
        <sentence id="26">
          <content>Pero por sus colores, todav&amp;iacute;a nadie sabe con certeza .</content>
        </sentence>
        <sentence id="27">
          <content>Hendrickx nombr&amp;oacute la especie despu&amp;eacute;s de James Gurney, un artista y escritor conocido por su serie de libros ilustrados Dinotop&amp;iacute;a,una serie de libros sobre una sociedad de personas y dinosaurios .</content>
        </sentence>
      </sentences>
    </paragraph>
  </article>
</document>
