<?xml version="1.0" encoding="UTF-8"?>
<document id="441" link="http://mexico.cnn.com/tecnologia/2013/06/25/la-nasa-planea-descubrir-los-secretos-del-sol-en-una-nueva-mision" category="Tecnolog&amp;iacute;a" highlights_mapped="false">
  <title>La NASA planea descubrir los secretos del Sol en una nueva misi&amp;oacuten - Tecnolog&amp;iacute;a - CNNMexico.com</title>
  <keywords>ciencia, nasa, agencia espacial, mision, iris, sol, 26 de junio</keywords>
  <summaries>
    <highlights>
      <sentence id="1" ids_sentences_article="">La NASA iniciar&amp;aacute; este 27 de junio una nueva misi&amp;oacuten con la que espera conocer los secretos del Sol.</sentence>
      <sentence id="2" ids_sentences_article="">El observatorio espacial IRIS posee un poderoso telescopio con el que se estudiar&amp;aacute; al astro.</sentence>
    </highlights>
  </summaries>
  <article>
    <paragraph id="1">
      <sentences>
        <sentence id="1">
          <content>La NASA planea descubrir los secretos del Sol en una nueva misi&amp;oacuten.</content>
        </sentence>
        <sentence id="2">
          <content>La agencia espacial lanzar&amp;aacute; su observatorio solar IRIS este jueves para conocer como el Sol alcanza una temperatura tan elevada.</content>
        </sentence>
        <sentence id="3">
          <content>(CNNM&amp;eacute;xico) -- La agencia espacial de Estados Unidos, la NASA, lanzar&amp;aacute; este jueves su observatorio solar IRIS en su b&amp;uacute;squeda por resolver el mayor misterio que hasta el momento guarda el Sol: c&amp;oacutemo alcanza una temperatura tan elevada .</content>
        </sentence>
        <sentence id="4">
          <content>Desde una &amp;oacuterbita terrestre, IRIS apuntar&amp;aacute; un poderoso telescopio ultravioleta a la regi&amp;oacuten del Sol que guarda el secreto, la crom&amp;oacutesfera, con lo que la NASA espera obtener "la vista con mayor detalle que ha sido observada", dijo Adrian Draw, uno de los cient&amp;iacute;ficos encargados del proyecto .</content>
        </sentence>
        <sentence id="5">
          <content>"Mi opini&amp;oacuten es que veremos algo que no esperamos", dijo Draw, de acuerdo con un comunicado emitido por la NASA este martes en el que da a conocer el proyecto .</content>
        </sentence>
        <sentence id="6">
          <content>&amp;iquest;Qu&amp;eacute; est&amp;aacute; buscando IRIS?El Sol alcanza una alta temperatura de una forma que hasta ahora parece "m&amp;aacute;gica" para los cient&amp;iacute;ficos .</content>
        </sentence>
        <sentence id="7">
          <content>La producci&amp;oacuten de energ&amp;iacute;a del astro inicia en el n&amp;uacute;cleo, la parte interna del Sol, donde &amp;aacute;tomos de hidr&amp;oacutegeno se convierten en &amp;aacute;tomos de helio, explica la NASAen un video sobre su misi&amp;oacuten IRIS .</content>
        </sentence>
        <sentence id="8">
          <content>Mientras se aleja del n&amp;uacute;cleo, la energ&amp;iacute;a se enfr&amp;iacute;a debido a que se aleja de la zona de calor .</content>
        </sentence>
        <sentence id="9">
          <content>Pero luego pasa algo muy interesante, vuelve a calentarse, a&amp;uacute;n m&amp;aacute;s de lo que estaba en el n&amp;uacute;cleo .</content>
        </sentence>
        <sentence id="10">
          <content>La capa donde la temperatura misteriosamente vuelve a elevarse es la crom&amp;oacutesfera, una zona de interfase entre la fotosfera y la corona, esta &amp;uacute;ltima es la zona m&amp;aacute;s caliente y exterior del solque alcanza una temperatura de un mill&amp;oacuten de grados Kelvin .</content>
        </sentence>
        <sentence id="11">
          <content>IRIS investigar&amp;aacute; qu&amp;eacute; proceso ocurre en la crom&amp;oacutesfera que lleva a que la energ&amp;iacute;a se caliente otra vez .</content>
        </sentence>
        <sentence id="12">
          <content>"Va aobservar de forma cercanaesa regi&amp;oacuten en espec&amp;iacute;fico para ver como los cambios en la materia y la energ&amp;iacute;a ocurren en esa regi&amp;oacuten", dijo Jim Hall, director de la misi&amp;oacuten de IRIS .</content>
        </sentence>
        <sentence id="13">
          <content>Pegasus llevar&amp;aacute; al IRIS al espacioIRIS, diminutivo en ingl&amp;eacute;s para Espectr&amp;oacutegrafo de Im&amp;aacute;genes de la Regi&amp;oacuten de Interfaz, ser&amp;aacute; colocado en &amp;oacuterbita con el cohetePegasus XLque se caracteriza por ser el &amp;uacute;nico lanzador de la NASA que tiene alas .</content>
        </sentence>
        <sentence id="14">
          <content>ElPegasusy el IRIS ser&amp;aacute;n lanzados desde un avi&amp;oacuten nodriza L-1011 modificado para la misi&amp;oacuten que saldr&amp;aacute; de la Base de la Fuerza A&amp;eacute;rea Vandenberg en California este 27 de junio .</content>
        </sentence>
        <sentence id="15">
          <content>Sobre la costa de California, el avi&amp;oacuten soltar&amp;aacute; al Pegasus para iniciar el lanzamiento, a partir de ah&amp;iacute; ser&amp;aacute;n los motores de tres etapas del cohete los que pondr&amp;aacute;n en &amp;oacuterbita a IRIS .</content>
        </sentence>
        <sentence id="16">
          <content>El observatorio solar estar&amp;aacute; en una &amp;oacuterbita polar sincronizada con el Sol, es decir, cruzar&amp;aacute; sobre los polos norte y sur de la Tierra en cada vuelta alrededor del planeta, inform&amp;oacute la NASA en el comunicado .</content>
        </sentence>
        <sentence id="17">
          <content>Una vez que IRIS est&amp;eacute; en el espacio desplegar&amp;aacute; sus paneles solares que dar&amp;aacute;n electricidad al telescopio .</content>
        </sentence>
        <sentence id="18">
          <content>IRIS observar&amp;aacute; solo el 1% de la superficie solar, pero dar&amp;aacute; a los cient&amp;iacute;ficos la vista m&amp;aacute;s detallada del astro que hasta el momento se ha tenido .</content>
        </sentence>
      </sentences>
    </paragraph>
  </article>
</document>
