<?xml version="1.0" encoding="UTF-8"?>
<document id="742" link="http://mexico.cnn.com/tecnologia/2013/06/06/microsoft-enfoca-las-mejoras-de-windows-a-la-personalizacion-y-la-nube" category="Tecnolog&amp;iacute;a" highlights_mapped="false">
  <title>Microsoft enfoca mejoras de Windows a la personalizaci&amp;oacuten y la "nube" - Tecnolog&amp;iacute;a - CNNMexico.com</title>
  <keywords>internet, windows, microsoft, windows 8.1, windows blue, mejoras, personalizacion, busqueda, skydrive</keywords>
  <summaries>
    <highlights>
      <sentence id="1" ids_sentences_article="">El Windows 8 . 1 regresa el bot&amp;oacuten "Inicio" a la pantalla.</sentence>
      <sentence id="2" ids_sentences_article="">Tiene mejoras en personalizaci&amp;oacuten, b&amp;uacute;squeda, aplicaciones y conectividad a SkyDrive.</sentence>
      <sentence id="3" ids_sentences_article="">Las ventas de licencias de Windows 8 ya superan los 100 millones.</sentence>
    </highlights>
  </summaries>
  <article>
    <paragraph id="1">
      <sentences>
        <sentence id="1">
          <content>Microsoft enfoca mejoras de Windows a la personalizaci&amp;oacuten y la "nube".</content>
        </sentence>
        <sentence id="2">
          <content>El sistema operativo 8 .</content>
        </sentence>
        <sentence id="3">
          <content>1 permite que los usuarios modifiquen las pantallas de inicio a su gusto y facilita el manejo de 'apps'.</content>
        </sentence>
        <sentence id="4">
          <content>(CNNM&amp;eacute;xico) -- Tras recibir comentarios de usuarios respecto al Windows 8 .</content>
        </sentence>
        <sentence id="5">
          <content>0, Microsoft actualizar&amp;aacute; el sistema operativo para devolver el bot&amp;oacuten 'Inicio' y mejorar la personalizaci&amp;oacuten, las b&amp;uacute;squedas y la conectividad en lanube .</content>
        </sentence>
        <sentence id="6">
          <content>El Windows 8 .</content>
        </sentence>
        <sentence id="7">
          <content>1 oWindows Blueser&amp;aacute; presentado el 26 de junio en la conferencia de desarrolladores de Microsoft en San Francisco y ser&amp;aacute; gratuito para los usuarios de Windows 8 .</content>
        </sentence>
        <sentence id="8">
          <content>"Ofrecer&amp;aacute; mejoras en &amp;aacute;reas clave como la personalizaci&amp;oacuten, la b&amp;uacute;squeda, las aplicaciones ya incorporadas, la experiencia Windows Store y la nube de conectividad", indic&amp;oacute el vicepresidente corporativo para gesti&amp;oacuten de programas de Windows, Antoine Leblond, en la publicaci&amp;oacuten de un blog de la compa&amp;ntilde;&amp;iacute;a el pasado 30 de mayo .</content>
        </sentence>
        <sentence id="9">
          <content>Tambi&amp;eacute;n existen mejoras en las aplicaciones, como la de fotos, que ahora tiene nuevas opciones de edici&amp;oacuten .</content>
        </sentence>
        <sentence id="10">
          <content>Adem&amp;aacute;s, las im&amp;aacute;genes pueden abrirse directamente desde el correo o SkyDrive .</content>
        </sentence>
        <sentence id="11">
          <content>La aplicaci&amp;oacuten de m&amp;uacute;sica tambi&amp;eacute;n fue redise&amp;ntilde;ada .</content>
        </sentence>
        <sentence id="12">
          <content>Adem&amp;aacute;s, se podr&amp;aacute;n utilizar m&amp;uacute;ltiples aplicaciones a la vez .</content>
        </sentence>
        <sentence id="13">
          <content>Microsoft volvi&amp;oacute a poner su conocido logotipo de Windows en la esquina inferior izquierda de la pantalla, algo que los usuarios extra&amp;ntilde;aban .</content>
        </sentence>
        <sentence id="14">
          <content>Ahora, las b&amp;uacute;squedas con Bing integrar&amp;aacute;n contenido de fuentes como aplicaciones y archivos almacenados enla nube de Microsoft, SkyDrive .</content>
        </sentence>
        <sentence id="15">
          <content>El a&amp;ntilde;o pasado fue lanzado Windows 8, para ayudar a la transici&amp;oacuten de Microsoft hacia las tabletas y otros dispositivos m&amp;oacuteviles, aunque tambi&amp;eacute;n sirve para las computadoras tradicionales .</content>
        </sentence>
        <sentence id="16">
          <content>Microsoft anunci&amp;oacute recientemente que las ventas de licencias de Windows 8 ya superan los 100 millones .</content>
        </sentence>
      </sentences>
    </paragraph>
  </article>
</document>
