<?xml version="1.0" encoding="UTF-8"?>
<document id="295" link="http://mexico.cnn.com/tecnologia/2014/01/02/el-hubble-capta-las-atmosferas-de-dos-planetas-fuera-del-sistema-solar" category="Tecnolog&amp;iacute;a" highlights_mapped="false">
  <title>El Hubble capta las atm&amp;oacutesferas de dos planetas fuera del sistema solar - Tecnolog&amp;iacute;a - CNNMexico.com</title>
  <keywords>ciencia, hubble, planetas, nubes, atmosferas, estudio, analisis, habitables, tierra, via lactea</keywords>
  <summaries>
    <highlights>
      <sentence id="1" ids_sentences_article="">Con ayuda del telescopio espacial Hubble, cient&amp;iacute;ficos lograron analizar la composici&amp;oacuten de la atm&amp;oacutesfera de dos exoplanetas.</sentence>
      <sentence id="2" ids_sentences_article="">El GJ 436b y el GJ 1214b fueron estudiados con &amp;eacute;xito y se encontraron indicios de vapor de agua, mon&amp;oacutexido de carbono o di&amp;oacutexido de carbono.</sentence>
      <sentence id="3" ids_sentences_article="">Un estudio a mayor profundidad podr&amp;iacute;a revelar si estos planetas se convierten a algo parecido a la Tierra o del tipo gaseoso como J&amp;uacute;piter.</sentence>
    </highlights>
  </summaries>
  <article>
    <paragraph id="1">
      <sentences>
        <sentence id="1">
          <content>El Hubble capta las atm&amp;oacutesferas de dos planetas fuera del sistema solar.</content>
        </sentence>
        <sentence id="2">
          <content>Los cient&amp;iacute;ficos analizaron con el telescopio espacial cu&amp;aacute;l es la composici&amp;oacuten de las atm&amp;oacutesferas en los planetas GJ 436b y GJ 1214b.</content>
        </sentence>
        <sentence id="3">
          <content>(CNNM&amp;eacute;xico) -- Si hoy vivieras en el planeta GJ 436b, que est&amp;aacute; "tan cerca" como unos 36 a&amp;ntilde;os luz de la Tierra, nunca tendr&amp;iacute;as que preocuparte por consultar el pron&amp;oacutestico del clima, pues ah&amp;iacute; todo el tiempo est&amp;aacute; nublado .</content>
        </sentence>
        <sentence id="4">
          <content>Dos equipos de cient&amp;iacute;ficos lograron entender c&amp;oacutemo es la atm&amp;oacutesfera de los planetas GJ 436b y GJ 1214b, que tienen caracter&amp;iacute;sticas entre rocosas y gaseosas, con ayuda del telescopio espacial Hubble, seg&amp;uacute;n un reporte de la NASA .</content>
        </sentence>
        <sentence id="5">
          <content>Hasta ahora, los investigadores no hab&amp;iacute;an podido analizar la composici&amp;oacuten de sus atm&amp;oacutesferas, densas en gases, pero emplearon h&amp;aacute;bilmente la capacidad de observaci&amp;oacuten del Hubble: esperaron a que sus respectivas estrellas filtraran su luz entre las atm&amp;oacutesferas para mirar a trav&amp;eacute;s de ellas .</content>
        </sentence>
        <sentence id="6">
          <content>El an&amp;aacute;lisis pretende determinar qu&amp;eacute; tan habitables o no ser&amp;iacute;an otros planetas, y en esta investigaci&amp;oacuten los resultados permiten entenderlo .</content>
        </sentence>
        <sentence id="7">
          <content>En el caso del GJ 436b, ubicado en la constelaci&amp;oacuten de Leo, los cient&amp;iacute;ficos lo llamaron un "c&amp;aacute;lido Neptuno" debido a que se encuentra m&amp;aacute;s cercano a su estrella que el de nuestro sistema solar, y lo revelador fue que no contienen "huellas qu&amp;iacute;micas de ning&amp;uacute;n tipo en la atm&amp;oacutesfera del planeta" .</content>
        </sentence>
        <sentence id="8">
          <content>Esto revel&amp;oacute que tienen una nubosidad con elementos que pueden encontrarse en la Tierra .</content>
        </sentence>
        <sentence id="9">
          <content>"Cualquiera de estos planeta tienen una alta capa de nubes que oscurecen la visi&amp;oacuten, o tienen una atm&amp;oacutesfera libre de nubes deficiente en hidr&amp;oacutegeno, lo que la har&amp;iacute;a muy diferente a la de Neptuno", dijo Heather Knutson, del Instituto de Tecnolog&amp;iacute;a de California, encargado del estudio del GJ 436b .</content>
        </sentence>
        <sentence id="10">
          <content>"En lugar de hidr&amp;oacutegeno, podr&amp;iacute;a tener cantidades relativamente grandes de mol&amp;eacute;culas m&amp;aacute;s pesadas como vapor de agua, mon&amp;oacutexido de carbono y di&amp;oacutexido de carbono, lo que comprime la atm&amp;oacutesfera y hace que sea dif&amp;iacute;cil para nosotros para detectar las firmas qu&amp;iacute;micas", dijo .</content>
        </sentence>
        <sentence id="11">
          <content>El GJ 1214b, que est&amp;aacute; a 40 a&amp;ntilde;os luz en la constelaci&amp;oacuten de Ofiuco y que fue estudiado por la Universidad de Chicago, tiene una atm&amp;oacutesfera predominante de vapor de agua o hidr&amp;oacutegeno con nubes altas, seg&amp;uacute;n los resultados de sus investigaciones .</content>
        </sentence>
        <sentence id="12">
          <content>La informaci&amp;oacuten es considerada por la NASA como un hito para este tipo de estudios .</content>
        </sentence>
        <sentence id="13">
          <content>"Ambos planetas nos est&amp;aacute;n diciendo algo acerca de la diversidad de tipos de planetas que se producen fuera de nuestro sistema solar, en este caso estamos descubriendo que no podemos conocerlos tan bien como pens&amp;aacute;bamos", dijo Knutson .</content>
        </sentence>
        <sentence id="14">
          <content>"Nos agrada mucho poder determinar el tama&amp;ntilde;o de estos planetas en su transici&amp;oacuten de gigantes minigaseosos a algo m&amp;aacute;s parecido a un mundo de agua o una versi&amp;oacuten rocosa, parecida a la Tierra", agreg&amp;oacute .</content>
        </sentence>
        <sentence id="15">
          <content>Las observaciones de estos dos planetas est&amp;aacute;n contribuyendo a responder si ese tipo de planetas, muy comunes en la galaxia, est&amp;aacute;n en un proceso de transformaci&amp;oacuten a como es actualmente la Tierra, o si est&amp;aacute;n haci&amp;eacute;ndose gaseosos como J&amp;uacute;piter .</content>
        </sentence>
        <sentence id="16">
          <content>Knutson dice que la respuesta de qu&amp;eacute; tipo de superficie tienen podr&amp;iacute;a llegar en un futuro no tan lejano con el lanzamiento en esta d&amp;eacute;cada del telescopio espacial James Webb, el cual tendr&amp;aacute; la capacidad de penetrar las atm&amp;oacutesferas de esos planetas .</content>
        </sentence>
      </sentences>
    </paragraph>
  </article>
</document>
