<?xml version="1.0" encoding="UTF-8"?>
<document id="360" link="http://mexico.cnn.com/tecnologia/2013/09/19/la-saturacion-del-servicio-causa-retrasos-en-la-instalacion-del-ios-7" category="Tecnolog&amp;iacute;a" author="Adrian Covert" highlights_mapped="false">
  <title>La saturaci&amp;oacuten del servicio causa retrasos en la instalaci&amp;oacuten del iOS 7 - Tecnolog&amp;iacute;a - CNNMexico.com</title>
  <keywords>movil, ios 7, descarga, lenta, problemas, servidores, apple, sistema operativo, iphone, ipod, ipad</keywords>
  <summaries>
    <highlights>
      <sentence id="1" ids_sentences_article="">Usuarios de dispositivos de Apple han reportado una muy lenta descarga del nuevo sistema operativo iOS 7.</sentence>
      <sentence id="2" ids_sentences_article="">El problema podr&amp;iacute;a ser que los servidores de Apple est&amp;aacute;n saturados por la alta demanda de la plataforma.</sentence>
      <sentence id="3" ids_sentences_article="">Tambi&amp;eacute;n los desarrolladores de aplicaciones est&amp;aacute;n actualizando sus versiones para el nuevo iOS 7.</sentence>
    </highlights>
  </summaries>
  <article>
    <paragraph id="1">
      <sentences>
        <sentence id="1">
          <content>La saturaci&amp;oacuten del servicio causa retrasos en la instalaci&amp;oacuten del iOS 7.</content>
        </sentence>
        <sentence id="2">
          <content>Usuarios han reportado que la descarga del nuevo sistema operativo de Apple va muy lenta ante la sobrecarga en los servidores.</content>
        </sentence>
        <sentence id="3">
          <content>(CNNMoney) -- Si el iOS 7 est&amp;aacute; descarg&amp;aacute;ndose muy, muy lento, o simplemente no se est&amp;aacute; instalando en tu iPhone, &amp;iexcl;no entres en p&amp;aacute;nico!Es probable que hayas sido afectado por la sobrecarga de los servidores de Apple .</content>
        </sentence>
        <sentence id="4">
          <content>Usuarios en toda la web han estado viendo en sus iPhones una notificaci&amp;oacuten de que la actualizaci&amp;oacuten no pudo descargarse o que simplemente elsoftwareno est&amp;aacute; disponible .</content>
        </sentence>
        <sentence id="5">
          <content>Eso suena muy parecido a los problemas que surgen cada a&amp;ntilde;o connuevas actualizaciones de iOS .</content>
        </sentence>
        <sentence id="6">
          <content>Y si la historia sirve como indicador, es un problema que va a solucionarse m&amp;aacute;s temprano que tarde .</content>
        </sentence>
        <sentence id="7">
          <content>Lo que ocurre es que hay m&amp;aacute;s personas intentando usar los servidores de Apple simult&amp;aacute;neamente que los servidores pueden aguantar .</content>
        </sentence>
        <sentence id="8">
          <content>Y no s&amp;oacutelo tienes que conectarte para descargar elsoftware, sino que debes conectarte de nuevo para que los servidores verifiquen que elhardwarey elsoftwareson leg&amp;iacute;timos antes de que puedas instalar iOS 7 .</content>
        </sentence>
        <sentence id="9">
          <content>Suma a la actualizaci&amp;oacuten el hecho de quecada desarrollador de aplicaciones est&amp;aacute; realizandosus actualizaciones para el nuevo sistema operativo, y la tormenta perfecta de congesti&amp;oacuten es una realidad .</content>
        </sentence>
        <sentence id="10">
          <content>En tanto haya menos demanda para la actualizaci&amp;oacuten, la posibilidad de que los usuarios tengan este problema disminuir&amp;aacute; .</content>
        </sentence>
        <sentence id="11">
          <content>As&amp;iacute; que la soluci&amp;oacuten es, sencillamente, esperar .</content>
        </sentence>
      </sentences>
    </paragraph>
  </article>
</document>
