<?xml version="1.0" encoding="UTF-8"?>
<document id="450" link="http://mexico.cnn.com/tecnologia/2013/05/29/facebook-eliminara-contenido-que-promueva-la-violencia-contra-las-mujeres" category="Tecnolog&amp;iacute;a" highlights_mapped="false">
  <title>Facebook eliminar&amp;aacute; contenido que promueva la violencia contra las mujeres - Tecnolog&amp;iacute;a - CNNMexico.com</title>
  <keywords>redes sociales, facebook, violencia de genero, eliminara, paginas, contenido, mujeres, boicot, publicitario, nissan,</keywords>
  <summaries>
    <highlights>
      <sentence id="1" ids_sentences_article="">Facebook albergaba p&amp;aacute;ginas como 'Violar con violencia a tu amiga solo para re&amp;iacute;rte'.</sentence>
      <sentence id="2" ids_sentences_article="">Tambi&amp;eacute;n permit&amp;iacute;a fotograf&amp;iacute;as de mujeres golpeadas, heridas, maniatadas, drogadas o sangrando.</sentence>
    </highlights>
  </summaries>
  <article>
    <paragraph id="1">
      <sentences>
        <sentence id="1">
          <content>Facebook eliminar&amp;aacute; contenido que promueva la violencia contra las mujeres.</content>
        </sentence>
        <sentence id="2">
          <content>La decisi&amp;oacuten fue tomada luego de que una grupo de organizaciones civiles lanzara un boicot publicitario contra la empresa californiana.</content>
        </sentence>
        <sentence id="3">
          <content>LOS &amp;Aacute;NGELES (EFE) -- La empresa californiana Facebook prometi&amp;oacute que tomar&amp;aacute; medidas para evitar que se sigan publicando materiales que promueven la violencia contra la mujer en esta red social .</content>
        </sentence>
        <sentence id="4">
          <content>El anuncio ocurre en respuesta a un boicot publicitario promovido por grupos feministas .</content>
        </sentence>
        <sentence id="5">
          <content>Facebook admiti&amp;oacute que sus sistemas para identificar y eliminar discursos de odio no han funcionado como deber&amp;iacute;an, en particular en lo referente a violencia de g&amp;eacute;nero .</content>
        </sentence>
        <sentence id="6">
          <content>La red social alojaba p&amp;aacute;ginas comoViolar con violencia a tu amiga solo para re&amp;iacute;rte,Violar a tu novia y a muchas, muchas m&amp;aacute;s, as&amp;iacute; como fotograf&amp;iacute;as de mujeres golpeadas, heridas, maniatadas, drogadas o sangrando .</content>
        </sentence>
        <sentence id="7">
          <content>"En algunos casos, el contenido no es borrado tan r&amp;aacute;pido como queremos .</content>
        </sentence>
        <sentence id="8">
          <content>En otros, contenido que deber&amp;iacute;a ser eliminado no lo ha sido o ha sido evaluado con criterios desfasados", indic&amp;oacute la vicepresidenta de Pol&amp;iacute;tica P&amp;uacute;blica Global de Facebook, Marne Levine .</content>
        </sentence>
        <sentence id="9">
          <content>Facebook ratific&amp;oacute su voluntad de continuar fomentando la libertad de expresi&amp;oacuten en su red social aunque reconoci&amp;oacute que debe prestar m&amp;aacute;s atenci&amp;oacuten a lo que publican sus m&amp;aacute;s de 1,000 millones de usuarios .</content>
        </sentence>
        <sentence id="10">
          <content>"Necesitamos mejorar y lo haremos", declar&amp;oacute Levine .</content>
        </sentence>
        <sentence id="11">
          <content>Y sobre el fundador de Facebook: 10 cosas que no sab&amp;iacute;as .</content>
        </sentence>
        <sentence id="12">
          <content>Decenas de asociaciones como The Everyday Sexism Project y Women, Action &amp; the Media, enviaron el 21 de mayo a la direcci&amp;oacuten de la red social una carta abierta en la que ped&amp;iacute;an que dejara de tolerar los mensajes que aplauden comportamientos agresivos contra la mujer .</content>
        </sentence>
        <sentence id="13">
          <content>En la misiva anunciaban una campa&amp;ntilde;a para concienciar a los anunciantes para que dejaran de publicitarse en Facebook hasta que el equipo de Mark Zuckerberg reaccionara .</content>
        </sentence>
        <sentence id="14">
          <content>"Los participantes enviaron m&amp;aacute;s de 60,000 tuits y 5,000 correos electr&amp;oacutenicos, y nuestra coalici&amp;oacuten (firmantes de la carta) ha crecido hasta superar el centenar de grupos a favor de la mujer y organizaciones de justicia social", asegur&amp;oacute este mi&amp;eacute;rcoles Women, Action &amp; the Media .</content>
        </sentence>
        <sentence id="15">
          <content>Una quincena de empresas se sumaron al boicot, entre ellas, Nissan en Gran Breta&amp;ntilde;a .</content>
        </sentence>
        <sentence id="16">
          <content>&amp;iquest;Sab&amp;iacute;as que Arabia Saudita lanz&amp;oacute su primera campa&amp;ntilde;a contra la violencia dom&amp;eacute;stica?</content>
        </sentence>
        <sentence id="17">
          <content>"Prohibimos contenido considerado da&amp;ntilde;ino de forma directa, pero permitimos contenido que es ofensivo o controvertido", aclar&amp;oacute Levine quien apunt&amp;oacute que Facebook tambi&amp;eacute;n es tajante con el "discurso del odio" en el cual se incluye el de la violencia de g&amp;eacute;nero .</content>
        </sentence>
        <sentence id="18">
          <content>La red social enumer&amp;oacute una serie de medidas de aplicaci&amp;oacuten inmediata para asegurar que esto no ocurra de nuevo, entre ellas, revisar las directrices para evaluar contenidos, actualizar la formaci&amp;oacuten de los equipos que filtran contenidos nocivos y exponer la identidad real de quienes usan Facebook para promover el odio .</content>
        </sentence>
        <sentence id="19">
          <content>A principios de mayo,Facebook anunci&amp;oacute que eliminar&amp;iacute;a videos de decapitaciones compartidos por sus usuarios .</content>
        </sentence>
        <sentence id="20">
          <content>La empresa los hab&amp;iacute;a permitido hasta ese momento porque los videos formaban parte de una campa&amp;ntilde;a que condenada este acto, pero la presi&amp;oacuten de los usuarios hizo que finalmente decidiera eliminarlos .</content>
        </sentence>
      </sentences>
    </paragraph>
  </article>
</document>
