<?xml version="1.0" encoding="UTF-8"?>
<document id="383" link="http://mexico.cnn.com/tecnologia/2013/08/30/sabes-que-informacion-tiene-facebook-de-ti-la-red-social-lo-aclara" category="Tecnolog&amp;iacute;a" highlights_mapped="false">
  <title>&amp;iquestSabes qu&amp;eacute; informaci&amp;oacuten tiene Facebook de ti? La red social lo aclara  - Tecnolog&amp;iacute;a - CNNMexico.com</title>
  <keywords>redes sociales, Facebook, politicas de privacidad, cambios, informacion, recolecta</keywords>
  <summaries>
    <highlights>
      <sentence id="1" ids_sentences_article="">Facebook indic&amp;oacute que tiene acceso a tu direcci&amp;oacuten IP, n&amp;uacute;mero de tel&amp;eacute;fono y ubicaci&amp;oacuten.</sentence>
      <sentence id="2" ids_sentences_article="">Las modificaciones pretenden transparentar los procesos de recolecci&amp;oacuten de datos y su uso.</sentence>
    </highlights>
  </summaries>
  <article>
    <paragraph id="1">
      <sentences>
        <sentence id="1">
          <content>&amp;iquestSabes qu&amp;eacute; informaci&amp;oacuten tiene Facebook de ti?</content>
        </sentence>
        <sentence id="2">
          <content>La red social lo aclara.</content>
        </sentence>
        <sentence id="3">
          <content>La red social informar&amp;aacute; c&amp;oacutemo recolecta los datos de los usuarios y para qu&amp;eacute; los utiliza, seg&amp;uacute;n una actualizaci&amp;oacuten en su privacidad.</content>
        </sentence>
        <sentence id="4">
          <content>(CNNM&amp;eacute;xico) -- Facebook anunci&amp;oacute una propuesta de modificaci&amp;oacuten a sus pol&amp;iacute;ticas de privacidad, que incluye explicaciones m&amp;aacute;s claras sobre la informaci&amp;oacuten de los usuarios a la que la red social tiene acceso, inform&amp;oacute la empresa en su blog oficial .</content>
        </sentence>
        <sentence id="5">
          <content>Las nuevas pol&amp;iacute;ticas de Facebook aclaran que la red social tiene acceso a tu direcci&amp;oacuten IP, sistema operativo y n&amp;uacute;mero de tel&amp;eacute;fono (en caso de que te conectes desde un smartphone), ubicaci&amp;oacuten, entre otros .</content>
        </sentence>
        <sentence id="6">
          <content>Estos datos se usan para proporcionar servicios como notificaciones o para mostrarte qui&amp;eacute;nes de tus amigos est&amp;aacute;n cerca de ti, seg&amp;uacute;n su publicaci&amp;oacuten .</content>
        </sentence>
        <sentence id="7">
          <content>Adem&amp;aacute;s la red social anunci&amp;oacute que rescribi&amp;oacute la secci&amp;oacuten de anuncios en el sitio y que la informaci&amp;oacuten usada para mostrar la publicidad personalizada en su sitio incluye datos demogr&amp;aacute;ficos, palabras clave e intereses .</content>
        </sentence>
        <sentence id="8">
          <content>La empresa indic&amp;oacute que recibir&amp;aacute; comentarios de los usuarios antes de cambiar sus documentos y que publicar&amp;aacute; las modificaciones y los detalles del proceso en su sitio .</content>
        </sentence>
        <sentence id="9">
          <content>La red social ya contaba con la capacidad para realizar estas funciones y solo se trata de una actualizaci&amp;oacuten de su pol&amp;iacute;tica de privacidad .</content>
        </sentence>
        <sentence id="10">
          <content>Facebook, al igual que otras empresas de tecnolog&amp;iacute;a como Microsoft y Google, han estado bajo el escrutinio p&amp;uacute;blico por su presunta participaci&amp;oacuten en el plan de espionaje de la Agencia de Seguridad Nacional de Estados Unidos (NSA) .</content>
        </sentence>
        <sentence id="11">
          <content>Esta semana la empresa revel&amp;oacute que recibi&amp;oacute 78 solicitudes de informaci&amp;oacuten del gobierno mexicano y de otros pa&amp;iacute;ses .</content>
        </sentence>
        <sentence id="12">
          <content>Puedes revisar las nuevas pol&amp;iacute;ticas aqu&amp;iacute; .</content>
        </sentence>
      </sentences>
    </paragraph>
  </article>
</document>
