<?xml version="1.0" encoding="UTF-8"?>
<document id="404" link="http://mexico.cnn.com/tecnologia/2013/08/15/la-nasa-busca-una-mision-nueva-para-un-veterano-cazador-de-planetas" category="Tecnolog&amp;iacute;a" author="Matt Smith" highlights_mapped="false">
  <title>La NASA busca una misi&amp;oacuten nueva para un veterano 'cazador de planetas' - Tecnolog&amp;iacute;a - CNNMexico.com</title>
  <keywords>ciencia, telescopio espacial, kepler, nasa, exploracion espacial, posibles planetas, paul herz, agencia aeroespacial</keywords>
  <summaries>
    <highlights>
      <sentence id="1" ids_sentences_article="">El Kepler qued&amp;oacute fuera de acci&amp;oacuten cuando dos de sus cuatro aparatos de observaci&amp;oacuten fallaron.</sentence>
      <sentence id="2" ids_sentences_article="">La NASA eval&amp;uacute;a la posibilidad de financiar su descompostura si se le reasigna una nueva misi&amp;oacuten que justifique el presupuesto que costar&amp;aacute; su reparaci&amp;oacuten.</sentence>
    </highlights>
  </summaries>
  <article>
    <paragraph id="1">
      <sentences>
        <sentence id="1">
          <content>La NASA busca una misi&amp;oacuten nueva para un veterano 'cazador de planetas'.</content>
        </sentence>
        <sentence id="2">
          <content>El telescopio espacial Kepler lleva meses inhabilitado, por lo que los cient&amp;iacute;ficos analizan c&amp;oacutemo reocuparlo y si vale la pena la inversi&amp;oacuten.</content>
        </sentence>
        <sentence id="3">
          <content>(CNN) -- Aunque pruebas para restaurar la capacidad del telescopio espacial Kepler de apuntar con precisi&amp;oacuten a estrellas distantes fallaron, la NASA espera hallar una misi&amp;oacuten alternativa para el dispositivo rastreador de planetas, inform&amp;oacute este jueves la agencia espacial .</content>
        </sentence>
        <sentence id="4">
          <content>El Kepler ha estado fuera de acci&amp;oacuten desde mediados de mayo, despu&amp;eacute;s de que el segundo de cuatro de sus aparatos usados para apuntar el telescopio dej&amp;oacute de funcionar .</content>
        </sentence>
        <sentence id="5">
          <content>Los controladores han tratado de restablecer al menos uno de los dos dispositivos, conocidos como ruedas de reacci&amp;oacuten, pero ambos generan demasiada fricci&amp;oacuten para seguir operando, dijeron funcionarios de la NASA .</content>
        </sentence>
        <sentence id="6">
          <content>La misi&amp;oacuten del Kepler, de casi 600 millones de d&amp;oacutelares,ha confirmado hasta ahora 134 planetas e identificado casi 3,000 posibles planetas m&amp;aacute;s all&amp;aacute; de nuestro sistema solar .</content>
        </sentence>
        <sentence id="7">
          <content>La NASA ahora intenta determinar si hay otras observaciones que el Kepler pueda realizar, que no requieran el nivel de control preciso demandado para su funci&amp;oacuten original, siempre y cuando la ciencia sea "lo suficientemente convincente para justificar la inversi&amp;oacuten continua en las operaciones del Kepler", dijo el jefe de la divisi&amp;oacuten de astrof&amp;iacute;sica de la NASA, Paul Herz .</content>
        </sentence>
        <sentence id="8">
          <content>El Kepler fue lanzado en marzo de 2009 desde Cabo Ca&amp;ntilde;averal, Florida, por un cohete Delta II, con lo que la NASA se convirti&amp;oacute en la primera agencia espacial en enviar un dispositivo al espacio para buscar planetas similares a la Tierra .</content>
        </sentence>
        <sentence id="9">
          <content>Su misi&amp;oacuten fue programada para durar tres a&amp;ntilde;os y medio .</content>
        </sentence>
      </sentences>
    </paragraph>
  </article>
</document>
