<?xml version="1.0" encoding="UTF-8"?>
<document id="184" link="http://mexico.cnn.com/tecnologia/2013/05/14/microsoft-remodelara-al-windows-8-con-un-toque-de-blue" category="Tecnolog&amp;iacute;a" highlights_mapped="false">
  <title>Microsoft remodelar&amp;aacute; al Windows 8 con un toque de 'blue'  - Tecnolog&amp;iacute;a - CNNMexico.com</title>
  <keywords>internet, actualizacion de windows 8, sistema operativo de microsoft, windows blue, tami reller,</keywords>
  <summaries>
    <highlights>
      <sentence id="1" ids_sentences_article="">Microsoft anunci&amp;oacute la actualizaci&amp;oacuten de Windows 8, que se llamar&amp;aacute; Windows Blue.</sentence>
      <sentence id="2" ids_sentences_article="">La plataforma est&amp;aacute; dirigida a "la pr&amp;oacutexima generaci&amp;oacuten de tabletas y PCs", seg&amp;uacute;n la compa&amp;ntilde;&amp;iacute;a.</sentence>
    </highlights>
  </summaries>
  <article>
    <paragraph id="1">
      <sentences>
        <sentence id="1">
          <content>Microsoft remodelar&amp;aacute; al Windows 8 con un toque de 'blue'.</content>
        </sentence>
        <sentence id="2">
          <content>Windows Blue ser&amp;aacute; la versi&amp;oacuten actualizada del sistema operativo y estar&amp;aacute; disponible a finales de 2013, seg&amp;uacute;n la compa&amp;ntilde;&amp;iacute;a.</content>
        </sentence>
        <sentence id="3">
          <content>NUEVA YORK (AFP) -- Microsoft anunci&amp;oacute este martes el lanzamiento de una versi&amp;oacuten actualizada de su sistema operativo Windows 8, en el mercado desde hace seis meses .</content>
        </sentence>
        <sentence id="4">
          <content>"Windows Blue es el nombre de una actualizaci&amp;oacuten que estar&amp;aacute; disponible a finales de este a&amp;ntilde;o, basada en el audaz planteo hecho con Windows 8 para ofrecer en la pr&amp;oacutexima generaci&amp;oacuten de tabletas y PCs", dijo la responsable de marketing de Microsoft, Tami Reller, en un blog .</content>
        </sentence>
        <sentence id="5">
          <content>"Ofrecer&amp;aacute; las &amp;uacute;ltimas innovaciones a trav&amp;eacute;s de una cada vez m&amp;aacute;s amplia gama de factores de forma de todos los tama&amp;ntilde;os, pantallas, duraci&amp;oacuten de la bater&amp;iacute;a y rendimiento, creando nuevas oportunidades para nuestro ecosistema", se&amp;ntilde;al&amp;oacute Reller .</content>
        </sentence>
        <sentence id="6">
          <content>Seg&amp;uacute;n la directiva, Windows Blue "es parte de un esfuerzo m&amp;aacute;s amplio" para avanzar en los dispositivos y servicios de Microsoft .</content>
        </sentence>
        <sentence id="7">
          <content>Reller se&amp;ntilde;al&amp;oacute que la empresa ha "superado recientemente los 100 millones de licencias de marca vendidas para Windows 8", entre ellas para los nuevos dispositivos y actualizaciones .</content>
        </sentence>
        <sentence id="8">
          <content>Eso supone un aumento desde los 60 millones en la &amp;uacute;ltima actualizaci&amp;oacuten de la compa&amp;ntilde;&amp;iacute;a en enero .</content>
        </sentence>
        <sentence id="9">
          <content>Al responder sobre la t&amp;iacute;mida respuesta del p&amp;uacute;blico al Windows 8, Reller dijo queel nuevo sistema operativo "es un cambio ambicioso" .</content>
        </sentence>
        <sentence id="10">
          <content>"Si bien somos conscientes de que el cambio lleva tiempo, nos sentimos bien con el progreso desde su lanzamiento, incluyendo lo que hemos sido capaces de lograr con respecto a la reacci&amp;oacuten de los ecosistemas y a los clientes a los nuevos PCs y tabletas que est&amp;aacute;n disponibles ahora o pronto llegar&amp;aacute;n al mercado", a&amp;ntilde;adi&amp;oacute .</content>
        </sentence>
      </sentences>
    </paragraph>
  </article>
</document>
