<?xml version="1.0" encoding="UTF-8"?>
<document id="614" link="http://mexico.cnn.com/tecnologia/2012/10/30/quien-y-como-se-determinan-los-nombres-de-las-tormentas" category="Tecnolog&amp;iacute;a" highlights_mapped="false">
  <title>Qui&amp;eacute;n y c&amp;oacutemo se determinan los nombres de las tormentas  - El impacto de 'Sandy' en EU - Tecnolog&amp;iacute;a - CNNMexico.com</title>
  <keywords>ciencia, nombre, tormenta, ciclon, pacifico, atlantico, nombres, llaman,</keywords>
  <summaries>
    <highlights>
      <sentence id="1" ids_sentences_article="">El uso de nombres para los fen&amp;oacutemenos meteorol&amp;oacutegicos es para evitar confusiones cuando dos eventos ocurren al mismo tiempo.</sentence>
      <sentence id="2" ids_sentences_article="">En el pasado, las tormentas se nombraban en honor a las novias y esposas de los meteor&amp;oacutelogos.</sentence>
      <sentence id="3" ids_sentences_article="">Durante un tiempo se utiliz&amp;oacute la latitud y longitud del centro de la tormenta para identificarla.</sentence>
      <sentence id="4" ids_sentences_article="">Los cient&amp;iacute;ficos utilizan nombres cortos y reciclables para evitar confusiones.</sentence>
    </highlights>
  </summaries>
  <article>
    <paragraph id="1">
      <sentences>
        <sentence id="1">
          <content>Qui&amp;eacute;n y c&amp;oacutemo se determinan los nombres de las tormentas.</content>
        </sentence>
        <sentence id="2">
          <content>A lo largo de la historia, las tormentas han sido nombradas en honor de novias, santos y ubicaciones, pero hoy se utiliza un m&amp;eacute;todo estable.</content>
        </sentence>
        <sentence id="3">
          <content>(CNNM&amp;eacute;xico) -- &amp;iquest;En honor de qui&amp;eacute;n bautizar&amp;iacute;as una tormenta; de tu novia, de tu mam&amp;aacute;, de tu suegra?</content>
        </sentence>
        <sentence id="4">
          <content>&amp;iquest;Y en qu&amp;eacute; te basar&amp;iacute;as; en la fecha cuando ocurre; en el n&amp;uacute;mero de tormenta que le corresponde en el a&amp;ntilde;o, o en su intensidad?En la historia, los estudiosos del clima se han basado en diversos m&amp;eacute;todos, como el nombre de santoral al que corresponde ese d&amp;iacute;a, por n&amp;uacute;meros correspondientes a su latitud y longitud en el mapa, o nombres de mujeres al azar, para identificar a las tormentas en todo el mundo .</content>
        </sentence>
        <sentence id="5">
          <content>Pero eventualmente lograron ponerse de acuerdo y establecer un m&amp;eacute;todo para nombrarlas .</content>
        </sentence>
        <sentence id="6">
          <content>De hecho, si te suenan familiares los nombres es porquese repiten cada seis a&amp;ntilde;os, y se busca que sean cortos y sencillos .</content>
        </sentence>
        <sentence id="7">
          <content>El primer nombre de este m&amp;eacute;todo fueAlice, en 1953, cuando el Centro Nacional de Huracanes de Estados Unidos (NHC, por sus siglas en ingl&amp;eacute;s) origin&amp;oacute una lista de nombres oficial .</content>
        </sentence>
        <sentence id="8">
          <content>Actualmente esta lista la mantiene un comit&amp;eacute; internacional de laOrganizaci&amp;oacuten Meteorol&amp;oacutegica Mundial .</content>
        </sentence>
        <sentence id="9">
          <content>Tradicionalmente los nombres eran femeninos, pero se incluyeron los masculinos en 1979 con Bob .</content>
        </sentence>
        <sentence id="10">
          <content>Desde entonces, se alternan nombres de hombres y mujeres .</content>
        </sentence>
        <sentence id="11">
          <content>El m&amp;eacute;todoPara los ciclones del Atl&amp;aacute;ntico, que generalmente golpean m&amp;aacute;s las costas de Estados Unidos y M&amp;eacute;xico, existen seis listas de nombres en orden alfab&amp;eacute;tico, de la A a la Z .</content>
        </sentence>
        <sentence id="12">
          <content>Estas listas tienen 24 nombres cada una .</content>
        </sentence>
        <sentence id="13">
          <content>De esta manera, los nombres de los huracanes de 2012 fueron usados en 2006 y son los mismos que se usar&amp;aacute;n en 2018 y as&amp;iacute; sucesivamente .</content>
        </sentence>
        <sentence id="14">
          <content>Sin embargo, hay una excepci&amp;oacuten a esta regla .</content>
        </sentence>
        <sentence id="15">
          <content>Por respeto a las v&amp;iacute;ctimas, los nombres de loshuracanes m&amp;aacute;s violentos son retirados de las listasy sustituidos por otros nombres que inicien con la misma letra .</content>
        </sentence>
        <sentence id="16">
          <content>En 2011 se retir&amp;oacute el nombreIreney en 2010 los nombresIgoryTom&amp;aacute;s .</content>
        </sentence>
        <sentence id="17">
          <content>Un a&amp;ntilde;o de ciclones particularmente violentos fue 2005, cuando se retir&amp;oacute la cifra r&amp;eacute;cord de cinco nombres en 50 a&amp;ntilde;os: Dennis, Katrina, Rita, Stan y Wilma .</content>
        </sentence>
        <sentence id="18">
          <content>Estos fueron sustituidos para 2011 y 2017 con Dora, Kenneth, Ramon, Selma y Wiley .</content>
        </sentence>
        <sentence id="19">
          <content>Si quieres saber qu&amp;eacute; otros nombres se han retirado, consultaesta lista del NHC .</content>
        </sentence>
        <sentence id="20">
          <content>Tambi&amp;eacute;n se usan seis listas reciclables (distintas a las del Atl&amp;aacute;ntico) para los ciclones en el Pac&amp;iacute;fico, desde 1960 .</content>
        </sentence>
        <sentence id="21">
          <content>Por ejemplo, en 2015 el nombre Sandra (del cualSandyes diminutivo) ser&amp;aacute; utilizado para ciclones en el Oeste del continente americano .</content>
        </sentence>
        <sentence id="22">
          <content>La historia"El uso de nombres f&amp;aacute;cilmente recordables reduce la confusi&amp;oacuten cuando dos o m&amp;aacute;s tormentas tropicales ocurren al mismo tiempo .</content>
        </sentence>
        <sentence id="23">
          <content>Por ejemplo, un hurac&amp;aacute;n puede estar movi&amp;eacute;ndose hacia el occidente en el Golfo de M&amp;eacute;xico, mientras que exactamente al mismo tiempo otro hurac&amp;aacute;n puede estar movi&amp;eacute;ndose r&amp;aacute;pidamente hacia el norte sobre la costa del Atl&amp;aacute;ntico .</content>
        </sentence>
        <sentence id="24">
          <content>"En el pasado, la confusi&amp;oacuten y rumores falsos surg&amp;iacute;an cuando se transmit&amp;iacute;a informaci&amp;oacuten sobre tormentas en estaciones de radio y se confund&amp;iacute;an las alertas para tormentas completamente distintas localizadas a cientos de kil&amp;oacutemetros", explica el NHC .</content>
        </sentence>
        <sentence id="25">
          <content>Durante muchos a&amp;ntilde;os, los huracanes eran nombrados en honor al santo cuya festividad coincid&amp;iacute;a con la fecha cuando ocurr&amp;iacute;a el hurac&amp;aacute;n .</content>
        </sentence>
        <sentence id="26">
          <content>Estados Unidos comenz&amp;oacute a nombrar las tormentas usando una designaci&amp;oacuten de latitud/longitud de su origen .</content>
        </sentence>
        <sentence id="27">
          <content>Los nombres eran dif&amp;iacute;ciles de recordar y de transmitir al p&amp;uacute;blico, por lo que, posteriormente, los meteor&amp;oacutelogos comenzaron a llamar a las tormentas con los nombres de sus esposas y novias durante la Segunda Guerra Mundial .</content>
        </sentence>
        <sentence id="28">
          <content>Este m&amp;eacute;todo de nomenclatura, que comenz&amp;oacute en el Pac&amp;iacute;fico, era tan f&amp;aacute;cil de recordar que los meteor&amp;oacutelogos lo adoptaron para las tormentas del Atl&amp;aacute;ntico .</content>
        </sentence>
        <sentence id="29">
          <content>Con informaci&amp;oacuten deFaith Karimi .</content>
        </sentence>
      </sentences>
    </paragraph>
  </article>
</document>
