<?xml version="1.0" encoding="UTF-8"?>
<document id="808" link="http://mexico.cnn.com/tecnologia/2013/07/04/de-terminator-a-avatar-la-tecnologia-para-contar-historias-en-el-cine" category="Tecnolog&amp;iacute;a" author="Gabriela Ch&amp;Atilde;&amp;iexcl;vez" highlights_mapped="false">
  <title>De 'Terminator' a 'Avatar', la tecnolog&amp;iacute;a para contar historias en el cine - Tecnolog&amp;iacute;a - CNNMexico.com</title>
  <keywords>innovacion, james cameron, cine tecnologicamente humano, director de cine en hollywood, avatar termirnator, titanic,</keywords>
  <summaries>
    <highlights>
      <sentence id="1" ids_sentences_article="">La relaci&amp;oacuten entre el cine y la tecnolog&amp;iacute;a es cada vez m&amp;aacute;s cercana, seg&amp;uacute;n James Cameron.</sentence>
      <sentence id="2" ids_sentences_article="">El realizador considera que la historia y lo humano deben sobresalir a lo t&amp;eacute;cnico.</sentence>
      <sentence id="3" ids_sentences_article="">Cameron innov&amp;oacute con tecnolog&amp;iacute;a CG en la filmaci&amp;oacuten de su cinta 'Avatar', de 2009.</sentence>
      <sentence id="4" ids_sentences_article="">Esta tecnolog&amp;iacute;a permite registrar movimientos de los actores y procesarlos en computadora.</sentence>
    </highlights>
  </summaries>
  <article>
    <paragraph id="1">
      <sentences>
        <sentence id="1">
          <content>De 'Terminator' a 'Avatar', la tecnolog&amp;iacute;a para contar historias en el cine.</content>
        </sentence>
        <sentence id="2">
          <content>El director James Cameron prepara la secuela de 'Avatar' con tecnolog&amp;iacute;a de &amp;uacute;ltima generaci&amp;oacuten, aunque &amp;eacute;l prefiere priorizar la historia.</content>
        </sentence>
        <sentence id="3">
          <content>CIUDAD DE M&amp;Eacute;XICO (CNNM&amp;eacute;xico) -- Director de cine y explorador marino, James Cameron considera que la relaci&amp;oacuten de la tecnolog&amp;iacute;a con el cine es cada vez m&amp;aacute;s cercana .</content>
        </sentence>
        <sentence id="4">
          <content>Sin embargo, lo humano de la historia debe sobresalir de la sofisticaci&amp;oacuten t&amp;eacute;cnica .</content>
        </sentence>
        <sentence id="5">
          <content>"No hay que tener un grado de ingenier&amp;iacute;a para hacer una pel&amp;iacute;cula en el siglo XXI, sino buenos actores y un gran equipo", dijo el cineasta canadiense durante su participaci&amp;oacuten en la primera edici&amp;oacuten del festival TagDF --sobre tecnolog&amp;iacute;a, arte e innovaci&amp;oacuten--, en la Ciudad de M&amp;eacute;xico .</content>
        </sentence>
        <sentence id="6">
          <content>Frente a al menos 3,000 personas, Cameron dijo que actualmente la alta tecnolog&amp;iacute;a es un complemento para la narrativa cinematogr&amp;aacute;fica, la cual ha usado en cintas como Terminator, Titanic y Avatar, para las que desarroll&amp;oacute plataformas digitales especiales .</content>
        </sentence>
        <sentence id="7">
          <content>Mientras que en Terminator el foco principal de la innovaci&amp;oacuten eran los efectos especiales f&amp;iacute;sicos, el director opt&amp;oacute por ir m&amp;aacute;s all&amp;aacute; con la realizaci&amp;oacuten de Titanic en 1997: llev&amp;oacute a cabo la exploraci&amp;oacuten marina m&amp;aacute;s profunda que se ha hecho en el mundo con un presupuesto de 200 millones de d&amp;oacutelares, seg&amp;uacute;n datos de la productora Fox .</content>
        </sentence>
        <sentence id="8">
          <content>Lee: La exploraci&amp;oacuten del fondo marino ayudar&amp;aacute; a predecir tsunamis, dice James CameronEn 2009, el director elev&amp;oacute el est&amp;aacute;ndar con Avatar, cinta que con un presupuesto de 237 millones de d&amp;oacutelares desarroll&amp;oacute la tecnolog&amp;iacute;a para llevar el mundo de los alien&amp;iacute;genas azules Na'vi a la pantalla grande .</content>
        </sentence>
        <sentence id="9">
          <content>Esta cinta llev&amp;oacute por primera vez al cine el uso de tecnolog&amp;iacute;a CG (Computer Graphics, por sus siglas en ingl&amp;eacute;s), que registra los movimientos de los actores con sensores para generar gestos y movimientos por computadora, adem&amp;aacute;s de la tecnolog&amp;iacute;a 3D .</content>
        </sentence>
        <sentence id="10">
          <content>Cameron cuenta que pasaron tres a&amp;ntilde;os y se invirtieron 2 millones de d&amp;oacutelares para que se tuviera lista la primera toma que se us&amp;oacute en la versi&amp;oacuten final de la pel&amp;iacute;cula .</content>
        </sentence>
        <sentence id="11">
          <content>"Cuando vi esa toma me relaj&amp;eacute;", admiti&amp;oacute, frente a su colega Alfonso Cuar&amp;oacuten, quien moder&amp;oacute la charla .</content>
        </sentence>
        <sentence id="12">
          <content>En fotos: Del celuloide a la pel&amp;iacute;cula digital, la evoluci&amp;oacuten del cinePara el cineasta de 58 a&amp;ntilde;os, las grandes inversiones tecnol&amp;oacutegicas en el cine han dado frutos: Avatar recaud&amp;oacute 2,700 millones de d&amp;oacutelares en taquilla a nivel mundial, seg&amp;uacute;n datos del portal BoxOffice Mojo, situaci&amp;oacuten que la ubica como la cinta m&amp;aacute;s redituable en la historia del cine .</content>
        </sentence>
        <sentence id="13">
          <content>En tanto, Titanic est&amp;aacute; en el segundo lugar con una recaudaci&amp;oacuten de 1,800 millones .</content>
        </sentence>
        <sentence id="14">
          <content>A cinco a&amp;ntilde;os de que Avatar llegara a las salas de cine, su director admite no saber hacia d&amp;oacutende va la tecnolog&amp;iacute;a cinematogr&amp;aacute;fica pues para la secuela de la cinta que se prepara para 2014 se usar&amp;aacute;n t&amp;eacute;cnicas como filmaci&amp;oacuten submarina adem&amp;aacute;s de 3D y CG, pero procurar&amp;aacute; mantener una historia humana .</content>
        </sentence>
      </sentences>
    </paragraph>
  </article>
</document>
