<?xml version="1.0" encoding="UTF-8"?>
<document id="458" link="http://mexico.cnn.com/tecnologia/2014/03/03/los-astronautas-de-la-estacion-espacial-internacional-felicitan-a-cuaron" category="Tecnolog&amp;iacute;a" highlights_mapped="false">
  <title>Los astronautas de la Estaci&amp;oacuten Espacial Internacional felicitan a Cuar&amp;oacuten - Tecnolog&amp;iacute;a - CNNMexico.com</title>
  <keywords>ciencia, gravedad, gravity, estacion espacial, felicitacion, oscar, astronautas, celebracion, nasa, agencia japonesa, espacio,</keywords>
  <summaries>
    <highlights>
      <sentence id="1" ids_sentences_article="">Los astronautas de la Estaci&amp;oacuten Espacial felicitaron a los realizadores de 'Gravedad' por su triunfo en la entrega de los Oscar.</sentence>
      <sentence id="2" ids_sentences_article="">Celebraron que la pel&amp;iacute;cula haya dado una idea a los espectadores de c&amp;oacutemo se siente trabajar en el espacio.</sentence>
      <sentence id="3" ids_sentences_article="">Otros astronautas de la NASA desde la Tierra se sumaron a las felicitaciones para la pel&amp;iacute;cula.</sentence>
    </highlights>
  </summaries>
  <article>
    <paragraph id="1">
      <sentences>
        <sentence id="1">
          <content>Los astronautas de la Estaci&amp;oacuten Espacial Internacional felicitan a Cuar&amp;oacuten.</content>
        </sentence>
        <sentence id="2">
          <content>Miembros de la NASA y de la agencia aeroespacial de Jap&amp;oacuten dijeron que les gust&amp;oacute la pel&amp;iacute;cula porque mostraba c&amp;oacutemo era parte de su trabajo.</content>
        </sentence>
        <sentence id="3">
          <content>(CNNM&amp;eacute;xico) -- Misi&amp;oacuten cumplida para Gravedad .</content>
        </sentence>
        <sentence id="4">
          <content>La pel&amp;iacute;cula del director mexicano Alfonso Cuar&amp;oacuten que gan&amp;oacute siete de las 10 estatuillas del Oscar y fue reconocida desde el espacio por tres integrantes de la tripulaci&amp;oacuten de la Estaci&amp;oacuten Espacial Internacional (EEI), a trav&amp;eacute;s de un video publicado en YouTube .</content>
        </sentence>
        <sentence id="5">
          <content>Los astronautas Richard A .</content>
        </sentence>
        <sentence id="6">
          <content>Mastracchio, Michael S .</content>
        </sentence>
        <sentence id="7">
          <content>Hopskins y Koichi Wakata grabaron el mensaje al interior de la EEI, donde bromearon sobre lo que significa "la gravedad y la falta de gravedad" a unos 340 kil&amp;oacutemetros de distancia desde la superficie terrestre, dijo Hopkins .</content>
        </sentence>
        <sentence id="8">
          <content>"Queremos felicitar a toda la producci&amp;oacuten y el equipo de direcci&amp;oacuten y a las estrellas deGravedad por los honores de que han ganado de la Academia de Artes y Ciencias Cinematogr&amp;aacute;ficas al llevar este extremo ambiente a los espectadores del cine en todo el mundo .</content>
        </sentence>
        <sentence id="9">
          <content>Bien hecho", dijo Mastracchio .</content>
        </sentence>
        <sentence id="10">
          <content>Gravedad se convirti&amp;oacute este domingo en la pel&amp;iacute;cula m&amp;aacute;s ganadora de la 86 edici&amp;oacuten de los premios de la Academia, a pesar de que la cinta 12 a&amp;ntilde;os esclavo obtuvo la distinci&amp;oacuten de Mejor pel&amp;iacute;cula .</content>
        </sentence>
        <sentence id="11">
          <content>Cuar&amp;oacuten se llev&amp;oacute el premio de Mejor directory su compatriota Emmanuel Lubezki obtuvo el Oscar a Mejor cinematograf&amp;iacute;a .</content>
        </sentence>
        <sentence id="12">
          <content>Efectos especiales, mezcla y edici&amp;oacuten de sonido, edici&amp;oacuten, dise&amp;ntilde;o de producci&amp;oacuten y m&amp;uacute;sica fueron las otras categor&amp;iacute;as en las que se impuso .</content>
        </sentence>
        <sentence id="13">
          <content>Desde la Tierra tambi&amp;eacute;n hubo felicitaciones de los astronautas .</content>
        </sentence>
        <sentence id="14">
          <content>Mike Massimino dijo que se trataba de "un gran triunfo" para Gravedad .</content>
        </sentence>
        <sentence id="15">
          <content>"Disfrut&amp;eacute; mucho la pel&amp;iacute;cula y realmente disfrut&amp;eacute; ver el espacio, sentir el espacio", dijo en su mensaje publicado tambi&amp;eacute;n en YouTube .</content>
        </sentence>
        <sentence id="16">
          <content>La astronauta Catherine Coleman expres&amp;oacute su gratitud "por mostrar ese mundo" de la EEI a las personas en las salas de cine .</content>
        </sentence>
      </sentences>
    </paragraph>
  </article>
</document>
