<?xml version="1.0" encoding="UTF-8"?>
<document id="438" link="http://mexico.cnn.com/tecnologia/2013/10/18/por-que-anonymous-se-involucra-en-casos-de-violaciones-y-bullying" category="Tecnolog&amp;iacute;a" author="Todd Leopold" highlights_mapped="false">
  <title>&amp;iquestPor qu&amp;eacute; Anonymous se involucra en casos de violaciones y 'bullying'? - Tecnolog&amp;iacute;a - CNNMexico.com</title>
  <keywords>internet, anonymous, colectivo, violacion, estados unidos, maryville, daisy coleman, investigacion, bullying,</keywords>
  <summaries>
    <highlights>
      <sentence id="1" ids_sentences_article="">El colectivo de 'hackers' pide una investigaci&amp;oacuten sobre el manejo del caso de violaci&amp;oacuten en Missouri.</sentence>
      <sentence id="2" ids_sentences_article="">El grupo public&amp;oacute un comunicado en l&amp;iacute;nea este martes donde critica a la polic&amp;iacute;a.</sentence>
      <sentence id="3" ids_sentences_article="">Un experto dice que si se percibe injusticia, el grupo est&amp;aacute; m&amp;aacute;s impulsado a involucrarse.</sentence>
    </highlights>
  </summaries>
  <article>
    <paragraph id="1">
      <sentences>
        <sentence id="1">
          <content>&amp;iquestPor qu&amp;eacute; Anonymous se involucra en casos de violaciones y 'bullying'?</content>
        </sentence>
        <sentence id="2">
          <content>El colectivo pidi&amp;oacute una investigaci&amp;oacuten inmediata sobre el caso de Daisy Coleman en Missouri.</content>
        </sentence>
        <sentence id="3">
          <content>(CNN) -- Anonymous, el colectivo activista de hackers que ha promovido ciberataques a grupos como la Iglesia de la Cienciolog&amp;iacute;a, el FBI y los Zetas, se pronunci&amp;oacute este martes en relaci&amp;oacuten con el caso de Daisy Coleman, la estudiante de preparatoria que dice fue violada por un futbolista local .</content>
        </sentence>
        <sentence id="4">
          <content>El caso de 2012 volvi&amp;oacute a los titulares de los noticieros cuando un reportaje del diarioKansas City Star gener&amp;oacute preguntas sobre la forma en que las autoridades manejaron el caso .</content>
        </sentence>
        <sentence id="5">
          <content>"Pedimos una investigaci&amp;oacuten inmediata sobre el manejo de las autoridades locales en el caso de Daisy", dijo Anonymous .</content>
        </sentence>
        <sentence id="6">
          <content>"Hemos escuchado la historia de Daisy muchas veces .</content>
        </sentence>
        <sentence id="7">
          <content>La escuchamos en Steubenville, Halifax y Uttar Pradesh(&amp;hellip;) si Maryville no defiende a estas j&amp;oacutevenes, si la polic&amp;iacute;a es demasiado cobarde o corrupta para hacer sus trabajos, si el sistema de justicia las abandona, entonces tendremos que defenderlas" .</content>
        </sentence>
        <sentence id="8">
          <content>El comunicado cerr&amp;oacute con el lema tradicional de Anonymous: "Somos Anonymous .</content>
        </sentence>
        <sentence id="9">
          <content>Somos Legi&amp;oacuten .</content>
        </sentence>
        <sentence id="10">
          <content>No perdonamos .</content>
        </sentence>
        <sentence id="11">
          <content>No olvidamos" .</content>
        </sentence>
        <sentence id="12">
          <content>Un caso de violaci&amp;oacuten puede parecer una causa extra&amp;ntilde;a para Anonymous, un grupo mejor conocido por defender las libertades en internet .</content>
        </sentence>
        <sentence id="13">
          <content>Pero no es la primera vez que la organizaci&amp;oacuten se involucra en episodios de bullying o abuso sexual de alto perfil .</content>
        </sentence>
        <sentence id="14">
          <content>El a&amp;ntilde;o pasado, public&amp;oacute informaci&amp;oacuten sobre el presunto tormento de Amanda Todd, la chica de Canad&amp;aacute;que se suicid&amp;oacute en 2012 despu&amp;eacute;s de que una fotograf&amp;iacute;a de ella en topless llevara a que la bulearan en la escuela .</content>
        </sentence>
        <sentence id="15">
          <content>Anonymous tambi&amp;eacute;n amenaz&amp;oacute con revelar nombres de estudiantes involucrados en el caso de violaci&amp;oacuten en 2012 en Steubenville, Ohio, Estados Unidos, el cual involucraba a una chica abusada sexualmente por dos futbolistas de preparatoria .</content>
        </sentence>
        <sentence id="16">
          <content>Los testigos del crimen hablaron sobre el incidente en redes sociales, al compartir fotograf&amp;iacute;as y utilizar t&amp;eacute;rminos degradantes para la v&amp;iacute;ctima .</content>
        </sentence>
        <sentence id="17">
          <content>CNN contact&amp;oacute a Anonymous para emitir comentarios a trav&amp;eacute;s de un sitio de Twitter afiliado con el colectivo, pero no recibi&amp;oacute respuesta inmediatamente .</content>
        </sentence>
        <sentence id="18">
          <content>El grupo se ve como defensor de los indefensos .</content>
        </sentence>
        <sentence id="19">
          <content>Tambi&amp;eacute;n fue activo en difundir la palabra del movimiento Occupy y crear problemas para los opositores .</content>
        </sentence>
        <sentence id="20">
          <content>"Anonymous se ve a s&amp;iacute; mismo como la Fuerza A&amp;eacute;rea del movimiento Occupy", report&amp;oacute Amber Lyon de CNN en 2012 .</content>
        </sentence>
        <sentence id="21">
          <content>"Cuando ven evidencia de lo que consideran mala conducta policial, Anonymous contraataca; lanza informaci&amp;oacuten personal sobre oficiales espec&amp;iacute;ficos" .</content>
        </sentence>
        <sentence id="22">
          <content>Gabriella Coleman, profesora de la Universidad McGill en Montreal, Canad&amp;aacute;, quien escribi&amp;oacute extensivamente sobre Anonymous, dice que el grupo se involucr&amp;oacute con casos de violaci&amp;oacuten recientemente .</content>
        </sentence>
        <sentence id="23">
          <content>"Hist&amp;oacutericamente, Anonymous tend&amp;iacute;a a involucrarse en censura y movimientos sociales .</content>
        </sentence>
        <sentence id="24">
          <content>Pero debido a que no tienen mandatos, hay operaciones que se relacionan con cualquier causa .</content>
        </sentence>
        <sentence id="25">
          <content>Si hay un tema se vuelve particularmente poderoso, y dir&amp;iacute;a que eso es lo que ocurri&amp;oacute con Steunbenville, entonces se vuelve parte del repertorio de injusticias en las que se involucran", dijo .</content>
        </sentence>
        <sentence id="26">
          <content>En el caso de Maryville, las autoridades retiraron los cargos contra los atletas que hab&amp;iacute;an estado implicados en la supuesta violaci&amp;oacuten .</content>
        </sentence>
        <sentence id="27">
          <content>Pero tambi&amp;eacute;n hay un poco de suerte involucrada, dijo Coleman .</content>
        </sentence>
        <sentence id="28">
          <content>Explic&amp;oacute que Anonymous tom&amp;oacute el caso de Maryville despu&amp;eacute;s de que alguien tuite&amp;oacute un mensaje a una cuenta afiliada con el grupo: "Esto es lo que ocurre cuando Anonymous no se involucra en un caso de violaci&amp;oacuten", dec&amp;iacute;a el tuit, con un enlace a la historia del Kansas City Star .</content>
        </sentence>
        <sentence id="29">
          <content>El hecho de que el caso estuviera cerrado pudo haber instigado al colectivo, a&amp;ntilde;ade .</content>
        </sentence>
        <sentence id="30">
          <content>"Si fuera un caso en curso, quiz&amp;aacute; se habr&amp;iacute;an involucrado, pero atrae m&amp;aacute;s atenci&amp;oacuten en una situaci&amp;oacuten como esta .</content>
        </sentence>
        <sentence id="31">
          <content>Todav&amp;iacute;a hay muchas preguntas" .</content>
        </sentence>
        <sentence id="32">
          <content>Maryville es el tercer caso de violaci&amp;oacuten del que Anonymous ha sido parte en un a&amp;ntilde;o, se&amp;ntilde;ala .</content>
        </sentence>
        <sentence id="33">
          <content>Aunque Anonymous se origin&amp;oacute del sitio web 4chan e inicialmente asumieron actividades por las emociones, su enfoque cambi&amp;oacute en los &amp;uacute;ltimos a&amp;ntilde;os, dice Coleman .</content>
        </sentence>
        <sentence id="34">
          <content>Es dif&amp;iacute;cil saber si las demandas de Anonymous han tenido alg&amp;uacute;n impacto en el caso de Maryville .</content>
        </sentence>
        <sentence id="35">
          <content>Pero el gobernador teniente de Missouri, Peter Kinder, pidi&amp;oacute este martes una revisi&amp;oacuten de la evidencia por parte de un gran jurado .</content>
        </sentence>
      </sentences>
    </paragraph>
  </article>
</document>
