<?xml version="1.0" encoding="UTF-8"?>
<document id="858" link="http://mexico.cnn.com/tecnologia/2014/03/24/la-app-ideal-para-los-antisociales-o-con-exnovias-stalkers" category="Tecnolog&amp;iacute;a" author="Heather Kelly" highlights_mapped="false">
  <title>La 'app' ideal para los antisociales o con exnovias 'stalkers'  - Tecnolog&amp;iacute;a - CNNMexico.com</title>
  <keywords />
  <summaries>
    <highlights>
      <sentence id="1" ids_sentences_article="">Brian Moore y Chris Baker son los creadores de la herramienta m&amp;oacute;vil Cloak.</sentence>
      <sentence id="2" ids_sentences_article="">La aplicaci&amp;oacute;n gratuita para iPhone analiza las ubicaciones de tus contactos a trav&amp;eacute;s de Instagram y Foursquare.</sentence>
      <sentence id="3" ids_sentences_article="">Cloak pretende agregar las ubicaciones de Facebook en el futuro.</sentence>
    </highlights>
  </summaries>
  <article>
    <paragraph id="1">
      <sentences>
        <sentence id="1">
          <content>La 'app' ideal para los antisociales o con exnovias 'stalkers'.</content>
        </sentence>
        <sentence id="2">
          <content>La aplicaci&amp;oacute;n Cloak para iPhone analiza las ubicaciones de tus contactos para evitar que te los encuentres.</content>
        </sentence>
        <sentence id="3">
          <content>(CNN) -- Despu&amp;eacute;s de mudarse a Nueva York, Brian Moore no pod&amp;iacute;a dejar de encontrarse con su exnovia .</content>
        </sentence>
        <sentence id="4">
          <content>Hubo cuatro encuentros inc&amp;oacute;modos y no planeados en seis meses, para ser exactos .</content>
        </sentence>
        <sentence id="5">
          <content>As&amp;iacute; que, mientras la mayor&amp;iacute;a de aplicaciones son para conectar con tus amigos, familia o extra&amp;ntilde;os guapos, Moore empez&amp;oacute; a preguntarse si una herramienta m&amp;oacute;vil podr&amp;iacute;a usar la misma informaci&amp;oacute;n de ubicaci&amp;oacute;n f&amp;aacute;cilmente disponible para ayudarte a evitar a ciertas personas .</content>
        </sentence>
        <sentence id="6">
          <content>As&amp;iacute; es como &amp;eacute;l y Chris Baker se inspiraron para crear Cloak,una aplicaci&amp;oacute;n gratuita para iPhone que analiza las ubicaciones de las cuentas de Instagram y Foursquare de tus contactos .</content>
        </sentence>
        <sentence id="7">
          <content>Hace un mapa de las posiciones de la gente con base en sus m&amp;aacute;s recientes publicaciones para que puedas evitarlos .</content>
        </sentence>
        <sentence id="8">
          <content>&amp;iquest;C&amp;oacute;mo funciona la aplicaci&amp;oacute;n?El lema de Cloak es "modo inc&amp;oacute;gnito para la vida real" .</content>
        </sentence>
        <sentence id="9">
          <content>Se puede decir que es una red antisocialHaz clic sobre una burbuja en el mapa, y ver&amp;aacute;s el nombre de una persona, su ubicaci&amp;oacute;n y hace cuanto tiempo la persona se registr&amp;oacute; all&amp;iacute; .</content>
        </sentence>
        <sentence id="10">
          <content>Si fue hace mucho, la imagen empezar&amp;aacute; a desvanecerse, como un fantasma .</content>
        </sentence>
        <sentence id="11">
          <content>Sentimos que hemos llegado a un punto de fatiga social &amp;ndash; demasiadas redes con demasiada informaci&amp;oacute;n, todo el tiempo", dice Baker .</content>
        </sentence>
        <sentence id="12">
          <content>"Esta bien apagar y ver una copia de 'Walden' y simplemente estar solo" .</content>
        </sentence>
        <sentence id="13">
          <content>La aplicaci&amp;oacute;n permite a las personas establecer alertas para los conocidos que prefieren evitar tal como los ex, los ami-enemigos o compa&amp;ntilde;eros de trabajo irritantes .</content>
        </sentence>
        <sentence id="14">
          <content>Si alguien quiere desaparecer de la red completamente, puede configurar estas notificaciones para todos en sus redes sociales &amp;ndash; asumimos que es mientras sigilosamente caminan por callejones oscuros o escondi&amp;eacute;ndose con gafas oscuras y un sombrero .</content>
        </sentence>
        <sentence id="15">
          <content>La aplicaci&amp;oacute;n s&amp;oacute;lo funciona con Foursquaree Instagram por ahora, por lo que tiene una utilidad limitada si tus amigos no est&amp;aacute;n activos en esas redes .</content>
        </sentence>
        <sentence id="16">
          <content>Sin embargo, los desarrolladores esperan agregar pronto a Facebook .</content>
        </sentence>
        <sentence id="17">
          <content>Dicen que la informaci&amp;oacute;n de ubicaci&amp;oacute;n de Twitter sigue siendo d&amp;eacute;bil, pero pueden agregar este servicio alg&amp;uacute;n d&amp;iacute;a tambi&amp;eacute;n .</content>
        </sentence>
        <sentence id="18">
          <content>Evita tambi&amp;eacute;n a tus amigosEsquivar a los amigos no es necesariamente una actividad antisocial .</content>
        </sentence>
        <sentence id="19">
          <content>Baker dice que hay un sin n&amp;uacute;mero de veces en los que una persona puede querer evitar ser vista, como por ejemplo, cuando sale con alguien en una primera cita o durante un viaje r&amp;aacute;pido a la tienda de comestibles en pijama .</content>
        </sentence>
        <sentence id="20">
          <content>Cualquier persona que anda escapada, recuper&amp;aacute;ndose de la cirug&amp;iacute;a pl&amp;aacute;stica o teniendo una relaci&amp;oacute;n clandestina tambi&amp;eacute;n puede encontrar &amp;uacute;til esta aplicaci&amp;oacute;n .</content>
        </sentence>
        <sentence id="21">
          <content>Para algunos usuarios digitales, el alejarse de siempre compartir en exceso es una evoluci&amp;oacute;n natural .</content>
        </sentence>
        <sentence id="22">
          <content>Despu&amp;eacute;s de a&amp;ntilde;os de estar en nuestros tel&amp;eacute;fonos m&amp;oacute;viles 24/7, buscando constantes actualizaciones de nuestras redes sociales y transmitiendo todas nuestras salidas a eventos sociales, muchos de nosotros ansiamos un descanso .</content>
        </sentence>
        <sentence id="23">
          <content>Todo ese contacto en l&amp;iacute;nea nos puede dejar con ganas de m&amp;aacute;s privacidad en la vida real .</content>
        </sentence>
        <sentence id="24">
          <content>"Twitter y Facebook . . . son como auditorios gigantes donde tenemos "espect&amp;aacute;culos p&amp;uacute;blicos" .</content>
        </sentence>
        <sentence id="25">
          <content>Y esos se han vuelto cansados .</content>
        </sentence>
        <sentence id="26">
          <content>Es por ello que Snapchat se siente m&amp;aacute;s fresco", dijo Moore .</content>
        </sentence>
        <sentence id="27">
          <content>La app es a&amp;uacute;n joven, pero Moore dice que los usuarios ya han encontrado maneras creativas y sociales para usarlo .</content>
        </sentence>
        <sentence id="28">
          <content>Algunos est&amp;aacute;n explorando im&amp;aacute;genes de Instagram usando el mapa, mientras otros han establecido alertas para las personas que ellos quieren ver .</content>
        </sentence>
        <sentence id="29">
          <content>En teor&amp;iacute;a, algunos podr&amp;iacute;an usar la app con el prop&amp;oacute;sito de encontrarse con personas quienes hubieran preferido ser ignoradas .</content>
        </sentence>
        <sentence id="30">
          <content>Para evitar abuso no deseado de tu informaci&amp;oacute;n de ubicaci&amp;oacute;n, bloquea tus configuraciones de privacidad y no compartas tu ubicaci&amp;oacute;n al menos que est&amp;eacute;s c&amp;oacute;modo con que las personas sepan exactamente donde te encuentras .</content>
        </sentence>
        <sentence id="31">
          <content>"Los medios sociales han tenido su momento para brillar .</content>
        </sentence>
        <sentence id="32">
          <content>Ahora la gente esta empezando a sublevarse", dijo Baker .</content>
        </sentence>
      </sentences>
    </paragraph>
  </article>
</document>
