<?xml version="1.0" encoding="UTF-8"?>
<document id="107" link="http://mexico.cnn.com/tecnologia/2014/03/06/twitter-prohibe-los-videos-porno-en-vine-y-ciertas-formas-de-desnudez" category="Tecnolog&amp;iacute;a" author="Heather Kelly" highlights_mapped="false">
  <title>Twitter proh&amp;iacute;be los videos porno en Vine y ciertas formas de desnudez - Tecnolog&amp;iacute;a - CNNMexico.com</title>
  <keywords>redes sociales, twitter, vine, pornografia, desnudez, videos</keywords>
  <summaries>
    <highlights>
      <sentence id="1" ids_sentences_article="">Twitter proh&amp;iacute;be el contenido sexual expl&amp;iacute;cito en su herramienta de video Vine.</sentence>
      <sentence id="2" ids_sentences_article="">Las personas que violen las restricciones ver&amp;aacute;n sus cuentas suspendidas.</sentence>
    </highlights>
  </summaries>
  <article>
    <paragraph id="1">
      <sentences>
        <sentence id="1">
          <content>Twitter proh&amp;iacute;be los videos porno en Vine y ciertas formas de desnudez.</content>
        </sentence>
        <sentence id="2">
          <content>La red social indic&amp;oacute que suspender&amp;aacute; las cuentas que incumplan con las nuevas normas de servicio hasta que eliminen el material prohibido.</content>
        </sentence>
        <sentence id="3">
          <content>(CNN) -- Twitter prohibi&amp;oacute de forma oficial el contenido pornogr&amp;aacute;fico en Vine, su servicio de video desde hace un a&amp;ntilde;o .</content>
        </sentence>
        <sentence id="4">
          <content>La compa&amp;ntilde;&amp;iacute;a anunci&amp;oacute este jueves los cambios a sus reglas y t&amp;eacute;rminos de servicio, y comenzar&amp;aacute; a implementarlos de inmediato .</content>
        </sentence>
        <sentence id="5">
          <content>El a&amp;ntilde;o pasado aparecieron reportes sobre la presencia de un Vine porno, para compartir videos de seis segundos en Twitter y con otros usuarios de Vine .</content>
        </sentence>
        <sentence id="6">
          <content>R&amp;aacute;pidamente se convirti&amp;oacute en un lugar popular para clips de contenido sexual expl&amp;iacute;cito, algunos de ellos publicados por conocidas estrellas pornogr&amp;aacute;ficas .</content>
        </sentence>
        <sentence id="7">
          <content>Durante este a&amp;ntilde;o no ha habido reglas oficiales en contra de videos pornogr&amp;aacute;ficos, aunque la compa&amp;ntilde;&amp;iacute;a trabaj&amp;oacute para mantenerlos fuera de lugares visibles como su selecci&amp;oacuten del editor y sus listas m&amp;aacute;s populares .</content>
        </sentence>
        <sentence id="8">
          <content>Tambi&amp;eacute;n aument&amp;oacute la edad m&amp;iacute;nima para usar Vine de 12 a 17 a&amp;ntilde;os .</content>
        </sentence>
        <sentence id="9">
          <content>La nueva clasificaci&amp;oacuten de Vine en la App Store signific&amp;oacute que Vine llevaba una anotaci&amp;oacuten en la que advert&amp;iacute;a de "contenido sexual o desnudez frecuente" .</content>
        </sentence>
        <sentence id="10">
          <content>Despu&amp;eacute;s de las preocupaciones iniciales, el lado oscuro de Vine fue mayormente olvidado por personas que no buscaban activamente contenido lujurioso, al menos hasta el mes pasado, cuando un hombre joven salt&amp;oacute a la fama temporal de internet cuando se film&amp;oacute a s&amp;iacute; mismo en escenas &amp;iacute;ntimas con una Pop-tart y otros alimentos .</content>
        </sentence>
        <sentence id="11">
          <content>El momento es probablemente una coincidencia .</content>
        </sentence>
        <sentence id="12">
          <content>Twitter dijo que el cambio en su pol&amp;iacute;tica se debe al tipo de contenido que encaja con la comunidad de Vine .</content>
        </sentence>
        <sentence id="13">
          <content>"Mientras vemos la comunidad y a su creatividad crecer y evolucionar, encontramos que hay un peque&amp;ntilde;o porcentaje de videos que no son adecuados para nuestra comunidad", inform&amp;oacute la compa&amp;ntilde;&amp;iacute;a en una publicaci&amp;oacuten en la que anuncia sus nuevas reglas .</content>
        </sentence>
        <sentence id="14">
          <content>Las nuevas reglas proh&amp;iacute;ben videos de actos sexuales, ya sea con personas solas, otras personas u objetos .</content>
        </sentence>
        <sentence id="15">
          <content>Las animaciones sexuales expl&amp;iacute;citas y desnudez tampoco est&amp;aacute;n permitidas .</content>
        </sentence>
        <sentence id="16">
          <content>Sin embargo Twitter no bloquea toda la desnudez .</content>
        </sentence>
        <sentence id="17">
          <content>Hace excepciones como la art&amp;iacute;stica, educacional o documental .</content>
        </sentence>
        <sentence id="18">
          <content>Por ejemplo: las fotos de mujeres amamantando seguir&amp;aacute;n siendo permitidas, as&amp;iacute; como fotos de manifestantes desnudos .</content>
        </sentence>
        <sentence id="19">
          <content>El contenido sexual sugestivo tambi&amp;eacute;n es permitido mientras se muestre con ropa .</content>
        </sentence>
        <sentence id="20">
          <content>El contenido pornogr&amp;aacute;fico ser&amp;aacute; se&amp;ntilde;alado por otros usuarios con la herramienta "Reportar esta publicaci&amp;oacuten" .</content>
        </sentence>
        <sentence id="21">
          <content>Quien viole las nuevas reglas tendr&amp;aacute; su cuenta suspendida hasta que eliminen el video en cuesti&amp;oacuten .</content>
        </sentence>
        <sentence id="22">
          <content>Los reincidentes podr&amp;iacute;an ser suspendidos de forma permanente .</content>
        </sentence>
      </sentences>
    </paragraph>
  </article>
</document>
