<?xml version="1.0" encoding="UTF-8"?>
<document id="232" link="http://mexico.cnn.com/tecnologia/2013/10/21/que-haras-en-19-anos-un-asteroide-pasara-muy-cerca-de-la-tierra" category="Tecnolog&amp;iacute;a" highlights_mapped="false">
  <title>&amp;iquestQu&amp;eacute; har&amp;aacute;s en 19 a&amp;ntilde;os? Un asteroide pasar&amp;aacute; muy cerca de la Tierra - Tecnolog&amp;iacute;a - CNNMexico.com</title>
  <keywords>ciencia, asteroide, impacto, dinosaurios, nasa, espacio, planeta, tierra, 2013 TV135</keywords>
  <summaries>
    <highlights>
      <sentence id="1" ids_sentences_article="">El asteroide 2013 TV135 pas&amp;oacute cerca de la tierra en septiembre y volver&amp;aacute; en 19 a&amp;ntilde;os, dio a conocer la NASA.</sentence>
      <sentence id="2" ids_sentences_article="">La agencia espacial dice que hay muy pocas posibilidades de que represente una amenaza para la Tierra.</sentence>
      <sentence id="3" ids_sentences_article="">Los investigadores se&amp;ntilde;alan que s&amp;iacute; es posible que un asteroide impacte el planeta como en la era de los dinosaurios.</sentence>
      <sentence id="4" ids_sentences_article="">Sin embargo, el impacto podr&amp;iacute;a ocurrir dentro de millones de a&amp;ntilde;os, aseguran.</sentence>
    </highlights>
  </summaries>
  <article>
    <paragraph id="1">
      <sentences>
        <sentence id="1">
          <content>&amp;iquestQu&amp;eacute; har&amp;aacute;s en 19 a&amp;ntilde;os?</content>
        </sentence>
        <sentence id="2">
          <content>Un asteroide pasar&amp;aacute; muy cerca de la Tierra.</content>
        </sentence>
        <sentence id="3">
          <content>La NASA se&amp;ntilde;al&amp;oacute que el 2013 TV135 pasar&amp;aacute; cerca de nosotros en 2032 sin peligro, aunque no descarta un 'asteroide del D&amp;iacute;a del Juicio Final'.</content>
        </sentence>
        <sentence id="4">
          <content>(CNN) -- Uno de los asteroides m&amp;aacute;s peligrosos de los que se tiene registro pas&amp;oacute cerca de la Tierra en septiembre .</content>
        </sentence>
        <sentence id="5">
          <content>El pasado jueves fue noticia otra vez porque surgieron nuevos reportes de que podr&amp;iacute;a colisionar con nuestro planeta en menos de 20 a&amp;ntilde;os y provocar un impacto tan poderoso como 2,000 bombas at&amp;oacutemicas .</content>
        </sentence>
        <sentence id="6">
          <content>Astr&amp;oacutenomos ucranianos descubrieron el objeto y lo nombraron 2013 TV135 .</content>
        </sentence>
        <sentence id="7">
          <content>Pero la NASA se apresur&amp;oacute a calmar el nerviosismo y a dar muy buenas noticias: la mayor&amp;iacute;a de los asteroides peligrosos conocidos no son en realidad una gran amenaza .</content>
        </sentence>
        <sentence id="8">
          <content>Y hay muy pocos de ellos .</content>
        </sentence>
        <sentence id="9">
          <content>Adem&amp;aacute;s, la posibilidad de que &amp;eacute;stecolisione con la Tierra es extremadamente escasa, indic&amp;oacute NASA en una declaraci&amp;oacuten que llam&amp;oacute una "llamada a la realidad" .</content>
        </sentence>
        <sentence id="10">
          <content>La agencia espacial de EU est&amp;aacute; un 99 .</content>
        </sentence>
        <sentence id="11">
          <content>998% segura que cuando zumbe de vuelta y se acerque al planeta en 2032, simplemente pasar&amp;aacute; cerca de nosotros de nuevo .</content>
        </sentence>
        <sentence id="12">
          <content>La probabilidad de que colisione con la Tierra es de 1:63,000 e incluso estas posibilidades disminuyen r&amp;aacute;pidamente, conforme los cient&amp;iacute;ficos hacen m&amp;aacute;s descubrimientos del asteroide .</content>
        </sentence>
        <sentence id="13">
          <content>"Este es un descubrimiento relativamente nuevo", dijo Don Yeomans, encargado del Programa NEO (Programa de objetos cercanos a la tierra) de la NASA .</content>
        </sentence>
        <sentence id="14">
          <content>"Con m&amp;aacute;s observaciones, espero que seamos capaces de reducir significativamente o descartar por completo cualquier probabilidad de impacto en el futuro pr&amp;oacuteximo" .</content>
        </sentence>
        <sentence id="15">
          <content>El 2013 TV135 fue descubierto el 8 de octubre, cuando la NASA no estaba trabajando por el cierre del gobierno de EU .</content>
        </sentence>
        <sentence id="16">
          <content>Y parece que muy pronto se unir&amp;aacute; a los m&amp;aacute;s de 10,000 objetos conocidos y cercanos a la Tierra de los cuales estamos pr&amp;aacute;cticamente seguros deque no nos har&amp;aacute;n da&amp;ntilde;o .</content>
        </sentence>
        <sentence id="17">
          <content>Pero hasta entonces, estar&amp;aacute; clasificado en el nivel 1 de 10 en laEscala de Tur&amp;iacute;n,el sistema que mide el peligro de destrucci&amp;oacuten por impacto de asteroides .</content>
        </sentence>
        <sentence id="18">
          <content>El &amp;iacute;ndice 1 significa que "no presenta alg&amp;uacute;n nivel inusual de peligro" y que no hay "una causa para la atenci&amp;oacuten del p&amp;uacute;blico o preocupaci&amp;oacuten"Casi todos los otros asteroides que los cient&amp;iacute;ficos han descubierto tienen un puntaje de 0 en la escala .</content>
        </sentence>
        <sentence id="19">
          <content>Existe otro asteroide con un nivel de peligro 1 y tampoco proporciona motivos para alarmarse, seg&amp;uacute;n la NASA .</content>
        </sentence>
        <sentence id="20">
          <content>Aproximaci&amp;oacuten en septiembre  La aproximaci&amp;oacuten que el 2013 TV135 hizo el 16 de septiembre no fue un percance .</content>
        </sentence>
        <sentence id="21">
          <content>Pas&amp;oacute a una distancia de 4 millones 200,000 millas (6 millones 8,000 kil&amp;oacutemetros), 15 veces la distancia de la Tierra a la Luna .</content>
        </sentence>
        <sentence id="22">
          <content>Esto palidece al compararse con el acercamiento m&amp;aacute;s cercano registrado en la historia que tuvo la Tierra con un asteroide de tama&amp;ntilde;o considerable .</content>
        </sentence>
        <sentence id="23">
          <content>El 15 de febrero de este a&amp;ntilde;o, el asteroide 2012 DA14, que mide 150 pies (45 .</content>
        </sentence>
        <sentence id="24">
          <content>7 metros) se aproxim&amp;oacute por debajo de la &amp;oacuterbita de la Luna y se acerc&amp;oacute a tan solo 17,200 millas (27,681 kil&amp;oacutemetros) de la superficie de nuestro planeta .</content>
        </sentence>
        <sentence id="25">
          <content>El que pas&amp;oacute en septiembre es grande, con un di&amp;aacute;metro de 1,300 pies (396 metros) .</content>
        </sentence>
        <sentence id="26">
          <content>Es lo que miden cuatro estadios de f&amp;uacute;tbol juntos, pero esto no lo convierte en un destructor de la Tierra .</content>
        </sentence>
        <sentence id="27">
          <content>Es necesario que un asteroide mida por lo menos el doble para entrar en esa categor&amp;iacute;a .</content>
        </sentence>
        <sentence id="28">
          <content>"Creemos que cualquier cosa mayor a uno o dos kil&amp;oacutemetros (alrededor de 0 .</content>
        </sentence>
        <sentence id="29">
          <content>2 millas) podr&amp;iacute;a tener efectos a escala mundial", se&amp;ntilde;al&amp;oacute la NASA en un comunicado .</content>
        </sentence>
        <sentence id="30">
          <content>Los asteroides pasan cerca a diarioDos gigantes en ese rango de tama&amp;ntilde;o pasar&amp;aacute;n cerca del planeta Tierra en los pr&amp;oacuteximos tres meses a distancias similares a la de 2013 TV135 .</content>
        </sentence>
        <sentence id="31">
          <content>La NASA indica que ninguno colisionar&amp;aacute; con nosotros .</content>
        </sentence>
        <sentence id="32">
          <content>Las aproximaciones de asteroides son comunes .</content>
        </sentence>
        <sentence id="33">
          <content>Pr&amp;aacute;cticamente ocurren a diario, si no es que ocurren dos o tres veces al d&amp;iacute;a, seg&amp;uacute;n la NASA .</content>
        </sentence>
        <sentence id="34">
          <content>Vienen y van, y dejan a la Tierra en paz .</content>
        </sentence>
        <sentence id="35">
          <content>Adicionalmente, las part&amp;iacute;culas espaciales bombardean nuestro planeta a cada minuto, a raz&amp;oacuten de 100 toneladas diarias, precisa la NASA .</content>
        </sentence>
        <sentence id="36">
          <content>Las comes, las bebes, las respiras .</content>
        </sentence>
        <sentence id="37">
          <content>La mayor parte de ti y todo en la Tierra las contiene .</content>
        </sentence>
        <sentence id="38">
          <content>Cat&amp;aacute;strofe remota  A pesar que la Tierra parece estar a salvo por ahora, s&amp;iacute; existe algo como el asteroide del D&amp;iacute;a del Juicio Final .</content>
        </sentence>
        <sentence id="39">
          <content>Los cient&amp;iacute;ficos dicen que es probable que el impacto de un asteroide mayor a seis millas (9 .</content>
        </sentence>
        <sentence id="40">
          <content>65 kil&amp;oacutemetros) de di&amp;aacute;metro haya exterminado a los dinosaurios y a la mayor parte de la vida en Tierra hace 65 millones de a&amp;ntilde;os .</content>
        </sentence>
        <sentence id="41">
          <content>M&amp;aacute;s de esto vendr&amp;aacute;, dice NASA .</content>
        </sentence>
        <sentence id="42">
          <content>Pero estos aparecen una vez cada "pocos millones de a&amp;ntilde;os" .</content>
        </sentence>
        <sentence id="43">
          <content>Esto le puede dar a la humanidad algo de tiempo para encontrar la manera de lidiar con esto .</content>
        </sentence>
      </sentences>
    </paragraph>
  </article>
</document>
