<?xml version="1.0" encoding="UTF-8"?>
<document id="94" link="http://mexico.cnn.com/tecnologia/2014/01/10/gmail-permite-enviar-y-recibir-emails-sin-la-direccion-del-destinatario" category="Tecnolog&amp;iacute;a" highlights_mapped="false">
  <title>C&amp;oacutemo evitar que personas 'desconocidas' te env&amp;iacute;en correos a Gmail - Tecnolog&amp;iacute;a - CNNMexico.com</title>
  <keywords>internet, gmail, email, correo electronico, sin destinatario, sin direcci&amp;oacute;n, direccion, correo, electronico, g+, google+, contactos</keywords>
  <summaries>
    <highlights>
      <sentence id="1" ids_sentences_article="">Para utilizar la funci&amp;oacuten tendr&amp;aacute;s que ser usuario de la red social Google+.</sentence>
      <sentence id="2" ids_sentences_article="">Puedes optar por desactivar la funci&amp;oacuten.</sentence>
    </highlights>
  </summaries>
  <article>
    <paragraph id="1">
      <sentences>
        <sentence id="1">
          <content>C&amp;oacutemo evitar que personas 'desconocidas' te env&amp;iacute;en correos a Gmail.</content>
        </sentence>
        <sentence id="2">
          <content>Google anunci&amp;oacute que a partir de los pr&amp;oacuteximos d&amp;iacute;as los usuarios de G+ podr&amp;aacute;n enviar correos electr&amp;oacutenicos a sus contactos sin la direcci&amp;oacuten.</content>
        </sentence>
        <sentence id="3">
          <content>(CNNM&amp;eacute;xico) -- "En un par de d&amp;iacute;as" podr&amp;aacute;s enviar y recibir correos electr&amp;oacutenicos v&amp;iacute;a Gmail aunque el remitente desconozca la direcci&amp;oacuten de email del destinatario, seg&amp;uacute;n dio a conocer el servicio de correo de Google en su blog oficial .</content>
        </sentence>
        <sentence id="4">
          <content>Lo &amp;uacute;nico que necesitas es ubicar el usuario en la red social de Google, Google+, y comenzar a seguirlo .</content>
        </sentence>
        <sentence id="5">
          <content>A partir de entonces, podr&amp;aacute;s enviarle un mensaje directamente a su correo electr&amp;oacutenico .</content>
        </sentence>
        <sentence id="6">
          <content>"Estos emails funcionan de forma un poco diferente, con el fin de que tu direccion de email no sea visible para una conexi&amp;oacuten de Google+ a menos que le env&amp;iacute;es un email a esa persona, y de la misma forma, el email de la persona no ser&amp;aacute; visible para ti a menos que ella te env&amp;iacute;e un email", explica el gerente de producto de Gmail, David Nachum, en el post de blog .</content>
        </sentence>
        <sentence id="7">
          <content>Cuando recibes un correo de una persona que no tiene tu direcci&amp;oacuten, Gmail te permite decidir si compartes tu direcci&amp;oacuten con ella o ya no le permites seguir envi&amp;aacute;ndote mensajes .</content>
        </sentence>
        <sentence id="8">
          <content>Para mantener la comunicaci&amp;oacuten deber&amp;aacute;s agregar a la persona a tus c&amp;iacute;rculos de G+ o responderle v&amp;iacute;a email .</content>
        </sentence>
        <sentence id="9">
          <content>Si decides cortar la comunicaci&amp;oacuten, simplemente reportas el mensaje como 'spam' en un bot&amp;oacuten visible justo debajo de su mensaje .</content>
        </sentence>
        <sentence id="10">
          <content>&amp;iquest;Te recuerda a algo?</content>
        </sentence>
        <sentence id="11">
          <content>En efecto, la caracter&amp;iacute;stica es similar a los mensajes de "no amigos" de Facebook o a las solicitudes de amistad, en las cuales puedes decir si aceptar a la persona o reportar la solicitud como no deseada .</content>
        </sentence>
        <sentence id="12">
          <content>C&amp;oacutemo evitarloSi no deseas que los 'desconocidos' te env&amp;iacute;en correos electr&amp;oacutenicos aunque no tengan tu direcci&amp;oacuten de email, tendr&amp;aacute;s que ir a la configuraci&amp;oacuten de correo y buscar la opci&amp;oacuten 'Email v&amp;iacute;a Google' .</content>
        </sentence>
        <sentence id="13">
          <content>Haz clic sobre 'Qui&amp;eacute;n puede enviarte mensajes a trav&amp;eacute;s de tu perfil de Google+', y selecciona 'Nadie' .</content>
        </sentence>
        <sentence id="14">
          <content>Pr&amp;oacuteximamente llegar&amp;aacute; un mensaje de correo a tu bandeja de entrada de Gmail para explicarte m&amp;aacute;s sobre esta nueva funcionalidad, indica el post .</content>
        </sentence>
      </sentences>
    </paragraph>
  </article>
</document>
