<?xml version="1.0" encoding="UTF-8"?>
<document id="172" link="http://mexico.cnn.com/tecnologia/2014/03/03/carplay-apple-iphone-ferrari-mercedes-benz-volvo-siri" category="Tecnolog&amp;iacute;a" highlights_mapped="false">
  <title>Los 'smartcars' con el sistema de Apple debutan esta semana en Suiza - Tecnolog&amp;iacute;a - CNNMexico.com</title>
  <keywords>innovacion, apple, tecnologia, iphone, automovilistas, sistema de control de voz, telefonos inteligentes, siri, salon del automovil de ginebra, carplay</keywords>
  <summaries>
    <highlights>
      <sentence id="1" ids_sentences_article="">Apple anunci&amp;oacute el nuevo sistema de control de voz para automovilistas.</sentence>
      <sentence id="2" ids_sentences_article="">El conductor podr&amp;aacute; hacer llamadas, contestar mensajes y escuchar m&amp;uacute;sica sin despegar las manos del volante.</sentence>
      <sentence id="3" ids_sentences_article="">El sistema operativo estar&amp;aacute; disponible en 10 tipos de autom&amp;oacuteviles.</sentence>
    </highlights>
  </summaries>
  <article>
    <paragraph id="1">
      <sentences>
        <sentence id="1">
          <content>Los 'smartcars' con el sistema de Apple debutan esta semana en Suiza.</content>
        </sentence>
        <sentence id="2">
          <content>El nuevo sistema permitir&amp;aacute; que el conductor realice llamadas, conteste mensajes y escuche m&amp;uacute;sica sin despegar las manos del volante.</content>
        </sentence>
        <sentence id="3">
          <content>FR&amp;Aacute;NCFORT (Reuters) -- Apple dar&amp;aacute; su siguiente paso en la tecnolog&amp;iacute;a de manos libres para sus tel&amp;eacute;fonos inteligentes para conductores cuando devele el nuevo sistema de control de voz integrado esta semana en el Sal&amp;oacuten del Autom&amp;oacutevil de Ginebra .</content>
        </sentence>
        <sentence id="4">
          <content>La empresa estadounidense CarPlay debuta en veh&amp;iacute;culos de Ferrari, Mercedes-Benz y Volvo en la exposici&amp;oacuten, y mostrar&amp;aacute; elsoftwareque permite a los conductores controlar su iPhone mediante el tacto y la voz .</content>
        </sentence>
        <sentence id="5">
          <content>Los fabricantes de autom&amp;oacuteviles ya han habilitado el acceso a los tel&amp;eacute;fonos avanzados mediante la tecnolog&amp;iacute;a bluetooth, pero la &amp;uacute;ltima propuesta de Apple apunta a integrar la funcionalidad del iPhone de una mejor manera con una pantalla t&amp;aacute;ctil en el tablero y un sistema de altavoces .</content>
        </sentence>
        <sentence id="6">
          <content>CarPlay permite a los conductores acceder a los contactos guardados en el iPhone, hacer llamadas, devolver llamadas perdidas o escuchar mensajes de voz sin apartar las manos del volante .</content>
        </sentence>
        <sentence id="7">
          <content>Los conductores tambi&amp;eacute;n pueden escuchar m&amp;uacute;sica y acceder a mensajes "con solo una palabra o un dedo", dijo Apple .</content>
        </sentence>
        <sentence id="8">
          <content>Los automovilistas tambi&amp;eacute;n podr&amp;aacute;n leer mensajes y dictar la respuesta con el software de Apple de activaci&amp;oacuten con voz Siri .</content>
        </sentence>
        <sentence id="9">
          <content>CNNExpansi&amp;oacuten: M&amp;aacute;s detalles sobre esta nueva funci&amp;oacuten.</content>
        </sentence>
      </sentences>
    </paragraph>
  </article>
</document>
