<?xml version="1.0" encoding="UTF-8"?>
<document id="938" link="http://mexico.cnn.com/tecnologia/2013/08/07/los-delfines-tienen-la-mejor-memoria-entre-animales-hasta-ahora-conocida" category="Tecnolog&amp;iacute;a" highlights_mapped="false">
  <title>Los delfines tienen la mejor memoria entre animales hasta ahora conocida - Tecnolog&amp;iacute;a - CNNMexico.com</title>
  <keywords>ciencia, delfines, memoria, elefantes, animales, investigacion, prueba, reconocimiento</keywords>
  <summaries>
    <highlights>
      <sentence id="1" ids_sentences_article="">Investigadores de la Universidad de Chicago determinaron que un delf&amp;iacute;n puede recordar a un miembro de su especie tras 20 a&amp;ntilde;os despu&amp;eacute;s de no verlo.</sentence>
      <sentence id="2" ids_sentences_article="">El estudio fue realizado con 43 delfines que fueron sometidos a varias pruebas de memoria.</sentence>
      <sentence id="3" ids_sentences_article="">Estos mam&amp;iacute;feros acu&amp;aacute;ticos podr&amp;iacute;an superar la capacidad de memoria de los elefantes, la cual no est&amp;aacute; bien documentada.</sentence>
    </highlights>
  </summaries>
  <article>
    <paragraph id="1">
      <sentences>
        <sentence id="1">
          <content>Los delfines tienen la mejor memoria entre animales hasta ahora conocida.</content>
        </sentence>
        <sentence id="2">
          <content>Una investigaci&amp;oacuten determin&amp;oacute que estos mamiferos son capaces de recordar a un miembro de su especie hasta 20 a&amp;ntilde;os despu&amp;eacute;s de no verlo.</content>
        </sentence>
        <sentence id="3">
          <content>(AFP) -- Los delfines son capaces de reconocer a un semejante tras 20 a&amp;ntilde;os de separaci&amp;oacuten, seg&amp;uacute;n un estudio publicado este mi&amp;eacute;rcoles que atribuye a este mam&amp;iacute;fero marino la memoria social m&amp;aacute;s larga jam&amp;aacute;s registrada en un animal .</content>
        </sentence>
        <sentence id="4">
          <content>Los elefantes tienen la reputaci&amp;oacuten de no olvidarse nunca de un semejante, pero ello reposa &amp;uacute;nicamente en "pruebas anecd&amp;oacuteticas", destaca el autor del estudio, Jason Bruck, de la Universidad de Chicago .</content>
        </sentence>
        <sentence id="5">
          <content>Bruck estudi&amp;oacute el reconocimiento a largo plazo por los delfines de su caracter&amp;iacute;stica personal, un silbido que act&amp;uacute;a como una especie de nombre y que hace que cada individuo sea identificable por sus semejantes .</content>
        </sentence>
        <sentence id="6">
          <content>El bi&amp;oacutelogo intent&amp;oacute saber si eldelf&amp;iacute;nmanten&amp;iacute;a en memoria la identificaci&amp;oacuten de un semejante del que estuvo separado mucho tiempo .</content>
        </sentence>
        <sentence id="7">
          <content>Su estudio fue realizado con 43 delfines alojados en cuatro zool&amp;oacutegicos o parques acu&amp;aacute;ticos distintos, incluyendo el zool&amp;oacutegico de Brookfield, cerca de Chicago .</content>
        </sentence>
        <sentence id="8">
          <content>Esos seis lugares tienen la particularidad de haber intercambiado animales de los cuales conservaron datos precisos .</content>
        </sentence>
        <sentence id="9">
          <content>La experiencia consisti&amp;oacute en hacer escuchar a los delfines las grabaciones de los silbidos de sus cong&amp;eacute;neres .</content>
        </sentence>
        <sentence id="10">
          <content>El estudio muestra que los delfinesreaccionan m&amp;aacute;s al o&amp;iacute;r los silbidos que les son conocidos, es decir los de los delfines con los cuales estuvieron en contacto a&amp;ntilde;os atr&amp;aacute;s .</content>
        </sentence>
        <sentence id="11">
          <content>"Cuando escuchan a undelf&amp;iacute;nque conocen, se acercan a menudo m&amp;aacute;s r&amp;aacute;pido al altoparlante", explic&amp;oacute Jason Bruck .</content>
        </sentence>
        <sentence id="12">
          <content>"A veces dan vueltas alrededor, silban, intentan obtener una respuesta", agreg&amp;oacute .</content>
        </sentence>
        <sentence id="13">
          <content>Seg&amp;uacute;n el investigador, cuyos resultados fueron publicados por la revista Proceedings B de la Royal Society brit&amp;aacute;nica, eldelf&amp;iacute;nmuestra un nivel de reconocimiento "muy comparable a la memoria social del ser humano" .</content>
        </sentence>
      </sentences>
    </paragraph>
  </article>
</document>
