<?xml version="1.0" encoding="UTF-8"?>
<document id="793" link="http://mexico.cnn.com/tecnologia/2014/03/18/somos-lo-que-tuiteamos-lo-que-dice-twitter-sobre-nosotros" category="Tecnolog&amp;iacute;a" highlights_mapped="false">
  <title>&amp;iquestSomos lo que tuiteamos? Lo que dice Twitter sobre nosotros - Tecnolog&amp;iacute;a - CNNMexico.com</title>
  <keywords>redes sociales, Twitter, seis tipos de tuiteros, retuit, Universidad de Maryland, Ben Shneiderman, conversaciones, tuits, tweet, red social</keywords>
  <summaries>
    <highlights>
      <sentence id="1" ids_sentences_article="">Un estudio de la Universidad de Maryland encontr&amp;oacute que los usuarios de Twitter se pueden tipificar en 6 grupos.</sentence>
      <sentence id="2" ids_sentences_article="">Los grupos polarizados son aquellos que hablan de temas debatibles pero no toman en cuenta otros puntos de vista.</sentence>
      <sentence id="3" ids_sentences_article="">Twitter hall&amp;oacute que las personas 'estuvieron tristes' los domingos de diciembre de 2013 o los lunes de octubre de ese a&amp;ntilde;o.</sentence>
    </highlights>
  </summaries>
  <article>
    <paragraph id="1">
      <sentences>
        <sentence id="1">
          <content>&amp;iquestSomos lo que tuiteamos?</content>
        </sentence>
        <sentence id="2">
          <content>Lo que dice Twitter sobre nosotros.</content>
        </sentence>
        <sentence id="3">
          <content>(CNNM&amp;eacute;xico) -- &amp;iquest;Qu&amp;eacute; tanto dicen tus tuits sobre ti?</content>
        </sentence>
        <sentence id="4">
          <content>Aunque millones de personas utilizan la red social diariamente y nuestras conversaciones terminan &amp;lsquo;perdidas&amp;rsquo; en un gran espacio, un estudio realizado por la Universidad de Maryland en Estados Unidos cree que lo que decimos en Twitter nos puede clasificar en seis tipos grupos .</content>
        </sentence>
        <sentence id="5">
          <content>El cient&amp;iacute;fico inform&amp;aacute;tico Ben Shneiderman gui&amp;oacute la investigaci&amp;oacuten en la que se analizaron decenas de miles de conversaciones de Twitter durante 4 a&amp;ntilde;os para encontrar que existen seis tipos de tuiteros seg&amp;uacute;n lo que publica la gente en esta red social .</content>
        </sentence>
        <sentence id="6">
          <content>Es as&amp;iacute; como los 241 millones de usuarios activos al mes de Twitter, que comparten diariamente alrededor de 500 millones de tuits, se pueden clasificar de esta manera:1 .</content>
        </sentence>
        <sentence id="7">
          <content>Las multitudes polarizadas: &amp;iquest;Tienes amigos que s&amp;oacutelo hablan de pol&amp;iacute;tica y no aceptan los puntos de vista de los dem&amp;aacute;s?</content>
        </sentence>
        <sentence id="8">
          <content>Ellos forman parte de este grupo en donde los temas son a menudo cuestiones pol&amp;iacute;ticas, altamente debatibles y que normalmente dividen a los usuarios de la red social .</content>
        </sentence>
        <sentence id="9">
          <content>Lo curioso es que normalmente s&amp;oacutelo comparten sus puntos de vista y no responden a los dem&amp;aacute;s .</content>
        </sentence>
        <sentence id="10">
          <content>Las multitudes cercanas: comparten los mismos gustos, espacios de aprendizaje, pasatiempos y pasiones .</content>
        </sentence>
        <sentence id="11">
          <content>Las personas que forman parte de esta red tienen conexiones fuertes entre s&amp;iacute; .</content>
        </sentence>
        <sentence id="12">
          <content>Normalmente conversan mucho entre ellos y se siguen mutuamente .</content>
        </sentence>
        <sentence id="13">
          <content>Los grupos de marcas:"Beliebers", "Directioners" y "Apple Fans", estos tuiteros son fan&amp;aacute;ticos o admiradores de productos, grupos musicales, artistas, en fin, creen y compran "marcas" .</content>
        </sentence>
        <sentence id="14">
          <content>La red de difusi&amp;oacuten: &amp;eacute;ste comprende a las personas que tienden a hablar de las noticias de &amp;uacute;ltimo minuto (la desaparici&amp;oacuten del avi&amp;oacuten de Malasia, la separaci&amp;oacuten de Crimea de Ucrania) .</content>
        </sentence>
        <sentence id="15">
          <content>Normalmente siguen a varias cuentas de noticias, a las cuales dan retuit con frecuencia, y conectan poco con otros usuarios de la red social .</content>
        </sentence>
        <sentence id="16">
          <content>Los grupos de comunidad: se crean alrededor de noticias globales o locales que se vuelven populares en grupos peque&amp;ntilde;os con usuarios que intercambian sus puntos de vista entre s&amp;iacute; .</content>
        </sentence>
        <sentence id="17">
          <content>Atenci&amp;oacuten a clientes: son aquellos tuiteros que se quejan de las fallas de las empresas a trav&amp;eacute;s de las redes sociales .</content>
        </sentence>
        <sentence id="18">
          <content>Que si su vuelo sali&amp;oacute tarde, si un paquete no lleg&amp;oacute a tiempo, si su banco cometi&amp;oacute alg&amp;uacute;n error .</content>
        </sentence>
        <sentence id="19">
          <content>Esto genera que las cuentas institucionales de estos servicios se conecten con los usuarios .</content>
        </sentence>
        <sentence id="20">
          <content>Los investigadores de la Universidad de Maryland realizaron este estudio con el software de c&amp;oacutedigo abierto NodeXL que permite examinar la interacci&amp;oacuten de los tuits, retuits y las redes sociales de los usuarios de Twitter .</content>
        </sentence>
        <sentence id="21">
          <content>&amp;iquest;Qu&amp;eacute; d&amp;iacute;a estuvimos m&amp;aacute;s felices o m&amp;aacute;s tristes seg&amp;uacute;n Twitter?Twitter encontr&amp;oacute en un an&amp;aacute;lisis de millones de conversaciones de sus usuarios de habla inglesa en 2013 que las personas se sintieron m&amp;aacute;s "tristes" los domingos en diciembre o los lunes en octubre, en cambio se percibieron m&amp;aacute;s felices los martes de diciembre o los martes de enero .</content>
        </sentence>
        <sentence id="22">
          <content>Durante la mitad de semana en julio o los viernes de enero fueron los momentos en que las personas postearon m&amp;aacute;s que "iban tarde" al trabajo .</content>
        </sentence>
        <sentence id="23">
          <content>Mientras que durante los domingos de marzo y los jueves y viernes de diciembre se coment&amp;oacute m&amp;aacute;s sobre la "resaca" o la "cruda" en la red social .</content>
        </sentence>
      </sentences>
    </paragraph>
  </article>
</document>
