<?xml version="1.0" encoding="UTF-8"?>
<document id="830" link="http://mexico.cnn.com/tecnologia/2014/03/14/un-tuit-la-historia-de-amor-y-desamor-entre-lebron-james-y-samsung" category="Tecnolog&amp;iacute;a" author="Doug Gross" highlights_mapped="false">
  <title>Un tuit, la historia de amor y desamor entre LeBron James y Samsung - Tecnolog&amp;iacute;a - CNNMexico.com</title>
  <keywords>redes sociales, twitter, lebron james, patrocinio, celebridades, samsung, empresas, ellen,</keywords>
  <summaries>
    <highlights>
      <sentence id="1" ids_sentences_article="">LeBron James tuite&amp;oacute una queja sobre el 'smartphone' que respalda.</sentence>
      <sentence id="2" ids_sentences_article="">En las redes sociales, otras celebridades han criticado las marcas que promocionan.</sentence>
      <sentence id="3" ids_sentences_article="">Ellen DeGeneres utiliz&amp;oacute un Samsung en el escenario en los Oscar, y un iPhone tras bastidores.</sentence>
      <sentence id="4" ids_sentences_article="">Un experto dice que los endosos positivos todav&amp;iacute;a superan esas fallas.</sentence>
    </highlights>
  </summaries>
  <article>
    <paragraph id="1">
      <sentences>
        <sentence id="1">
          <content>Un tuit, la historia de amor y desamor entre LeBron James y Samsung.</content>
        </sentence>
        <sentence id="2">
          <content>El basquetbolista de Miami Heat public&amp;oacute en Twitter una queja que parec&amp;iacute;a estar dirigida a una empresa que patrocina.</content>
        </sentence>
        <sentence id="3">
          <content>(CNN) -- En el mundo de la tecnolog&amp;iacute;a, pagarle a una celebridad para que ame a tu producto puede ser contraproducente en algunas ocasiones .</content>
        </sentence>
        <sentence id="4">
          <content>&amp;Eacute;ste es el caso del basquetbolista LeBron James .</content>
        </sentence>
        <sentence id="5">
          <content>Este mi&amp;eacute;rcoles, la superestrella de la NBA, LeBron James, acudi&amp;oacute a Twitter para anunciar una pesadilla de la era m&amp;oacutevil: "Mi tel&amp;eacute;fono acaba de borrar todo lo que ten&amp;iacute;a y se reinici&amp;oacute .</content>
        </sentence>
        <sentence id="6">
          <content>&amp;iexcl;&amp;iexcl;&amp;iexcl;Uno de los sentimientos m&amp;aacute;s enfermizos que he tenido en mi vida!!!"</content>
        </sentence>
        <sentence id="7">
          <content>Aqu&amp;iacute; est&amp;aacute; el problema: ese tel&amp;eacute;fono presumiblemente era el Samsung Galaxy Note por el que a la estrella del Miami Heat le pagan mucho dinero para promocionar .</content>
        </sentence>
        <sentence id="8">
          <content>Esto fue solo lo m&amp;aacute;s reciente en una serie de pasos en falso p&amp;uacute;blicos por parte de celebridades que cada vez m&amp;aacute;s les piden que hablen de productos tecnol&amp;oacutegicos .</content>
        </sentence>
        <sentence id="9">
          <content>James r&amp;aacute;pidamente borr&amp;oacute el tuit y poco despu&amp;eacute;s; presumiblemente con algo de ayuda de sus amigos en la empresa coreana de gadgets, public&amp;oacute esto: "Estuvo cerca .</content>
        </sentence>
        <sentence id="10">
          <content>Recuper&amp;eacute; toda mi informaci&amp;oacuten .</content>
        </sentence>
        <sentence id="11">
          <content>Amor y desamor entre las empresas de tecnolog&amp;iacute;a y las celebridadesNo es la primera vez que una celebridad, un contrato de patrocinio y Twitter se fusionan para crear un error extra&amp;ntilde;o .</content>
        </sentence>
        <sentence id="12">
          <content>Solo este mes, la conductora de los Oscar, Ellen DeGeneres, se tom&amp;oacute la selfie vista en todo el mundo con un smartphone de Samsung, un gran patrocinador de los premios .</content>
        </sentence>
        <sentence id="13">
          <content>Pero, tras bastidores, fue atrapada mientras tuiteaba pensamientos de los Oscar desde su iPhone .</content>
        </sentence>
        <sentence id="14">
          <content>La cantante Alicia Keys afirm&amp;oacute que fue hackeada el a&amp;ntilde;o pasadocuando aparentemente envi&amp;oacute un tuit desde un iPhone d&amp;iacute;as despu&amp;eacute;s de que fuera nombrada "directora creativa" para BlackBerry .</content>
        </sentence>
        <sentence id="15">
          <content>Y en 2012, Oprah Winfrey (o alguien de su personal) habl&amp;oacute entusiasmadamente sobre la nueva tableta Surface de Microsoft; en un tuit que utilizaba Twitter para iPad .</content>
        </sentence>
        <sentence id="16">
          <content>A veces, las lealtades competitivas chocan cuando los patrocinios de gadgets est&amp;aacute;n involucrados .</content>
        </sentence>
        <sentence id="17">
          <content>En marzo de 2013, la estrella de The Big Bang Theory, Kaley Cuoco, tuite&amp;oacute algunos elogios (patrocinados) para Dish Network&amp;rsquo;s Hopper, un sistema de DVR .</content>
        </sentence>
        <sentence id="18">
          <content>Resulta que, CBS, que transmite el programa, estuvo encerrado en un pleito con Dish y otros fabricantes de DVR por la capacidad del sistema de saltarse anuncios .</content>
        </sentence>
        <sentence id="19">
          <content>Borr&amp;oacute obligatoriamente el tuit .</content>
        </sentence>
        <sentence id="20">
          <content>Dish acus&amp;oacute a CBS de obligarla .</content>
        </sentence>
        <sentence id="21">
          <content>CBS lo neg&amp;oacute .</content>
        </sentence>
        <sentence id="22">
          <content>Y el pleito sigue .</content>
        </sentence>
        <sentence id="23">
          <content>Cuando las celebridades deben aprender qu&amp;eacute; tuitearMartin Lindstrom, un consejero de marca de las empresas Fortune 500 y autor de Buyology: Truth and Lies About Why We Buy (Biolog&amp;iacute;a de las compras: verdades y mentiras sobre por qu&amp;eacute; compramos), dijo que esos errores son "un gran riesgo" cuando firman a patrocinadores celebridades .</content>
        </sentence>
        <sentence id="24">
          <content>Pero no esperes a que la pr&amp;aacute;ctica desaparezca pronto .</content>
        </sentence>
        <sentence id="25">
          <content>Lindstrom tambi&amp;eacute;n dijo que, incluso en estos casos en los que hay pasos en falso, los patrocinios rinden frutos .</content>
        </sentence>
        <sentence id="26">
          <content>"Aprendimos que el efecto positivo sorprendentemente parece m&amp;aacute;s fuerte que el efecto negativo", dijo, al citar la investigaci&amp;oacuten realizada para uno de sus libros .</content>
        </sentence>
        <sentence id="27">
          <content>"En la realidad, esto significa que los espectadores del Oscar son mucho m&amp;aacute;s propensos a recordar el patrocinio de Samsung de Ellen, incluido el nombre Samsung, y dif&amp;iacute;cilmente juzgan a la marca si una celebridad mete la pata con la situaci&amp;oacuten" .</content>
        </sentence>
        <sentence id="28">
          <content>Y aunque los tuits de celebridades encabezan los titulares, Lindstrom dijo que la prevalencia de las redes sociales ahora significa que no son las &amp;uacute;nicas que analizamos para decidir qu&amp;eacute; pensamos sobre un producto .</content>
        </sentence>
        <sentence id="29">
          <content>"El concepto de patrocinio convencional de celebridades se expandi&amp;oacute de solo involucrar a las superestrellas a involucrar a cada persona que tuvo 10 minutos de fama e incluso a personas que labraron cierta audiencia en un tema muy enfocado", dijo .</content>
        </sentence>
        <sentence id="30">
          <content>"M&amp;aacute;s o menos todos nos hemos convertido en marcas personales; y por lo tanto todos somos m&amp;aacute;s o menos propensos a atestiguarnos en un papel de patrocinio de marcas en el futuro" .</content>
        </sentence>
      </sentences>
    </paragraph>
  </article>
</document>
