<?xml version="1.0" encoding="UTF-8"?>
<document id="759" link="http://mexico.cnn.com/tecnologia/2013/12/13/te-sientes-culpable-por-tu-maraton-de-series-los-usuarios-de-netflix-no" category="Tecnolog&amp;iacute;a" author="Brian Stelter" highlights_mapped="false">
  <title>&amp;iquestTe sientes culpable por tu marat&amp;oacuten de series? Los usuarios de Netflix no - Tecnolog&amp;iacute;a - CNNMexico.com</title>
  <keywords>movil, Netflix, maraton de peliculas, culpa, encuesta,</keywords>
  <summaries>
    <highlights>
      <sentence id="1" ids_sentences_article="">Los usuarios definen los atracones de televisi&amp;oacuten como ver entre dos a seis episodios.</sentence>
      <sentence id="2" ids_sentences_article="">La audiencia dijo tener sentimientos positivos hacia ver programas en exceso.</sentence>
      <sentence id="3" ids_sentences_article="">La encuesta se realiz&amp;oacute entre m&amp;aacute;s de 3,000 adultos en Estados Unidos.</sentence>
    </highlights>
  </summaries>
  <article>
    <paragraph id="1">
      <sentences>
        <sentence id="1">
          <content>&amp;iquestTe sientes culpable por tu marat&amp;oacuten de series?</content>
        </sentence>
        <sentence id="2">
          <content>Los usuarios de Netflix no.</content>
        </sentence>
        <sentence id="3">
          <content>Los usuarios del servicio en Estados Unidos disfrutan ver episodios uno tras otro y lo consideran como un momento de relajaci&amp;oacuten.</content>
        </sentence>
        <sentence id="4">
          <content>(CNNMoney) -- Netflix adopta el arte de los "maratones", mientras busca vender m&amp;aacute;s suscripciones durante las fiestas .</content>
        </sentence>
        <sentence id="5">
          <content>A una mayor&amp;iacute;a de los espectadores de la televisi&amp;oacuten transmitida por internet en Estados Unidos les gustan los &amp;lsquo;atracones de televisi&amp;oacuten&amp;rsquo; --la acci&amp;oacuten de ver episodios de series de televisi&amp;oacuten uno tras otro&amp;ndash; y piensan que esto hace las series m&amp;aacute;s agradables, seg&amp;uacute;n una encuesta para Netflix realizada porHarris Interactive .</content>
        </sentence>
        <sentence id="6">
          <content>La encuesta tambi&amp;eacute;n podr&amp;iacute;a ayudar a Netflix a redefinir el significado de ver programas de televisi&amp;oacuten en exceso .</content>
        </sentence>
        <sentence id="7">
          <content>La mayor&amp;iacute;a de los atracones en Netflix y otros servicios de transmisi&amp;oacuten de programas ocurren de forma m&amp;aacute;s casual .</content>
        </sentence>
        <sentence id="8">
          <content>En la encuesta de Harris, la mayor&amp;iacute;a de los encuestados dijeron que definen los maratones como "ver un pu&amp;ntilde;ado de episodios (entre 2 y 6) del mismo programa de televisi&amp;oacuten de una sola sentada" .</content>
        </sentence>
        <sentence id="9">
          <content>Los resultados sugieren que esas sesiones marat&amp;oacutenicas de atracones podr&amp;iacute;an encontrarse en el extremo del espectro .</content>
        </sentence>
        <sentence id="10">
          <content>Despu&amp;eacute;s de todo, ver tres episodios de Scandal es mucho menos ambicioso que ver de una sola vez las cinco temporadas de Breaking Bad .</content>
        </sentence>
        <sentence id="11">
          <content>La encuesta tambi&amp;eacute;n descubri&amp;oacute que la audiencia no se siente culpable de hacer maratones, un concepto impregnado de connotaciones negativas en otros contextos .</content>
        </sentence>
        <sentence id="12">
          <content>Casi tres cuartas partes de los que respondieron a la encuesta dijeron tener "sentimientos positivos hacia ver programas en exceso" .</content>
        </sentence>
        <sentence id="13">
          <content>La encuesta de Harris se realiz&amp;oacute en l&amp;iacute;nea a 3,078 adultos en Estados Unidos a finales de noviembre .</content>
        </sentence>
        <sentence id="14">
          <content>Alrededor de la mitad de la muestra se identific&amp;oacute como espectador del servicio de streaming .</content>
        </sentence>
        <sentence id="15">
          <content>Junto con la encuesta, Netflix dijo que contrat&amp;oacute a Grant McCracken, antrop&amp;oacutelogo cultural y autor, para observar c&amp;oacutemo los espectadores de televisi&amp;oacuten en Estados Unidos y Canad&amp;aacute; interact&amp;uacute;an en la actualidad con el medio .</content>
        </sentence>
        <sentence id="16">
          <content>"Darse atracones de programas de televisi&amp;oacuten no es imprudente o indulgente", dijo McCracken en un correo electr&amp;oacutenico .</content>
        </sentence>
        <sentence id="17">
          <content>"Es una forma inteligente e incluso contemplativa de ver cierto tipo de televisi&amp;oacuten .</content>
        </sentence>
        <sentence id="18">
          <content>En especial si es buena televisi&amp;oacuten" .</content>
        </sentence>
        <sentence id="19">
          <content>Dentro del subconjunto de los encuestados que transmiten televisi&amp;oacuten, un 76% describi&amp;oacute los maratones de televisi&amp;oacuten como "un refugio bienvenido de sus ajetreadas vidas" .</content>
        </sentence>
        <sentence id="20">
          <content>El estudio descubri&amp;oacute que un 38% de los encuestados normalmente se dan atracones de televisi&amp;oacuten solos, mientras que un 51% dijeron que prefieren hacerlo acompa&amp;ntilde;ados .</content>
        </sentence>
        <sentence id="21">
          <content>La decisi&amp;oacuten de encargar la investigaci&amp;oacuten destaca el deseo de Netflix de que haya una mayor adopci&amp;oacuten de televisi&amp;oacuten transmitida por internet, a la carta .</content>
        </sentence>
        <sentence id="22">
          <content>La empresa tambi&amp;eacute;n podr&amp;iacute;a utilizar la investigaci&amp;oacuten para respaldar sus re&amp;ntilde;idas negociaciones con los proveedores de programaci&amp;oacuten .</content>
        </sentence>
        <sentence id="23">
          <content>Esos proveedores, en algunos casos, han buscado imponer restricciones en el horario y la forma como Netflix puede transmitir programas .</content>
        </sentence>
        <sentence id="24">
          <content>"Nuestra informaci&amp;oacuten de visualizaci&amp;oacuten muestra que la mayor&amp;iacute;a de quienes transmiten los programas preferir&amp;iacute;an tener una sola sesi&amp;oacuten de un programa disponible para ver a su propio ritmo", dijo Ted Sarandos, jefe de contenidos de la empresa .</content>
        </sentence>
        <sentence id="25">
          <content>Si bien Netflix se encuentra entre los primeros y m&amp;aacute;s agresivos en adoptar horarios de lanzamientos que permiten a los consumidores darse atracones, las acciones de la empresa tambi&amp;eacute;n sugieren que todav&amp;iacute;a hace algunos ajustes a la estrategia .</content>
        </sentence>
        <sentence id="26">
          <content>A principios de diciembre, Netflix anunci&amp;oacute que no publicar&amp;iacute;a completa la primera temporada de Turbo: FAST de una sola vez .</content>
        </sentence>
        <sentence id="27">
          <content>En cambio, Netflix dijo que estrenar&amp;iacute;a cinco episodios de la serie infantil el 24 de diciembre y luego estrenar&amp;iacute;a otros conjuntos de episodios -los llama "contenidos"- en otras fiestas .</content>
        </sentence>
        <sentence id="28">
          <content>Otras empresas tambi&amp;eacute;n han experimentado con estrategias de estrenos .</content>
        </sentence>
        <sentence id="29">
          <content>Cuando el servicio de transmisi&amp;oacuten por internet de Amazon (AMZN, Fortune 500) estren&amp;oacute su primera serie original "Alpha House", tuvo los primeros tres episodios disponibles de inmediato, y luego reparti&amp;oacute el resto en una base semanal .</content>
        </sentence>
      </sentences>
    </paragraph>
  </article>
</document>
