<?xml version="1.0" encoding="UTF-8"?>
<document id="778" link="http://mexico.cnn.com/tecnologia/2014/03/17/diferencia-entre-cyberbullying-y-troll-y-por-que-dicen-que-son-sadicos" category="Tecnolog&amp;iacute;a" author="Doug Gross" highlights_mapped="false">
  <title>Diferencia entre 'cyberbullying' y 'troll' y por qu&amp;eacute; dicen que son s&amp;aacute;dicos - Tecnolog&amp;iacute;a - CNNMexico.com</title>
  <keywords>internet, trolling, trolls, youtube, sadismo, comportamiento, canada, encuesta, psicologia, maquiavelismo, psicopatia,</keywords>
  <summaries>
    <highlights>
      <sentence id="1" ids_sentences_article="">En la encuesta se dice que los 'trolls' de internet muestran tendencias s&amp;aacute;dicas.</sentence>
      <sentence id="2" ids_sentences_article="">La psicopat&amp;iacute;a y el "maquiavelismo" tambi&amp;eacute;n fueron vinculados con el comportamiento de 'trolls'.</sentence>
      <sentence id="3" ids_sentences_article="">'Trolling' es el acto de decir cosas ofensivas en l&amp;iacute;nea solamente por diversi&amp;oacuten.</sentence>
      <sentence id="4" ids_sentences_article="">Cada vez m&amp;aacute;s, los sitios web intentan reducir el 'trolling'.</sentence>
    </highlights>
  </summaries>
  <article>
    <paragraph id="1">
      <sentences>
        <sentence id="1">
          <content>Diferencia entre 'cyberbullying' y 'troll' y por qu&amp;eacute; dicen que son s&amp;aacute;dicos.</content>
        </sentence>
        <sentence id="2">
          <content>En un estudio realizado en Canad&amp;aacute; y Estados Unidos se vincul&amp;oacute la tendencia hacia el sadismo con la conducta de 'trolleo' en l&amp;iacute;nea.</content>
        </sentence>
        <sentence id="3">
          <content>(CNN) -- Tal vez has le&amp;iacute;do que los trolls en internet son personas s&amp;aacute;dicas en la vida real .</content>
        </sentence>
        <sentence id="4">
          <content>Para ser claros, un estudio en el que se basa esa afirmaci&amp;oacuten no se realiz&amp;oacute con una muestra representativa y al azar de los encuestados .</content>
        </sentence>
        <sentence id="5">
          <content>Sin embargo, sus resultados indican una creciente preocupaci&amp;oacuten sobre el comportamiento que existe desde el nacimiento de internet y que ha existido en otras formas durante mucho m&amp;aacute;s tiempo .</content>
        </sentence>
        <sentence id="6">
          <content>De qu&amp;eacute; estamos hablandoEl sadismo es la tendencia a disfrutar el dolor o malestar de otra persona .</content>
        </sentence>
        <sentence id="7">
          <content>Como se define en el estudio publicado a principios de febrero en la revista Personality and Individual Differences, el trolling en l&amp;iacute;nea es "la pr&amp;aacute;ctica de comportarse de una manera enga&amp;ntilde;osa, destructiva o perjudicial en un ambiente social en internet sin prop&amp;oacutesito instrumental aparente" .</content>
        </sentence>
        <sentence id="8">
          <content>La principal diferencia entre troleo y cyberbullying es que los bullies en l&amp;iacute;nea dicen cosas desagradables o incluso hacen comentarios de odio que reflejan sus verdaderos sentimientos .</content>
        </sentence>
        <sentence id="9">
          <content>Los trolls son ofensivos solo por diversi&amp;oacuten, y a veces opinan en contra de sus propias creencias solo para molestar a los dem&amp;aacute;s .</content>
        </sentence>
        <sentence id="10">
          <content>C&amp;oacutemo se realiz&amp;oacuteLos investigadores que realizaron el estudio entregaron un cuestionario a 188 estudiantes de psicolog&amp;iacute;a en Canad&amp;aacute;, quienes recibieron cr&amp;eacute;ditos extra por completar las encuestas, as&amp;iacute; como a 609 personas en Estados Unidos que utilizan un sitio web que permite llenar encuestas a cambio de una peque&amp;ntilde;a cantidad de dinero: 50 centavos de d&amp;oacutelar, equivalentes a 6 .</content>
        </sentence>
        <sentence id="11">
          <content>A los encuestados se les pregunt&amp;oacute sobre su comportamiento en internet, cu&amp;aacute;nto tiempo pasan en l&amp;iacute;nea y si comentan en lugares como YouTube o en sitios web de noticias .</content>
        </sentence>
        <sentence id="12">
          <content>Tambi&amp;eacute;n les aplicaron pruebas que miden los que los psic&amp;oacutelogos califican como "T&amp;eacute;trada Oscura": narcisismo, maquiavelismo, psicopat&amp;iacute;a y personalidad s&amp;aacute;dica .</content>
        </sentence>
        <sentence id="13">
          <content>Las preguntas planteadas para determinar las tendencias s&amp;aacute;dicas incluyeron "disfruto lesionar f&amp;iacute;sicamente a las personas", "disfruto bromear a expensas de los dem&amp;aacute;s" y "disfruto ser el villano en juegos y torturar a otros personajes" .</content>
        </sentence>
        <sentence id="14">
          <content>Los resultadosSi alguna vez te quejaste de que los trolls que llenan de basura las secciones de comentarios en l&amp;iacute;nea son un conjunto de psic&amp;oacutepatas s&amp;aacute;dicos, podr&amp;iacute;as estar en lo correcto .</content>
        </sentence>
        <sentence id="15">
          <content>En el art&amp;iacute;culo se sugiere que los trolls de internet tienen mayor probabilidad que otros de mostrar signos de sadismo, psicopat&amp;iacute;a y "maquiavelismo" (un desprecio por la moral y tendencia a manipular o explotar a otros) .</content>
        </sentence>
        <sentence id="16">
          <content>Los usuarios que comentaban y dijeron que disfrutaban trollear a otros usuarios m&amp;aacute;s que otras opciones (como debatir temas y hacer nuevos amigos) ten&amp;iacute;an puntuaciones consistentemente m&amp;aacute;s altas en la "t&amp;eacute;trada" y mostraban una tendencia de disfrutar el trolling "porque es placentero&amp;#733;, escribieron los autores .</content>
        </sentence>
        <sentence id="17">
          <content>"Sin embargo, fue el sadismo lo que tuvo las asociaciones m&amp;aacute;s fuertes con el trolling en comparaci&amp;oacuten con todas las medidas de personalidad", seg&amp;uacute;n el art&amp;iacute;culo de psic&amp;oacutelogos de las universidades de Manitoba, Winnipeg y British Columbia, en Canad&amp;aacute; .</content>
        </sentence>
        <sentence id="18">
          <content>"Podr&amp;iacute;a decirse que los trolls en l&amp;iacute;nea son el prototipo de los s&amp;aacute;dicos cotidianos" .</content>
        </sentence>
        <sentence id="19">
          <content>"Tanto los trolls como los s&amp;aacute;dicos sienten regocijo s&amp;aacute;dico en el sufrimiento de otros .</content>
        </sentence>
        <sentence id="20">
          <content>Los s&amp;aacute;dicos solo quieren divertirse&amp;hellip; e internet es su lugar predilecto" .</content>
        </sentence>
        <sentence id="21">
          <content>Qu&amp;eacute; significa:Aunque los resultados no tienen una validez estad&amp;iacute;stica debido a que se desconocen las caracter&amp;iacute;sticas espec&amp;iacute;ficas de quienes respondieron el cuestionario, s&amp;iacute; abren una ventana de exploraci&amp;oacuten a la relaci&amp;oacuten entre la personalidad y la conducta en internet .</content>
        </sentence>
        <sentence id="22">
          <content>"Estos resultados ofrecen una visi&amp;oacuten preliminar del mecanismo por medio del cual el sadismo fomenta el comportamiento de troleo", seg&amp;uacute;n el art&amp;iacute;culo .</content>
        </sentence>
        <sentence id="23">
          <content>La explicaci&amp;oacuten de los cient&amp;iacute;ficos sobre las intenciones y recompensas del troll vuelve al ya conocido principio de internet: "no alimentes al troll" .</content>
        </sentence>
        <sentence id="24">
          <content>"Los trolls operan como agentes de caos en internet, al explotar &amp;lsquo;cuestiones que desatan emociones fuertes&amp;rsquo; para hacer que los usuarios parezcan excesivamente emotivos o tontos de alguna manera", se lee en el art&amp;iacute;culo .</content>
        </sentence>
        <sentence id="25">
          <content>"Si una persona desafortunada cae en su trampa, el trolling se intensifica para una mayor diversi&amp;oacuten sin piedad .</content>
        </sentence>
        <sentence id="26">
          <content>Es por eso que a los usuarios nuevos de internet se les recuerda una y otra vez: &amp;lsquo;&amp;iexcl;No alimentes a los trolls!</content>
        </sentence>
        <sentence id="27">
          <content>&amp;rsquo;" .</content>
        </sentence>
        <sentence id="28">
          <content>Esto significa: ellos se alimentan de tu enojo, as&amp;iacute; que si los ignoras, morir&amp;aacute;n .</content>
        </sentence>
      </sentences>
    </paragraph>
  </article>
</document>
