<?xml version="1.0" encoding="UTF-8"?>
<document id="569" link="http://mexico.cnn.com/tecnologia/2013/11/11/la-antorcha-olimpica-regresa-a-la-tierra-tras-visitar-el-espacio" category="Tecnolog&amp;iacute;a" highlights_mapped="false">
  <title>La antorcha ol&amp;iacute;mpica regresa a la Tierra tras visitar el espacio - Tecnolog&amp;iacute;a - CNNMexico.com</title>
  <keywords>ciencia, tecnologia, deportes, viaje espacial, antorcha olimpica, juegos de invierno, rusia, estacion espacial</keywords>
  <summaries>
    <highlights>
      <sentence id="1" ids_sentences_article="">La antorcha ol&amp;iacute;mpica estuvo en el espacio cinco d&amp;iacute;as.</sentence>
      <sentence id="2" ids_sentences_article="">Astronautas hicieron un relevo simb&amp;oacutelico durante una caminata espacial.</sentence>
      <sentence id="3" ids_sentences_article="">Los Juegos Ol&amp;iacute;mpicos de Invierno en Sochi se celebrar&amp;aacute;n en febrero pr&amp;oacuteximo.</sentence>
      <sentence id="4" ids_sentences_article="">El relevo ol&amp;iacute;mpico en tierra ser&amp;aacute; el m&amp;aacute;s largo de la historia.</sentence>
    </highlights>
  </summaries>
  <article>
    <paragraph id="1">
      <sentences>
        <sentence id="1">
          <content>La antorcha ol&amp;iacute;mpica regresa a la Tierra tras visitar el espacio.</content>
        </sentence>
        <sentence id="2">
          <content>La misi&amp;oacuten Soyuz TMA-09M regres&amp;oacute el pebetero de los Juegos Ol&amp;iacute;mpicos de Invierno de Sochi 2014.</content>
        </sentence>
        <sentence id="3">
          <content>(EFE) -- La antorcha de los Juegos Ol&amp;iacute;mpicos de Invierno Sochi 2014 volvi&amp;oacute a la Tierra este lunes en una naveSoyuz TMA-09M, en manos de tres tripulantes, inform&amp;oacute elCentro de Control de Vuelos Espaciales de Rusia (CCVE) .</content>
        </sentence>
        <sentence id="4">
          <content>El m&amp;oacutedulo de descenso de la Soyuz, que trajo de regreso al astronauta al ruso Fiodor Yurchijin, a la estadounidense Karen Nyberg y al italiano Luca Parmitano, aterriz&amp;oacute en las estepas de Kazajst&amp;aacute;n .</content>
        </sentence>
        <sentence id="5">
          <content>Los tripulantes cumplieron una misi&amp;oacuten de casi cinco meses en la Estaci&amp;oacuten Espacial Internacional (EEI) .</content>
        </sentence>
        <sentence id="6">
          <content>Yurchijin entreg&amp;oacute la antorcha a los representantes del Comit&amp;eacute; Organizador de los Juegos Ol&amp;iacute;mpicos de Sochi tras salir de la c&amp;aacute;psula espacial .</content>
        </sentence>
        <sentence id="7">
          <content>El viaje espacial de la antorcha ol&amp;iacute;mpica que encender&amp;aacute; el pebetero de Sochi comenz&amp;oacute el pasado jueves, cuando los tripulantes de la nave Soyuz TMA-11, el ruso Mija&amp;iacute;l Tiurin, el estadounidense Rick Mastracchio y el japon&amp;eacute;s Koichi Wakata, la llevaron a la EEI .</content>
        </sentence>
        <sentence id="8">
          <content>El s&amp;aacute;bado, los cosmonautas rusosOleg K&amp;oacutetovy Sergu&amp;eacute;i Riazanski hicieron una caminata espacial yun relevo simb&amp;oacutelico con la antorcha, que durante los cinco d&amp;iacute;as que permaneci&amp;oacute en el espacio no fue encendida en ning&amp;uacute;n momento por razones de seguridad .</content>
        </sentence>
        <sentence id="9">
          <content>El jefe del programa ruso de vuelos espaciales pilotados, Alex&amp;eacute;i Krasnov, declar&amp;oacute este lunes que los deportistas rusos que m&amp;aacute;s destaquen en los Juegos de Invierno de Sochi ser&amp;aacute;n invitados al cosm&amp;oacutedromo de Baikonur para presenciar el lanzamiento de una nave tripulada .</content>
        </sentence>
        <sentence id="10">
          <content>El relevo ol&amp;iacute;mpico en tierra ser&amp;aacute; el m&amp;aacute;s largo de su historia, ya que en total la antorcha recorrer&amp;aacute; m&amp;aacute;s de 65,000 kil&amp;oacutemetros a manos de 14,000 relevistas a trav&amp;eacute;s de 130 ciudades de las 83 entidades federadas que componen la Federaci&amp;oacuten Rusa .</content>
        </sentence>
        <sentence id="11">
          <content>La antorcha de Sochi inici&amp;oacute su recorrido el 6 de octubre en la Plaza Roja, donde fue encendida por el presidente Vladimir Putin, y, entre otros lugares, se sumergir&amp;aacute; en Siberia en el lago m&amp;aacute;s profundo del planeta, el Baikal .</content>
        </sentence>
        <sentence id="12">
          <content>El 20 de octubre alcanz&amp;oacute el Polo Norte tras surcar las aguas del Oc&amp;eacute;ano Glacial &amp;Aacute;rtico a bordo del rompehielos at&amp;oacutemico m&amp;aacute;s grande del mundo .</content>
        </sentence>
      </sentences>
    </paragraph>
  </article>
</document>
