<?xml version="1.0" encoding="UTF-8"?>
<document id="212" link="http://mexico.cnn.com/tecnologia/2014/01/03/blackberry-prescinde-de-alicia-keys-como-su-directora-creativa" category="Tecnolog&amp;iacute;a" highlights_mapped="false">
  <title>Blackberry prescinde de Alicia Keys como su directora creativa - Tecnolog&amp;iacute;a - CNNMexico.com</title>
  <keywords>movil, Alicia Keys, Alicia, Keys, Blackberry, tel&amp;eacute;fonos, smartphones, blackberry 10, tel&amp;eacute;fonos inteligentes, smartphone</keywords>
  <summaries>
    <highlights>
      <sentence id="1" ids_sentences_article="">Blackberry y Alicia Keys finalizan su contrato de colaboraci&amp;oacuten.</sentence>
      <sentence id="2" ids_sentences_article="">Con la contrataci&amp;oacuten de la cantante, la compa&amp;ntilde;&amp;iacute;a canadiense buscaba atraer el p&amp;uacute;blico joven.</sentence>
      <sentence id="3" ids_sentences_article="">Blackberry describe a Keys como una "persona incre&amp;iacute;blemente talentosa y apasionada".</sentence>
    </highlights>
  </summaries>
  <article>
    <paragraph id="1">
      <sentences>
        <sentence id="1">
          <content>Blackberry prescinde de Alicia Keys como su directora creativa.</content>
        </sentence>
        <sentence id="2">
          <content>La cantante estuvo por un a&amp;ntilde;o como directora creativa de la firma canadiense, la cual calific&amp;oacute a Keys como apasionada y muy talentosa.</content>
        </sentence>
        <sentence id="3">
          <content>(EFE) -- La compa&amp;ntilde;&amp;iacute;a tecnol&amp;oacutegica canadiense Blackberry prescindir&amp;aacute; de los servicios de la cantante Alicia Keys, quien desempe&amp;ntilde;aba desde el pasado enero el cargo de directora creativa de la firma .</content>
        </sentence>
        <sentence id="4">
          <content>En un comunicado en el que no se menciona la palabra despido, la compa&amp;ntilde;&amp;iacute;a indic&amp;oacute que la relaci&amp;oacuten contractual con la artista ha concluido tras haber completado "un a&amp;ntilde;o de colaboraci&amp;oacuten" .</content>
        </sentence>
        <sentence id="5">
          <content>El 30 de enero de 2013, en un evento en Nueva York y como un intento de redefinici&amp;oacuten para seguir viva en el mercado mundial de la telefon&amp;iacute;a m&amp;oacutevil, Blackberry anunci&amp;oacute su nuevo sistema operativo Blackberry 10, dos nuevos tel&amp;eacute;fonos inteligentes y el fichaje de Alicia Keys como directora creativa .</content>
        </sentence>
        <sentence id="6">
          <content>La empresa pretend&amp;iacute;a volver a acercarse al p&amp;uacute;blico joven, pero este movimiento no estuvo exento de desencuentros .</content>
        </sentence>
        <sentence id="7">
          <content>Desde la cuenta de Twitter de la cantante se enviaron tuits escritos desde dispositivos m&amp;oacuteviles de Apple y aunque ella asegur&amp;oacute que alguien hab&amp;iacute;a hackeado su cuenta, el eco del asunto se hab&amp;iacute;a extendido por las redes sociales .</content>
        </sentence>
        <sentence id="8">
          <content>What the h*ll?!!!!</content>
        </sentence>
        <sentence id="9">
          <content>Looks like I've been hacked . . . I like @Drake but that wasn't my tweet :-(-- Alicia Keys (@aliciakeys) Febrero 11, 2013Blackberry, cuyas propuestas tecnol&amp;oacutegicas no han logrado revertir la situaci&amp;oacuten de la compa&amp;ntilde;&amp;iacute;a, interrumpe ahora su relaci&amp;oacuten con la cantante, a quien ha agradecido su contribuci&amp;oacuten y ha descrito como una "persona incre&amp;iacute;blemente talentosa y apasionada" .</content>
        </sentence>
        <sentence id="10">
          <content>La empresa candiense cerr&amp;oacute el 2013 con una p&amp;eacute;rdida de 4,400 millones de d&amp;oacutelares y con sus acciones a la baja .</content>
        </sentence>
        <sentence id="11">
          <content>Adem&amp;aacute;s su modelo Z10 no alcanz&amp;oacute las ventas esperadas .</content>
        </sentence>
      </sentences>
    </paragraph>
  </article>
</document>
