<?xml version="1.0" encoding="UTF-8"?>
<document id="686" link="http://mexico.cnn.com/tecnologia/2013/05/21/la-nasa-publica-imagenes-del-tornado-que-golpeo-a-oklahoma-eu" category="Tecnolog&amp;iacute;a" highlights_mapped="false">
  <title>La NASA publica im&amp;aacute;genes del tornado que golpe&amp;oacute a Oklahoma, EU  - Tecnolog&amp;iacute;a - CNNMexico.com</title>
  <keywords>ciencia, nasa, satelite, tormenta, muertos, heridos, clima</keywords>
  <summaries>
    <highlights>
      <sentence id="1" ids_sentences_article="">El tornado que golpe&amp;oacute a Oklahoma tuvo vientos sostenidos de hasta 321 kil&amp;oacutemetros por hora.</sentence>
    </highlights>
  </summaries>
  <article>
    <paragraph id="1">
      <sentences>
        <sentence id="1">
          <content>La NASA publica im&amp;aacute;genes del tornado que golpe&amp;oacute a Oklahoma, EU.</content>
        </sentence>
        <sentence id="2">
          <content>El sat&amp;eacute;lite Aqua capt&amp;oacute el sistema clim&amp;aacute;tico de entre 267 y 321 kil&amp;oacutemetros por hora que gener&amp;oacute destrozos en la localidad de Moore.</content>
        </sentence>
        <sentence id="3">
          <content>(CNNM&amp;eacute;xico) -- La NASA y la agenciaNational Oceanic and Atmospheric Administration(NOAA) captaron im&amp;aacute;genes del sistema que llev&amp;oacute a la formaci&amp;oacuten de un tornado mortal para la localidad de Moore, en Oklahoma, Estados Unidos .</content>
        </sentence>
        <sentence id="4">
          <content>El espectrorradi&amp;oacutemetro de im&amp;aacute;genes de resoluci&amp;oacuten moderada (MODIS, por sus siglas en ingl&amp;eacute;s), en el sat&amp;eacute;lite Aqua, de la NASA, tom&amp;oacute este lunes una imagen de la tormenta, a las 14:40 horas (tiempo local) .</content>
        </sentence>
        <sentence id="5">
          <content>El tornado que azot&amp;oacute Moore tuvo una categor&amp;iacute;a F-4, en la escala Fujita, seg&amp;uacute;n el Servicio Meteorol&amp;oacutegico Nacional de Estados Unidos .</content>
        </sentence>
        <sentence id="6">
          <content>Los F-4 tienen vientos sostenidos de entre 267 y 321 kil&amp;oacutemetros por hora, detall&amp;oacute un comunicado de la NASA .</content>
        </sentence>
        <sentence id="7">
          <content>Durante este martes, los habitantes de Oklahoma trataron de apoyarse mutuamente, porque el paso del tornado provoc&amp;oacute la muerte de al menos 24 personas, y dej&amp;oacute tras de s&amp;iacute; una estela de destrucci&amp;oacuten .</content>
        </sentence>
        <sentence id="8">
          <content>Los hogares que estaban en la trayectoria del tornado quedaron hechos a&amp;ntilde;icos .</content>
        </sentence>
        <sentence id="9">
          <content>Manzanas enteras quedaron devastadas e irreconocibles .</content>
        </sentence>
        <sentence id="10">
          <content>Los autos volaron como si fueran juguetes .</content>
        </sentence>
        <sentence id="11">
          <content>Algunos yac&amp;iacute;an sobre grandes &amp;aacute;rboles .</content>
        </sentence>
        <sentence id="12">
          <content>Y hubo dificultades en el suministro de agua, y de electricidad .</content>
        </sentence>
        <sentence id="13">
          <content>El presidente de Estados Unidos, Barack Obama,firm&amp;oacute una declaratoria de desastre, para que Oklahoma pudiera recibir ayuda de fondos federales, en su proceso de reconstrucci&amp;oacuten .</content>
        </sentence>
        <sentence id="14">
          <content>"La gente de Moore debe saber que su pa&amp;iacute;s permanecer&amp;aacute; con ellos el tiempo que haga falta", mencion&amp;oacute el mandatario este martes .</content>
        </sentence>
      </sentences>
    </paragraph>
  </article>
</document>
