<?xml version="1.0" encoding="UTF-8"?>
<document id="155" link="http://mexico.cnn.com/tecnologia/2012/12/29/el-lanzamiento-de-windows-8" category="Tecnolog&amp;iacute;a" highlights_mapped="false">
  <title>El lanzamiento de Windows 8 - Tecnolog&amp;iacute;a - CNNMexico.com</title>
  <keywords>Curiosity, Windows 8, salto supers&amp;oacute;nico, capsula espacial dragon, internet m&amp;oacute;vil, SOPA, PIPA, facebook, Apple, redes sociales, privacidad, boson de higgs, felix baumgartner</keywords>
  <summaries>
    <highlights>
      <sentence id="1" ids_sentences_article="">Microsoft lanz&amp;oacute Microsoft 8 para competir con Apple y Google.</sentence>
      <sentence id="2" ids_sentences_article="">"Nos hemos reimaginado las computadoras personales", dijo su presidente.</sentence>
    </highlights>
  </summaries>
  <article>
    <paragraph id="1">
      <sentences>
        <sentence id="1">
          <content>10 hechos de ciencia y tecnolog&amp;iacute;a que marcaron 2012.</content>
        </sentence>
        <sentence id="2">
          <content>La 'part&amp;iacute;cula de Dios', la iPad mini, la Ley SOPA y el salto supers&amp;oacutenico robaron la atenci&amp;oacuten del mundo cient&amp;iacute;fico y tecnol&amp;oacutegico.</content>
        </sentence>
        <sentence id="3">
          <content>Ante el crecimiento de Apple y Google en el mercado de los dispositivos m&amp;oacuteviles, Microsoft decidi&amp;oacute apostar de lleno a este rubro con una nueva versi&amp;oacuten de su ic&amp;oacutenico sistema operativo, Windows 8 .</content>
        </sentence>
        <sentence id="4">
          <content>La plataforma, lanzada a fines de octubre, present&amp;oacute una interfaz m&amp;aacute;s amigable para las pantallas t&amp;aacute;ctiles, similar a los sistemas iOS de Apple y Android de Google .</content>
        </sentence>
        <sentence id="5">
          <content>"Nos hemos reimaginado Windows y hemos reimaginado a la industria de las computadoras personales", dijo el d&amp;iacute;a del lanzamiento el presidente ejecutivo de Microsoft, Steve Ballmer, quien sucedi&amp;oacute en el cargo al cofundador y l&amp;iacute;der moral de la compa&amp;ntilde;&amp;iacute;a, Bill Gates .</content>
        </sentence>
        <sentence id="6">
          <content>A fines de noviembre, Microsoft inform&amp;oacute a fines de noviembre que hab&amp;iacute;a vendido m&amp;aacute;s de 40 millones de licencias de Windows 8 .</content>
        </sentence>
      </sentences>
    </paragraph>
  </article>
</document>
