<?xml version="1.0" encoding="UTF-8"?>
<document id="160" link="http://mexico.cnn.com/tecnologia/2013/12/23/las-7-mejores-aplicaciones-para-ad" category="Tecnolog&amp;iacute;a" author="Francisco Rubio Egea" highlights_mapped="false">
  <title>Las mejores 'apps' para el sistema operativo Android de Google en 2013 - Tecnolog&amp;iacute;a - CNNMexico.com</title>
  <keywords>juegos y gadgets, las mejores apps para android, apps, aplicaciones, iphone, app store, Apple, nielsen, estados unidos, google play store, google play musica</keywords>
  <summaries>
    <highlights>
      <sentence id="1" ids_sentences_article="">Un listado de aplicaciones de Android que destacaron en 2013 por mantenerse durante semanas como lo m&amp;aacute;s descargado de la Google Play Store.</sentence>
      <sentence id="2" ids_sentences_article="">El mercado de aplicaciones de Android crece y en su cat&amp;aacute;logo existen 'gemas' que brillan y que son necesarias para el usuario de la plataforma.</sentence>
      <sentence id="3" ids_sentences_article="">En Estados Unidos el sistema operativo es el favorito del p&amp;uacute;blico, con 52%, mientras que Apple posee 41%.</sentence>
    </highlights>
  </summaries>
  <article>
    <paragraph id="1">
      <sentences>
        <sentence id="1">
          <content>Las mejores 'apps' para el sistema operativo Android de Google en 2013.</content>
        </sentence>
        <sentence id="2">
          <content>El 2013 est&amp;aacute; a punto de desaparecer .</content>
        </sentence>
        <sentence id="3">
          <content>Desp&amp;iacute;delo con algunas recomendaciones para tu 'smartphone'.</content>
        </sentence>
        <sentence id="4">
          <content>(Grupo Expansi&amp;oacuten) -- El mercado de aplicaciones de Android crece exponencialmente y en su cat&amp;aacute;logo existen &amp;lsquo;joyas&amp;rsquo; indispensables para los usuarios de esta plataforma .</content>
        </sentence>
        <sentence id="5">
          <content>Te mostramos un listado de las aplicaciones que destacaron en 2013 por mantenerse durante varias semanas como lo m&amp;aacute;s descargado de la Google Play Store y algunas cuyo servicio por fin lleg&amp;oacute a M&amp;eacute;xico .</content>
        </sentence>
        <sentence id="6">
          <content>Si lo tuyo es el iOS, checa las mejores apps de ese sistema operativo .</content>
        </sentence>
        <sentence id="7">
          <content>Google Play M&amp;uacute;sica&amp;iquest;Qu&amp;eacute; es?</content>
        </sentence>
        <sentence id="8">
          <content>: Despu&amp;eacute;s de un a&amp;ntilde;o de ser exclusiva para el mercado estadounidense, en octubre lleg&amp;oacute a M&amp;eacute;xico .</content>
        </sentence>
        <sentence id="9">
          <content>Aqu&amp;iacute; puedes escuchar la m&amp;uacute;sica que prefieras desde un cat&amp;aacute;logo de m&amp;aacute;s de 22 millones de canciones .</content>
        </sentence>
        <sentence id="10">
          <content>La suscripci&amp;oacuten cuesta 49 pesos y tambi&amp;eacute;n est&amp;aacute; disponible para PC .</content>
        </sentence>
        <sentence id="11">
          <content>&amp;iquest;Cu&amp;aacute;nto cuesta?</content>
        </sentence>
        <sentence id="12">
          <content>: Gratis .</content>
        </sentence>
        <sentence id="13">
          <content>Para descargarla, haz clic aqu&amp;iacute; .</content>
        </sentence>
        <sentence id="14">
          <content>Swiftkey&amp;iquest;Qu&amp;eacute; es?</content>
        </sentence>
        <sentence id="15">
          <content>: Una de las ventajas de los tel&amp;eacute;fonos Android es que puedes modificar casi cualquier interfaz gr&amp;aacute;fica que del celular, entre ellas, su teclado .</content>
        </sentence>
        <sentence id="16">
          <content>Esta aplicaci&amp;oacuten, actualizada y mejorada para la &amp;uacute;ltima versi&amp;oacuten del sistema operativo, te permite seleccionar las palabras con simples gestos, sin tener que despegar el dedo de la pantalla, lo cual, seg&amp;uacute;n sus desarrolladores, incrementa sustancialmente la velocidad de escritura con el smartphone .</content>
        </sentence>
        <sentence id="17">
          <content>&amp;iquest;Cu&amp;aacute;nto cuesta?</content>
        </sentence>
        <sentence id="18">
          <content>99 pesosPara descargarla, haz clic aqu&amp;iacute; .</content>
        </sentence>
        <sentence id="19">
          <content>CleanMaster&amp;iquest;Qu&amp;eacute; es?</content>
        </sentence>
        <sentence id="20">
          <content>: Al utilizar varias aplicaciones en el d&amp;iacute;a, es probable que tu celular tenga un rendimiento menos &amp;oacuteptimo .</content>
        </sentence>
        <sentence id="21">
          <content>Utiliza esta aplicaci&amp;oacuten, que permanece desde hace varios meses como lo m&amp;aacute;s descargado en la secci&amp;oacuten de utilidades, para hacer una peque&amp;ntilde;a limpieza de tu tel&amp;eacute;fono y lograr que opere m&amp;aacute;s r&amp;aacute;pidamente .</content>
        </sentence>
        <sentence id="22">
          <content>&amp;iquest;Cu&amp;aacute;nto cuesta?</content>
        </sentence>
        <sentence id="23">
          <content>: GratisPara descargarla, haz clic aqu&amp;iacute; .</content>
        </sentence>
        <sentence id="24">
          <content>PowerAmp&amp;iquest;Qu&amp;eacute; es?</content>
        </sentence>
        <sentence id="25">
          <content>: Durante m&amp;aacute;s de tres a&amp;ntilde;os, esta aplicaci&amp;oacuten ha sido un referente en la categor&amp;iacute;a multimedia por la cantidad de opciones que existen para poder reproducir tu m&amp;uacute;sica .</content>
        </sentence>
        <sentence id="26">
          <content>En 2013 sus gr&amp;aacute;ficos fueron actualizados y se corrigieron detalles de compatibilidad con modelos pasados de Android, resurgiendo para aquellas personas que no tienen un smartphone de gama alta .</content>
        </sentence>
        <sentence id="27">
          <content>&amp;iquest;Cu&amp;aacute;nto cuesta?</content>
        </sentence>
        <sentence id="28">
          <content>99 pesosPara descargarla, haz clic aqu&amp;iacute; .</content>
        </sentence>
        <sentence id="29">
          <content>Nova Launch Prime&amp;iquest;Qu&amp;eacute; es?</content>
        </sentence>
        <sentence id="30">
          <content>: Con esta aplicaci&amp;oacuten puedes tomar el control casi total de la interfaz gr&amp;aacute;fica de tu celular .</content>
        </sentence>
        <sentence id="31">
          <content>Puedes seleccionar gestos, abrir aplicaciones desde tu pantalla principal, ajustar el tama&amp;ntilde;o de los iconos y personalizar cada detalle de la gesti&amp;oacuten de tus apps .</content>
        </sentence>
        <sentence id="32">
          <content>&amp;iquest;Cu&amp;aacute;nto cuesta?</content>
        </sentence>
        <sentence id="33">
          <content>: 52 pesosPara descargarla, haz clic aqu&amp;iacute; .</content>
        </sentence>
        <sentence id="34">
          <content>Angry Birds Go&amp;iquest;Qu&amp;eacute; es?</content>
        </sentence>
        <sentence id="35">
          <content>: El nuevo juego de la finlandesa Rovio se mantiene, desde su lanzamiento a inicios de mes, como lo m&amp;aacute;s descargado de la categor&amp;iacute;a de juegos en la tienda .</content>
        </sentence>
        <sentence id="36">
          <content>Este t&amp;iacute;tulo es un juego de carreras donde tienes que desbloquear en diferentes niveles los personajes del juego, ahora luchando por el ser el m&amp;aacute;s veloz para poder recuperar tus huevos .</content>
        </sentence>
        <sentence id="37">
          <content>&amp;iquest;Cu&amp;aacute;nto cuesta?</content>
        </sentence>
        <sentence id="38">
          <content>: GratisPara descargarlo, haz clic aqu&amp;iacute; .</content>
        </sentence>
        <sentence id="39">
          <content>Ingress&amp;iquest;Qu&amp;eacute; es?</content>
        </sentence>
        <sentence id="40">
          <content>: Un videojuego que combina realidad aumentada y cuyos fan&amp;aacute;ticos se congregan por cientos en ciudades como San Francisco y Nueva York para desbloquear en conjunto elementos del juego .</content>
        </sentence>
        <sentence id="41">
          <content>Con la c&amp;aacute;mara tendr&amp;aacute;s que encontrar distintos espacios p&amp;uacute;blicos que suman fuerzas a tu facci&amp;oacuten, Los Iluminados o La Resistencia, en b&amp;uacute;squeda del control del mundo .</content>
        </sentence>
        <sentence id="42">
          <content>&amp;iquest;Cu&amp;aacute;nto cuesta?</content>
        </sentence>
        <sentence id="43">
          <content>: GratisPara descargarlo, haz clic aqu&amp;iacute; .</content>
        </sentence>
      </sentences>
    </paragraph>
  </article>
</document>
