<?xml version="1.0" encoding="UTF-8"?>
<document id="143" link="http://mexico.cnn.com/tecnologia/2014/03/11/la-nasa-quiere-tu-ayuda-para-localizar-asteroides-que-amenacen-a-la-tierra" category="Tecnolog&amp;iacute;a" highlights_mapped="false">
  <title>La NASA quiere tu ayuda para localizar asteroides que amenacen a la Tierra - Tecnolog&amp;iacute;a - CNNMexico.com</title>
  <keywords>ciencia, NASA, agencia espacial, Concurso, Laboratorio de Concursos, asteroides, peligro, Tierra, planeta, espacio, redireccionamiento, algoritmos, telescopios, Jason Crusan, experiencia, trayectoria</keywords>
  <summaries>
    <highlights>
      <sentence id="1" ids_sentences_article="">La NASA busca cient&amp;iacute;ficos para localizar asteroides con una trayectoria cercana a la Tierra.</sentence>
      <sentence id="2" ids_sentences_article="">La agencia espacial lanzar&amp;aacute; durante este a&amp;ntilde;o una serie de concursos para localizar amenazas para el planeta.</sentence>
    </highlights>
  </summaries>
  <article>
    <paragraph id="1">
      <sentences>
        <sentence id="1">
          <content>La NASA quiere tu ayuda para localizar asteroides que amenacen a la Tierra.</content>
        </sentence>
        <sentence id="2">
          <content>(CNNM&amp;eacute;xico) -- La NASA quiere tu ayuda para localizar a los asteroides que puedan ser un peligro para la Tierra .</content>
        </sentence>
        <sentence id="3">
          <content>La agencia espacial estadounidense iniciar&amp;aacute; un primer gran concurso para la comunidad cient&amp;iacute;fica en el que ofrece 35,000 d&amp;oacutelares en premios (alrededor de 462,600 pesos) a quienes ayuden a generar algoritmos que permitan identificar la trayectoria de estos cuerpos .</content>
        </sentence>
        <sentence id="4">
          <content>En un primer reto que iniciar&amp;aacute; el 17 de marzo se espera que los cient&amp;iacute;ficos alrededor del mundo localicen im&amp;aacute;genes de asteroides a trav&amp;eacute;s del uso de los telescopios que se encuentran en la Tierra .</content>
        </sentence>
        <sentence id="5">
          <content>Quien ayude a aumentar la sensibilidad de detecci&amp;oacuten de estos cuerpos, a minimizar el n&amp;uacute;mero de falsos positivos, ignorar las imperfecciones de los datos y a tener un algoritmo que funcione adecuadamente en todos los sistemas operativos ser&amp;aacute; el ganador del reto .</content>
        </sentence>
        <sentence id="6">
          <content>"Estamos aplicando nuestra experiencia con los concursos de algoritmos para ayudar a proteger al planeta de las amenazas de asteroides a trav&amp;eacute;s del an&amp;aacute;lisis de imagen", dice Jason Crusan, director del Laboratorio de Concurso de la NASA a trav&amp;eacute;s de la p&amp;aacute;gina web de la agencia espacial .</content>
        </sentence>
        <sentence id="7">
          <content>"Proteger al planeta de la amenaza de un impacto de un asteroide significa primero conocer en d&amp;oacutende est&amp;aacute;n ubicados ( . . . ) Al ampliar la b&amp;uacute;squeda de asteroides estamos alimentando el potencial de los innovadores y cient&amp;iacute;ficos en cualquier lugar para resolver este reto", asegura Jenn Gustetic, ejecutivo del Programa de Premios y Retos .</content>
        </sentence>
        <sentence id="8">
          <content>La ca&amp;iacute;da de un peque&amp;ntilde;o asteroide en Rusia en 2013, en donde m&amp;aacute;s de 1,000 personas resultaron lesionadas, es uno de los motivos que impulsan a la NASA a lanzar este concurso .</content>
        </sentence>
        <sentence id="9">
          <content>La NASA dice que hasta el momento s&amp;oacutelo se sigue la pista del 1% de los objetos que orbitan alrededor del Sol .</content>
        </sentence>
        <sentence id="10">
          <content>En la historia de la agencia se han descubierto 10,713 de estos cuerpos .</content>
        </sentence>
      </sentences>
    </paragraph>
  </article>
</document>
