<?xml version="1.0" encoding="UTF-8"?>
<document id="449" link="http://mexico.cnn.com/tecnologia/2013/10/21/asi-es-como-ayudas-a-que-facebook-y-google-sean-empresas-multimillonarias" category="Tecnolog&amp;iacute;a" highlights_mapped="false">
  <title>As&amp;iacute; es como ayudas a que Facebook y Google sean empresas multimillonarias - Tecnolog&amp;iacute;a - CNNMexico.com</title>
  <keywords>internet, Google, publicidad, redes sociales, anuncios, rese&amp;ntilde;as, ganancias, dinero,</keywords>
  <summaries>
    <highlights>
      <sentence id="1" ids_sentences_article="">Google sorprendi&amp;oacute a Wall Street con acciones cotizadas en 1,000 d&amp;oacutelares cada una.</sentence>
      <sentence id="2" ids_sentences_article="">La empresa anunci&amp;oacute que usar&amp;aacute; recomendaciones escritas por sus usuarios en publicidad.</sentence>
    </highlights>
  </summaries>
  <article>
    <paragraph id="1">
      <sentences>
        <sentence id="1">
          <content>As&amp;iacute; es como ayudas a que Facebook y Google sean empresas multimillonarias.</content>
        </sentence>
        <sentence id="2">
          <content>Estas compa&amp;ntilde;&amp;iacute;as usan las publicaciones y algunos datos de sus usuarios para ofrecer publicidad personalizada.</content>
        </sentence>
        <sentence id="3">
          <content>PAR&amp;Iacute;S, FRANCIA (AFP) -- El fabuloso desempe&amp;ntilde;o burs&amp;aacute;til del gigante de internetGooglepone en evidencia la habilidad de las redes sociales, servicios y plataformas de internet para monetizar informaciones que los usuarios les entregan gratuitamente en sus perfiles, fotos y opiniones .</content>
        </sentence>
        <sentence id="4">
          <content>Googleenloqueci&amp;oacute la semana pasada a los operadores de Wall Street: su acci&amp;oacuten super&amp;oacute la barrera simb&amp;oacutelica de los 1,000 d&amp;oacutelares, tras resultados trimestrales superiores a lo esperado .</content>
        </sentence>
        <sentence id="5">
          <content>Para impulsar su crecimiento, en una econom&amp;iacute;a donde las recomendaciones y consejos orientan a los consumidores, Googleadapt&amp;oacute su oferta publicitaria .</content>
        </sentence>
        <sentence id="6">
          <content>El 11 de octubre, el gigante de internet anunci&amp;oacute una evoluci&amp;oacuten de sus Condiciones Generales de Uso .</content>
        </sentence>
        <sentence id="7">
          <content>A partir del 11 de noviembre Googlepodr&amp;aacute; asociar las fotos de los perfiles, los comentarios y las opiniones de los usuarios con publicidades .</content>
        </sentence>
        <sentence id="8">
          <content>La empresallama a eso "recomendaciones compartidas" , que podr&amp;aacute;n ser vendidas a los anunciantes .</content>
        </sentence>
        <sentence id="9">
          <content>Concretamente, "si alguien busca un restaurante italiano a trav&amp;eacute;s del motor de b&amp;uacute;squeda deGoogley si alguno de sus amigos recomend&amp;oacute alguno cerca de su casa, puede recibir un anuncio con esa opini&amp;oacuten", explic&amp;oacute Google .</content>
        </sentence>
        <sentence id="10">
          <content>En marzo de 2012,Googleunific&amp;oacute unas 60 reglas de utilizaci&amp;oacuten que antes reg&amp;iacute;an sus servicios separados .</content>
        </sentence>
        <sentence id="11">
          <content>"La publicidad queda en lo m&amp;aacute;s bajo de la escala de prescripci&amp;oacuten --es decir en t&amp;eacute;rminos publicitarios la capacidad de un agente para modificar el comportamiento de otro-- y la recomendaci&amp;oacuten en lo m&amp;aacute;s alto, porque es uno de los factores que m&amp;aacute;s influencian los comportamientos .</content>
        </sentence>
        <sentence id="12">
          <content>Aqu&amp;iacute; se mezclan ambos", analiza Arthur Kannas, de la agencia de comunicaci&amp;oacuten y marketing interactivo Heaven .</content>
        </sentence>
        <sentence id="13">
          <content>"En el futuro se podr&amp;aacute; verificar la eficacia de este poder de prescripci&amp;oacuten porque la gente interpreta, afina su punto de vista y puede luego tomar distancia", agrega, al destacar que Facebook "debe administrar sin cesar el equilibrio entre lo que es bueno para los anunciantes y para los usuarios" .</content>
        </sentence>
        <sentence id="14">
          <content>Reinventando al hombre-anuncioEsta pr&amp;aacute;ctica ya era empleada por Facebook, que en septiembre pasado reformul&amp;oacute sus condiciones de uso .</content>
        </sentence>
        <sentence id="15">
          <content>"Cuando nos autorizan a utilizar el nombre, la foto de un perfil y sus informaciones en el marco de un contenido comercial", eso implica que "est&amp;aacute;n autorizando a una empresa u otra entidad a remunerarnos para mostrar el nombre y la foto del perfil, con vuestro contenido e informaciones, sin pagarnos" nada a cambio, escribe Facebook .</content>
        </sentence>
        <sentence id="16">
          <content>Esta "aclaraci&amp;oacuten", seg&amp;uacute;n Facebook,se produjo tras la decisi&amp;oacuten el 27 de agosto de la justicia estadounidense, que conden&amp;oacute a un grupo de demandados a pagar 20 millones de d&amp;oacutelares por haber utilizado las opciones "me gusta", los nombres y los perfiles de los usuarios con fines publicitarios .</content>
        </sentence>
        <sentence id="17">
          <content>Por otra parte, seis organizaciones de defensa de la libertad en internet denunciaron ante las autoridades estadounidenses la utilizaci&amp;oacuten comercial de los datos de los usuarios sin su consentimiento .</content>
        </sentence>
        <sentence id="18">
          <content>TantoGooglecomo Facebook dejaban la posibilidad a sus usuarios de desactivar esa opci&amp;oacuten adoptada por defecto .</content>
        </sentence>
        <sentence id="19">
          <content>Para Olivier Ertzscheid, experto en ciencias de la informaci&amp;oacuten de la Universidad de Nantes (Francia), "es la confirmaci&amp;oacuten de la voluntad de empujar cada vez m&amp;aacute;s lejos los formatos publicitarios, porque el modelo actual est&amp;aacute; alcanzando sus l&amp;iacute;mites", declar&amp;oacute a la AFP .</content>
        </sentence>
        <sentence id="20">
          <content>Internet y las redes sociales "acaban de reinventar el hombre-anuncio", la vieja t&amp;eacute;cnica que consist&amp;iacute;a en hacer cargar a una persona con un cartel publicitario sobre su cuerpo, escribi&amp;oacute el experto .</content>
        </sentence>
        <sentence id="21">
          <content>Salvo que el hombre-anuncio siempre sab&amp;iacute;a que cargaba el cartel y recib&amp;iacute;a un pago a cambio de ello .</content>
        </sentence>
        <sentence id="22">
          <content>Olivier Bomsel, economista de la escuela Mines-Paris-Tech, recuerda que la publicidad y las recomendaciones entre consumidores siempre existieron .</content>
        </sentence>
        <sentence id="23">
          <content>"Lo que permiten los sistemas actuales es aumentar la precisi&amp;oacuten y la productividad de las publicidades y de nuestras redes", agrega el autor de varios libros sobre el tema .</content>
        </sentence>
      </sentences>
    </paragraph>
  </article>
</document>
