<?xml version="1.0" encoding="UTF-8"?>
<document id="173" link="http://mexico.cnn.com/tecnologia/2013/11/11/apple-esta-trabajando-en-un-iphone-con-pantalla-curva" category="Tecnolog&amp;iacute;a" highlights_mapped="false">
  <title>Apple est&amp;aacute; trabajando en un iPhone con pantalla curva - Tecnolog&amp;iacute;a - CNNMexico.com</title>
  <keywords>movil, apple, iphone, nuevos modelos, pantalla curvada, sensores mejorados, niveles de presion, bloomberg</keywords>
  <summaries>
    <highlights>
      <sentence id="1" ids_sentences_article="">Apple dise&amp;ntilde;a nuevos iPhone con pantallas m&amp;aacute;s grandes con vidrio curvo.</sentence>
      <sentence id="2" ids_sentences_article="">Los nuevos modelos tendr&amp;aacute;n sensores mejorados.</sentence>
    </highlights>
  </summaries>
  <article>
    <paragraph id="1">
      <sentences>
        <sentence id="1">
          <content>Apple est&amp;aacute; trabajando en un iPhone con pantalla curva.</content>
        </sentence>
        <sentence id="2">
          <content>La compa&amp;ntilde;&amp;iacute;a de Cupertino prepara dos modelos, uno de 4 .</content>
        </sentence>
        <sentence id="3">
          <content>7 pulgadas y otro de 5 .</content>
        </sentence>
        <sentence id="4">
          <content>5 pulgadas, seg&amp;uacute;n Bloomberg, seg&amp;uacute;n un reporte.</content>
        </sentence>
        <sentence id="5">
          <content>(Reuters) -- Apple est&amp;aacute; desarrollando nuevos dise&amp;ntilde;os del iPhone, incluyendo pantallas m&amp;aacute;s grandes con vidrio curvo y sensores mejorados que pueden detectar diferentes niveles de presi&amp;oacuten, report&amp;oacute Bloomberg este domingo, citando a una fuente no identificada familiarizada con los planes .</content>
        </sentence>
        <sentence id="6">
          <content>Con pantallas de 4 .</content>
        </sentence>
        <sentence id="7">
          <content>7 pulgadas (11 .</content>
        </sentence>
        <sentence id="8">
          <content>9 cent&amp;iacute;metros) y 5 .</content>
        </sentence>
        <sentence id="9">
          <content>5 pulgadas (14 cent&amp;iacute;metros), los dos nuevos modelos ser&amp;iacute;an los mayores iPhones de Apple, dijo la persona a Bloomberg .</content>
        </sentence>
        <sentence id="10">
          <content>Los nuevos tel&amp;eacute;fonos m&amp;oacuteviles est&amp;aacute;n todav&amp;iacute;a en desarrollo y los planes no se han completado, dijo Bloomberg citando a la persona, a&amp;ntilde;adiendo que Apple probablemente los pondr&amp;iacute;a en venta en el tercer trimestre del pr&amp;oacuteximo a&amp;ntilde;o .</content>
        </sentence>
        <sentence id="11">
          <content>Lee:LG presenta un tel&amp;eacute;fono con pantalla curva en su carrera contra SamsungNatalie Kerris, una portavoz de la compa&amp;ntilde;&amp;iacute;a de tecnolog&amp;iacute;a con sede en Cupertino, California, no quiso hacer comentarios .</content>
        </sentence>
      </sentences>
    </paragraph>
  </article>
</document>
