<?xml version="1.0" encoding="UTF-8"?>
<document id="26" link="http://mexico.cnn.com/tecnologia/2014/03/16/mercurio-se-encogio-7-kilometros-en-4000-millones-de-anos" category="Tecnolog&amp;iacute;a" highlights_mapped="false">
  <title>Mercurio se encogi&amp;oacute 7 kil&amp;oacutemetros en 4,000 millones de a&amp;ntilde;os  - Tecnolog&amp;iacute;a - CNNMexico.com</title>
  <keywords>ciencia, planeta, mercurio, encogimiento, revista nature geoscience, instituto carnegie de washington, el sol, nasa,</keywords>
  <summaries>
    <highlights>
      <sentence id="1" ids_sentences_article="">Mercurio se ha encogido cerca del triple de lo que estimaban hasta ahora los cient&amp;iacute;ficos.</sentence>
      <sentence id="2" ids_sentences_article="">El planeta rota tan lentamente sobre s&amp;iacute; mismo que sus d&amp;iacute;as solares son tan largos como la mitad de un a&amp;ntilde;o.</sentence>
    </highlights>
  </summaries>
  <article>
    <paragraph id="1">
      <sentences>
        <sentence id="1">
          <content>Mercurio se encogi&amp;oacute 7 kil&amp;oacutemetros en 4,000 millones de a&amp;ntilde;os.</content>
        </sentence>
        <sentence id="2">
          <content>Un estudio sugiere que las estructuras geol&amp;oacutegicas que se observan en la corteza son el resultado de una pronunciada contracci&amp;oacuten del planeta.</content>
        </sentence>
        <sentence id="3">
          <content>LONDRES, Inglaterra (EFE) -- El planeta Mercurio se ha encogido cerca de 7 kil&amp;oacutemetros en los &amp;uacute;ltimos 4,000 millones de a&amp;ntilde;os, cerca del triple de lo que estimaban hasta ahora los cient&amp;iacute;ficos, seg&amp;uacute;n una investigaci&amp;oacuten que publica este domingo la revista Nature Geoscience .</content>
        </sentence>
        <sentence id="4">
          <content>El estudio, liderado porPaul Byrne, astrof&amp;iacute;sico del Instituto Carnegie de Washington, sugiere que las estructuras geol&amp;oacutegicas que se observan en la corteza de Mercurio, son el resultado de una pronunciada contracci&amp;oacuten debida al enfriamiento de ese cuerpo .</content>
        </sentence>
        <sentence id="5">
          <content>El equipo de Byrne ha analizado las cordilleras y las fallas en la superficie del planeta m&amp;aacute;s cercano al Sol, a trav&amp;eacute;s de las im&amp;aacute;genes tomadas por la sonda Messenger, en &amp;oacuterbita alrededor de Mercurio desde 2011 .</content>
        </sentence>
        <sentence id="6">
          <content>Los datos que ha proporcionado en los &amp;uacute;ltimos a&amp;ntilde;os la sonda de la NASA son los primeros que llegan desde las cercan&amp;iacute;as de Mercurio tras los que envi&amp;oacute la Mariner 10 entre 1974 y 1975 .</content>
        </sentence>
        <sentence id="7">
          <content>A partir de la informaci&amp;oacuten de la Messenger, los investigadores han recalculado los desplazamientos que ha sufrido la corteza de Mercurio, un planeta que rota tan lentamente sobre s&amp;iacute; mismo que sus d&amp;iacute;as solares son tan largos como la mitad de un a&amp;ntilde;o .</content>
        </sentence>
        <sentence id="8">
          <content>Es adem&amp;aacute;s un planeta denso, con un n&amp;uacute;cleo de hierro de 2,020 kil&amp;oacutemetros de radio, mientras que el manto y la corteza miden tan solo 420 kil&amp;oacutemetros .</content>
        </sentence>
        <sentence id="9">
          <content>Los nuevos c&amp;aacute;lculos sobre la contracci&amp;oacuten de Mercurio sit&amp;uacute;an la disminuci&amp;oacuten de su radio en los &amp;uacute;ltimos 4,000 millones de a&amp;ntilde;os en unos 7 kil&amp;oacutemetros, mientras que hasta ahora se pensaba que esa disminuci&amp;oacuten hab&amp;iacute;a sido de entre 0 .</content>
        </sentence>
        <sentence id="10">
          <content>8 y 3 kil&amp;oacutemetros .</content>
        </sentence>
        <sentence id="11">
          <content>Los resultados a los que ha llegado el equipo de Byrne concuerdan con teor&amp;iacute;as cient&amp;iacute;ficas que datan del siglo XIX, que sosten&amp;iacute;an que el tama&amp;ntilde;o de la Tierra mengu&amp;oacute en el pasado .</content>
        </sentence>
        <sentence id="12">
          <content>Esas teor&amp;iacute;as est&amp;aacute;n obsoletas actualmente, pero pueden concordar con la situaci&amp;oacuten observada en Mercurio, cuya superficie est&amp;aacute; formada por una sola placa tect&amp;oacutenica, a diferencia de la Tierra, donde la corteza superficial est&amp;aacute; dividida en diversas placas que dejan escapar el calor a trav&amp;eacute;s sus intersecciones .</content>
        </sentence>
        <sentence id="13">
          <content>"Mercurio nos permite ver qu&amp;eacute; ocurre realmente cuando un planeta se encoge", afirma el astrof&amp;iacute;sico William McKinnon, uno de los autores del art&amp;iacute;culo, en la revista Nature Geoscience .</content>
        </sentence>
      </sentences>
    </paragraph>
  </article>
</document>
