<?xml version="1.0" encoding="UTF-8"?>
<document id="25" link="http://mexico.cnn.com/tecnologia/2014/03/14/conoce-a-nanuqsaurus-hoglundi-el-primo-bebe-del-tiranosaurio-rex" category="Tecnolog&amp;iacute;a" author="Elizabeth Landau" highlights_mapped="false">
  <title>Conoce a 'Nanuqsaurus hoglundi': el primo 'beb&amp;eacute;' del tiranosaurio rex - Tecnolog&amp;iacute;a - CNNMexico.com</title>
  <keywords>ciencia, tiranosaurio rex, Artico, Alaska, nuevo dinosaurio,</keywords>
  <summaries>
    <highlights>
      <sentence id="1" ids_sentences_article="">El dinosaurio 'Nanuqsaurus hoglundi' vivi&amp;oacute hace 70 millones de a&amp;ntilde;os.</sentence>
      <sentence id="2" ids_sentences_article="">En la misma regi&amp;oacuten fue descubierto el 'Pachyrhinosaurs perotorum' en 2011.</sentence>
    </highlights>
  </summaries>
  <article>
    <paragraph id="1">
      <sentences>
        <sentence id="1">
          <content>Conoce a 'Nanuqsaurus hoglundi': el primo 'beb&amp;eacute;' del tiranosaurio rex.</content>
        </sentence>
        <sentence id="2">
          <content>Cient&amp;iacute;ficos descubrieron una nueva especie de dinosaurio en el &amp;Aacute;rtico con caracter&amp;iacute;sticas similares al T-rex, pero m&amp;aacute;s peque&amp;ntilde;o.</content>
        </sentence>
        <sentence id="3">
          <content>CNN -- Todos est&amp;aacute;n familiarizados con el tiranosaurio rex, pero la humanidad apenas conoce a su primo m&amp;aacute;s peque&amp;ntilde;o del &amp;Aacute;rtico .</content>
        </sentence>
        <sentence id="4">
          <content>Cient&amp;iacute;ficos anunciaron el descubrimiento de un nuevo g&amp;eacute;nero y especie de dinosaurio, con base en los restos encontrados en Alaska y llamaron a esta nueva especie Nanuqsaurus hoglundi .</content>
        </sentence>
        <sentence id="5">
          <content>Este dinosaurio vivi&amp;oacute hace 70 millones de a&amp;ntilde;os, dicen los paleont&amp;oacutelogos Anthony Fiorillo y Ronald Tykoski del Museo Perot de Ciencia y Naturaleza de Dallas, Estados Unidos .</content>
        </sentence>
        <sentence id="6">
          <content>Su estudio, publicado en la revista PLOS ONE es acertadamente llamado un "diminutivo de un nuevo tiranosaurio de la cima del mundo" .</content>
        </sentence>
        <sentence id="7">
          <content>Los investigadores descubrieron los restos del dinosaurio en 2006 en la formaci&amp;oacuten Prince Creek en una pendiente al norte de Alaska .</content>
        </sentence>
        <sentence id="8">
          <content>En la misma cantera, Fiorillo y Tykoski han hecho otros importantes hallazgos como los restos de la especie de dinosaurio con cuernos, el Pachyrhinosaurs perotorum, cuyo descubrimiento fue anunciado en 2011 .</content>
        </sentence>
        <sentence id="9">
          <content>"Encuentro absolutamente emocionante que otro dinosaurio haya sido encontrado en la regi&amp;oacuten polar", dijo Fiorillo en un comunicado del Museo Perot .</content>
        </sentence>
        <sentence id="10">
          <content>"Nos dice que el antiguo ecosistema en el &amp;Aacute;rtico era un lugar muy distinto y desaf&amp;iacute;a todo lo que conocemos sobre los dinosaurios" .</content>
        </sentence>
        <sentence id="11">
          <content>Lo que los cient&amp;iacute;ficos saben sobre Nanuqsaurus hoglundi viene de unos cuantos fragmentos: la parte superior del cr&amp;aacute;neo, parte de una mand&amp;iacute;bula inferior y parte de un hueso de la mand&amp;iacute;bula superior de la cara .</content>
        </sentence>
        <sentence id="12">
          <content>Nanuqsaurus se traduce como "lagarto oso polar", seg&amp;uacute;n el museo Perot y honra a la poblaci&amp;oacuten inuit, cuyo territorio tradicionalmente incluye el sitio donde fueron encontrados los restos de dinosaurios .</content>
        </sentence>
        <sentence id="13">
          <content>Un tiranosaurio rex habr&amp;iacute;a pesado entre siete y ocho toneladas, con una longitud de 12 metros .</content>
        </sentence>
        <sentence id="14">
          <content>En comparaci&amp;oacuten un Nanuqsaurus adulto podr&amp;iacute;a haber tenido solo siete metros de longitud con un peso de media tonelada .</content>
        </sentence>
        <sentence id="15">
          <content>Probablemente la cabeza med&amp;iacute;a medio metro, report&amp;oacute la afiliada de CNN, WFAA .</content>
        </sentence>
        <sentence id="16">
          <content>Los autores del estudio dijeron al Museo Perot que el dinosaurio pudo haber sido tan peque&amp;ntilde;o por lo aislado del &amp;aacute;rea y la poca comida disponible .</content>
        </sentence>
        <sentence id="17">
          <content>En ese momento, el planeta Tierra en su totalidad era mucho m&amp;aacute;s c&amp;aacute;lido de lo que es ahora, pero esta &amp;aacute;rea en particular podr&amp;iacute;a haber estado en oscuridad durante medio a&amp;ntilde;o .</content>
        </sentence>
        <sentence id="18">
          <content>Sabemos de otros animales que se han adaptado a ambientes y han evolucionado en tama&amp;ntilde;o, como los mamuts en Rusia que evolucionaron para convertirse al tama&amp;ntilde;o de una vaca .</content>
        </sentence>
        <sentence id="19">
          <content>Pero, &amp;iquest;por qu&amp;eacute; este dinosaurio Nanuqsaurus hoglundi viv&amp;iacute;a tan lejos al norte del globo?</content>
        </sentence>
        <sentence id="20">
          <content>Los cient&amp;iacute;ficos tienen muchas m&amp;aacute;s preguntas que explorar .</content>
        </sentence>
        <sentence id="21">
          <content>En t&amp;eacute;rminos de investigaci&amp;oacuten, esta regi&amp;oacuten polar es solo la punta del iceberg .</content>
        </sentence>
      </sentences>
    </paragraph>
  </article>
</document>
