<?xml version="1.0" encoding="UTF-8"?>
<document id="321" link="http://mexico.cnn.com/tecnologia/2013/09/12/la-sonda-espacial-voyager-1-deja-el-sistema-solar-tras-36-anos-de-viaje" category="Tecnolog&amp;iacute;a" highlights_mapped="false">
  <title>La sonda Voyager 1 deja el Sistema Solar despu&amp;eacute;s de 36 a&amp;ntilde;os de viaje - Tecnolog&amp;iacute;a - CNNMexico.com</title>
  <keywords>ciencia, voyager 1, sistema solar, cruza, abandona, interestelar, viaje, a&amp;ntilde;os</keywords>
  <summaries>
    <highlights>
      <sentence id="1" ids_sentences_article="">La c&amp;aacute;psula espacial Voyager 1 se convierti&amp;oacute en el primer objeto de fabricaci&amp;oacuten humana en abandonar el Sistema Solar.</sentence>
      <sentence id="2" ids_sentences_article="">La aeronave ha viajado por m&amp;aacute;s de 36 a&amp;ntilde;os en el espacio y ya ha cruzado la heli&amp;oacutesfera que divide al Sol y sus planetas con el resto de la galaxia.</sentence>
      <sentence id="3" ids_sentences_article="">Este hecho representa un hito en la exploraci&amp;oacuten espacial, similar a la llegada a la Luna, consider&amp;oacute Ed Stone, jefe de la misi&amp;oacuten Voyager.</sentence>
    </highlights>
  </summaries>
  <article>
    <paragraph id="1">
      <sentences>
        <sentence id="1">
          <content>La sonda Voyager 1 deja el Sistema Solar despu&amp;eacute;s de 36 a&amp;ntilde;os de viaje.</content>
        </sentence>
        <sentence id="2">
          <content>La NASA afirma que la aeronave no tripulada cruz&amp;oacute la heli&amp;oacutesfera, convirti&amp;eacute;ndose en el primer objeto en completar un viaje interestelar.</content>
        </sentence>
        <sentence id="3">
          <content>(CNN) -- La c&amp;aacute;psula espacial Voyager 1 se convirti&amp;oacute este jueves en el primer objeto humano en completar un viaje interestelar, anunci&amp;oacute la agencia espacial estadounidense NASA .</content>
        </sentence>
        <sentence id="4">
          <content>Cient&amp;iacute;ficos reportaron que tienen evidencia s&amp;oacutelida de que la nave espacial no tripulada cruz&amp;oacute la frontera magn&amp;eacute;tica que separa al Sol, los planetas del Sistema Solar y el viento solar del resto de la galaxia .</content>
        </sentence>
        <sentence id="5">
          <content>El anuncio se produce a m&amp;aacute;s de 36 a&amp;ntilde;os de que la nave espacial no tripulada despeg&amp;oacute en un viaje que por primera vez transmiti&amp;oacute a los humanos las vistas en primer plano de J&amp;uacute;piter y Saturno antes de dirigirse al espacio profundo .</content>
        </sentence>
        <sentence id="6">
          <content>"Al salir de la heli&amp;oacutesfera y desplegar las velas en los mares c&amp;oacutesmicos entre las estrellas, la Voyager se ha unido a otros recorridos hist&amp;oacutericos de la exploraci&amp;oacuten (espacial): la primera circunnavegaci&amp;oacuten de la Tierra, los primeros pasos en la Luna", dijo Ed Stone, cient&amp;iacute;fico jefe de la misi&amp;oacuten Voyager .</content>
        </sentence>
        <sentence id="7">
          <content>"De ese tama&amp;ntilde;o es el evento, ya que dejamos atr&amp;aacute;s nuestra burbuja solar", agreg&amp;oacute el cient&amp;iacute;fico .</content>
        </sentence>
        <sentence id="8">
          <content>La Voyager 1 est&amp;aacute; actualmente a 18,800 millones de kil&amp;oacutemetros de la Tierra, dijo la NASA .</content>
        </sentence>
        <sentence id="9">
          <content>Un nuevo estudio en la revista Science sugiere que la sonda entr&amp;oacute en el espacio interestelar alrededor del 25 agosto de 2012 .</content>
        </sentence>
      </sentences>
    </paragraph>
  </article>
</document>
