<?xml version="1.0" encoding="UTF-8"?>
<document id="197" link="http://mexico.cnn.com/tecnologia/2014/03/03/ellen-degeneres-samsung-galaxy-iphone-apple-oscar" category="Tecnolog&amp;iacute;a" highlights_mapped="false">
  <title>Ellen DeGeneres 'enga&amp;ntilde;a' a Samsung con un iPhone detr&amp;aacute;s de bambalinas - Tecnolog&amp;iacute;a - CNNMexico.com</title>
  <keywords>Redes sociales, Oscar, 2014, selfie, usie, Ellen DeGeneres, presentadora, premiaci&amp;oacute;n, estatuilla, Samsung Galaxy Note 3, iphone, Apple, Oscar2014, Channing Tatum</keywords>
  <summaries>
    <highlights>
      <sentence id="1" ids_sentences_article="">Ellen DeGeneres utiliz&amp;oacute un tel&amp;eacute;fono Samsung Galaxy Note 3 durante la ceremonia.</sentence>
      <sentence id="2" ids_sentences_article="">La presentadora tuite&amp;oacute una foto con el actor Channing Tatum tomada con un iPhone.</sentence>
    </highlights>
  </summaries>
  <article>
    <paragraph id="1">
      <sentences>
        <sentence id="1">
          <content>Ellen DeGeneres 'enga&amp;ntilde;a' a Samsung con un iPhone detr&amp;aacute;s de bambalinas.</content>
        </sentence>
        <sentence id="2">
          <content>La 'selfie' que rompi&amp;oacute r&amp;eacute;cord en Twitter se tom&amp;oacute con un Galaxy Note 3, pero tras bambalinas la presentadora us&amp;oacute su dispositivo Apple.</content>
        </sentence>
        <sentence id="3">
          <content>(CNNM&amp;eacute;xico) -- Como presentadora de los premios Oscar,Ellen DeGeneres us&amp;oacute un Galaxy Note 3, de Samsung, pero detr&amp;aacute;s del escenario tuvo predilecci&amp;oacuten por un iPhone, de Apple .</content>
        </sentence>
        <sentence id="4">
          <content>Durante la transmisi&amp;oacuten en vivo de la gala, la conductora tom&amp;oacute variasfotograf&amp;iacute;ascon unsmartphonede Samsung, incluidala famosaselfie(&amp;iquest;o usie?)</content>
        </sentence>
        <sentence id="5">
          <content>que desde su cuenta oficialrompi&amp;oacute el r&amp;eacute;cord de retuits en la red social .</content>
        </sentence>
        <sentence id="6">
          <content>Sin embargo, mientras no aparec&amp;iacute;a a c&amp;aacute;mara, tuite&amp;oacute una imagen desde su iPhone, seg&amp;uacute;n algunas impresiones de pantalla tomadas por usuarios y expertos .</content>
        </sentence>
        <sentence id="7">
          <content>El bloguero de tecnolog&amp;iacute;a Mark Gurmanfue uno de ellos:Minutes after promoting Samsung on the #Oscars stage, Ellen returns to her iPhone .</content>
        </sentence>
        <sentence id="8">
          <content>Incredible .</content>
        </sentence>
        <sentence id="9">
          <content>com/LVsD2YIoXj-- Mark Gurman (@markgurman) March 3, 2014Samsung lleg&amp;oacute a un acuerdo con la cadena de televisi&amp;oacuten ABC, que transmite la ceremonia, para lanzar desdelacuenta @TheAcademytuits patrocinados, con im&amp;aacute;genes de celebridades tomadas por dispositivos de la marca durante la ceremonia, de acuerdo con un comunicado de la compa&amp;ntilde;&amp;iacute;a .</content>
        </sentence>
        <sentence id="10">
          <content>Despu&amp;eacute;s de la entrega de la primera estatuilla, DeGeneres se tom&amp;oacute unaselfiemientras observaba al p&amp;uacute;blico, pero algunos usuarios en Twitter criticaron la promoci&amp;oacuten porque la imagen porque sali&amp;oacute borrosa .</content>
        </sentence>
        <sentence id="11">
          <content>How awkward that Ellen's Oscar selfie move was sponsored by Samsung . . . and the pic came out blurry .</content>
        </sentence>
        <sentence id="12">
          <content>-- Graham (@GrahamHughesCA) marzo 3, 2014#Oscars #Blessed #blurry pic .</content>
        </sentence>
        <sentence id="13">
          <content>com/gSo8vYJ34z-- Ellen DeGeneres (@TheEllenShow) March 3, 2014Estas son otras de las im&amp;aacute;genes que tuite&amp;oacute la presentadora y la cuenta oficial de la Academia de Artes y Ciencias Cinematogr&amp;aacute;ficas .</content>
        </sentence>
        <sentence id="14">
          <content>#Besties #Oscars2014 pic .</content>
        </sentence>
        <sentence id="15">
          <content>com/gpg9PX5i2H-- Ellen DeGeneres (@TheEllenShow) March 3, 2014Lupita, Spike, and Angelina just hanging out .</content>
        </sentence>
        <sentence id="16">
          <content>@ Dolby Theatre http://t .</content>
        </sentence>
        <sentence id="17">
          <content>co/wYanfE5Lcr-- The Academy (@TheAcademy) March 3, 2014Backstage at the #Oscars in the #ArchDigestGreenRoom with @JessicaBiel photobombed by Anne Hathaway pic .</content>
        </sentence>
        <sentence id="18">
          <content>com/k3gusKxQ8o-- The Academy (@TheAcademy) March 3, 2014Backstage at the #Oscars in the #ArchDigestGreenRoom with @WolfgangBuzz pic .</content>
        </sentence>
        <sentence id="19">
          <content>com/CxgAqnS0ux-- The Academy (@TheAcademy) March 3, 2014So handsome .</content>
        </sentence>
        <sentence id="20">
          <content>He's on my live show tomorrow .</content>
        </sentence>
        <sentence id="21">
          <content>I love @JaredLeto pic .</content>
        </sentence>
        <sentence id="22">
          <content>com/3LdPAlJHiz-- Ellen DeGeneres (@TheEllenShow) March 3, 2014Backstage at the #Oscars in the #ArchDigestGreenRoom with @ZacEfron and @michaelb4jordan pic .</content>
        </sentence>
        <sentence id="23">
          <content>com/TCKM3EdRPz-- The Academy (@TheAcademy) March 3, 2014.</content>
        </sentence>
      </sentences>
    </paragraph>
  </article>
</document>
