<?xml version="1.0" encoding="UTF-8"?>
<document id="326" link="http://mexico.cnn.com/tecnologia/2013/06/04/tres-triceratops-en-el-mismo-lugar-devorados-por-un-tiranosaurio-rex" category="Tecnolog&amp;iacute;a" author="Matt Smith" highlights_mapped="false">
  <title>Tres 'Triceratops' en el mismo lugar, &amp;iquestdevorados por un tiranosaurio rex? - Tecnolog&amp;iacute;a - CNNMexico.com</title>
  <keywords>ciencia, dinosaurio, triceratops, tyrannosaurus rex, wyoming, esqueleto, black hills, restos, excavacion, paleontologia,</keywords>
  <summaries>
    <highlights>
      <sentence id="1" ids_sentences_article="">Un ganadero llev&amp;oacute a los cient&amp;iacute;ficos a los restos de tres 'Triceratops'.</sentence>
      <sentence id="2" ids_sentences_article="">Uno de esos tres puede ser el esqueleto m&amp;aacute;s completo encontrado hasta ahora.</sentence>
      <sentence id="3" ids_sentences_article="">Al menos uno pudo haber sido matado por un 'Tyrannosaurus rex'.</sentence>
    </highlights>
  </summaries>
  <article>
    <paragraph id="1">
      <sentences>
        <sentence id="1">
          <content>Tres 'Triceratops' en el mismo lugar, &amp;iquestdevorados por un tiranosaurio rex?</content>
        </sentence>
        <sentence id="2">
          <content>Los esqueletos de tres especies fueron encontrados en Wyoming; uno pudo haber sido matado por un 'Tyrannosaurus rex'.</content>
        </sentence>
        <sentence id="3">
          <content>(CNN) -- Eran tres en total .</content>
        </sentence>
        <sentence id="4">
          <content>Uno de ellos probablemente era muy joven, como un ni&amp;ntilde;o, y al menos otro tuvo un final terrible a manos de un depredador aterrorizante .</content>
        </sentence>
        <sentence id="5">
          <content>Aproximadamente67 millones de a&amp;ntilde;osdespu&amp;eacute;s, un ganadero de Wyoming, Estados Unidos, dirigi&amp;oacute a los cient&amp;iacute;ficos hasta sus restos .</content>
        </sentence>
        <sentence id="6">
          <content>Actualmente los expertos excavan para extraer uno de los esqueletos m&amp;aacute;s completos encontrados hasta la fecha de unTriceratops, el dinosaurio herb&amp;iacute;voro de tres cuernos que fue uno de los &amp;uacute;ltimos reptiles gigantes .</content>
        </sentence>
        <sentence id="7">
          <content>"Solo hay tres esqueletos (en el mundo) tan completos como uno de los espec&amp;iacute;menes que excavamos ahora", dijo el paleont&amp;oacutelogo Peter Larson, presidente del Instituto Black Hills de Investigaci&amp;oacuten Geol&amp;oacutegica de Estados Unidos .</content>
        </sentence>
        <sentence id="8">
          <content>La mayor&amp;iacute;a de los restos encontrados anteriormente tienen menos de la mitad de la osamenta de las criaturas prehist&amp;oacutericas, dijo Larson este lunes .</content>
        </sentence>
        <sentence id="9">
          <content>El m&amp;aacute;s completo hasta la fecha, que est&amp;aacute; en exhibici&amp;oacuten en el Museo Houston de Ciencias Naturales, en Estados Unidos, tiene aproximadamente el 76% de su esqueleto .</content>
        </sentence>
        <sentence id="10">
          <content>&amp;iquest;C&amp;oacutemo imaginas al m&amp;aacute;s viejo ancestro de las aves?</content>
        </sentence>
        <sentence id="11">
          <content>Tip:ten&amp;iacute;a alas en las 'patas' y en los 'brazos' pero no pod&amp;iacute;a volar .</content>
        </sentence>
        <sentence id="12">
          <content>"El individuo m&amp;aacute;s grande y m&amp;aacute;s maduro parece ser el m&amp;aacute;s completo ( . . . ) Uno es un poco m&amp;aacute;s peque&amp;ntilde;o, y hay otro que, seg&amp;uacute;n su peso, probablemente mide solo la mitad (que los otros)", dijo Larson .</content>
        </sentence>
        <sentence id="13">
          <content>"El hecho de que haya tres de ellos juntos es realmente genial", dijo Larson .</content>
        </sentence>
        <sentence id="14">
          <content>El tr&amp;iacute;o podr&amp;iacute;a ser un macho, una hembra y su cr&amp;iacute;a, o podr&amp;iacute;an ser dos hembras que cuidaban a un dinosaurio joven, dijo .</content>
        </sentence>
        <sentence id="15">
          <content>Y antes de ahora, no hab&amp;iacute;a indicaci&amp;oacuten deque losTriceratopsse movieranen grupos .</content>
        </sentence>
        <sentence id="16">
          <content>El Instituto Black Hills trabaja en la excavaci&amp;oacuten con el Centro Naturalis de Biodiversidad, de Holanda .</content>
        </sentence>
        <sentence id="17">
          <content>Larson tambi&amp;eacute;n dijo que el descubrimiento de unTriceratopsjoven es un hallazgo "muy significativo", debido a que dar&amp;aacute; a los cient&amp;iacute;ficos una idea de c&amp;oacutemo crec&amp;iacute;an los gigantes ancestrales .</content>
        </sentence>
        <sentence id="18">
          <content>&amp;iquest;Se puede revivir dinosaurios como enJurassic Park?LosTriceratopsvivieron en el final del periodo Cret&amp;aacute;cico, aproximadamente medio mill&amp;oacuten de a&amp;ntilde;os antes de la extinci&amp;oacuten de los dinosaurios .</content>
        </sentence>
        <sentence id="19">
          <content>Un gran territorio del centro de Estados Unidos y el sur de Canad&amp;aacute; alguna vez fue parte de un gran mar epicontinental, y la regi&amp;oacuten es rica en f&amp;oacutesiles .</content>
        </sentence>
        <sentence id="20">
          <content>"Como la mayor&amp;iacute;a de los espec&amp;iacute;menes que fueron encontrados, nos lo mostr&amp;oacute un ganadero", dijo Larson .</content>
        </sentence>
        <sentence id="21">
          <content>El ganadero envi&amp;oacute fotograf&amp;iacute;as al Instituto Black Hills a finales de 2012 .</content>
        </sentence>
        <sentence id="22">
          <content>La excavaci&amp;oacuten comenz&amp;oacute en mayo y se espera que dure aproximadamente un mes .</content>
        </sentence>
        <sentence id="23">
          <content>Hasta ahora, los huesos que han aparecido apuntan a un final violento, probablemente en las fauces deltemidoTyrannosaurus rex .</content>
        </sentence>
        <sentence id="24">
          <content>En el mayor de los tres espec&amp;iacute;menes, al menos dos de los principales huesos de las extremidades fueron mordidos, dijo Larson .</content>
        </sentence>
        <sentence id="25">
          <content>"Si puedes imaginarlo, este es un hueso que tiene m&amp;aacute;s de un metro de largo" .</content>
        </sentence>
        <sentence id="26">
          <content>Pero unTyrannosaurus rex"podr&amp;iacute;a cortar el cuerpo con sus mand&amp;iacute;bulas gigantes y cortantes", rasgando a trav&amp;eacute;s de la carne y los huesos por igual .</content>
        </sentence>
        <sentence id="27">
          <content>"Creo que tambi&amp;eacute;n tenemos un sitio de alimentaci&amp;oacuten para elTyrannosaurus rex, lo cual es muy emocionante", dijo .</content>
        </sentence>
        <sentence id="28">
          <content>"Este es potencialmente un sitio en el que podemos aprender el comportamiento de dos especies diferentes" .</content>
        </sentence>
        <sentence id="29">
          <content>Janet DiGiacomo de CNN contribuy&amp;oacute con este reporte .</content>
        </sentence>
      </sentences>
    </paragraph>
  </article>
</document>
