<?xml version="1.0" encoding="UTF-8"?>
<document id="430" link="http://mexico.cnn.com/tecnologia/2014/02/14/facebook-vio-nacer-tu-romance-tal-vez-tambien-sepa-cuando-morira" category="Tecnolog&amp;iacute;a" highlights_mapped="false">
  <title>&amp;iquestFacebook vio nacer tu romance? Tal vez tambi&amp;eacute;n sepa cu&amp;aacute;ndo morir&amp;aacute; - Tecnolog&amp;iacute;a - CNNMexico.com</title>
  <keywords>redes sociales, facebook, relaciones de pareja, en una relacion, soltero, san valentin</keywords>
  <summaries>
    <highlights>
      <sentence id="1" ids_sentences_article="">Facebook realiz&amp;oacute un an&amp;aacute;lisis sobre el tiempo que duran las relaciones registradas en esa red social.</sentence>
    </highlights>
  </summaries>
  <article>
    <paragraph id="1">
      <sentences>
        <sentence id="1">
          <content>&amp;iquestFacebook vio nacer tu romance?</content>
        </sentence>
        <sentence id="2">
          <content>Tal vez tambi&amp;eacute;n sepa cu&amp;aacute;ndo morir&amp;aacute;.</content>
        </sentence>
        <sentence id="3">
          <content>Las parejas que superan la barrera de los tres meses tienen m&amp;aacute;s probabilidades de durar m&amp;aacute;s, seg&amp;uacute;n un an&amp;aacute;lisis de la red social.</content>
        </sentence>
        <sentence id="4">
          <content>(CNNM&amp;eacute;xico) -- Facebook ya sabe d&amp;oacutende vives, a qu&amp;eacute; te dedicas, qu&amp;eacute; haces y, un dato relevante para este 14 de febrero, con qui&amp;eacute;n est&amp;aacute;s "en una relaci&amp;oacuten" .</content>
        </sentence>
        <sentence id="5">
          <content>As&amp;iacute; que, &amp;iquest;ser&amp;iacute;a raro que tambi&amp;eacute;n sepa cu&amp;aacute;nto vas a durar con tu pareja?</content>
        </sentence>
        <sentence id="6">
          <content>La respuesta es no .</content>
        </sentence>
        <sentence id="7">
          <content>Las parejas que mantienen su relaci&amp;oacuten m&amp;aacute;s de tres meses en Facebook tienen m&amp;aacute;s probabilidades de que su compromiso sea m&amp;aacute;s longevo, determin&amp;oacute la red social tras un an&amp;aacute;lisis realizado sobre datos p&amp;uacute;blicos de sus usuarios en Estados Unidos .</content>
        </sentence>
        <sentence id="8">
          <content>"Mientras m&amp;aacute;s tiempo t&amp;uacute; y tu media naranja hayan permanecido juntos, es menos probable que ustedes dos se separen", indic&amp;oacute la secci&amp;oacuten cient&amp;iacute;fica de la plataforma, Facebook Data Science, en un reporte publicado el martes pasado .</content>
        </sentence>
        <sentence id="9">
          <content>El an&amp;aacute;lisis de Facebook encontr&amp;oacute que casi la mitad de las parejas que duraron m&amp;aacute;s de tres meses pueden sobrevivir cuatro a&amp;ntilde;os o m&amp;aacute;s .</content>
        </sentence>
        <sentence id="10">
          <content>Sin embargo, destac&amp;oacute que esto no es aplicable a todas las relaciones y que muchas de ellas terminan en el primer o segundo mes .</content>
        </sentence>
        <sentence id="11">
          <content>Otro hallazgo de Facebook sobre las relaciones es que el momento de inicio puede determinar la experiencia de la relaci&amp;oacuten, aunque no pudo precisar el grado en que esto ocurre .</content>
        </sentence>
        <sentence id="12">
          <content>"Tal vez las parejas formadas durante los d&amp;iacute;as m&amp;aacute;s oscuros de la Gran Depresi&amp;oacuten son diferentes de aquellas formadas durante los a&amp;ntilde;os posteriores de la lenta recuperaci&amp;oacuten econ&amp;oacutemica", indic&amp;oacute el estudio .</content>
        </sentence>
        <sentence id="13">
          <content>Si ocurre en invierno o verano tambi&amp;eacute;n puede tener una repercusi&amp;oacuten, detall&amp;oacute Facebook .</content>
        </sentence>
        <sentence id="14">
          <content>Los meses de verano, entre mayo y julio, registraron los mayores picos de rompimientos, mientras que febrero tuvo una baja en despedidas en 2009 y 2010, lo que podr&amp;iacute;a deberse a San Valent&amp;iacute;n, seg&amp;uacute;n el an&amp;aacute;lisis .</content>
        </sentence>
        <sentence id="15">
          <content>El estudio consider&amp;oacute el inicio y fin de las relaciones de usuarios estadounidenses entre enero de 2008 y diciembre de 2011 a partir del cambio de estatus de "Soltero" a "Tiene una relaci&amp;oacuten" .</content>
        </sentence>
        <sentence id="16">
          <content>Fueron considerados solo individuos de al menos 23 a&amp;ntilde;os y fueron descartados quienes hayan estado casados al inicio del periodo .</content>
        </sentence>
        <sentence id="17">
          <content>7 formas en que Facebook cambi&amp;oacute las relaciones de pareja.</content>
        </sentence>
      </sentences>
    </paragraph>
  </article>
</document>
