<?xml version="1.0" encoding="UTF-8"?>
<document id="781" link="http://mexico.cnn.com/tecnologia/2014/01/15/google-tiene-un-plan-para-apoderarse-de-tu-casa-y-de-tu-vida-digital" category="Tecnolog&amp;iacute;a" author="Heather Kelly" highlights_mapped="false">
  <title>Google tiene un plan para apoderarse de tu casa y de tu vida digital - Tecnolog&amp;iacute;a - CNNMexico.com</title>
  <keywords>internet, Nest, Google, internet de las cosas, sensores, dispositivos conectados,</keywords>
  <summaries>
    <highlights>
      <sentence id="1" ids_sentences_article="">Google compr&amp;oacute esta semana la empresa Nest por 3,200 millones de d&amp;oacutelares.</sentence>
      <sentence id="2" ids_sentences_article="">Con este paso, la compa&amp;ntilde;&amp;iacute;a incursion&amp;oacute en el mercado de los dispositivos conectados.</sentence>
      <sentence id="3" ids_sentences_article="">En el futuro, las alarmas de tu casa compartir&amp;aacute;n informaci&amp;oacuten con tu tel&amp;eacute;fono y el resto de tus dispositivos.</sentence>
    </highlights>
  </summaries>
  <article>
    <paragraph id="1">
      <sentences>
        <sentence id="1">
          <content>Google tiene un plan para apoderarse de tu casa y de tu vida digital.</content>
        </sentence>
        <sentence id="2">
          <content>La adquisici&amp;oacuten de una empresa de termostatos es una se&amp;ntilde;al de que la compa&amp;ntilde;&amp;iacute;a planea incursionar en los dispositivos conectados a internet.</content>
        </sentence>
        <sentence id="3">
          <content>(CNNMoney) -- Google est&amp;aacute; llamando a tu puerta .</content>
        </sentence>
        <sentence id="4">
          <content>Quiere entrar y silenciosamente tomar el control de todo lo que tengas en tu casa y en vida digital .</content>
        </sentence>
        <sentence id="5">
          <content>Durante a&amp;ntilde;os, Google ha estado comprando y construyendo herramientas para hacer precisamente eso .</content>
        </sentence>
        <sentence id="6">
          <content>La compra que hizo esta semana deNest por 3,200 millones de d&amp;oacutelares, una compa&amp;ntilde;&amp;iacute;a de termostatos y detectores de humo inteligentes, es solo el paso m&amp;aacute;s reciente .</content>
        </sentence>
        <sentence id="7">
          <content>Google ya incursiona en el correo electr&amp;oacutenico, en lostel&amp;eacute;fonos inteligentes,veh&amp;iacute;culos aut&amp;oacutenomos, redes sociales,gafas inteligentes, televisi&amp;oacuten,robotsy ahora, en los dispositivos conectados .</content>
        </sentence>
        <sentence id="8">
          <content>En el futuro cercano, esos intereses aparentemente aleatorios podr&amp;iacute;an no parecer tan desconectados .</content>
        </sentence>
        <sentence id="9">
          <content>Las tecnolog&amp;iacute;as emergentes actuales eventualmente se mezclar&amp;aacute;n .</content>
        </sentence>
        <sentence id="10">
          <content>Las divisiones entre tel&amp;eacute;fonos inteligentes, automatizaci&amp;oacuten de los hogares, autos, gafas y relojes inteligentes y monitores del estado f&amp;iacute;sico desaparecer&amp;aacute;n y nuestros dispositivos e informaci&amp;oacuten trabajar&amp;aacute;n en conjunto para formar una experiencia unificada .</content>
        </sentence>
        <sentence id="11">
          <content>Esto significa que alg&amp;uacute;n d&amp;iacute;a en un futuro cercano, todos nuestros dispositivos se comunicar&amp;aacute;n entre s&amp;iacute; .</content>
        </sentence>
        <sentence id="12">
          <content>Tu veh&amp;iacute;culo aut&amp;oacutenomo compartir&amp;aacute; notificaciones con tu tel&amp;eacute;fono inteligente, tus gafas Google Glass entrar&amp;aacute;n en acci&amp;oacuten cuando te estaciones y comiences a caminar, y luego, tu casa inteligente se encargar&amp;aacute; cuando atravieses la puerta principal .</content>
        </sentence>
        <sentence id="13">
          <content>Gracias al GPS de tu tel&amp;eacute;fono y auto, tu casa sabr&amp;aacute; exactamente cu&amp;aacute;ndo vas a llegar y encender&amp;aacute; tu programa de televisi&amp;oacuten favorito en cuanto entres .</content>
        </sentence>
        <sentence id="14">
          <content>Tu refrigerador sabr&amp;aacute; qu&amp;eacute; comida hay dentro y cu&amp;aacute;ndo vence, y los sistemas de seguridad podr&amp;iacute;an enviar a tu tel&amp;eacute;fono inteligente una notificaci&amp;oacuten si detectan algo inusual .</content>
        </sentence>
        <sentence id="15">
          <content>Las secuencias de datos de todos estos dispositivos ser&amp;aacute;n recogidos en un s&amp;oacutelo lugar, donde Google analizar&amp;aacute; esa informaci&amp;oacuten y con el tiempo, aprender&amp;aacute; sobre ti .</content>
        </sentence>
        <sentence id="16">
          <content>Entonces, programar&amp;aacute; suhardware y software para satisfacer tus necesidades espec&amp;iacute;ficas .</content>
        </sentence>
        <sentence id="17">
          <content>Si &amp;eacute;ste es el futuro, no es un misterio por qu&amp;eacute; Google querr&amp;iacute;a entrar en el negocio ahora .</content>
        </sentence>
        <sentence id="18">
          <content>El potencial de las oportunidades de negocios es enorme .</content>
        </sentence>
        <sentence id="19">
          <content>Un portavoz de Google se neg&amp;oacute a hacer comentarios sobre este art&amp;iacute;culo .</content>
        </sentence>
        <sentence id="20">
          <content>Pero, &amp;iquest;por qu&amp;eacute; detectores de humo y termostatos?</content>
        </sentence>
        <sentence id="21">
          <content>Mientras los dispositivos han sido populares, es m&amp;aacute;s bien lo que est&amp;aacute; detr&amp;aacute;s de escena y dentro de los aparatos lo que hace que Nest sea una codiciada adquisici&amp;oacuten para Google .</content>
        </sentence>
        <sentence id="22">
          <content>Nest fabrica hardware de dise&amp;ntilde;o impecable impulsado por algoritmos inteligentes .</content>
        </sentence>
        <sentence id="23">
          <content>Su personal viene de grandes empresas como Apple, Sling y Logitech y tiene experiencia en el aprendizaje de m&amp;aacute;quinas, el dise&amp;ntilde;o de productos, la inteligencia artificial y la rob&amp;oacutetica .</content>
        </sentence>
        <sentence id="24">
          <content>Nest destaca en el mercado del hogar conectado en el que hay cada vez m&amp;aacute;s inter&amp;eacute;s .</content>
        </sentence>
        <sentence id="25">
          <content>Eventualmente, Google probablemente aprovechar&amp;aacute; la experiencia del equipo de Nest para ayudarse con sus propios intentos de &amp;eacute;xitos y fracasos en la producci&amp;oacuten y venta de plataformas y dispositivos para el hogar conectado (&amp;iquest;Recuerdas al Nexus Q o Android@Home?) .</content>
        </sentence>
        <sentence id="26">
          <content>Sin embargo, el hecho de que Google sea propietario de otra herramienta que podr&amp;iacute;a permitirle reunir m&amp;aacute;s informaci&amp;oacuten, inmediatamente ha desencadenado inquietudes sobre la privacidad .</content>
        </sentence>
        <sentence id="27">
          <content>Justo despu&amp;eacute;s de una impopular decisi&amp;oacuten de permitirle a los contactos de Google+ que contacten personas en sus c&amp;iacute;rculos a trav&amp;eacute;s de Gmail, Google ya tiene usuarios molestos por la gran cantidad de datos que la compa&amp;ntilde;&amp;iacute;a puede reunir .</content>
        </sentence>
        <sentence id="28">
          <content>Google tiene acceso a la informaci&amp;oacuten de las personas a trav&amp;eacute;s del navegador Chrome, cuentas de Gmail, t&amp;eacute;rminos de b&amp;uacute;squeda en Google y los muchos sensores avanzados de un tel&amp;eacute;fono inteligente Android .</content>
        </sentence>
        <sentence id="29">
          <content>A medida que Google se propone arraigarse m&amp;aacute;s en nuestras vidas digitales, tendr&amp;aacute; que andar con cuidado con el fin de mantener la confianza de los usuarios .</content>
        </sentence>
      </sentences>
    </paragraph>
  </article>
</document>
