<?xml version="1.0" encoding="UTF-8"?>
<document id="460" link="http://mexico.cnn.com/tecnologia/2013/12/12/la-estacion-espacial-internacional-registra-una-falla-en-su-enfriamiento" category="Tecnolog&amp;iacute;a" author="John Zarrella y Catherine E. Shoichet" highlights_mapped="false">
  <title>La Estaci&amp;oacuten Espacial Internacional registra una falla en su enfriamiento - Tecnolog&amp;iacute;a - CNNMexico.com</title>
  <keywords>ciencia, estacion espacial internacional, expedition 38, circuitos de enfriamiento, valvula averiada, caminata espacial</keywords>
  <summaries>
    <highlights>
      <sentence id="1" ids_sentences_article="">La falla podr&amp;iacute;a deberse a una v&amp;aacute;lvula averiada, inform&amp;oacute la NASA.</sentence>
      <sentence id="2" ids_sentences_article="">La actual misi&amp;oacuten en la Estaci&amp;oacuten, Expedici&amp;oacuten 38, terminar&amp;aacute; en marzo de 2014.</sentence>
    </highlights>
  </summaries>
  <article>
    <paragraph id="1">
      <sentences>
        <sentence id="1">
          <content>La Estaci&amp;oacuten Espacial Internacional registra una falla en su enfriamiento.</content>
        </sentence>
        <sentence id="2">
          <content>La tripulaci&amp;oacuten de la base espacial y la NASA investigan el apag&amp;oacuten de un circuito, una falla que la NASA consider&amp;oacute no peligrosa.</content>
        </sentence>
        <sentence id="3">
          <content>(CNN) -- La NASA redujo sus operaciones en la Estaci&amp;oacuten Espacial Internacional (EEI) este mi&amp;eacute;rcoles tras descubrir un problema con el sistema de refrigeraci&amp;oacuten .</content>
        </sentence>
        <sentence id="4">
          <content>Una bomba en uno de los dos circuitos de enfriamiento dela base espacial de 15 a&amp;ntilde;os de antig&amp;uuml;edadse apag&amp;oacute despu&amp;eacute;s de alcanzar una temperatura l&amp;iacute;mite, inform&amp;oacute la agencia espacial estadounidense .</content>
        </sentence>
        <sentence id="5">
          <content>Los equipos trabajaron para que el circuito volviera a funcionar, indic&amp;oacute la NASA .</content>
        </sentence>
        <sentence id="6">
          <content>Los expertos sospechan que una v&amp;aacute;lvula averiada podr&amp;iacute;a ser la causa del problema, pero a&amp;uacute;n intentan descifrar c&amp;oacutemo solucionarlo .</content>
        </sentence>
        <sentence id="7">
          <content>La estaci&amp;oacuten y la tripulaci&amp;oacuten a bordo nunca estuvieron en riesgo, precis&amp;oacute la agencia .</content>
        </sentence>
        <sentence id="8">
          <content>Los circuitos externos de enfriamiento son sistemas que circulan amoniaco fuera de la estaci&amp;oacuten para mantener fresco los equipos .</content>
        </sentence>
        <sentence id="9">
          <content>Las autoridades descubrieron que el circuito estaba produciendo mucho amoniaco el mi&amp;eacute;rcoles en la ma&amp;ntilde;ana, dijo Josh Byerly, portavoz de la NASA .</content>
        </sentence>
        <sentence id="10">
          <content>El personal apag&amp;oacute algunos de los sistemas no cr&amp;iacute;ticos en la estaci&amp;oacuten como resultado del problema .</content>
        </sentence>
        <sentence id="11">
          <content>El sistema de soporte vital de la estaci&amp;oacuten a&amp;uacute;n est&amp;aacute; en funcionamiento .</content>
        </sentence>
        <sentence id="12">
          <content>Las autoridades podr&amp;iacute;an determinar que una caminata espacial de emergencia es la mejor forma de arreglar la bomba averiada,una operaci&amp;oacuten que ya han hecho antes .</content>
        </sentence>
        <sentence id="13">
          <content>Pero es muy pronto para saber si es la mejor opci&amp;oacuten .</content>
        </sentence>
        <sentence id="14">
          <content>La misi&amp;oacuten actual en la estaci&amp;oacuten espacial, llamada oficialmente Expedici&amp;oacuten 38, est&amp;aacute; programada para estar en &amp;oacuterbita hasta marzo de 2014 .</content>
        </sentence>
        <sentence id="15">
          <content>El equipo de seis personas est&amp;aacute; conformado por los astronautas estadounidenses Mike Hopkins y Rick Mastracchio, los rusos Mikhail Tyurin, Sergey Ryazanskiy y Oleg Kotov; y Koichi Wakata de Jap&amp;oacuten .</content>
        </sentence>
      </sentences>
    </paragraph>
  </article>
</document>
