<?xml version="1.0" encoding="UTF-8"?>
<document id="32" link="http://mexico.cnn.com/tecnologia/2014/03/17/gmail-chat-google-google-drive" category="Tecnolog&amp;iacute;a" highlights_mapped="false">
  <title>&amp;iexcl;Hola! &amp;iquestSomos nosotros o no hay chat en Gmail? - Tecnolog&amp;iacute;a - CNNMexico.com</title>
  <keywords>internet, google, gmail, chat, google talk, drive</keywords>
  <summaries>
    <highlights>
      <sentence id="1" ids_sentences_article="">Los servicios de chat y hangouts de Google presentan fallas.</sentence>
    </highlights>
  </summaries>
  <article>
    <paragraph id="1">
      <sentences>
        <sentence id="1">
          <content>&amp;iquestSomos nosotros o no hay chat en Gmail?</content>
        </sentence>
        <sentence id="2">
          <content>Por tres horas los servicios de mensajer&amp;iacute;a y los 'hangouts' dejaron de funcionar.</content>
        </sentence>
        <sentence id="3">
          <content>(CNNM&amp;eacute;xico) -- Luego de tres horas, los servicios de mensajer&amp;iacute;a en tiempo real de Google, como loshangouts en Google+ y Gmail, volvieron a funcionar este lunes, cuando las fallas comenzaron poco despu&amp;eacute;s de las 10:00 horas, tiempo de M&amp;eacute;xico .</content>
        </sentence>
        <sentence id="4">
          <content>En un comunicado, la empresa inform&amp;oacute hubo "reportes de una falla con Google+ Hangouts" .</content>
        </sentence>
        <sentence id="5">
          <content>Seg&amp;uacute;n la aplicaci&amp;oacuten de estado de Google, Google Talk y Google+ Hangouts presentaron "una interrupci&amp;oacuten en el servicio" .</content>
        </sentence>
        <sentence id="6">
          <content>Sin embargo, tambi&amp;eacute;n se encontraron fallas en las Hojas de c&amp;aacute;lculo en Google Drive .</content>
        </sentence>
        <sentence id="7">
          <content>Por ejemplo, para los usuarios que usaban el chat de Google desde el Gmail, y que buscan ponerse en contacto con otros, recibir&amp;aacute;n un mensaje de "Chat no recibido" .</content>
        </sentence>
        <sentence id="8">
          <content>En Google Drive, cuando se intentaba abrir alg&amp;uacute;n documento, aparec&amp;iacute;a una animaci&amp;oacuten con la leyenda "Las cosas est&amp;aacute;n tomando m&amp;aacute;s tiempo de lo esperado" .</content>
        </sentence>
        <sentence id="9">
          <content>Si uno quer&amp;iacute;a ingresar v&amp;iacute;a m&amp;oacutevil, se muestra una se&amp;ntilde;al de error en la autentificaci&amp;oacuten .</content>
        </sentence>
        <sentence id="10">
          <content>La &amp;uacute;ltima interrupci&amp;oacuten importante de Gmail se produjo en enero, cuando el servicio sufri&amp;oacute dos interrupciones importantes en el transcurso de dos semanas .</content>
        </sentence>
      </sentences>
    </paragraph>
  </article>
</document>
