<?xml version="1.0" encoding="UTF-8"?>
<document id="133" link="http://mexico.cnn.com/tecnologia/2013/07/17/el-t-rex-era-un-depredador-muy-agresivo-segun-pruebas-cientificas" category="Tecnolog&amp;iacute;a" author="Mayra Cuevas" highlights_mapped="false">
  <title>El tiranosaurio rex, &amp;iquestcazaba o com&amp;iacute;a carro&amp;ntilde;a? Su diente tiene la respuesta - Tecnolog&amp;iacute;a - CNNMexico.com</title>
  <keywords>ciencia, enorme cazador y asesino, ciencia, tiranosaurio rex, depredador, fosil, diente, carro&amp;ntilde;a, dinosaurio, jurassic park, kansas, estados unidos, huellas, investigador</keywords>
  <summaries>
    <highlights>
      <sentence id="1" ids_sentences_article="">Paleont&amp;oacutelogos de EU afirman que el T-rex era un depredador.</sentence>
      <sentence id="2" ids_sentences_article="">Algunos cient&amp;iacute;ficos consideraban que solo com&amp;iacute;a carro&amp;ntilde;a debido al gran tama&amp;ntilde;o del dinosaurio.</sentence>
      <sentence id="3" ids_sentences_article="">Los investigadores dicen que un f&amp;oacutesil de una cola de dinosaurio con un diente incrustado demuestra lo contrario.</sentence>
      <sentence id="4" ids_sentences_article="">El tiranosaurio rex era uno de los principales predadores, dicen los paleont&amp;oacutelogos de Kansas.</sentence>
    </highlights>
  </summaries>
  <article>
    <paragraph id="1">
      <sentences>
        <sentence id="1">
          <content>El tiranosaurio rex, &amp;iquestcazaba o com&amp;iacute;a carro&amp;ntilde;a?</content>
        </sentence>
        <sentence id="2">
          <content>Su diente tiene la respuesta.</content>
        </sentence>
        <sentence id="3">
          <content>El f&amp;oacutesil con un diente de tiranosaurio rex que hallaron unos cient&amp;iacute;ficos de Kansas descarta las dudas sobre su dieta.</content>
        </sentence>
        <sentence id="4">
          <content>(CNN) -- &amp;iquest;El tiranosaurio rex era un depredador o era carro&amp;ntilde;ero?</content>
        </sentence>
        <sentence id="5">
          <content>La pregunta ha sido objeto de controversia para la comunidad cient&amp;iacute;fica durante m&amp;aacute;s de un siglo .</content>
        </sentence>
        <sentence id="6">
          <content>"Si ves la cintaJurassic Park, ves al T-rex como a un enorme cazador y asesino, muy agresivo .</content>
        </sentence>
        <sentence id="7">
          <content>Sin embargo, los cient&amp;iacute;ficos han discutido durante 100 a&amp;ntilde;os que era demasiado grande y lento como para cazar y que probablemente era carro&amp;ntilde;ero, un animal que se alimenta de cosas muertas", dijo David Burnham, paleont&amp;oacutelogo de la Universidad de Kansas, en Estados Unidos .</content>
        </sentence>
        <sentence id="8">
          <content>Burnham y el investigador Robert DePalma tuvieron lo que Burnham llama "un golpe de suerte" cuando hallaron el f&amp;oacutesil de la cola de un hadrosaurio --o dinosaurio con "pico de pato"-- con un diente incrustado en ella .</content>
        </sentence>
        <sentence id="9">
          <content>"Las caracter&amp;iacute;sticas del diente son como huellas digitales y podemos identificar que se trata de un T-rex", dijo .</content>
        </sentence>
        <sentence id="10">
          <content>Llevaron el f&amp;oacutesil a la Universidad de Kansas para analizarlo y a un hospital de la zona para hacer una tomograf&amp;iacute;a computarizada .</content>
        </sentence>
        <sentence id="11">
          <content>El m&amp;eacute;dico del hospital les dijo: "Su paciente ya no tiene remedio" .</content>
        </sentence>
        <sentence id="12">
          <content>Sin embargo, Burnham estaba fascinado de lo que los huesos fosilizados le mostraron sobre la vida del hadrosaurio .</content>
        </sentence>
        <sentence id="13">
          <content>"Est&amp;aacute;bamos euf&amp;oacutericos, como ni&amp;ntilde;os", dijo .</content>
        </sentence>
        <sentence id="14">
          <content>"Esto significa que el T-rex vuelve a ser depredador .</content>
        </sentence>
        <sentence id="15">
          <content>Los monstruos que vemos en los dinosaurios son reales .</content>
        </sentence>
        <sentence id="16">
          <content>Realmentepersegu&amp;iacute;an cosas, las mataban y las com&amp;iacute;an .</content>
        </sentence>
        <sentence id="17">
          <content>Persegu&amp;iacute;an activamente presas vivas" .</content>
        </sentence>
        <sentence id="18">
          <content>El misterio estaba resuelto .</content>
        </sentence>
        <sentence id="19">
          <content>"Esta es una prueba nueva porque tenemos un diente de T-rex en un hadrosaurio: la mordida fue tan fuerte y violenta que el diente se rompi&amp;oacute, el hadrosaurio escap&amp;oacute y durante los siguientes a&amp;ntilde;os, la herida san&amp;oacute", explic&amp;oacute Burnham .</content>
        </sentence>
        <sentence id="20">
          <content>Determin&amp;oacute que el hadrosaurio vivi&amp;oacute mucho tiempo despu&amp;eacute;s del ataque al comparar el tiempo que tard&amp;oacute el hueso en sanar cerca de la herida con los estudios que se han realizado en animales modernos .</content>
        </sentence>
        <sentence id="21">
          <content>"Antes de obtener esta prueba, todos buscaban marcas de mordidas y perforaciones provocadas por dientes enlos huesos de los dinosauriosy usaban esas pruebas para respaldar tanto las teor&amp;iacute;as de que eran depredadores como las de que eran carro&amp;ntilde;eros .</content>
        </sentence>
        <sentence id="22">
          <content>Usaban las mismas pruebas para defender ambas posturas", dijo Burnham .</content>
        </sentence>
        <sentence id="23">
          <content>Para Burnham, el descubrimiento saca a la luz el comportamiento de esas legendarias criaturasy demuestra qu&amp;eacute; lugar ocupaba elTyrannosaurus rexen el mundo prehist&amp;oacuterico .</content>
        </sentence>
        <sentence id="24">
          <content>"Tenemos aqu&amp;iacute; al T-rex, uno de los animales m&amp;aacute;s grandes que se conocen, con un cr&amp;aacute;neo de un metro y medio, que med&amp;iacute;a 12 metros de largo de la nariz a la cola y que pesaba siete toneladas .</content>
        </sentence>
        <sentence id="25">
          <content>&amp;iquest;Qu&amp;eacute; hac&amp;iacute;an estos chicos en el ecosistema?</content>
        </sentence>
        <sentence id="26">
          <content>Ahora sabemos que eran el primer eslab&amp;oacuten de la cadena alimenticia" .</content>
        </sentence>
        <sentence id="27">
          <content>El estudio completo se public&amp;oacute en la revistaProceedings of the National Academy of Sciences .</content>
        </sentence>
      </sentences>
    </paragraph>
  </article>
</document>
