<?xml version="1.0" encoding="UTF-8"?>
<document id="336" link="http://mexico.cnn.com/tecnologia/2013/10/23/google-habilita-la-escritura-a-mano-en-sus-servicios-de-gmail-y-docs" category="Tecnolog&amp;iacute;a" author="Heather Kelly" highlights_mapped="false">
  <title>Google habilita la escritura a mano en sus servicios de Gmail y Docs - Tecnolog&amp;iacute;a - CNNMexico.com</title>
  <keywords>internet, google, escritura, a mano, manual, gmail, docs, introduccion,</keywords>
  <summaries>
    <highlights>
      <sentence id="1" ids_sentences_article="">Google present&amp;oacute una nueva funci&amp;oacuten para ingresar texto mediante escritura a mano.</sentence>
      <sentence id="2" ids_sentences_article="">El servicio puede ser usado en el correo electr&amp;oacutenico Gmail o en el procesador de textos Google Docs.</sentence>
      <sentence id="3" ids_sentences_article="">La funci&amp;oacuten puede ser m&amp;aacute;s &amp;uacute;til para idiomas m&amp;aacute;s complejos en su alfabeto como los orientales.</sentence>
    </highlights>
  </summaries>
  <article>
    <paragraph id="1">
      <sentences>
        <sentence id="1">
          <content>Google habilita la escritura a mano en sus servicios de Gmail y Docs.</content>
        </sentence>
        <sentence id="2">
          <content>Los usuarios ahora podr&amp;aacute;n practicar la escritura a mano con las herramientas de introducci&amp;oacuten de texto que cre&amp;oacute Google en varios idiomas.</content>
        </sentence>
        <sentence id="3">
          <content>(CNN) -- Para muchos, la escritura manual ha sido superada desde que en la primaria se ense&amp;ntilde;aba a escribir palabras y crear oraciones .</content>
        </sentence>
        <sentence id="4">
          <content>Y de hecho, algunas escuelas ya ni siquiera ense&amp;ntilde;an cursiva .</content>
        </sentence>
        <sentence id="5">
          <content>Pero ahora Google retomando la escritura pasada de moda y tray&amp;eacute;ndola a la comunicaci&amp;oacuten moderna, incorpor&amp;oacute nuevas herramientas de entrada de escritura a mano para Gmail y Google Docs .</content>
        </sentence>
        <sentence id="6">
          <content>Estas herramientasahorapermiten escribir con un mousepad o cursor y Google har&amp;aacute; todo lo posible para crear una versi&amp;oacuten mecanografiada de sus palabras .</content>
        </sentence>
        <sentence id="7">
          <content>El cuadro de entrada mostrar&amp;aacute; los resultados m&amp;aacute;s probables de la palabra que escribiste, debajo de tus garabatos se mostrar&amp;aacute; una lista de palabras posibles para que hagas clic en la adecuada y sigas escribiendo .</content>
        </sentence>
        <sentence id="8">
          <content>La herramienta podr&amp;iacute;a tener m&amp;aacute;s dificultades para descifrar caligraf&amp;iacute;a elegante o garabatos desordenados, pero parece que hace un buen trabajo con una escritura m&amp;aacute;s o menos est&amp;aacute;ndar .</content>
        </sentence>
        <sentence id="9">
          <content>Aunque espa&amp;ntilde;ol o ingl&amp;eacute;s son m&amp;aacute;s uniformes en las letras, hay alfabetos m&amp;aacute;s complejos en los que dibujar a un personaje a veces es m&amp;aacute;s f&amp;aacute;cil de escribir, como el japon&amp;eacute;s o hind&amp;uacute; .</content>
        </sentence>
        <sentence id="10">
          <content>"El reconocimiento de escritura hace que internet sea m&amp;aacute;s f&amp;aacute;cil de usar por personas de todo el mundo y tambi&amp;eacute;n es parte de un esfuerzo mayor para romper la barrera del idioma", dijo Xia Xiangye de Google en un blog anunciando la funci&amp;oacuten .</content>
        </sentence>
        <sentence id="11">
          <content>Los usuarios de Gmail pueden obtener la nueva herramienta en m&amp;aacute;s de 50 idiomas; los usuarios de Google Docs en m&amp;aacute;s de 20 .</content>
        </sentence>
        <sentence id="12">
          <content>Para probarlo, entra a los ajustes de tu cuenta de Gmail o Docs y, en la ficha General haz clic en "Mostrar todas las opciones de idioma" .</content>
        </sentence>
        <sentence id="13">
          <content>Selecciona la casilla que dice "Habilitar herramientas de entrada" y obtendr&amp;aacute;s una lista de cada tipo de teclado que Google tiene para ofrecer .</content>
        </sentence>
        <sentence id="14">
          <content>Los idiomas con un icono de l&amp;aacute;piz junto a ellos son los que soportan las palabras escritas .</content>
        </sentence>
        <sentence id="15">
          <content>Una vez que hayas agregado una opci&amp;oacuten de entrada, se puede seleccionar en cualquier momento desde el men&amp;uacute; desplegable en la parte superior de la barra de men&amp;uacute; del documento o mensaje que se est&amp;aacute; escribiendo .</content>
        </sentence>
        <sentence id="16">
          <content>Google ya tiene soporte de escritura para sus aplicaciones de traducci&amp;oacuten m&amp;oacutevil para que puedas garabatear una palabra en la pantalla y ver al instante en otro idioma .</content>
        </sentence>
        <sentence id="17">
          <content>Esto es particularmente &amp;uacute;til si no est&amp;aacute;s familiarizado con un alfabeto local y quieres saber qu&amp;eacute; significa una palabra .</content>
        </sentence>
      </sentences>
    </paragraph>
  </article>
</document>
