<?xml version="1.0" encoding="UTF-8"?>
<document id="929" link="http://mexico.cnn.com/tecnologia/2013/11/09/la-antorcha-olimpica-de-sochi-2014-es-la-primera-en-una-caminata-espacial" category="Tecnolog&amp;iacute;a" highlights_mapped="false">
  <title>La antorcha ol&amp;iacute;mpica de Sochi 2014 es la primera en una caminata espacial - Tecnolog&amp;iacute;a - CNNMexico.com</title>
  <keywords>ciencia, antorcha, espacio, caminata, estacion espacial, astronautas, sochi 2014, recorrido</keywords>
  <summaries>
    <highlights>
      <sentence id="1" ids_sentences_article="">La antorcha ol&amp;iacute;mpica estuvo por primera vez en una caminata espacial afuera de la Estaci&amp;oacuten Espacial Internacional.</sentence>
      <sentence id="2" ids_sentences_article="">Los astronautas portaron durante algunos minutos la antorcha de Sochi 2014, momentos que fueron transmitidos en vivo por la NASA.</sentence>
    </highlights>
  </summaries>
  <article>
    <paragraph id="1">
      <sentences>
        <sentence id="1">
          <content>La antorcha ol&amp;iacute;mpica de Sochi 2014 es la primera en una caminata espacial.</content>
        </sentence>
        <sentence id="2">
          <content>Los astronautas de la Estaci&amp;oacuten Espacial Internacional participaron en el recorrido de la antorcha en el espacio exterior.</content>
        </sentence>
        <sentence id="3">
          <content>(CNNM&amp;eacute;xico) -- Por primera vez en la historia de unos Juegos Ol&amp;iacute;mpicos, la antorcha estuvo en el espacio exterior este s&amp;aacute;bado cuando los astronautas de la Estaci&amp;oacuten Espacial Internacional (EEI) portaron la antorcha de Sochi 2014 en una caminata espacial .</content>
        </sentence>
        <sentence id="4">
          <content>Aunque la flama ol&amp;iacute;mpica no pudo encenderse, debido a cuestiones de seguridad (recuerda que en el espacio no hay combusti&amp;oacuten), dos cosmonautas rusos realizaron un recorrido de algunos minutos con la antorcha de los pr&amp;oacuteximos Juegos Ol&amp;iacute;mpicos de Invierno que comenzar&amp;aacute;n en febrero de 2014 en Rusia .</content>
        </sentence>
        <sentence id="5">
          <content>Tras los preparativos necesarios para que los astronautas salieran de la EEI, la antorcha estuvo por primera vez en el espacio abierto a las 8:52 horas (tiempo del centro de M&amp;eacute;xico), seg&amp;uacute;n la transmisi&amp;oacuten de la NASA que realiz&amp;oacute en vivo de este hist&amp;oacuterico momento .</content>
        </sentence>
        <sentence id="6">
          <content>Los cosmonautas rusos Oleg Kotov y Sergu&amp;eacute;i Riazanski, del equipo que tripula la EEI, fueron los encargados de portar la antorcha .</content>
        </sentence>
        <sentence id="7">
          <content>Kotov la llev&amp;oacute en sus manos y Riazanski se encarg&amp;oacute de tomar fotograf&amp;iacute;as y video tras el primer momento en que dejaron el puerto de enganche Pirs, seg&amp;uacute;n el Centro de Control de Vuelos de Rusia .</content>
        </sentence>
        <sentence id="8">
          <content>Los operadores programaron una estancia de una hora de la antorcha en el espacio, tras lo cual ser&amp;aacute; devuelta al m&amp;oacutedulo espacial para que los cosmonautas realicen trabajos en el exterior, report&amp;oacute la agencia EFE .</content>
        </sentence>
        <sentence id="9">
          <content>La antorcha lleg&amp;oacute a la EEI el pasado jueves a bordo de la nave rusaSoyuz TMA-11M tripulada por el cosmonauta ruso Mija&amp;iacute;l Tiurin, el estadounidense Rick Mastracchio y el japon&amp;eacute;s Koichi Wakata .</content>
        </sentence>
        <sentence id="10">
          <content>Regresar&amp;aacute; a la Tierra este lunes para continuar su recorrido de 65,000 kil&amp;oacutemetros, el m&amp;aacute;s largo de la historia de los juegos invernales .</content>
        </sentence>
        <sentence id="11">
          <content>La antorcha usada en el viaje espacial ser&amp;aacute; la misma que ser&amp;aacute; empleada para encender el pebetero de Sochi 2014, seg&amp;uacute;n los organizadores .</content>
        </sentence>
        <sentence id="12">
          <content>Adem&amp;aacute;s de visitar el espacio, la antorcha tambi&amp;eacute;n realizar&amp;aacute; otras visitas inusuales, como una inmersi&amp;oacuten en el &amp;aacute;rtico ruso en el lago Baikal, el m&amp;aacute;s profundo del planeta ubicado en la regi&amp;oacuten de Siberia .</content>
        </sentence>
        <sentence id="13">
          <content>Visitar&amp;aacute; adem&amp;aacute;s 130 ciudades en 83 entidades de la Federaci&amp;oacuten de Rusia .</content>
        </sentence>
      </sentences>
    </paragraph>
  </article>
</document>
