<?xml version="1.0" encoding="UTF-8"?>
<document id="357" link="http://mexico.cnn.com/tecnologia/2013/10/16/ante-una-baja-en-la-demanda-apple-recorta-la-produccion-del-iphone-5c" category="Tecnolog&amp;iacute;a" highlights_mapped="false">
  <title>Ante una baja en la demanda, Apple recorta la producci&amp;oacuten del iPhone 5C - Tecnolog&amp;iacute;a - CNNMexico.com</title>
  <keywords>movil, apple, reduccion, demanda, iphone, iphone 5c, taiwan, Pegatron Corp, Hon Hai Precision Industry, iphone 5s</keywords>
  <summaries>
    <highlights>
      <sentence id="1" ids_sentences_article="">Apple pidi&amp;oacute a dos ensambladores taiwaneses que reduzcan la fabricaci&amp;oacuten del iPhone 5C.</sentence>
      <sentence id="2" ids_sentences_article="">El 5C es de pl&amp;aacute;stico, est&amp;aacute; disponible en color blanco, rosa, amarillo, azul y verde y es 100 d&amp;oacutelares m&amp;aacute;s barato que el 5S.</sentence>
      <sentence id="3" ids_sentences_article="">En contraste, Apple elev&amp;oacute el n&amp;uacute;mero de &amp;oacuterdenes para el iPhone 5S.</sentence>
    </highlights>
  </summaries>
  <article>
    <paragraph id="1">
      <sentences>
        <sentence id="1">
          <content>Ante una baja en la demanda, Apple recorta la producci&amp;oacuten del iPhone 5C.</content>
        </sentence>
        <sentence id="2">
          <content>Ante la espera de que la demanda se reduzca el pr&amp;oacuteximo a&amp;ntilde;o, Apple comenz&amp;oacute a pedir a las ensambladoras que fabriquen menos dispositivos.</content>
        </sentence>
        <sentence id="3">
          <content>(CNNM&amp;eacute;xico) -- Apple notific&amp;oacute a dos ensambladores del iPhone 5C que reducir&amp;aacute; sus &amp;oacuterdenes durante el cuarto trimestre del a&amp;ntilde;o, report&amp;oacute este mi&amp;eacute;rcoles el diario The Wall Street Journal, que cit&amp;oacute fuentes familiares con la situaci&amp;oacuten .</content>
        </sentence>
        <sentence id="4">
          <content>El modelo 5C comenz&amp;oacute a venderse en septiembre pasado en 11 mercados distintos, incluido Estados Unidos y China .</content>
        </sentence>
        <sentence id="5">
          <content>El 5C es de pl&amp;aacute;stico y est&amp;aacute; disponible en color blanco, rosa, amarillo, azul y verde, mientras que el otro modelo, que cuesta unos 100 d&amp;oacutelares m&amp;aacute;s caro, el iPhone 5S, tiene un sensor de huellas dactilares, llamado Touch ID, y se vende en versiones dorada y plateada .</content>
        </sentence>
        <sentence id="6">
          <content>Apple inform&amp;oacute a los ensambladores Pegatron Corp .</content>
        </sentence>
        <sentence id="7">
          <content>y Hon Hai Precision Industry Co .</content>
        </sentence>
        <sentence id="8">
          <content>que se reducir&amp;aacute; el n&amp;uacute;mero de iPhone 5C que ser&amp;aacute;n comercializados durante el cuarto trimestre report&amp;oacute el diario .</content>
        </sentence>
        <sentence id="9">
          <content>A Pegatron Corp .</content>
        </sentence>
        <sentence id="10">
          <content>se le pidi&amp;oacute reducir la fabricaci&amp;oacuten de dicho modelo de tel&amp;eacute;fono por poco menos del 20% mientras que a Hon Hai se le pidi&amp;oacute reducirla en un tercio, seg&amp;uacute;n The Wall Street Journal .</content>
        </sentence>
        <sentence id="11">
          <content>Adem&amp;aacute;s, seg&amp;uacute;n el diario, otro proveedor de componentes fue notificado de un recorte del 50% en las &amp;oacuterdenes de partes para el iPhone 5C, lo que seg&amp;uacute;n analistas significa que para el pr&amp;oacuteximo a&amp;ntilde;o se espera una baja en la demanda de dicho dispositivo .</content>
        </sentence>
        <sentence id="12">
          <content>En contraste, Apple elev&amp;oacute el n&amp;uacute;mero de &amp;oacuterdenes para el iPhone 5S durante el cuarto trimestre del a&amp;ntilde;o, agreg&amp;oacute el diario, sin ofrecer mayores detalles .</content>
        </sentence>
        <sentence id="13">
          <content>A finales de septiembre pasado Apple anunci&amp;oacute que bati&amp;oacute su propio r&amp;eacute;cord al vender nueve millones de iPhone en tres d&amp;iacute;as, aunque no revel&amp;oacute qu&amp;eacute; proporci&amp;oacuten de las ventas eran las del 5C, el iPhone considerado como el m&amp;aacute;s econ&amp;oacutemico .</content>
        </sentence>
      </sentences>
    </paragraph>
  </article>
</document>
