<?xml version="1.0" encoding="UTF-8"?>
<document id="861" link="http://mexico.cnn.com/tecnologia/2013/09/05/la-nave-spaceshiptwo-de-virgin-galactic-rompe-la-barrera-del-sonido" category="Tecnolog&amp;iacute;a" author="Matt Smith" highlights_mapped="false">
  <title>La nave SpaceShipTwo de Virgin Galactic rompe la barrera del sonido - Tecnolog&amp;iacute;a - CNNMexico.com</title>
  <keywords>tecnologia, cohete, virgin galactic, spaceshiptwo, nave espacial, mojave, california</keywords>
  <summaries>
    <highlights>
      <sentence id="1" ids_sentences_article="">El avi&amp;oacuten espacial comercial del multimillonario Richard Branson tuvo un exitoso vuelo de prueba.</sentence>
      <sentence id="2" ids_sentences_article="">La compa&amp;ntilde;&amp;iacute;a dijo que el SpaceShipTwo rompi&amp;oacute la barrera del sonido, pas&amp;oacute de 42,000 pies a 69,000 pies de altura.</sentence>
      <sentence id="3" ids_sentences_article="">Es el segundo vuelo de SpaceShipTwo, que est&amp;aacute; dise&amp;ntilde;ado para llevar hasta seis pasajeros.</sentence>
    </highlights>
  </summaries>
  <article>
    <paragraph id="1">
      <sentences>
        <sentence id="1">
          <content>La nave SpaceShipTwo de Virgin Galactic rompe la barrera del sonido.</content>
        </sentence>
        <sentence id="2">
          <content>La nave espacial de tipo comercial, pas&amp;oacute de 12,802 metros a 21,031 metros de altura sobre el desierto de Mojave.</content>
        </sentence>
        <sentence id="3">
          <content>(CNN) -- El avi&amp;oacuten espacial comercial del multimillonario Richard Branson tuvo un exitoso vuelo de prueba el jueves, volando sobre los cielos de California despu&amp;eacute;s de ser 'soltado' por la aeronave madre que lo llevaba, anunci&amp;oacute Virgin Galactic .</content>
        </sentence>
        <sentence id="4">
          <content>La compa&amp;ntilde;&amp;iacute;a dijo que el SpaceShipTwo rompi&amp;oacute la barrera del sonido al pasar de 12,802 metros a 21,031 metros de altura sobre el desierto de Mojave con potencia de cohete y descendi&amp;oacute usando una maniobra con sus alas basculantes que simula la ca&amp;iacute;da de una pluma .</content>
        </sentence>
        <sentence id="5">
          <content>Es el segundo vuelo de SpaceShipTwo, que est&amp;aacute; dise&amp;ntilde;ado para llevar hasta seis pasajeros en lo que al principio ser&amp;aacute;n vuelos suborbitales .</content>
        </sentence>
        <sentence id="6">
          <content>"Adem&amp;aacute;s de conseguir la mayor altitud y la mayor velocidad hasta la hecha, el vuelo de prueba demostr&amp;oacute la capacidad del perfil t&amp;eacute;cnico del veh&amp;iacute;culo en un solo vuelo por primera vez .</content>
        </sentence>
        <sentence id="7">
          <content>Todos los mejores objetivos fueron completados con &amp;eacute;xito", dijo la compa&amp;ntilde;&amp;iacute;a .</content>
        </sentence>
        <sentence id="8">
          <content>En un video que muestra lo m&amp;aacute;s destacado del vuelo de prueba del jueves, Branson dijo que Virgin Galactic planea empezar y llevar pasajeros en 2014, un leve retraso con respecto a la fecha de diciembre de 2013 que estipul&amp;oacute en el Espect&amp;aacute;culo A&amp;eacute;reo de Farnborough en junio pasado .</content>
        </sentence>
        <sentence id="9">
          <content>"Virgin Galactic ahora se prepara para el servicio comercial, finalizando los acabados interiores de la cabina, los trajes de vuelo, los programas de entrenamiento y los muchos detalles requeridos para que los cientos de aspirantes a ser astronautas disfruten de un viaje inspirador y seguro", dijo .</content>
        </sentence>
        <sentence id="10">
          <content>M&amp;aacute;s de 500 personas, incluyendo al actor Ashton Kutcher, se han registrado para poder estar en los vuelos de dos horas a un precio de 200,000 d&amp;oacutelares .</content>
        </sentence>
        <sentence id="11">
          <content>Los ejecutivos de Virgin han dicho que esperan tener 600 reservas en los primeros dos a&amp;ntilde;os de servicio .</content>
        </sentence>
        <sentence id="12">
          <content>Con informaci&amp;oacuten de Joe Sutton .</content>
        </sentence>
      </sentences>
    </paragraph>
  </article>
</document>
