<?xml version="1.0" encoding="UTF-8"?>
<document id="880" link="http://mexico.cnn.com/tecnologia/2014/03/21/este-drone-puede-robar-lo-que-hay-en-tu-smartphone" category="Tecnolog&amp;iacute;a" author="Erica Fink" highlights_mapped="false">
  <title>Este 'drone' puede robar lo que hay en tu 'smartphone' - Tecnolog&amp;iacute;a - CNNMexico.com</title>
  <keywords>innovacion, drones, smartphones, robo datos, hacker, privacidad, seguridad, ciberseguridad, tabletas, telefonos inteligentes, wi-fi, internet, red</keywords>
  <summaries>
    <highlights>
      <sentence id="1" ids_sentences_article="">'Hackers' crearon un 'drone' que roba datos de los transe&amp;uacute;ntes.</sentence>
      <sentence id="2" ids_sentences_article="">Es capaz de captar desde coordenadas de GPS hasta contrase&amp;ntilde;as de Amazon.</sentence>
      <sentence id="3" ids_sentences_article="">Quienes lo crearon pretenden crear consciencia sobre la vulnerabilidad de los dispositivos m&amp;oacute;viles.</sentence>
    </highlights>
  </summaries>
  <article>
    <paragraph id="1">
      <sentences>
        <sentence id="1">
          <content>Este 'drone' puede robar lo que hay en tu 'smartphone'.</content>
        </sentence>
        <sentence id="2">
          <content>Este objeto volador es capaz de capturar datos desde coordenadas de ubicaci&amp;oacute;n hasta n&amp;uacute;meros de tarjetas de cr&amp;eacute;dito y contrase&amp;ntilde;as.</content>
        </sentence>
        <sentence id="3">
          <content>NUEVA YORK (CNNMoney) -- La pr&amp;oacute;xima amenaza a tu privacidad puede volar sobre tu cabeza en la calle .</content>
        </sentence>
        <sentence id="4">
          <content>Hackers desarrollaron un drone que puede robar contenidos de tu tel&amp;eacute;fono inteligente --desde datos de tu ubicaci&amp;oacute;n hasta tu contrase&amp;ntilde;a de Amazon-- y lo est&amp;aacute;n probando en los cielos de Londres .</content>
        </sentence>
        <sentence id="5">
          <content>Los resultados de la investigaci&amp;oacute;n ser&amp;aacute;n presentados la pr&amp;oacute;xima semana en la conferencia de seguridad cibern&amp;eacute;tica Black Hat Asia que se llevar&amp;aacute; a cabo en Singapur .</content>
        </sentence>
        <sentence id="6">
          <content>El drone, conocido como Snoopy, cuenta con una tecnolog&amp;iacute;a que busca dispositivos m&amp;oacute;viles con wi-fi encendido .</content>
        </sentence>
        <sentence id="7">
          <content>Snoopy se aprovecha de una funci&amp;oacute;n dentro de los smartphones y tabletas: cuando estos intentan conectarse a internet, buscan redes a las cuales han accedido en el pasado .</content>
        </sentence>
        <sentence id="8">
          <content>"De manera muy ruidosa, el tel&amp;eacute;fono gritar&amp;aacute; el nombre de cada red a la cual se ha conectado", dijo el investigador de seguridad de Sensepost, Glenn Wilkinson .</content>
        </sentence>
        <sentence id="9">
          <content>"Estar&amp;aacute;n gritando: &amp;lsquo;Starbucks, &amp;iquest;est&amp;aacute;s ah&amp;iacute;?</content>
        </sentence>
        <sentence id="10">
          <content>. . . wi-fi gratis de McDonalds, &amp;iquest;est&amp;aacute;s ah&amp;iacute;?"</content>
        </sentence>
        <sentence id="11">
          <content>Ah&amp;iacute; es cuando este drone podr&amp;aacute; entrar en acci&amp;oacute;n (y ser peor que la caricatura): podr&amp;aacute; devolver una se&amp;ntilde;al pretendiendo ser una red a la cual te has conectado en el pasado .</content>
        </sentence>
        <sentence id="12">
          <content>Dispositivos a 60 cent&amp;iacute;metros de distancia pueden conectarse con el drone, creyendo que es una red confiable de wi-fi .</content>
        </sentence>
        <sentence id="13">
          <content>Cuando los tel&amp;eacute;fonos inteligentes se conecten con Snoopy, &amp;eacute;ste interceptar&amp;aacute; todo lo que env&amp;iacute;e y reciba .</content>
        </sentence>
        <sentence id="14">
          <content>"Tu tel&amp;eacute;fono se conecta conmigo y puedo ver todo tu tr&amp;aacute;fico", dijo Wilkinson .</content>
        </sentence>
        <sentence id="15">
          <content>Eso incluye los sitios que visites, informaci&amp;oacute;n de tarjetas de cr&amp;eacute;dito guardada, datos de ubicaci&amp;oacute;n, usuarios y contrase&amp;ntilde;as .</content>
        </sentence>
        <sentence id="16">
          <content>Cada tel&amp;eacute;fono tiene un n&amp;uacute;mero de identificaci&amp;oacute;n o direcci&amp;oacute;n MAC, lo cual es usado por el drone para conectarse .</content>
        </sentence>
        <sentence id="17">
          <content>Los nombres de las redes que los tel&amp;eacute;fonos visiten tambi&amp;eacute;n pueden ser reveladores .</content>
        </sentence>
        <sentence id="18">
          <content>"He visto que alguien buscando la red corporativa de Bank X", explic&amp;oacute; Wilkinson .</content>
        </sentence>
        <sentence id="19">
          <content>"Ahora sabemos que esa persona trabaja en ese banco" .</content>
        </sentence>
        <sentence id="20">
          <content>CNNMoney llev&amp;oacute; a Snoopy a dar un paseo por Londres un s&amp;aacute;bado de marzo por la tarde y Wilkinson pudo mostrarnos lo que &amp;eacute;l cre&amp;iacute;a eran las casas de varias personas que hab&amp;iacute;an caminado bajo su drone .</content>
        </sentence>
        <sentence id="21">
          <content>En menos de una hora de vuelo, obtuvo los nombres de las redes y coordenadas de GPS de unos 150 dispositivos m&amp;oacute;viles .</content>
        </sentence>
        <sentence id="22">
          <content>Tambi&amp;eacute;n pudo obtener nombres de usuarios y contrase&amp;ntilde;as de cuentas de Amazon, PayPal y Yahoo creadas para prop&amp;oacute;sitos de este reporte, para que pudi&amp;eacute;ramos verificarlo sin robar informaci&amp;oacute;n de transe&amp;uacute;ntes .</content>
        </sentence>
        <sentence id="23">
          <content>La recolecci&amp;oacute;n de metadatos, identificaciones de dispositivos y nombres de redes probablemente no es ilegal, de acuerdo con la Electronic Frontier Foundation .</content>
        </sentence>
        <sentence id="24">
          <content>Interceptar nombres de usuarios, contrase&amp;ntilde;as e informaci&amp;oacute;n de tarjetas de cr&amp;eacute;dito con la intenci&amp;oacute;n de usarlos s&amp;iacute; violar&amp;iacute;a leyes de robo de identidad y espionaje .</content>
        </sentence>
        <sentence id="25">
          <content>Wilkinson, quien desarroll&amp;oacute; la tecnolog&amp;iacute;a junto a Daniel Cuthbert en los laboratorios de Sensepost Research, dice que &amp;eacute;l es un hacker &amp;eacute;tico .</content>
        </sentence>
        <sentence id="26">
          <content>El prop&amp;oacute;sito de su investigaci&amp;oacute;n es crear consciencia sobre la vulnerabilidad de los datos en dispositivos inteligentes .</content>
        </sentence>
        <sentence id="27">
          <content>Instalar la tecnolog&amp;iacute;a en drones genera una amenaza poderosa porque los drones son m&amp;oacute;viles y a menudo est&amp;aacute;n fuera de la vista de los peatones .</content>
        </sentence>
        <sentence id="28">
          <content>Si bien la mayor&amp;iacute;a de las funciones de este dispositivo causan temor, tambi&amp;eacute;n pueden ser usadas para efectos de seguridad p&amp;uacute;blica y aplicaci&amp;oacute;n de la ley .</content>
        </sentence>
        <sentence id="29">
          <content>Durante disturbios, un drone podr&amp;iacute;a sobrevolar para identificar a saqueadores, por ejemplo .</content>
        </sentence>
        <sentence id="30">
          <content>Los usuarios pueden protegerse apagando sus conexiones de wi-fi y activando la funci&amp;oacute;n para que los dispositivos pregunten cada vez que intenten conectarse a una red .</content>
        </sentence>
      </sentences>
    </paragraph>
  </article>
</document>
