<?xml version="1.0" encoding="UTF-8"?>
<document id="862" link="http://mexico.cnn.com/tecnologia/2014/03/12/que-es-un-transpondedor-y-que-tiene-que-ver-con-el-vuelo-de-malasia" category="Tecnolog&amp;iacute;a" author="Steve Almasy" highlights_mapped="false">
  <title>&amp;iquestQu&amp;eacute; es un transpondedor y qu&amp;eacute; tiene que ver con el vuelo de Malasia? - Tecnolog&amp;iacute;a - CNNMexico.com</title>
  <keywords>malaysia airlines, vuelo malasio, desaparecido, perdido, 239 pasajeros, 370, aerolinea, cabina, terrorismo</keywords>
  <summaries>
    <highlights>
      <sentence id="1" ids_sentences_article="">El transpondedor es un radar secundario.</sentence>
      <sentence id="2" ids_sentences_article="">Ofrece m&amp;aacute;s datos sobre la ubicaci&amp;oacuten del avi&amp;oacuten.</sentence>
      <sentence id="3" ids_sentences_article="">Tiene interruptores para apagarlo.</sentence>
    </highlights>
  </summaries>
  <article>
    <paragraph id="1">
      <sentences>
        <sentence id="1">
          <content>&amp;iquestQu&amp;eacute; es un transpondedor y qu&amp;eacute; tiene que ver con el vuelo de Malasia?</content>
        </sentence>
        <sentence id="2">
          <content>Expertos dicen que este dispositivo en el vuelo 370 de Malaysia Airlines se apag&amp;oacute .</content>
        </sentence>
        <sentence id="3">
          <content>Te explicamos qu&amp;eacute; es.</content>
        </sentence>
        <sentence id="4">
          <content>(CNN) -- Los expertos dicen que en el vuelo desaparecido de Malaysia Airlines el transpondedor de repente se apag&amp;oacute .</content>
        </sentence>
        <sentence id="5">
          <content>&amp;iquest;Pero qu&amp;eacute; es eso?</content>
        </sentence>
        <sentence id="6">
          <content>Te explicamos:&amp;iquest;Qu&amp;eacute; informaci&amp;oacuten env&amp;iacute;a un transpondedor y a qui&amp;eacute;n se la env&amp;iacute;a?Un transpondedor es un transmisor en la cabina de mando que recibe una se&amp;ntilde;al de un radar secundario y regresa un c&amp;oacutedigo de sonido con la posici&amp;oacuten de la aeronave, su altitud y su frecuencia de radio .</content>
        </sentence>
        <sentence id="7">
          <content>Constantemente se activa para ayudar a los controladores del tr&amp;aacute;fico a&amp;eacute;reo en tierra a determinar la velocidad y direcci&amp;oacuten del avi&amp;oacuten .</content>
        </sentence>
        <sentence id="8">
          <content>Leer: El punto donde desapareci&amp;oacute el vuelo&amp;iquest;Qu&amp;eacute; es el c&amp;oacutedigo de sonido (squawk)?</content>
        </sentence>
        <sentence id="9">
          <content>Es un c&amp;oacutedigo de identificaci&amp;oacuten con cuatro d&amp;iacute;gitos que el piloto marca en el transpondedor por cada vuelo .</content>
        </sentence>
        <sentence id="10">
          <content>Ayuda al control de tr&amp;aacute;fico a&amp;eacute;reo a reconocer cada avi&amp;oacuten .</content>
        </sentence>
        <sentence id="11">
          <content>&amp;iquest;Por qu&amp;eacute; son necesarios?El radar principal es efectivo para ver objetos --pinta objetivos-- y mostrarlos como un punto parpadeante en una pantalla .</content>
        </sentence>
        <sentence id="12">
          <content>Mientras m&amp;aacute;s grande sea el objeto, mejor .</content>
        </sentence>
        <sentence id="13">
          <content>Los transpondedores mejoran la se&amp;ntilde;al y proveen informaci&amp;oacuten adicional para el control de tr&amp;aacute;fico a&amp;eacute;reo a trav&amp;eacute;s de un radar secundario .</content>
        </sentence>
        <sentence id="14">
          <content>Leer: Cuatro posibles escenarios de lo que ocurri&amp;oacute&amp;iquest;Hay forma de usarlo para indicar un problema a bordo de la aeronave?Hay diferentes c&amp;oacutedigos seg&amp;uacute;n la emergencia .</content>
        </sentence>
        <sentence id="15">
          <content>Para un secuestro es 7500, para fallas en la comunicaci&amp;oacuten es 7600 y para emergencias es 7700 .</content>
        </sentence>
        <sentence id="16">
          <content>&amp;iquest;C&amp;oacutemo se apaga?Hay un interruptor que mueves de "ON" (prendido) a "SBY" (standby, suspendido) o "ALT" (altitud) .</content>
        </sentence>
        <sentence id="17">
          <content>Tambi&amp;eacute;n puedes usar el interruptor del transpondedor en la cabina .</content>
        </sentence>
        <sentence id="18">
          <content>Leer: Las familias, entre l&amp;aacute;grimas y demandas&amp;iquest;Por qu&amp;eacute; lo apagar&amp;iacute;as durante un vuelo?Puede haber varias razones .</content>
        </sentence>
        <sentence id="19">
          <content>Una de ellas es cuando los aviones se acercan unos a otros, quiz&amp;aacute; alrededor de un aeropuerto .</content>
        </sentence>
        <sentence id="20">
          <content>Los controladores de tr&amp;aacute;fico a&amp;eacute;reo pueden pedir a los pilotos apagar sus transpondedores o ponerlos en standby .</content>
        </sentence>
        <sentence id="21">
          <content>Si el transpondendor est&amp;aacute; enviando informaci&amp;oacuten con fallas, el piloto puede apagarlo .</content>
        </sentence>
        <sentence id="22">
          <content>Los aviones siguen siendo visibles en los radares principales hasta que quedan por debajo de la capacidad de cobertura del radar .</content>
        </sentence>
        <sentence id="23">
          <content>Leer: L&amp;iacute;nea de tiempo del vuelo 370.</content>
        </sentence>
      </sentences>
    </paragraph>
  </article>
</document>
